MF Code,option,s_name,index_code,rv_tax_category,amc_code,classification_id,fund_manager_code,schemecode,type,expenceratio,fund_manager,navchange,turnover_ratio,exitload,navrs,navdate,lockperiod,inception_date,inception_return,minimum_investment,aumtotal,fund_house,index_name,redemption_period,aumdate,returns_1month,returns_3month,returns_1year,returns_3year,returns_5year,ytd_returns,exitload_remarks,highest_sector,portfolio_attributes,cost_factor,risk,rupeevest_rating,consistency_of_return,total_return,classification,navrs_gp
SBI Nifty 50 ETF,Growth,SBI Nifty 50 ETF,154,EQ,400027,44,1000,33369,Open ended scheme,0.04,Viral Chhadva,0.34,5.0,,249.4356,2026-09-25,0.0,2015-07-22,10.46,5000.0,213793.97879999998,SBI Mutual Fund,NIFTY 50 - TRI,3,2026-08-31,-4.8793,-3.4866,-6.0603,6.7312,6.5047,-10.628186319207597,null,Financials,,,,Unrated,,,Equity : ETFs,249.4356
Parag Parikh Flexi Cap Fund-Reg(G),Growth,Parag Parikh Flexi Cap Fund-Reg(G),312,EQ,400049,50,474,21520,Open ended scheme,1.3,Rajeev Thakkar,0.39,43.0,0.0,81.9345,2026-09-25,0.0,2013-05-24,17.07,1000.0,147404.5066,PPFAS Mutual Fund,NIFTY 500 - TRI,3,2026-08-31,-1.3971,0.1196,-4.0535,11.9956,10.2722,-6.272437656905697,"Nil upto 10% of units. For remaining units 2% on or before 365D, 1% after 365D but on or before 730D, Nil after 730D",Financials,,,,5,,,Equity : Flexi Cap,81.6129
SBI BSE Sensex ETF,Growth,SBI BSE Sensex ETF,174,EQ,400027,44,1000,20447,Open ended scheme,0.05,Viral Chhadva,0.43,4.0,0.0,824.4555,2026-09-25,0.0,2013-03-15,11.73,5000.0,121962.01269999999,SBI Mutual Fund,BSE SENSEX - TRI,3,2026-08-31,-4.8313,-3.8689,-8.0469,4.962,5.4325,-12.553623745555614,Nil,Financials,,,,Unrated,,,Equity : ETFs,824.4555
HDFC Flexi Cap Fund(G),Growth,HDFC Flexi Cap Fund(G),312,EQ,400013,50,355,1131,Open ended scheme,1.37,Amit Ganatra,0.27,13.28,1.0,2010.149,2026-09-25,0.0,1995-01-01,18.18,100.0,113606.4655,HDFC Mutual Fund,NIFTY 500 - TRI,3,2026-08-31,-3.6742,-0.1769,-0.954,14.6683,15.7628,-3.0014249530363983,"1% on or before 1Y, Nil after 1Y",Financials,,,,3,,,Equity : Flexi Cap,2010.149
HDFC Mid Cap Fund-Reg(G),Growth,HDFC Mid Cap Fund-Reg(G),349,EQ,400013,4,59,1305,Open ended scheme,1.3,Chirag Setalvad,-0.2,2.7,1.0,204.094,2026-09-25,0.0,2007-06-25,16.95,100.0,108324.5467,HDFC Mutual Fund,Nifty Midcap 150 - TRI,3,2026-08-31,-4.7789,-0.3759,5.4798,16.0249,17.5393,0.29682048257898913,"1% on or before 1Y, Nil after 1Y",Financials,,,,3,,,Equity : Mid Cap,204.094
HDFC Balanced Advantage Fund(G),Growth,HDFC Balanced Advantage Fund(G),450,EQ,400013,41,73,1273,Open ended scheme,1.29,Gopal Agrawal,0.21,11.07,1.0,512.54,2026-09-25,0.0,2000-09-11,16.31,100.0,107295.7919,HDFC Mutual Fund,NIFTY 50 Hybrid Composite Debt 50:50 Index,3,2026-08-31,-2.9063,-1.5741,-1.2618,10.3629,13.4245,-4.183624062708563,"Nil upto 15% of Units, For excess Units 1% on or before 1Y and Nil after 1Y",Financials,,,,4,,,Hybrid : Dynamic Asset Allocation,512.54
SBI Liquid Fund-Reg(G),Growth,SBI Liquid Fund-Reg(G),446,NEQ,400027,21,154,2828,Open ended scheme,0.34,Rajeev Radhakrishnan,0.0,0.0,0.007,4398.6294,2026-09-25,0.0,2007-03-11,7.87,500.0,92191.6877,SBI Mutual Fund,Nifty Liquid Fund Index,1,2026-08-31,0.4904,1.5631,6.3707,6.7852,6.2148,4.757608361633238,"0.007% for Day 1, 0.0065% on Day 2, 0.0060% on Day 3, 0.0055% on Day 4, 0.0050% on Day 5, 0.0045% on Day 6, NIL on or after 7D",-,,,,4,,,Debt : Liquid,4398.6294
SBI Aggressive Hybrid Fund-Reg(G),Growth,SBI Aggressive Hybrid Fund-Reg(G),301,EQ,400027,54,149,2747,Open ended scheme,1.38,R. Srinivasan,0.18,89.0,1.0,309.1661,2026-09-25,0.0,1996-01-06,14.98,1000.0,88667.5215,SBI Mutual Fund,CRISIL Hybrid 35+65 - Aggressive Index,3,2026-08-31,-3.562,-1.1894,2.2677,11.1543,8.5613,-0.3874067510471881,"Nil for 10% of investments and 1% for remaining investment on or before 12M, Nil after 12M",Financials,,,,4,,,Hybrid : Aggressive Hybrid,309.1661
ICICI Pru Multi Asset Allocation Fund(G),Growth,ICICI Pru Multi Asset Allocation Fund(G),326,EQ,400015,42,182,1495,Open ended scheme,1.42,Sankaran Naren,0.25,184.0,1.0,797.5288,2026-09-25,0.0,2002-10-31,20.09,500.0,87833.09606367299,ICICI Prudential Mutual Fund,NIFTY 200 - TRI,3,2026-08-31,-3.5665,-0.7124,2.4771,13.3505,14.7419,-3.0561989340728477,"Nil upto 30% of units and 1% for remaining units on or before 1Y, Nil after 1Y",Financials,,,,Unrated,,,Hybrid : Multi Asset Allocation,795.5028
Nippon India Small Cap Fund(G),Growth,Nippon India Small Cap Fund(G),350,EQ,400025,5,347,12758,Open ended scheme,1.41,Samir Rachh,0.14,21.0,1.0,184.023,2026-09-25,0.0,2010-09-16,19.92,5000.0,82580.306338217,Nippon India Mutual Fund,Nifty Smallcap 250 - TRI,3,2026-08-31,-0.9108,2.3767,8.8228,14.8371,17.6901,10.638218562532241,"1% on or before 1Y, Nil after 1Y",Capital Goods,,,,4,,,Equity : Small Cap,184.023
ICICI Pru Large Cap Fund(G),Growth,ICICI Pru Large Cap Fund(G),314,EQ,400015,1,182,4980,Open ended scheme,1.5,Sankaran Naren,0.36,87.0,1.0,104.57,2026-09-25,0.0,2008-05-23,13.64,100.0,80206.2028735067,ICICI Prudential Mutual Fund,NIFTY 100 - TRI,3,2026-08-31,-4.6938,-3.5688,-5.6568,9.8161,9.7899,-9.471041468271155,"1% on or before 1M, Nil after 1M",Financials,,,,4,,,Equity : Large Cap,104.57
Kotak Arbitrage Fund(G),Growth,Kotak Arbitrage Fund(G),277,EQ,400019,38,573,1979,Open ended scheme,2.98,Hiten Shah,0.04,1700.89,0.25,40.252,2026-09-25,0.0,2005-09-29,6.86,100.0,75712.34509999999,Kotak Mahindra Mutual Fund,Nifty 50 Arbitrage,3,2026-08-31,0.4289,1.4415,6.1879,6.8772,6.2951,4.430215543632795,"0.25% on or before 30D, Nil after 30D",Financials,,,,4,,,Hybrid : Arbitrage,40.252
ICICI Pru Balanced Advantage Fund(G),Growth,ICICI Pru Balanced Advantage Fund(G),415,EQ,400015,41,280,1470,Open ended scheme,1.54,Rajat Chandak,0.17,233.0,0.0,77.4,2026-09-25,0.0,2006-12-30,10.92,500.0,75399.1703546778,ICICI Prudential Mutual Fund,CRISIL Hybrid 50+50 - Moderate Index,3,2026-08-31,-3.4672,-0.0646,3.09,10.3275,9.8108,-0.28343210512754297,"Nil upto 30% of units and 1% for remaining units on or before 1Y, Nil after 1Y",Financials,,,,3,,,Hybrid : Dynamic Asset Allocation,77.4
UTI Nifty 50 ETF,Growth,UTI Nifty 50 ETF,154,EQ,400032,44,620,33150,Open ended scheme,0.05,Sharwan Kumar Goyal,0.34,5.0,,256.8583,2026-09-25,0.0,2015-09-01,11.62,5000.0,73301.8316,UTI Mutual Fund,NIFTY 50 - TRI,3,2026-08-31,-4.8786,-3.4854,-6.0383,6.7427,6.5158,-10.624774681128219,null,Financials,,,,Unrated,,,Equity : ETFs,256.8583
HDFC Liquid Fund(G),Growth,HDFC Liquid Fund(G),42,NEQ,400013,21,897,1286,Open ended scheme,0.3,Swapnil Jangam,0.02,0.0,0.007,5523.4469,2026-09-26,0.0,2000-10-17,6.8,100.0,71323.348,HDFC Mutual Fund,CRISIL Liquid Debt Index,1,2026-08-31,0.4998,1.5569,6.3911,6.8284,6.24,4.77075621388933,"0.007% for Day 1, 0.0065% on Day 2, 0.0060% on Day 3, 0.0055% on Day 4, 0.0050% on Day 5, 0.0045% on Day 6, NIL after 7D",-,,,,2,,,Debt : Liquid,5523.4469
Kotak Mid Cap Fund-Reg(G),Growth,Kotak Mid Cap Fund-Reg(G),349,EQ,400019,4,380,1977,Open ended scheme,1.48,Atul Bhole,-0.31,28.36,1.0,142.082,2026-09-25,0.0,2007-03-30,14.58,100.0,71256.2576,Kotak Mahindra Mutual Fund,Nifty Midcap 150 - TRI,3,2026-08-31,-4.2071,-1.3374,3.758,15.9957,14.9951,4.022315283919524,"Nil upto 10% of investment and 1% for remaining investment on or before 1Y, Nil after 1Y",Financials,,,,4,,,Equity : Mid Cap,142.082
Aditya Birla SL Liquid Fund(G),Growth,Aditya Birla SL Liquid Fund(G),446,NEQ,400004,21,287,293,Open ended scheme,0.35,Kaustubh Gupta,0.02,472.0,0.007,453.8072,2026-09-26,0.0,2004-03-30,6.95,100.0,69830.1678,Aditya Birla Sun Life Mutual Fund,Nifty Liquid Fund Index,1,2026-08-31,0.4954,1.5681,6.4241,6.8579,6.2865,4.803712089509917,"0.007% for Day 1, 0.0065% on Day 2, 0.0060% on Day 3, 0.0055% on Day 4, 0.0050% on Day 5, 0.0045% on Day 6, NIL after 7D",-,,,,3,,,Debt : Liquid,453.8072
Nippon India ETF Nifty 50 BeES,Growth,Nippon India ETF Nifty 50 BeES,154,EQ,400025,44,987,2272,Open ended scheme,0.04,Himanshu Mange,0.34,10.0,0.0,263.9418,2026-09-25,0.0,2001-12-28,14.64,10000.0,67095.31975663,Nippon India Mutual Fund,NIFTY 50 - TRI,3,2026-08-31,-4.8777,-3.4819,-6.0455,6.7457,6.5264,-10.61589798964708,Nil,Financials,,,,Unrated,,,Equity : ETFs,263.9418
Axis Liquid Fund-Reg(G),Growth,Axis Liquid Fund-Reg(G),446,NEQ,400040,21,298,8029,Open ended scheme,0.22,Devang Shah,0.02,0.0,0.007,3138.0902,2026-09-27,0.0,2009-10-09,6.97,100.0,63342.6614,Axis Mutual Fund,Nifty Liquid Fund Index,1,2026-08-31,0.5026,1.5841,6.4825,6.8991,6.3242,4.847807986688901,"0.007% for Day 1, 0.0065% on Day 2, 0.0060% on Day 3, 0.0055% on Day 4, 0.0050% on Day 5, 0.0045% on Day 6, NIL on or after 7D",-,,,,4,,,Debt : Liquid,3137.5803
ICICI Pru Liquid Fund(G),Growth,ICICI Pru Liquid Fund(G),42,NEQ,400015,21,893,1659,Open ended scheme,0.3,Darshil Dedhia,-0.01,0.0,0.007,416.5792,2026-09-25,0.0,2005-11-17,7.08,99.0,62798.3670155399,ICICI Prudential Mutual Fund,CRISIL Liquid Debt Index,1,2026-08-31,0.4931,1.5619,6.3573,6.8279,6.2395,4.736087582446704,"0.007% for Day 1, 0.0065% on Day 2, 0.0060% on Day 3, 0.0055% on Day 4, 0.0050% on Day 5, 0.0045% on Day 6, NIL on or after 7D",-,,,,3,,,Debt : Liquid,416.5792
ICICI Pru Value Fund(G),Growth,ICICI Pru Value Fund(G),312,EQ,400015,17,182,1492,Open ended scheme,1.53,Sankaran Naren,0.24,81.0,1.0,444.36,2026-09-25,0.0,2004-08-16,18.71,500.0,60074.558029286,ICICI Prudential Mutual Fund,NIFTY 500 - TRI,3,2026-08-31,-4.2039,-3.9035,-5.7721,10.806,13.1608,-10.889183010468056,"1% on or before 12M, Nil after 12M",Financials,,,,4,,,Equity : Value / Contra,444.36
Nippon India ETF Gold BeES,Growth,Nippon India ETF Gold BeES,65,NEQ,400025,56,390,1024,Open ended scheme,0.81,Vikram Dhawan,0.83,42.0,0.0,124.4533,2026-09-25,0.0,2007-03-08,14.08,10000.0,58629.453723124796,Nippon India Mutual Fund,Gold-India,1,2026-08-31,-6.1205,7.8837,32.2938,35.2528,25.4013,13.235201793517975,Nil,-,,,,Unrated,,,Metal : ETFs,124.4533
UTI BSE Sensex ETF,Growth,UTI BSE Sensex ETF,174,EQ,400032,44,620,33151,Open ended scheme,0.05,Sharwan Kumar Goyal,0.43,4.0,,819.6111,2026-09-25,0.0,2015-09-01,11.28,5000.0,57099.070999999996,UTI Mutual Fund,BSE SENSEX - TRI,3,2026-08-31,-4.8255,-3.8624,-8.0201,4.9738,5.4431,-12.545028663894039,null,Financials,,,,Unrated,,,Equity : ETFs,819.6111
Kotak Flexi Cap Fund(G),Growth,Kotak Flexi Cap Fund(G),312,EQ,400019,50,75,7874,Open ended scheme,1.48,Harsha Upadhyaya,0.44,14.71,1.0,82.927,2026-09-25,0.0,2009-09-11,13.21,100.0,56392.2518,Kotak Mahindra Mutual Fund,NIFTY 500 - TRI,3,2026-08-31,-4.0719,-2.448,-2.1037,10.3581,9.2087,-4.8347486802845925,"Nil upto 10% of investment and 1% for remaining investment on or before 1Y, Nil after 1Y",Financials,,,,2,,,Equity : Flexi Cap,82.927
Nippon India Multi Cap Fund(G),Growth,Nippon India Multi Cap Fund(G),534,EQ,400025,3,165,2466,Open ended scheme,1.6,Sailesh Raj Bhan,0.25,38.0,1.0,294.5591,2026-09-25,0.0,2005-03-28,17.03,100.0,56297.622490318,Nippon India Mutual Fund,Nifty500 Multicap 50:25:25 - TRI,3,2026-08-31,-3.729,-2.5465,-2.2081,12.176,15.0761,-2.0221302401822223,"Nil upto 10% of units and 1% for remaining units on or before 12M, Nil after 12M",Financials,,,,3,,,Equity : Multi Cap,294.5591
SBI Large Cap Fund-Reg(G),Growth,SBI Large Cap Fund-Reg(G),300,EQ,400027,1,394,2711,Open ended scheme,1.5,Saurabh Pant,0.39,45.0,0.25,90.723,2026-09-25,0.0,2006-02-14,11.28,5000.0,55139.8478,SBI Mutual Fund,BSE 100 - TRI,3,2026-08-31,-3.7901,-3.8896,-1.609,8.3161,7.7571,-5.791766397889939,"0.25% on or before 30D, 0.10% after 30D but before 90D, Nil after 90D",Financials,,,,4,,,Equity : Large Cap,90.723
Nippon India Large Cap Fund(G),Growth,Nippon India Large Cap Fund(G),300,EQ,400025,1,165,2455,Open ended scheme,1.64,Sailesh Raj Bhan,0.27,38.0,1.0,86.753,2026-09-25,0.0,2007-08-08,11.95,100.0,54133.660189122995,Nippon India Mutual Fund,BSE 100 - TRI,3,2026-08-31,-4.2481,-3.638,-5.4093,9.8241,11.4395,-7.783739885793972,"1% on or before 7D, Nil after 7D",Financials,,,,2,,,Equity : Large Cap,86.753
ICICI Pru Aggressive Hybrid Fund(G),Growth,ICICI Pru Aggressive Hybrid Fund(G),301,EQ,400015,54,182,1482,Open ended scheme,1.58,Sankaran Naren,0.29,107.0,0.0,398.89,2026-09-25,0.0,1999-11-03,14.68,5000.0,52454.2054664133,ICICI Prudential Mutual Fund,CRISIL Hybrid 35+65 - Aggressive Index,3,2026-08-31,-2.6361,-1.5427,-0.3597,12.4456,13.6007,-2.9653595407220004,"Nil upto 30% of units and 1% for remaining units on or before 1Y, Nil after 1Y",Financials,,,,5,,,Hybrid : Aggressive Hybrid,398.89
Nippon India Growth Mid Cap Fund(G),Growth,Nippon India Growth Mid Cap Fund(G),349,EQ,400025,4,482,2573,Open ended scheme,1.54,Rupesh Patel,-0.31,13.0,1.0,4419.5518,2026-09-25,0.0,1995-10-08,21.72,100.0,52270.551903725,Nippon India Mutual Fund,Nifty Midcap 150 - TRI,3,2026-08-31,-3.8234,-1.1559,6.7845,17.0493,16.5678,4.618439871034527,"1% on or before 1M, Nil after 1M",Financials,,,,4,,,Equity : Mid Cap,4419.5518
SBI Focused Fund-Reg(G),Growth,SBI Focused Fund-Reg(G),379,EQ,400027,51,149,2817,Open ended scheme,1.6,R. Srinivasan,0.32,38.0,0.25,391.4064,2026-09-25,0.0,2004-10-11,18.17,5000.0,51247.7323,SBI Mutual Fund,BSE 500 - TRI,5,2026-08-31,-4.0437,1.9911,9.7524,14.3204,10.1299,2.3796447444690347,"0.25% on or before 30D, 0.10% after 30D but before 90D, Nil after 90D",Financials,,,,3,,,Equity : Focused,390.1634
Kotak Liquid Fund-Reg(G),Growth,Kotak Liquid Fund-Reg(G),446,NEQ,400019,21,61,2060,Open ended scheme,0.33,Deepak Agrawal,0.02,0.0,0.007,5689.4941,2026-09-27,0.0,2003-11-04,6.85,1000.0,49073.092000000004,Kotak Mahindra Mutual Fund,Nifty Liquid Fund Index,1,2026-08-31,0.4848,1.5533,6.3567,6.808,6.2255,4.744965368558886,"0.007% for Day 1, 0.0065% on Day 2, 0.0060% on Day 3, 0.0055% on Day 4, 0.0050% on Day 5, 0.0045% on Day 6, NIL on or after 7D",-,,,,4,,,Debt : Liquid,5688.5673
SBI Contra Fund-Reg(G),Growth,SBI Contra Fund-Reg(G),379,EQ,400027,17,469,2809,Open ended scheme,1.61,Dinesh Balachandran,-0.01,152.0,0.25,368.338,2026-09-25,0.0,1999-07-05,18.11,5000.0,47589.3935,SBI Mutual Fund,BSE 500 - TRI,3,2026-08-31,-3.0641,-1.2187,-2.7372,9.7904,13.5156,-7.655539600701573,"0.25% on or before 30D, 0.10% after 30D but before 90D, Nil after 90D",Financials,,,,5,,,Equity : Value / Contra,368.3832
SBI Arbitrage Fund-Reg(G),Growth,SBI Arbitrage Fund-Reg(G),277,EQ,400027,38,456,2709,Open ended scheme,1.97,Neeraj Kumar,0.1,1157.0,0.25,36.3117,2026-09-25,0.0,2006-11-03,6.69,5000.0,47282.7895,SBI Mutual Fund,Nifty 50 Arbitrage,5,2026-08-31,0.4298,1.4075,6.1159,6.7689,6.3149,4.36795815129915,"0.25% on or before 15D, Nil after 15D",Financials,,,,1,,,Hybrid : Arbitrage,36.3117
Mirae Asset Large & Midcap Fund-Reg(G),Growth,Mirae Asset Large & Midcap Fund-Reg(G),366,EQ,400033,2,118,9767,Open ended scheme,1.77,Neelesh Surana,-0.08,100.0,1.0,152.2,2026-09-25,0.0,2010-07-09,18.27,5000.0,45811.3492,Mirae Asset Mutual Fund,NIFTY LargeMidcap 250 - TRI,3,2026-08-31,-4.6581,-1.5052,1.0228,10.687,9.1766,-3.644662787973946,"1% on or before 1Y(365D), Nil after 1Y(365D)",Financials,,,,5,,,Equity : Large & Mid Cap,152.2
ICICI Pru Nifty 50 ETF,Growth,ICICI Pru Nifty 50 ETF,154,EQ,400015,44,763,20803,Open ended scheme,0.03,Nishit Patel,0.34,5.0,0.0,262.5933,2026-09-25,0.0,2013-03-20,12.18,5000.0,44509.06298563,ICICI Prudential Mutual Fund,NIFTY 50 - TRI,3,2026-08-31,-4.8777,-3.481,-6.042,6.7581,6.5367,-10.615234543145156,Nil,Financials,,,,Unrated,,,Equity : ETFs,262.5933
Nippon India Liquid Fund(G),Growth,Nippon India Liquid Fund(G),446,NEQ,400025,21,876,2637,Open ended scheme,0.38,Vikash Agarwal,0.02,0.0,0.007,6872.2646,2026-09-27,0.0,2003-12-09,6.83,1000.0,43124.990002634004,Nippon India Mutual Fund,Nifty Liquid Fund Index,1,2026-08-31,0.4959,1.5648,6.3991,6.8287,6.245,4.785232917032517,"0.007% for Day 1, 0.0065% on Day 2, 0.0060% on Day 3, 0.0055% on Day 4, 0.0050% on Day 5, 0.0045% on Day 6, NIL on or after 7D",-,,,,4,,,Debt : Liquid,6871.1592
Motilal Oswal Midcap Fund-Reg(G),Growth,Motilal Oswal Midcap Fund-Reg(G),349,EQ,400042,4,627,22533,Open ended scheme,1.68,Ajay Khandelwal,-0.26,84.0,1.0,100.9264,2026-09-25,0.0,2014-02-24,20.15,500.0,42851.5937,Motilal Oswal Mutual Fund,Nifty Midcap 150 - TRI,3,2026-08-31,-5.3917,7.51,-0.8963,17.4578,19.1752,2.0543041696833377,"1% on or before 365D, Nil after 365D",Financials,,,,2,,,Equity : Mid Cap,100.9264
SBI Small Cap Fund-Reg(G),Growth,SBI Small Cap Fund-Reg(G),377,EQ,400027,5,149,7885,Open ended scheme,1.57,R. Srinivasan,0.14,80.0,1.0,183.9335,2026-09-25,0.0,2009-09-09,18.62,5000.0,42630.8942,SBI Mutual Fund,BSE 250 Small Cap - TRI,3,2026-08-31,-1.1643,4.0107,6.8265,11.0349,13.0864,9.032390771102138,"1% on or before 1Y, Nil after 1Y",Automobile and Ancillaries,,,,2,,,Equity : Small Cap,183.9335
SBI Large & Midcap Fund-Reg(G),Growth,SBI Large & Midcap Fund-Reg(G),366,EQ,400027,2,394,2801,Open ended scheme,1.65,Saurabh Pant,0.35,57.0,0.1,628.2736,2026-09-25,0.0,1993-02-28,14.43,5000.0,42335.630999999994,SBI Mutual Fund,NIFTY LargeMidcap 250 - TRI,3,2026-08-31,-4.1136,-2.7794,1.0191,11.4239,11.9556,-3.7680180398739145,"0.10% on or before 30D, Nil after 30D",Financials,,,,4,,,Equity : Large & Mid Cap,626.0837
HDFC Small Cap Fund-Reg(G),Growth,HDFC Small Cap Fund-Reg(G),377,EQ,400013,5,59,4455,Open ended scheme,1.54,Chirag Setalvad,-0.06,6.81,1.0,139.188,2026-09-25,0.0,2008-04-03,15.31,100.0,41890.8613,HDFC Mutual Fund,BSE 250 Small Cap - TRI,3,2026-08-31,-0.526,0.9077,-2.5396,10.1281,13.5674,0.6188011450712739,"1% on or before 1Y, Nil after 1Y",Automobile and Ancillaries,,,,2,,,Equity : Small Cap,139.188
SBI Balanced Advantage Fund-Reg(G),Growth,SBI Balanced Advantage Fund-Reg(G),450,EQ,400027,41,469,32097,Open ended scheme,1.67,Dinesh Balachandran,0.05,267.0,0.0,15.6121,2026-09-25,0.0,2021-08-31,9.18,5000.0,41802.8116,SBI Mutual Fund,NIFTY 50 Hybrid Composite Debt 50:50 Index,3,2026-08-31,-2.0516,-1.5761,1.6962,8.7752,8.913,-3.2257864559119818,"Nil upto 10% of units and 1% for remaining units on or before 1Y, Nil after 1Y",Financials,,,,Unrated,,,Hybrid : Dynamic Asset Allocation,15.6121
HDFC Large Cap Fund(G),Growth,HDFC Large Cap Fund(G),314,EQ,400013,1,588,1331,Open ended scheme,1.56,Rahul Baijal,0.14,16.75,1.0,1091.88,2026-09-25,0.0,1996-10-11,17.75,100.0,39933.3663,HDFC Mutual Fund,NIFTY 100 - TRI,3,2026-08-31,-4.9072,-2.4626,-3.8208,8.0757,9.6714,-7.483399717879509,"1% on or before 1Y, Nil after 1Y",Financials,,,,1,,,Equity : Large Cap,1091.88
ICICI Pru India Opp Fund(G),Growth,ICICI Pru India Opp Fund(G),312,EQ,400015,13,182,42140,Open ended scheme,1.7,Sankaran Naren,0.31,70.0,1.0,35.22,2026-09-25,0.0,2019-01-15,17.77,5000.0,38338.4298377669,ICICI Prudential Mutual Fund,NIFTY 500 - TRI,3,2026-08-31,-4.3714,-2.8682,-1.7847,12.4972,15.7186,-6.726694915254236,"1% on or before 12M, Nil after 12M",Financials,,,,3,,,Equity : Thematic,35.22
Mirae Asset Large Cap Fund-Reg(G),Growth,Mirae Asset Large Cap Fund-Reg(G),314,EQ,400033,1,682,4457,Open ended scheme,1.7,Gaurav Misra,0.23,41.0,1.0,108.224,2026-09-25,0.0,2008-04-04,13.75,5000.0,38166.2294,Mirae Asset Mutual Fund,NIFTY 100 - TRI,3,2026-08-31,-5.0767,-2.7043,-4.0882,7.3082,6.176,-8.136050726175414,"1% on or before 1Y(365D), Nil after 1Y(365D)",Financials,,,,4,,,Equity : Large Cap,108.224
ICICI Pru Money Market Fund(G),Growth,ICICI Pru Money Market Fund(G),445,NEQ,400015,24,297,1690,Open ended scheme,0.33,Manish Banthia,0.0,0.0,0.0,410.3366,2026-09-25,0.0,2006-03-08,7.11,500.0,36528.6949882583,ICICI Prudential Mutual Fund,Nifty Money Market Index,3,2026-08-31,0.5371,1.6856,6.3675,7.2426,6.5695,4.688600242066002,Nil,-,,,,4,,,Debt : Money Market,410.3366
Quant Small Cap Fund(G),Growth,Quant Small Cap Fund(G),350,EQ,400010,5,791,876,Open ended scheme,1.76,Sandeep Tandon,0.26,108.0,1.0,290.5889,2026-09-25,0.0,1996-10-16,12.34,5000.0,35557.207599999994,Quant Mutual Fund,Nifty Smallcap 250 - TRI,3,2026-08-31,-0.1022,3.6354,13.9108,16.9795,17.8899,14.517889523729366,"1% on or before 1Y, Nil after 1Y",Financials,,,,5,,,Equity : Small Cap,290.5889
Axis Midcap Fund-Reg(G),Growth,Axis Midcap Fund-Reg(G),374,EQ,400040,4,409,13049,Open ended scheme,1.75,Shreyash Devalkar,-0.4,81.0,0.0,119.72,2026-09-25,0.0,2011-02-18,17.24,100.0,35425.0678,Axis Mutual Fund,BSE 150 MidCap - TRI,3,2026-08-31,-2.9664,0.605,5.7037,15.0671,11.4033,5.84386880028291,"Nil for 10% of investments and 1% for remaining investments on or before 3M, Nil after 3M",Financials,,,,3,,,Equity : Mid Cap,119.72
ICICI Pru Arbitrage Fund(G),Growth,ICICI Pru Arbitrage Fund(G),277,EQ,400015,38,1008,1467,Open ended scheme,2.15,Archana Nair,0.1,0.0,0.25,36.8577,2026-09-25,0.0,2006-12-30,6.83,500.0,34849.6460038945,ICICI Prudential Mutual Fund,Nifty 50 Arbitrage,3,2026-08-31,0.4552,1.4805,6.2151,6.772,6.134,4.43404887115786,"0.25% on or before 15D, NIL after 15D",Financials,,,,3,,,Hybrid : Arbitrage,36.8577
Tata Money Market Fund-Reg(G),Growth,Tata Money Market Fund-Reg(G),420,NEQ,400030,24,460,3267,Open ended scheme,0.4,Amit Somani,-0.01,0.0,0.0,5106.3556,2026-09-25,0.0,2003-05-22,6.75,5000.0,34511.2834389108,Tata Mutual Fund,CRISIL Money Market Index,1,2026-08-31,0.5289,1.676,6.3854,7.2489,6.5843,4.731319087912401,Nil,-,,,,4,,,Debt : Money Market,5106.3556
Bandhan Small Cap Fund-Reg(G),Growth,Bandhan Small Cap Fund-Reg(G),377,EQ,400028,5,427,42342,Open ended scheme,1.74,Manish Gunwani,0.05,24.0,1.0,52.052,2026-09-25,0.0,2020-02-25,28.46,1000.0,34176.0243487052,Bandhan Mutual Fund,BSE 250 Small Cap - TRI,3,2026-08-31,0.4419,5.2704,11.1391,23.5292,18.0642,12.243929788243406,1% on or before 1Y,Financials,,,,Unrated,,,Equity : Small Cap,52.052
ICICI Pru Large & Mid Cap Fund(G),Growth,ICICI Pru Large & Mid Cap Fund(G),366,EQ,400015,2,696,1608,Open ended scheme,2.1,Lalit Kumar,0.06,113.0,1.0,1011.17,2026-09-25,0.0,1998-07-09,17.76,500.0,33591.780424197,ICICI Prudential Mutual Fund,NIFTY LargeMidcap 250 - TRI,3,2026-08-31,-5.307,-0.3656,-0.2112,14.1359,14.1618,-3.9341427729958736,"1% on or before 1M, Nil after 1M",Financials,,,,3,,,Equity : Large & Mid Cap,1011.17
HDFC Money Market Fund-Reg(G),Growth,HDFC Money Market Fund-Reg(G),420,NEQ,400013,24,874,1119,Open ended scheme,0.41,Praveen Jain,-0.01,0.0,0.0,6178.9349,2026-09-25,0.0,2000-01-03,7.0,100.0,33191.8075,HDFC Mutual Fund,CRISIL Money Market Index,3,2026-08-31,0.5277,1.6704,6.3569,7.1964,6.531,4.707595662894191,Nil,-,,,,4,,,Debt : Money Market,6178.9349
ICICI Pru BSE Sensex ETF,Growth,ICICI Pru BSE Sensex ETF,174,EQ,400015,44,763,2848,Open ended scheme,0.03,Nishit Patel,0.43,5.0,0.0,850.5686,2026-09-25,0.0,2003-01-10,15.07,5000.0,32685.468375157998,ICICI Prudential Mutual Fund,BSE SENSEX - TRI,3,2026-08-31,-4.8292,-3.8635,-8.0263,4.9995,5.4768,-12.537382837908616,Nil,Financials,,,,Unrated,,,Equity : ETFs,850.5686
Axis ELSS-Tax Saver Fund-Reg(G),Growth,Axis ELSS-Tax Saver Fund-Reg(G),312,EQ,400040,6,409,8408,Open ended scheme,1.77,Shreyash Devalkar,0.09,45.0,0.0,94.9475,2026-09-25,3.0,2009-12-29,14.38,500.0,32667.379,Axis Mutual Fund,NIFTY 500 - TRI,3,2026-08-31,-4.0602,-0.3841,-1.416,9.5102,4.1903,-2.411561682244911,Nil,Financials,,,,3,,,Equity : Tax Saving (ELSS),94.9475
Tata Liquid Fund-Reg(G),Growth,Tata Liquid Fund-Reg(G),42,NEQ,400030,21,1045,3212,Open ended scheme,0.33,Harsh Dave,0.02,0.0,0.007,4434.5289,2026-09-27,0.0,2004-09-01,6.98,5000.0,32369.9852304301,Tata Mutual Fund,CRISIL Liquid Debt Index,1,2026-08-31,0.4879,1.5651,6.3793,6.8328,6.2429,4.75395825727171,"0.007% for Day 1, 0.0065% on Day 2, 0.0060% on Day 3, 0.0055% on Day 4, 0.0050% on Day 5, 0.0045% on Day 6, NIL on or after 7D",-,,,,4,,,Debt : Liquid,4433.8042
Kotak Large & Mid Cap Fund(G),Growth,Kotak Large & Mid Cap Fund(G),366,EQ,400019,2,75,2069,Open ended scheme,1.64,Harsha Upadhyaya,0.07,32.36,1.0,342.958,2026-09-25,0.0,2004-09-09,17.38,100.0,32325.4779,Kotak Mahindra Mutual Fund,NIFTY LargeMidcap 250 - TRI,3,2026-08-31,-3.9535,-1.6238,0.4064,11.9218,11.8086,-2.6702273481909464,"Nil upto 10% of investment and 1% for remaining investment on or before 1Y, Nil after 1Y",Financials,,,,3,,,Equity : Large & Mid Cap,342.958
Nippon India Silver ETF,Growth,Nippon India Silver ETF,199,NEQ,400025,56,390,46199,Open ended scheme,0.58,Vikram Dhawan,1.52,78.0,,219.5836,2026-09-25,0.0,2022-02-04,31.8,1000.0,32222.702925337,Nippon India Mutual Fund,Silver,3,2026-08-31,-4.1673,5.7394,66.4084,45.0263,,0.5805801770918334,null,-,,,,Unrated,,,Metal : ETFs,219.5836
SBI Money Market Fund-Reg(G),Growth,SBI Money Market Fund-Reg(G),420,NEQ,400027,24,154,2774,Open ended scheme,0.63,Rajeev Radhakrishnan,0.0,0.0,0.0,44.6179,2026-09-25,0.0,2004-07-14,6.96,500.0,32207.9263,SBI Mutual Fund,CRISIL Money Market Index,3,2026-08-31,0.5062,1.593,5.9918,6.8257,6.1439,4.404280262169562,NIL,-,,,,2,,,Debt : Money Market,44.6179
SBI ELSS Tax Saver Fund-Reg(G),Growth,SBI ELSS Tax Saver Fund-Reg(G),379,EQ,400027,6,708,2815,Open ended scheme,1.86,Milind Agrawal,0.15,58.0,0.0,415.3952,2026-09-25,3.0,1993-03-31,15.61,500.0,31734.6233,SBI Mutual Fund,BSE 500 - TRI,3,2026-08-31,-4.6185,-4.8739,-4.1347,12.4397,13.4228,-8.528323867732107,Nil,Financials,,,,3,,,Equity : Tax Saving (ELSS),415.3952
Axis Small Cap Fund-Reg(G),Growth,Axis Small Cap Fund-Reg(G),350,EQ,400040,5,700,21651,Open ended scheme,1.71,Tejas Sheth,0.25,47.0,1.0,116.36,2026-09-25,0.0,2013-11-29,21.08,100.0,31448.3176,Axis Mutual Fund,Nifty Smallcap 250 - TRI,3,2026-08-31,-0.9786,4.3681,9.3301,14.6958,14.462,11.062327002004395,"Nil for 10% of investments and 1% for remaining investments on or before 12M, Nil after 12M",Financials,,,,2,,,Equity : Small Cap,116.36
Axis Large Cap Fund-Reg(G),Growth,Axis Large Cap Fund-Reg(G),300,EQ,400040,1,409,8250,Open ended scheme,1.77,Shreyash Devalkar,0.41,73.0,0.0,58.45,2026-09-25,0.0,2010-01-05,11.13,100.0,31375.6609,Axis Mutual Fund,BSE 100 - TRI,3,2026-08-31,-4.4935,-1.4666,-3.6433,7.8143,4.0569,-5.71059848362639,NIL,Financials,,,,3,,,Equity : Large Cap,58.45
Invesco India Arbitrage Fund-Reg(G),Growth,Invesco India Arbitrage Fund-Reg(G),277,EQ,400021,38,241,2167,Open ended scheme,2.97,Deepak Gupta,0.04,1658.0,0.5,34.2898,2026-09-25,0.0,2007-04-30,6.55,1000.0,30617.5216,Invesco Mutual Fund,Nifty 50 Arbitrage,3,2026-08-31,0.4458,1.4635,6.214,6.794,6.3439,4.397889500172012,"0.50% on or before 15D, Nil after 15D",Financials,,,,3,,,Hybrid : Arbitrage,34.2898
Kotak Multi Cap Fund-Reg(G),Growth,Kotak Multi Cap Fund-Reg(G),534,EQ,400019,3,551,45336,Open ended scheme,1.83,Devender Singhal,0.0,50.14,0.0,20.111,2026-09-25,0.0,2021-09-29,15.02,100.0,30529.103,Kotak Mahindra Mutual Fund,Nifty500 Multicap 50:25:25 - TRI,3,2026-08-31,-1.2181,0.6003,3.7934,15.6276,,-0.31722428748451076,"Nil upto 10% of investment and 1% for remaining investments on or before 1Y, Nil after 1Y",Financials,,,,Unrated,,,Equity : Multi Cap,20.111
HDFC Large & Mid Cap Fund-Reg(G),Growth,HDFC Large & Mid Cap Fund-Reg(G),366,EQ,400013,2,73,2271,Open ended scheme,1.6,Gopal Agrawal,0.13,1.6,1.0,338.819,2026-09-25,0.0,1994-02-18,12.43,100.0,30294.0183,HDFC Mutual Fund,NIFTY LargeMidcap 250 - TRI,3,2026-08-31,-4.0863,-1.0825,-0.3327,11.6944,13.0736,-2.9644515285496325,"1% on or before 1Y, Nil after 1Y",Financials,,,,4,,,Equity : Large & Mid Cap,338.819
HDFC Corp Bond Fund(G),Growth,HDFC Corp Bond Fund(G),278,NEQ,400013,34,32,8241,Open ended scheme,0.63,Anupam Joshi,-0.07,0.0,0.0,34.2908,2026-09-25,0.0,2010-06-29,7.88,100.0,30286.0827,HDFC Mutual Fund,NIFTY Corporate Bond Index,3,2026-08-31,-0.3047,0.1844,4.0992,6.6493,5.8887,2.587821383482205,Nil,-,,,,4,,,Debt : Corporate Bond,34.2908
Aditya Birla SL Money Market Fund(G),Growth,Aditya Birla SL Money Market Fund(G),420,NEQ,400004,24,287,394,Open ended scheme,0.37,Kaustubh Gupta,-0.01,204.0,0.0,400.2625,2026-09-25,0.0,2005-10-13,6.84,1000.0,29876.830299999998,Aditya Birla Sun Life Mutual Fund,CRISIL Money Market Index,1,2026-08-31,0.5431,1.7306,6.4098,7.2654,6.6194,4.742070402791009,Nil,-,,,,5,,,Debt : Money Market,400.2625
Kotak Money Market Fund(G),Growth,Kotak Money Market Fund(G),420,NEQ,400019,24,61,1999,Open ended scheme,0.38,Deepak Agrawal,-0.01,0.0,0.0,4855.5994,2026-09-25,0.0,2003-07-14,7.04,100.0,29764.195099999997,Kotak Mahindra Mutual Fund,CRISIL Money Market Index,3,2026-08-31,0.5277,1.6736,6.3769,7.2243,6.5785,4.709346347576416,Nil,-,,,,3,,,Debt : Money Market,4855.5994
Aditya Birla SL Large Cap Fund-Reg(G),Growth,Aditya Birla SL Large Cap Fund-Reg(G),314,EQ,400004,1,501,447,Open ended scheme,1.67,Harish Krishnan,0.23,41.0,1.0,502.49,2026-09-25,0.0,2002-08-30,17.66,100.0,29710.8171,Aditya Birla Sun Life Mutual Fund,NIFTY 100 - TRI,3,2026-08-31,-4.9017,-1.8517,-4.4659,8.5557,7.6594,-8.299724437469209,"1% on or before 90D, Nil after 90D",Financials,,,,4,,,Equity : Large Cap,502.49
ICICI Pru Corp Bond Fund(G),Growth,ICICI Pru Corp Bond Fund(G),278,NEQ,400015,34,297,7925,Open ended scheme,0.59,Manish Banthia,-0.06,0.0,0.0,31.9068,2026-09-25,0.0,2009-08-11,7.01,100.0,29687.8339727495,ICICI Prudential Mutual Fund,NIFTY Corporate Bond Index,3,2026-08-31,-0.1224,0.6416,5.319,7.0777,6.4414,3.583417199623412,Nil,-,,,,3,,,Debt : Corporate Bond,31.9068
UTI Nifty 50 Index Fund-Reg(G),Growth,UTI Nifty 50 Index Fund-Reg(G),154,EQ,400032,18,620,3641,Open ended scheme,0.37,Sharwan Kumar Goyal,0.33,5.0,0.0,160.4744,2026-09-25,0.0,2000-03-04,11.01,1000.0,29485.430800000002,UTI Mutual Fund,NIFTY 50 - TRI,3,2026-08-31,-4.9051,-3.5529,-6.3011,6.4297,6.2113,-10.807617188585553,Nil,Financials,,,,5,,,Equity : Index Funds,160.4744
UTI Liquid Fund-Reg(G),Growth,UTI Liquid Fund-Reg(G),446,NEQ,400032,21,619,3590,Open ended scheme,0.28,Amit Sharma,0.02,0.0,0.007,462.0964,2026-09-27,0.0,2003-12-10,6.84,100.0,29217.8475,UTI Mutual Fund,Nifty Liquid Fund Index,1,2026-08-31,0.4971,1.5634,6.4228,6.8515,6.2836,4.796499495547024,"0.007% for Day 1, 0.0065% on Day 2, 0.0060% on Day 3, 0.0055% on Day 4, 0.0050% on Day 5, 0.0045% on Day 6, NIL after 7D",-,,,,3,,,Debt : Liquid,462.0201
Aditya Birla SL Flexi Cap Fund-Reg(G),Growth,Aditya Birla SL Flexi Cap Fund-Reg(G),312,EQ,400004,50,501,445,Open ended scheme,1.65,Harish Krishnan,0.19,19.0,1.0,1915.87,2026-09-25,0.0,1998-08-27,20.57,100.0,29044.244300000002,Aditya Birla Sun Life Mutual Fund,NIFTY 500 - TRI,3,2026-08-31,-3.4607,1.3731,6.9297,13.8166,10.134,1.1904950536884729,"1% on or before 90D, Nil after 90D",Financials,,,,3,,,Equity : Flexi Cap,1915.87
Nippon India ETF BSE Sensex,Growth,Nippon India ETF BSE Sensex,174,EQ,400025,44,987,30127,Open ended scheme,0.04,Himanshu Mange,0.43,8.0,0.0,850.4423,2026-09-25,0.0,2014-09-24,10.09,5000.0,28730.529044386,Nippon India Mutual Fund,BSE SENSEX - TRI,3,2026-08-31,-4.8307,-3.8701,-8.0444,4.9789,5.4635,-12.550434727349637,Nil,Financials,,,,Unrated,,,Equity : ETFs,850.4423
ICICI Pru Dynamic Asset Allocation Active FOF(G),Growth,ICICI Pru Dynamic Asset Allocation Active FOF(G),415,NEQ,400015,48,645,1704,Open ended scheme,1.39,Dharmesh Kakkad,0.12,0.0,0.0,122.6261,2026-09-25,0.0,2003-12-18,11.63,5000.0,28660.551863586697,ICICI Prudential Mutual Fund,CRISIL Hybrid 50+50 - Moderate Index,3,2026-08-31,-2.7574,-0.8928,1.0013,9.4835,9.5978,-1.7566529188784252,"Nil on 30% of units within 1Y and 1% for more than 30% of units within 1Y, Nil after 1Y",-,,,,Unrated,,,FoFs : Domestic,122.4845
ICICI Pru Gold ETF,Growth,ICICI Pru Gold ETF,65,NEQ,400015,56,810,12328,Open ended scheme,0.49,Gaurav Chikane,0.83,0.0,0.0,128.9374,2026-09-25,0.0,2010-08-24,12.66,5000.0,28324.608990083,ICICI Prudential Mutual Fund,Gold-India,1,2026-08-31,-6.0831,7.9462,32.6725,35.5857,25.6925,13.469668648509735,Nil,-,,,,Unrated,,,Metal : ETFs,128.9374
HDFC Focused Fund-Reg(G),Growth,HDFC Focused Fund-Reg(G),312,EQ,400013,51,355,1129,Open ended scheme,1.69,Amit Ganatra,0.32,14.87,1.0,228.253,2026-09-25,0.0,2004-09-17,15.25,100.0,28200.666400000002,HDFC Mutual Fund,NIFTY 500 - TRI,3,2026-08-31,-3.5772,-0.9564,-2.7088,14.0217,16.3745,-4.393846102294103,"1% on or before 1Y, Nil after 1Y",Financials,,,,2,,,Equity : Focused,228.253
DSP Liquid Fund-Reg(G),Growth,DSP Liquid Fund-Reg(G),42,NEQ,400009,21,795,708,Open ended scheme,0.21,Karan Mundhra,0.02,0.0,0.007,4021.4677,2026-09-26,0.0,2005-11-22,6.9,100.0,27920.2638,DSP Mutual Fund,CRISIL Liquid Debt Index,1,2026-08-31,0.4998,1.5746,6.4431,6.8686,6.278,4.814188350485102,"0.007% for Day 1, 0.0065% on Day 2, 0.0060% on Day 3, 0.0055% on Day 4, 0.0050% on Day 5, 0.0045% on Day 6, NIL after 7D",-,,,,3,,,Debt : Liquid,4021.4677
Aditya Birla SL Arbitrage Fund(G),Growth,Aditya Birla SL Arbitrage Fund(G),717,EQ,400004,38,537,7889,Open ended scheme,1.97,Lovelish Solanki,0.08,1037.0,0.0,28.5034,2026-09-25,0.0,2009-07-24,6.29,1000.0,27237.151,Aditya Birla Sun Life Mutual Fund,Nifty 50 Arbitrage - TRI,3,2026-08-31,0.4352,1.4237,6.0746,6.7097,6.0406,4.312534309240622,NIL,Financials,,,,3,,,Hybrid : Arbitrage,28.5034
SBI Gold ETF,Growth,SBI Gold ETF,65,NEQ,400027,56,1000,7741,Open ended scheme,0.65,Viral Chhadva,0.83,9.0,0.0,128.3633,2026-09-25,0.0,2009-05-18,13.32,5000.0,27085.2561,SBI Mutual Fund,Gold-India,3,2026-08-31,-6.1018,7.9204,32.4349,35.3326,25.4925,13.351983476255958,Nil,-,,,,Unrated,,,Metal : ETFs,128.3633
Mirae Asset ELSS Tax Saver Fund-Reg(G),Growth,Mirae Asset ELSS Tax Saver Fund-Reg(G),312,EQ,400033,6,118,33536,Open ended scheme,1.98,Neelesh Surana,-0.15,108.0,0.0,48.664,2026-09-25,3.0,2015-12-28,15.86,500.0,26427.511899999998,Mirae Asset Mutual Fund,NIFTY 500 - TRI,3,2026-08-31,-4.6159,-2.5609,-0.7768,10.8213,9.167,-4.886248143225705,Nil,Financials,,,,4,,,Equity : Tax Saving (ELSS),48.664
Canara Rob Large and Mid Cap Fund-Reg(G),Growth,Canara Rob Large and Mid Cap Fund-Reg(G),366,EQ,400006,2,882,523,Open ended scheme,1.76,Amit Nadekar,-0.18,40.0,1.0,250.2,2026-09-25,0.0,2005-03-11,16.11,5000.0,26330.8506,Canara Robeco Mutual Fund,NIFTY LargeMidcap 250 - TRI,3,2026-08-31,-4.8597,-0.275,-3.1396,11.2032,8.8275,-1.2121451415485536,"1% on or before 1Y, Nil after 1Y",Financials,,,,4,,,Equity : Large & Mid Cap,250.2
ICICI Pru Flexi Cap Fund(G),Growth,ICICI Pru Flexi Cap Fund(G),379,EQ,400015,50,280,45492,Open ended scheme,1.7,Rajat Chandak,0.5,25.0,1.0,20.15,2026-09-25,0.0,2021-07-19,14.46,500.0,25894.534634639997,ICICI Prudential Mutual Fund,BSE 500 - TRI,3,2026-08-31,-4.6831,2.1287,3.2275,14.8382,13.3319,1.8191005558362783,"1% on or before 1M, Nil after 1M",Automobile and Ancillaries,,,,Unrated,,,Equity : Flexi Cap,20.15
HDFC Arbitrage Fund-Reg(G),Growth,HDFC Arbitrage Fund-Reg(G),277,EQ,400013,38,37,1103,Open ended scheme,2.11,Arun Agarwal,0.1,215.32,0.25,32.906,2026-09-25,0.0,2007-10-23,6.49,100.0,25509.474700000002,HDFC Mutual Fund,Nifty 50 Arbitrage,3,2026-08-31,0.4303,1.4396,6.1895,6.7742,6.0963,4.41045817997208,"0.25% on or before 15D, Nil after 15D",Financials,,,,2,,,Hybrid : Arbitrage,32.906
Tata Arbitrage Fund-Reg(G),Growth,Tata Arbitrage Fund-Reg(G),277,EQ,400030,38,164,38865,Open ended scheme,2.38,Sailesh Jain,0.08,1440.55,0.25,15.415,2026-09-25,0.0,2018-12-18,5.72,5000.0,24949.622016604597,Tata Mutual Fund,Nifty 50 Arbitrage,3,2026-08-31,0.4326,1.3918,6.0551,6.6964,6.0035,4.287879197900028,0.25% on or before 15D,Financials,,,,5,,,Hybrid : Arbitrage,15.415
BHARAT Bond ETF - April 2030,Growth,BHARAT Bond ETF - April 2030,518,NEQ,400035,45,65,44421,Open ended scheme,0.01,Dhawal Dalal,-0.07,0.0,,1608.8698,2026-09-25,0.0,2019-12-26,7.29,1000.0,24735.1608,Edelweiss Mutual Fund,NIFTY BHARAT Bond Index - April 2030,3,2026-08-31,-0.0587,0.2739,4.6973,7.3576,6.3764,2.983887574228492,null,-,,,,Unrated,,,Debt : ETFs,1608.8698
SBI Multicap Fund-Reg(G),Growth,SBI Multicap Fund-Reg(G),534,EQ,400027,3,396,46405,Open ended scheme,1.87,Ruchit Mehta,0.4,57.0,0.25,17.0501,2026-09-25,0.0,2022-03-08,12.43,5000.0,24524.7494,SBI Mutual Fund,Nifty500 Multicap 50:25:25 - TRI,3,2026-08-31,-2.6365,0.587,-0.2276,12.095,,0.4844441563186975,"0.25% on or before 30D, 0.10% after 30D but before 90D, Nil after 90D",Financials,,,,Unrated,,,Equity : Multi Cap,17.0501
SBI Midcap Fund-Reg(G),Growth,SBI Midcap Fund-Reg(G),349,EQ,400027,4,840,2789,Open ended scheme,1.8,Bhavin Vithlani,-0.28,77.0,0.25,236.7351,2026-09-25,0.0,2005-03-29,15.85,5000.0,24518.3185,SBI Mutual Fund,Nifty Midcap 150 - TRI,3,2026-08-31,-3.0561,-1.7,3.7805,9.7121,12.1821,0.29852074202274675,"0.25% on or before 30D, 0.10% after 30D but before 90D, Nil after 90D",Financials,,,,4,,,Equity : Mid Cap,236.7351
HDFC Gold ETF,Growth,HDFC Gold ETF,65,NEQ,400013,56,846,12319,Open ended scheme,0.6,Bhagyesh Kagalkar,0.83,,0.0,128.625,2026-09-25,0.0,2010-08-13,12.97,5000.0,24417.4049,HDFC Mutual Fund,Gold-India,3,2026-08-31,-6.1114,7.9581,32.5651,35.4499,25.5765,13.41782465273644,Nil,-,,,,Unrated,,,Metal : ETFs,128.625
UTI Flexi Cap Fund-Reg(G),Growth,UTI Flexi Cap Fund-Reg(G),312,EQ,400032,50,535,3461,Open ended scheme,1.67,Ajay Tyagi,0.32,12.0,0.0,318.6087,2026-09-25,0.0,2005-08-01,13.56,5000.0,24163.227799999997,UTI Mutual Fund,NIFTY 500 - TRI,3,2026-08-31,-4.6308,3.2537,-2.3775,7.3577,3.3783,-0.7879760552433392,"Nil upto 10% of units and 1% for remaining units on or before 1Y, Nil after 1Y",Financials,,,,4,,,Equity : Flexi Cap,318.6087
HDFC Nifty 50 Index Fund(G),Growth,HDFC Nifty 50 Index Fund(G),154,EQ,400013,18,37,12633,Open ended scheme,0.44,Arun Agarwal,0.33,6.06,0.25,221.1508,2026-09-25,0.0,2002-07-17,13.49,100.0,23783.9121,HDFC Mutual Fund,NIFTY 50 - TRI,3,2026-08-31,-4.9126,-3.5859,-6.4162,6.3462,6.1061,-10.888955508706776,"0.25% on or before 3D, Nil after 3D",Financials,,,,Unrated,,,Equity : Index Funds,221.1508
Nippon India Money Market Fund(G),Growth,Nippon India Money Market Fund(G),445,NEQ,400025,24,876,2628,Open ended scheme,0.39,Vikash Agarwal,-0.01,0.0,0.0,4487.4722,2026-09-25,0.0,2005-06-15,7.31,500.0,23624.470828207,Nippon India Mutual Fund,Nifty Money Market Index,3,2026-08-31,0.5283,1.6792,6.3464,7.2466,6.6285,4.678176586541426,Nil,-,,,,3,,,Debt : Money Market,4487.4722
SBI Overnight Fund-Reg(G),Growth,SBI Overnight Fund-Reg(G),500,NEQ,400027,20,583,2787,Open ended scheme,0.14,Ranjana Gupta,0.01,0.0,0.0,4426.9912,2026-09-25,0.0,2002-09-24,6.39,5000.0,23407.1348,SBI Mutual Fund,CRISIL Liquid Overnight Index,1,2026-08-31,0.4066,1.2531,5.1648,5.9485,5.6102,3.7184582041311267,Nil,-,,,,4,,,Debt : Overnight,4426.9912
SBI Flexicap Fund-Reg(G),Growth,SBI Flexicap Fund-Reg(G),379,EQ,400027,50,391,2799,Open ended scheme,2.06,Anup Upadhyay,0.22,138.0,0.1,107.4039,2026-09-25,0.0,2005-09-16,11.95,1000.0,23234.639300000003,SBI Mutual Fund,BSE 500 - TRI,3,2026-08-31,-2.537,0.4371,-1.7616,7.7518,6.9368,-5.202899640419818,"0.10% on or before 30D, Nil after 30D",Financials,,,,3,,,Equity : Flexi Cap,107.1667
Aditya Birla SL Corp Bond Fund(G),Growth,Aditya Birla SL Corp Bond Fund(G),278,NEQ,400004,34,287,453,Open ended scheme,0.52,Kaustubh Gupta,-0.08,168.0,0.0,119.2248,2026-09-25,0.0,1997-03-03,8.74,100.0,22635.9267,Aditya Birla Sun Life Mutual Fund,NIFTY Corporate Bond Index,3,2026-08-31,-0.2814,0.3174,4.3767,6.7697,6.1109,2.778227961586875,Nil,-,,,,5,,,Debt : Corporate Bond,119.2248
HDFC Aggressive Hybrid Fund(G),Growth,HDFC Aggressive Hybrid Fund(G),370,EQ,400013,54,32,1311,Open ended scheme,1.7,Anupam Joshi,0.13,27.16,1.0,111.734,2026-09-25,0.0,2005-04-06,11.89,100.0,22296.620499999997,HDFC Mutual Fund,NIFTY 50 Hybrid Composite Debt 65:35 Index,3,2026-08-31,-2.8028,-1.7939,-5.2572,5.5804,7.1673,-7.458236361076379,"Nil upto 15% of Units, For excess Units 1% on or before 1Y and Nil after 1Y",Financials,,,,4,,,Hybrid : Aggressive Hybrid,111.734
SBI Corp Bond Fund-Reg(G),Growth,SBI Corp Bond Fund-Reg(G),278,NEQ,400027,34,154,40450,Open ended scheme,0.76,Rajeev Radhakrishnan,-0.05,0.0,0.0,16.4323,2026-09-25,0.0,2019-02-01,6.71,5000.0,22133.1991,SBI Mutual Fund,NIFTY Corporate Bond Index,3,2026-08-31,-0.0414,0.7233,4.4514,6.7195,5.7914,2.974758108988834,Nil,-,,,,3,,,Debt : Corporate Bond,16.4323
DSP Small Cap Fund-Reg(G),Growth,DSP Small Cap Fund-Reg(G),377,EQ,400009,5,268,714,Open ended scheme,1.68,Vinit Sambre,0.28,10.0,1.0,231.409,2026-09-25,0.0,2007-06-14,17.68,100.0,21658.6368,DSP Mutual Fund,BSE 250 Small Cap - TRI,3,2026-08-31,-0.0216,6.9116,17.6397,17.1623,17.0223,18.30665487395258,"1% before 12M, Nil on or after 12M",Automobile and Ancillaries,,,,3,,,Equity : Small Cap,231.409
Axis Money Market Fund-Reg(G),Growth,Axis Money Market Fund-Reg(G),445,NEQ,400040,24,298,21218,Open ended scheme,0.35,Devang Shah,-0.01,0.0,0.0,1548.207,2026-09-25,0.0,2019-08-06,6.31,100.0,21405.4085,Axis Mutual Fund,Nifty Money Market Index,3,2026-08-31,0.533,1.6948,6.4293,7.2692,6.5919,4.746272887772416,Nil,-,,,,2,,,Debt : Money Market,1548.207
ICICI Pru Ultra Short to Short Term Fund(G),Growth,ICICI Pru Ultra Short to Short Term Fund(G),435,NEQ,400015,23,580,1500,Open ended scheme,0.56,Nikhil Kabra,-0.04,0.0,0.0,587.0568,2026-09-25,0.0,2002-09-27,7.65,100.0,21047.2156393736,ICICI Prudential Mutual Fund,NIFTY Low Duration Debt Index,3,2026-08-31,0.3646,1.4296,6.2091,7.2479,6.5399,4.408493298227966,Nil,-,,,,5,,,Debt : Low Duration,587.0568
Bandhan Large & Mid Cap Fund-Reg(G),Growth,Bandhan Large & Mid Cap Fund-Reg(G),366,EQ,400028,2,427,2858,Open ended scheme,2.36,Manish Gunwani,-0.07,145.0,1.0,138.711,2026-09-25,0.0,2005-08-09,13.25,1000.0,21020.4987517514,Bandhan Mutual Fund,NIFTY LargeMidcap 250 - TRI,3,2026-08-31,-2.7852,-0.2144,2.8319,16.384,15.0371,-0.744180721425959,"Nil upto 10% of investment and 1% for remaining investment on or before 365D, Nil after 365D",Financials,,,,3,,,Equity : Large & Mid Cap,138.711
DSP Midcap Fund-Reg(G),Growth,DSP Midcap Fund-Reg(G),349,EQ,400009,4,268,735,Open ended scheme,1.72,Vinit Sambre,-0.12,26.0,1.0,151.394,2026-09-25,0.0,2006-11-14,14.65,100.0,21018.538500000002,DSP Mutual Fund,Nifty Midcap 150 - TRI,3,2026-08-31,-4.6073,-1.1898,2.7863,13.0113,10.1776,1.524946351931331,"1% before 12M, Nil on or after 12M",Financials,,,,2,,,Equity : Mid Cap,151.394
HSBC Liquid Fund(G),Growth,HSBC Liquid Fund(G),446,NEQ,400014,21,761,1340,Open ended scheme,0.22,Abhishek Iyer,0.02,0.0,0.007,2807.1926,2026-09-27,0.0,2004-06-01,4.73,5000.0,20974.6731,HSBC Mutual Fund,Nifty Liquid Fund Index,1,2026-08-31,0.4946,1.5565,6.3804,6.8377,6.2718,4.771853251987326,"0.007% for Day 1, 0.0065% on Day 2, 0.0060% on Day 3, 0.0055% on Day 4, 0.0050% on Day 5, 0.0045% on Day 6, NIL on or after 7D",-,,,,2,,,Debt : Liquid,2806.7271
SBI Multi Asset Allocation Fund-Reg(G),Growth,SBI Multi Asset Allocation Fund-Reg(G),379,NEQ,400027,42,469,2796,Open ended scheme,1.43,Dinesh Balachandran,0.1,0.0,1.0,66.4205,2026-09-25,0.0,2005-11-30,9.51,5000.0,20935.036799999998,SBI Mutual Fund,BSE 500 - TRI,3,2026-08-31,-1.8067,0.3628,9.1326,13.9741,12.341,1.3613944488191367,"Nil for 10% of investment and 1% for remaining Investment on or before 12M, Nil after 12M",Financials,,,,Unrated,,,Hybrid : Multi Asset Allocation,66.4205
Mirae Asset Midcap Fund-Reg(G),Growth,Mirae Asset Midcap Fund-Reg(G),349,EQ,400033,4,587,43349,Open ended scheme,2.03,Ankit Jain,-0.3,109.0,1.0,39.12,2026-09-25,0.0,2019-07-29,20.97,5000.0,20891.685,Mirae Asset Mutual Fund,Nifty Midcap 150 - TRI,3,2026-08-31,-4.5178,0.9861,6.7977,14.1491,13.7483,2.5560361777428082,"1% on or before 365D, Nil after 365D",Financials,,,,Unrated,,,Equity : Mid Cap,39.12
Invesco India Liquid Fund(G),Growth,Invesco India Liquid Fund(G),446,NEQ,400021,21,465,2240,Open ended scheme,0.22,Krishna Cheemalapati,0.02,0.0,0.007,3871.1619,2026-09-26,0.0,2006-11-17,7.05,1000.0,20748.173300000002,Invesco Mutual Fund,Nifty Liquid Fund Index,1,2026-08-31,0.5108,1.5803,6.4313,6.8666,6.2783,4.812566498436583,"0.007% for Day 1, 0.0065% on Day 2, 0.0060% on Day 3, 0.0055% on Day 4, 0.0050% on Day 5, 0.0045% on Day 6, NIL on or after 7D",-,,,,2,,,Debt : Liquid,3871.1619
HDFC Multi Cap Fund-Reg(G),Growth,HDFC Multi Cap Fund-Reg(G),534,EQ,400013,3,677,46093,Open ended scheme,1.76,Amar Kalkundrikar,0.08,48.95,1.0,18.316,2026-09-25,0.0,2021-12-10,13.4,100.0,20649.1408,HDFC Mutual Fund,Nifty500 Multicap 50:25:25 - TRI,3,2026-08-31,-4.0344,-1.9434,-3.2793,10.3308,,-4.539531974774598,"1% on or before 1Y, Nil after 1Y",Financials,,,,Unrated,,,Equity : Multi Cap,18.316
Invesco India Contra Fund-Reg(G),Growth,Invesco India Contra Fund-Reg(G),379,EQ,400021,17,478,2169,Open ended scheme,1.86,Taher Badshah,-0.21,64.0,1.0,131.7,2026-09-25,0.0,2007-04-11,14.16,1000.0,20643.5572,Invesco Mutual Fund,BSE 500 - TRI,3,2026-08-31,-4.4752,-0.9178,-1.9798,12.8331,11.3071,-4.717117638547251,"Nil upto 10% of units and 1% for above the limits on or before 1Y, Nil after 1Y",Financials,,,,3,,,Equity : Value / Contra,131.7
Bandhan Liquid Fund-Reg(G),Growth,Bandhan Liquid Fund-Reg(G),446,NEQ,400028,21,491,1032,Open ended scheme,0.23,Harshal Joshi,-0.01,0.0,0.007,3397.1903,2026-09-25,0.0,2004-04-02,5.59,100.0,20197.713757352998,Bandhan Mutual Fund,Nifty Liquid Fund Index,1,2026-08-31,0.4814,1.5307,6.3131,6.7738,6.2174,4.691619863679864,"0.007% for Day 1, 0.0065% on Day 2, 0.0060% on Day 3, 0.0055% on Day 4, 0.0050% on Day 5, 0.0045% on Day 6, NIL after 7D",-,,,,2,,,Debt : Liquid,3397.1903
Motilal Oswal Large & Midcap Fund-Reg(G),Growth,Motilal Oswal Large & Midcap Fund-Reg(G),366,EQ,400042,2,627,42803,Open ended scheme,1.87,Ajay Khandelwal,-0.6,61.0,1.0,36.7804,2026-09-25,0.0,2019-10-17,20.63,500.0,20159.1024,Motilal Oswal Mutual Fund,NIFTY LargeMidcap 250 - TRI,3,2026-08-31,-2.2092,3.503,6.5703,20.6063,17.0007,10.370448168764721,"1% on or before 365D, Nil after 365D",Capital Goods,,,,Unrated,,,Equity : Large & Mid Cap,36.7804
Edelweiss Mid Cap Fund-Reg(G),Growth,Edelweiss Mid Cap Fund-Reg(G),349,EQ,400035,4,820,3790,Open ended scheme,1.89,Trideep Bhattacharya,-0.12,37.0,1.0,106.331,2026-09-25,0.0,2007-12-26,13.43,100.0,19890.9984,Edelweiss Mutual Fund,Nifty Midcap 150 - TRI,3,2026-08-31,-4.1433,-0.2102,5.8441,18.994,16.5452,1.7064095574239397,"1% on or before 90D, Nil after 90D",Financials,,,,4,,,Equity : Mid Cap,106.331
Kotak Small Cap Fund(G),Growth,Kotak Small Cap Fund(G),350,EQ,400019,5,670,2066,Open ended scheme,1.72,Harish Bihani,-0.12,20.68,1.0,276.67,2026-09-25,0.0,2005-02-24,16.62,100.0,19678.7537,Kotak Mahindra Mutual Fund,Nifty Smallcap 250 - TRI,3,2026-08-31,-0.225,4.8147,6.5357,11.8555,11.6846,10.775230423049514,"Nil upto 10% of investment and 1% for remaining investment on or before 1Y, Nil after 1Y",Healthcare,,,,4,,,Equity : Small Cap,276.67
ICICI Pru Multi Cap Fund(G),Growth,ICICI Pru Multi Cap Fund(G),534,EQ,400015,3,696,1677,Open ended scheme,1.77,Lalit Kumar,0.22,68.0,1.0,841.85,2026-09-25,0.0,1994-10-01,14.86,5000.0,19537.6383073882,ICICI Prudential Mutual Fund,Nifty500 Multicap 50:25:25 - TRI,3,2026-08-31,-3.9675,-0.9215,6.6673,14.8446,13.51,4.451778602181222,"1% on or before 1M, Nil after 1M",Financials,,,,3,,,Equity : Multi Cap,841.85
UTI Money Market Fund-Reg(G),Growth,UTI Money Market Fund-Reg(G),420,NEQ,400032,24,619,7914,Open ended scheme,0.24,Amit Sharma,0.0,0.0,0.0,3336.9141,2026-09-25,0.0,2009-07-09,7.25,500.0,19467.721,UTI Mutual Fund,CRISIL Money Market Index,3,2026-08-31,0.544,1.7102,6.436,7.2831,6.6441,4.731618241196068,Nil,-,,,,3,,,Debt : Money Market,3336.9141
ICICI Pru Short Term Fund(G),Growth,ICICI Pru Short Term Fund(G),443,NEQ,400015,25,297,1682,Open ended scheme,1.05,Manish Banthia,-0.06,0.0,0.0,64.3838,2026-09-25,0.0,2001-10-25,7.75,500.0,19402.6497074432,ICICI Prudential Mutual Fund,Nifty Short Duration Debt Index,3,2026-08-31,-0.0005,0.7639,5.334,7.0664,6.4117,3.621550980467883,Nil,-,,,,5,,,Debt : Short Duration,64.3838
Franklin India Flexi Cap Fund(G),Growth,Franklin India Flexi Cap Fund(G),312,EQ,400012,50,82,950,Open ended scheme,1.76,R. Janakiraman,0.13,31.28,1.0,1546.2094,2026-09-25,0.0,1994-09-29,17.06,5000.0,19384.816180845002,Franklin Templeton Mutual Fund,NIFTY 500 - TRI,3,2026-08-31,-4.6757,-3.4538,-4.7303,9.7655,10.2084,-7.175619574358802,1% on or before 1Y,Financials,,,,4,,,Equity : Flexi Cap,1546.2094
HSBC Small Cap Fund-Reg(G),Growth,HSBC Small Cap Fund-Reg(G),350,EQ,400014,5,206,22139,Open ended scheme,1.78,Venugopal Manghat,-0.14,38.0,1.0,91.0651,2026-09-25,0.0,2014-05-12,19.53,5000.0,19076.353,HSBC Mutual Fund,Nifty Smallcap 250 - TRI,3,2026-08-31,0.1817,5.296,12.3258,14.0172,16.1052,16.212718875660894,"Nil upto 10% of units and 1% for above the limits on or before 1Y, Nil after 1Y",Financials,,,,3,,,Equity : Small Cap,91.0651
CPSE ETF,Growth,CPSE ETF,337,EQ,400025,44,1074,27621,Open ended scheme,0.08,Jitendra Tolani,0.22,9.0,0.0,93.1719,2026-09-25,0.0,2014-03-28,14.34,5000.0,19040.039955039,Nippon India Mutual Fund,Nifty CPSE - TRI,3,2026-08-31,-0.8616,-3.0175,0.1622,21.1722,26.9152,1.6834116560841712,Nil,Energy,,,,Unrated,,,Equity : ETFs,93.1719
Aditya Birla SL Ultra Short Term Fund-Reg(G),Growth,Aditya Birla SL Ultra Short Term Fund-Reg(G),434,NEQ,400004,22,287,468,Open ended scheme,0.58,Kaustubh Gupta,-0.02,143.0,0.0,592.3686,2026-09-25,0.0,2003-04-16,7.38,1000.0,18819.3005,Aditya Birla Sun Life Mutual Fund,NIFTY Ultra Short Duration Debt Index,1,2026-08-31,0.5159,1.6427,6.3326,7.2171,6.532,4.60886149716567,Nil,-,,,,5,,,Debt : Ultra Short Duration,592.3686
DSP Large & Mid Cap Fund-Reg(G),Growth,DSP Large & Mid Cap Fund-Reg(G),366,EQ,400009,2,333,716,Open ended scheme,1.86,Rohit Singhania,0.13,40.0,0.0,598.317,2026-09-25,0.0,2000-05-16,16.78,100.0,18410.886899999998,DSP Mutual Fund,NIFTY LargeMidcap 250 - TRI,3,2026-08-31,-4.4523,-3.7714,-2.2081,11.9194,10.2926,-7.1184404165347175,"NIL upto 10% of units and 1% for remaining units on or before 1M, NIL after 1M",Financials,,,,3,,,Equity : Large & Mid Cap,598.317
Nippon India Multi Asset Allocation Fund-Reg(G),Growth,Nippon India Multi Asset Allocation Fund-Reg(G),379,NEQ,400025,42,353,26169,Open ended scheme,1.43,Vinay Sharma,0.33,76.0,0.0,24.8018,2026-09-25,0.0,2020-08-28,16.11,5000.0,17983.943802209,Nippon India Mutual Fund,BSE 500 - TRI,3,2026-08-31,-3.308,1.5884,9.8149,17.5983,13.8422,3.3777454375135783,"Nil upto 10% of units and 1% for remaining units on or before 12M, Nil after 12M",Financials,,,,Unrated,,,Hybrid : Multi Asset Allocation,24.7201
ICICI Pru Focused Fund(G),Growth,ICICI Pru Focused Fund(G),379,EQ,400015,51,734,7747,Open ended scheme,2.17,Vaibhav Dusad,0.11,234.0,1.0,92.13,2026-09-25,0.0,2009-05-28,13.66,500.0,17948.7949892155,ICICI Prudential Mutual Fund,BSE 500 - TRI,3,2026-08-31,-4.6471,-1.4547,-1.0206,15.4358,13.1912,-5.855303494788478,"1% on or before 1Y, Nil after 1Y",Financials,,,,5,,,Equity : Focused,92.13
HDFC Ultra Short to Short Term Fund(G),Growth,HDFC Ultra Short to Short Term Fund(G),435,NEQ,400013,23,32,1114,Open ended scheme,1.05,Anupam Joshi,-0.05,0.0,0.0,61.8867,2026-09-25,0.0,1999-11-18,7.02,100.0,17793.006100000002,HDFC Mutual Fund,NIFTY Low Duration Debt Index,3,2026-08-31,0.3489,1.2576,5.5993,6.7248,6.0883,3.9972776769509895,Nil,-,,,,4,,,Debt : Low Duration,61.8867
SBI Gold Fund-Reg(G),Growth,SBI Gold Fund-Reg(G),202,NEQ,400027,57,1000,14666,Open ended scheme,0.42,Viral Chhadva,0.85,,1.0,43.8339,2026-09-25,0.0,2011-09-12,10.32,5000.0,17647.0383,SBI Mutual Fund,Gold-London Bullion Market association (LBMA),3,2026-08-31,-6.2557,8.416,31.7861,35.0559,25.2435,12.947187780217071,"1% on or before 15D, Nil after 15D",-,,,,Unrated,,,Metal : MFs,43.8339
Nippon India Arbitrage Fund(G),Growth,Nippon India Arbitrage Fund(G),277,EQ,400025,38,876,12938,Open ended scheme,2.06,Vikash Agarwal,0.1,1121.0,0.25,28.4765,2026-09-25,0.0,2010-10-14,6.78,5000.0,17532.651172318,Nippon India Mutual Fund,Nifty 50 Arbitrage,3,2026-08-31,0.4218,1.4091,6.1024,6.6244,6.0187,4.342011248923666,"0.25% on or before 15D, Nil after 15D",Financials,,,,3,,,Hybrid : Arbitrage,28.4765
LIC MF Liquid Fund-Reg(G),Growth,LIC MF Liquid Fund-Reg(G),42,NEQ,400020,21,553,2137,Open ended scheme,0.2,Rahul Singh,0.02,0.0,0.007,5089.3771,2026-09-27,0.0,2002-03-13,6.85,5000.0,17484.089099999997,LIC Mutual Fund,CRISIL Liquid Debt Index,1,2026-08-31,0.4833,1.5579,6.3873,6.8261,6.2287,4.783185479253519,"0.007% for Day 1, 0.0065% on Day 2, 0.0060% on Day 3, 0.0055% on Day 4, 0.0050% on Day 5, 0.0045% on Day 6, NIL on or after 7D",-,,,,3,,,Debt : Liquid,5088.5237
HDFC Ultra Short Term Fund-Reg(G),Growth,HDFC Ultra Short Term Fund-Reg(G),367,NEQ,400013,22,27,39949,Open ended scheme,0.75,Anil Bamboli,-0.02,0.0,0.0,16.3023,2026-09-25,0.0,2018-09-24,6.29,100.0,17464.9192,HDFC Mutual Fund,CRISIL Ultra Short Term Debt Index,3,2026-08-31,0.5111,1.5764,6.0319,6.8578,6.2054,4.398862661219051,Nil,-,,,,4,,,Debt : Ultra Short Duration,16.3023
Kotak Balanced Advantage Fund-Reg(G),Growth,Kotak Balanced Advantage Fund-Reg(G),450,EQ,400019,41,1005,40623,Open ended scheme,1.89,Rohit Tandon,0.12,190.85,0.0,20.784,2026-09-25,0.0,2018-08-03,9.39,100.0,17373.3952,Kotak Mahindra Mutual Fund,NIFTY 50 Hybrid Composite Debt 50:50 Index,3,2026-08-31,-2.6465,-0.6548,1.1584,8.2971,7.5275,-1.2542759407069524,"Nil upto 8% of investment and 1% for remaining investment on or before 1Y, Nil after 1Y",Financials,,,,3,,,Hybrid : Dynamic Asset Allocation,20.784
Mirae Asset Liquid Fund-Reg(G),Growth,Mirae Asset Liquid Fund-Reg(G),446,NEQ,400033,21,833,7554,Open ended scheme,0.2,Pranavi Kulkarni,-0.01,0.0,0.007,2949.7082,2026-09-25,0.0,2009-01-12,6.3,5000.0,17358.7046,Mirae Asset Mutual Fund,Nifty Liquid Fund Index,1,2026-08-31,0.4988,1.5556,6.3126,6.8134,6.2489,4.681013737530497,"0.007% for Day 1, 0.0065% on Day 2, 0.0060% on Day 3, 0.0055% on Day 4, 0.0050% on Day 5, 0.0045% on Day 6, NIL on or after 7D",-,,,,3,,,Debt : Liquid,2949.7082
Axis Large & Mid Cap Fund-Reg(G),Growth,Axis Large & Mid Cap Fund-Reg(G),366,EQ,400040,2,409,38080,Open ended scheme,1.91,Shreyash Devalkar,0.12,61.0,0.0,34.35,2026-09-25,0.0,2018-10-22,16.83,100.0,17319.584199999998,Axis Mutual Fund,NIFTY LargeMidcap 250 - TRI,3,2026-08-31,-3.0756,0.7036,4.7575,13.9459,10.4039,2.9094181163767208,NIL,Financials,,,,5,,,Equity : Large & Mid Cap,34.31
ICICI Pru Nifty 50 Index Fund-Reg(G),Growth,ICICI Pru Nifty 50 Index Fund-Reg(G),154,EQ,400015,18,763,1623,Open ended scheme,0.45,Nishit Patel,0.33,6.0,0.0,234.5769,2026-09-25,0.0,2002-02-26,13.69,100.0,17253.518717523202,ICICI Prudential Mutual Fund,NIFTY 50 - TRI,3,2026-08-31,-4.9089,-3.5807,-6.4047,6.3396,6.1002,-10.876019983062498,Nil,Financials,,,,4,,,Equity : Index Funds,234.5769
HSBC Midcap Fund-Reg(G),Growth,HSBC Midcap Fund-Reg(G),349,EQ,400014,4,638,611,Open ended scheme,2.25,Cheenu Gupta,-0.48,131.0,1.0,460.8217,2026-09-25,0.0,2004-08-09,18.89,5000.0,17188.237,HSBC Mutual Fund,Nifty Midcap 150 - TRI,3,2026-08-31,-3.0062,1.1396,16.6186,22.0835,16.7594,14.48841269340438,"Nil upto 10% of units and 1% for above the limits on or before 1Y, Nil after 1Y",Financials,,,,1,,,Equity : Mid Cap,460.8217
Canara Rob Large Cap Fund-Reg(G),Growth,Canara Rob Large Cap Fund-Reg(G),300,EQ,400006,1,578,8217,Open ended scheme,1.75,Shridatta Bhandwaldar,0.27,17.0,1.0,59.65,2026-09-25,0.0,2010-08-20,11.72,100.0,17092.1603,Canara Robeco Mutual Fund,BSE 100 - TRI,3,2026-08-31,-4.9554,-2.453,-5.0915,8.7098,6.9668,-7.975933353903109,"1% on or before 1Y, Nil after 1Y",Financials,,,,5,,,Equity : Large Cap,59.65
DSP ELSS Tax Saver Fund-Reg(G),Growth,DSP ELSS Tax Saver Fund-Reg(G),312,EQ,400009,6,333,745,Open ended scheme,1.82,Rohit Singhania,0.38,39.0,0.0,133.84,2026-09-25,3.0,2007-01-18,14.08,500.0,16666.4512,DSP Mutual Fund,NIFTY 500 - TRI,3,2026-08-31,-4.4341,-3.9168,-3.2116,11.603,10.2101,-7.791939373062351,Nil,Financials,,,,4,,,Equity : Tax Saving (ELSS),133.84
HDFC Floating Interest Rates Fund(G),Growth,HDFC Floating Interest Rates Fund(G),728,NEQ,400013,32,27,3728,Open ended scheme,0.5,Anil Bamboli,-0.06,0.0,0.0,53.6199,2026-09-25,0.0,2007-10-23,7.69,100.0,16133.263799999999,HDFC Mutual Fund,CRISIL Short Duration Debt Index,3,2026-08-31,0.1505,0.8843,5.6375,7.2245,6.5721,3.905272010634717,Nil,-,,,,3,,,Debt : Floater,53.6199
HDFC ELSS-Tax Saver Fund(G),Growth,HDFC ELSS-Tax Saver Fund(G),312,EQ,400013,6,677,1329,Open ended scheme,1.75,Amar Kalkundrikar,0.38,23.45,0.0,1330.82,2026-09-25,3.0,1996-03-31,22.03,500.0,15991.782299999999,HDFC Mutual Fund,NIFTY 500 - TRI,3,2026-08-31,-4.6027,-2.2705,-7.0694,11.7948,12.6965,-8.755014201805148,Nil,Financials,,,,2,,,Equity : Tax Saving (ELSS),1330.82
ICICI Pru Ultra Short Term Fund(G),Growth,ICICI Pru Ultra Short Term Fund(G),434,NEQ,400015,22,297,12454,Open ended scheme,0.8,Manish Banthia,-0.02,0.0,0.0,29.8772,2026-09-25,0.0,2011-05-03,7.36,5000.0,15973.9158262726,ICICI Prudential Mutual Fund,NIFTY Ultra Short Duration Debt Index,3,2026-08-31,0.4965,1.5496,6.2327,6.9659,6.3018,4.571402571129558,Nil,-,,,,5,,,Debt : Ultra Short Duration,29.8772
Kotak Ultra Short Term Fund(G),Growth,Kotak Ultra Short Term Fund(G),434,NEQ,400019,22,61,1995,Open ended scheme,0.82,Deepak Agrawal,-0.02,0.0,0.0,46.1086,2026-09-25,0.0,2004-08-13,7.15,100.0,15961.616000000002,Kotak Mahindra Mutual Fund,NIFTY Ultra Short Duration Debt Index,3,2026-08-31,0.5158,1.5422,6.0248,6.7212,6.1065,4.412117698742305,Nil,-,,,,3,,,Debt : Ultra Short Duration,46.1086
Invesco India Midcap Fund-Reg(G),Growth,Invesco India Midcap Fund-Reg(G),374,EQ,400021,4,259,2259,Open ended scheme,1.88,Aditya Khemani,-0.96,29.0,1.0,194.82,2026-09-25,0.0,2007-04-19,16.5,100.0,15905.311000000002,Invesco Mutual Fund,BSE 150 MidCap - TRI,3,2026-08-31,-3.3151,0.625,8.1612,22.0494,17.7195,6.203663323157433,"Nil upto 10% of units and 1% for above the limits on or before 1Y, Nil after 1Y",Financials,,,,3,,,Equity : Mid Cap,194.82
ICICI Pru Business Cycle Fund(G),Growth,ICICI Pru Business Cycle Fund(G),312,EQ,400015,13,297,44146,Open ended scheme,1.83,Manish Banthia,0.55,96.0,1.0,23.82,2026-09-25,0.0,2021-01-18,16.49,500.0,15873.282804068102,ICICI Prudential Mutual Fund,NIFTY 500 - TRI,3,2026-08-31,-4.5673,-4.6819,-3.9129,13.5595,13.7483,-7.928488146132915,"1% on or before 1M, Nil after 1M",Financials,,,,Unrated,,,Equity : Thematic,23.69
ICICI Pru Equity Savings Fund-Reg(G),Growth,ICICI Pru Equity Savings Fund-Reg(G),436,EQ,400015,55,645,31230,Open ended scheme,1.59,Dharmesh Kakkad,0.13,677.0,0.0,23.28,2026-09-25,0.0,2014-12-05,7.41,5000.0,15794.7339814257,ICICI Prudential Mutual Fund,NIFTY 50 Equity Savings Index,3,2026-08-31,-0.5128,0.6485,2.2398,6.333,6.8233,-0.2570694087403544,"Nil upto 10% of units and 0.25% for remaining units on or before 7D, Nil after 7D",Financials,,,,1,,,Hybrid : Equity Savings,23.28
Invesco India Smallcap Fund-Reg(G),Growth,Invesco India Smallcap Fund-Reg(G),377,EQ,400021,5,478,40339,Open ended scheme,1.84,Taher Badshah,-0.33,30.0,1.0,47.92,2026-09-25,0.0,2018-10-30,21.91,100.0,15744.4025,Invesco Mutual Fund,BSE 250 Small Cap - TRI,3,2026-08-31,-1.2773,3.8578,15.2477,21.8241,18.2007,14.80594154288452,"Nil upto 10% of units and 1% for above the limits on or before 1Y, Nil after 1Y",Healthcare,,,,2,,,Equity : Small Cap,47.92
HSBC Value Fund-Reg(G),Growth,HSBC Value Fund-Reg(G),312,EQ,400014,17,206,8262,Open ended scheme,1.86,Venugopal Manghat,0.18,37.0,1.0,111.8858,2026-09-25,0.0,2010-01-08,15.54,5000.0,15372.8076,HSBC Mutual Fund,NIFTY 500 - TRI,3,2026-08-31,-3.6639,-1.5421,2.1436,14.5343,14.3057,-2.6556880132105705,"Nil upto 10% of units and 1% for above the limits on or before 1Y, Nil after 1Y",Financials,,,,4,,,Equity : Value / Contra,111.8858
Bandhan Money Market Fund-Reg(G),Growth,Bandhan Money Market Fund-Reg(G),445,NEQ,400028,24,680,1052,Open ended scheme,0.35,Brijesh Shah,0.0,0.0,0.0,43.5742,2026-09-25,0.0,2003-02-18,6.43,100.0,15337.791706926999,Bandhan Mutual Fund,Nifty Money Market Index,3,2026-08-31,0.5408,1.6621,6.3792,6.9707,6.1258,4.711188863282996,Nil,-,,,,1,,,Debt : Money Market,43.5742
Kotak Multi Asset Allocation Fund-Reg(G),Growth,Kotak Multi Asset Allocation Fund-Reg(G),312,EQ,400019,42,551,48028,Open ended scheme,1.75,Devender Singhal,0.12,63.22,0.0,15.916,2026-09-25,0.0,2023-09-22,16.69,100.0,15282.8519,Kotak Mahindra Mutual Fund,NIFTY 500 - TRI,3,2026-08-31,-2.1638,1.4857,12.8794,16.6899,,1.8581405779457998,"Nil upto 30% of investment and 1% for remaining investment on or before 1Y, Nil after 1Y",Financials,,,,Unrated,,,Hybrid : Multi Asset Allocation,15.897
ICICI Pru Silver ETF,Growth,ICICI Pru Silver ETF,199,NEQ,400015,56,810,46214,Open ended scheme,0.4,Gaurav Chikane,1.53,,,229.2836,2026-09-25,0.0,2022-01-24,30.1,100.0,15107.653405428999,ICICI Prudential Mutual Fund,Silver,3,2026-08-31,-4.167,5.8236,66.9873,45.4411,,0.7014911738250572,null,-,,,,Unrated,,,Metal : ETFs,229.2836
Kotak Corporate Bond Fund(G),Growth,Kotak Corporate Bond Fund(G),278,NEQ,400019,34,61,265,Open ended scheme,0.69,Deepak Agrawal,-0.07,0.0,0.0,4005.9279,2026-09-25,0.0,2007-09-21,7.57,100.0,15095.1358,Kotak Mahindra Mutual Fund,NIFTY Corporate Bond Index,3,2026-08-31,-0.012,0.589,4.6025,6.9356,6.0499,3.0675815953080177,Nil,-,,,,2,,,Debt : Corporate Bond,4005.9279
Kotak Gold ETF,Growth,Kotak Gold ETF,65,NEQ,400019,56,8,2050,Open ended scheme,0.52,Abhishek Bisen,0.83,11.5,0.0,125.6745,2026-09-25,0.0,2007-07-27,14.87,5000.0,14989.4006,Kotak Mahindra Mutual Fund,Gold-India,3,2026-08-31,-6.1075,7.9841,32.6416,35.4929,25.6117,13.487425805070858,Nil,-,,,,Unrated,,,Metal : ETFs,125.6745
Sundaram Mid Cap Fund-Reg(G),Growth,Sundaram Mid Cap Fund-Reg(G),349,EQ,400029,4,300,3067,Open ended scheme,1.85,S. Bharath,-0.06,44.6,0.0,1451.8721,2026-09-25,0.0,2002-07-30,22.87,100.0,14863.429329999999,Sundaram Mutual Fund,Nifty Midcap 150 - TRI,3,2026-08-31,-5.2187,-0.9603,5.1678,16.7087,15.3881,1.0898191843742029,"Nil upto 25% of units and 1% for remaining units on or before 365D, Nil after 365D",Financials,,,,1,,,Equity : Mid Cap,1451.8721
Edelweiss Arbitrage Fund-Reg(G),Growth,Edelweiss Arbitrage Fund-Reg(G),277,EQ,400035,38,490,27622,Open ended scheme,2.33,Bhavesh Jain,0.07,1225.0,0.25,20.7948,2026-09-25,0.0,2014-06-27,6.16,100.0,14849.1758,Edelweiss Mutual Fund,Nifty 50 Arbitrage,3,2026-08-31,0.4133,1.4158,6.0726,6.7309,6.1469,4.327147393928434,"0.25% on or before 15D, Nil after 15D",Financials,,,,4,,,Hybrid : Arbitrage,20.7948
Franklin India Small Cap Fund(G),Growth,Franklin India Small Cap Fund(G),283,EQ,400012,5,82,952,Open ended scheme,1.85,R. Janakiraman,0.1,40.84,1.0,176.3764,2026-09-25,0.0,2006-01-13,14.86,5000.0,14746.080968597,Franklin Templeton Mutual Fund,Nifty Smallcap 250,3,2026-08-31,-2.4598,-0.0003,4.4312,12.2987,14.5329,7.2209996474121265,1% on or before 1Y,Financials,,,,1,,,Equity : Small Cap,176.3764
Nippon India ELSS Tax Saver Fund(G),Growth,Nippon India ELSS Tax Saver Fund(G),312,EQ,400025,6,482,2667,Open ended scheme,1.78,Rupesh Patel,0.41,19.0,0.0,128.1098,2026-09-25,3.0,2005-09-21,12.9,500.0,14718.430000997,Nippon India Mutual Fund,NIFTY 500 - TRI,3,2026-08-31,-2.681,-2.3856,-0.2757,11.446,10.5704,-1.8778875258881567,Nil,Financials,,,,2,,,Equity : Tax Saving (ELSS),128.1098
Canara Rob Small Cap Fund-Reg(G),Growth,Canara Rob Small Cap Fund-Reg(G),350,EQ,400006,5,358,42350,Open ended scheme,1.84,Pranav Gokhale,-0.05,33.0,1.0,40.6,2026-09-25,0.0,2019-02-15,20.21,5000.0,14661.138500000001,Canara Robeco Mutual Fund,Nifty Smallcap 250 - TRI,3,2026-08-31,-2.2393,2.4218,4.9638,11.5763,13.1661,5.619146722164422,"1% on or before 1Y, Nil after 1Y",Financials,,,,4,,,Equity : Small Cap,40.6
Aditya Birla SL ELSS Tax Saver Fund(G),Growth,Aditya Birla SL ELSS Tax Saver Fund(G),312,EQ,400004,6,593,4637,Open ended scheme,1.78,Dhaval Shah,0.08,22.0,0.0,59.82,2026-09-25,3.0,2008-03-10,10.19,500.0,14542.5671,Aditya Birla Sun Life Mutual Fund,NIFTY 500 - TRI,3,2026-08-31,-4.5476,-2.2868,-1.5795,9.839,6.813,-4.088504088504084,Nil,Financials,,,,1,,,Equity : Tax Saving (ELSS),59.82
HDFC Short Term Fund(G),Growth,HDFC Short Term Fund(G),728,NEQ,400013,25,27,11925,Open ended scheme,0.72,Anil Bamboli,-0.07,0.0,0.0,34.1396,2026-09-25,0.0,2010-06-25,7.84,100.0,14486.071899999999,HDFC Mutual Fund,CRISIL Short Duration Debt Index,3,2026-08-31,0.0234,0.6539,5.0398,7.0642,6.1516,3.4019456997128827,Nil,-,,,,5,,,Debt : Short Duration,34.1396
Kotak Short Term Fund(G),Growth,Kotak Short Term Fund(G),443,NEQ,400019,25,61,1971,Open ended scheme,1.12,Deepak Agrawal,-0.06,0.0,0.0,55.2177,2026-09-25,0.0,2002-05-02,7.25,100.0,14436.4774,Kotak Mahindra Mutual Fund,Nifty Short Duration Debt Index,3,2026-08-31,0.0901,0.7354,4.5222,6.5468,5.5927,3.100038463405616,Nil,-,,,,4,,,Debt : Short Duration,55.2177
ICICI Pru Overnight Fund(G),Growth,ICICI Pru Overnight Fund(G),500,NEQ,400015,20,580,41653,Open ended scheme,0.16,Nikhil Kabra,0.01,0.0,0.0,1478.0434,2026-09-25,0.0,2018-11-15,5.09,100.0,14368.2178632778,ICICI Prudential Mutual Fund,CRISIL Liquid Overnight Index,1,2026-08-31,0.4063,1.2562,5.1952,5.9845,5.6327,3.737769848021613,Nil,-,,,,3,,,Debt : Overnight,1478.0434
ICICI Pru ELSS-Tax Saver Fund(G),Growth,ICICI Pru ELSS-Tax Saver Fund(G),312,EQ,400015,6,433,1694,Open ended scheme,1.77,Mittul Kalawadia,0.52,25.0,0.0,913.79,2026-09-25,3.0,1999-08-19,18.11,500.0,14285.6028366405,ICICI Prudential Mutual Fund,NIFTY 500 - TRI,3,2026-08-31,-3.7518,-1.9549,-3.3384,10.3624,8.6667,-5.003534597471723,Nil,Financials,,,,3,,,Equity : Tax Saving (ELSS),913.79
Motilal Oswal Flexi Cap Fund-Reg(G),Growth,Motilal Oswal Flexi Cap Fund-Reg(G),312,EQ,400042,50,627,26481,Open ended scheme,2.15,Ajay Khandelwal,-0.29,154.0,1.0,62.7279,2026-09-25,0.0,2014-04-28,15.93,500.0,14159.9774,Motilal Oswal Mutual Fund,NIFTY 500 - TRI,3,2026-08-31,-2.062,8.1715,1.8965,17.1406,11.5748,4.069860041012163,"1% on or before 365D, Nil after 365D",Capital Goods,,,,1,,,Equity : Flexi Cap,62.7279
Axis Flexi Cap Fund-Reg(G),Growth,Axis Flexi Cap Fund-Reg(G),312,EQ,400040,50,294,38212,Open ended scheme,1.83,Sachin Relekar,0.22,38.0,0.0,27.85,2026-09-25,0.0,2017-11-20,12.27,100.0,13942.876499999998,Axis Mutual Fund,NIFTY 500 - TRI,3,2026-08-31,-2.894,2.0894,3.5316,12.7186,7.1615,4.89642184557439,NIL,Financials,,,,3,,,Equity : Flexi Cap,27.85
SBI Nifty Index Fund-Reg(G),Growth,SBI Nifty Index Fund-Reg(G),154,EQ,400027,18,1000,2782,Open ended scheme,0.44,Viral Chhadva,0.33,11.0,0.2,205.9224,2026-09-25,0.0,2002-01-17,13.03,5000.0,13927.863000000001,SBI Mutual Fund,NIFTY 50 - TRI,3,2026-08-31,-4.9107,-3.5834,-6.456,6.2529,6.0089,-10.904971169492745,"0.20% on or before 15D, Nil after 15D",Financials,,,,3,,,Equity : Index Funds,205.9224
Motilal Oswal Nasdaq 100 ETF,Growth,Motilal Oswal Nasdaq 100 ETF,104,NEQ,400042,44,549,13397,Open ended scheme,0.6,Swapnil P Mayekar,0.27,20.0,0.0,286.6543,2026-09-25,0.0,2011-03-29,23.91,10000.0,13814.6763,Motilal Oswal Mutual Fund,Nasdaq-100,3,2026-08-31,5.2124,5.6045,35.7015,33.6818,21.0212,29.121328064412243,Nil,-,,,,Unrated,,,Equity : ETFs,285.8732
Canara Rob Flexi Cap Fund-Reg(G),Growth,Canara Rob Flexi Cap Fund-Reg(G),379,EQ,400006,50,578,526,Open ended scheme,1.83,Shridatta Bhandwaldar,0.1,24.0,1.0,333.4,2026-09-25,0.0,2003-09-16,16.44,5000.0,13678.819599999999,Canara Robeco Mutual Fund,BSE 500 - TRI,3,2026-08-31,-4.702,-1.4834,-2.8442,10.1898,7.7197,-4.584740426993314,"1% on or before 1Y, Nil after 1Y",Financials,,,,4,,,Equity : Flexi Cap,333.4
ICICI Pru Technology Fund(G),Growth,ICICI Pru Technology Fund(G),408,EQ,400015,10,734,1695,Open ended scheme,1.88,Vaibhav Dusad,-0.1,79.0,1.0,172.93,2026-09-25,0.0,2000-03-03,11.32,5000.0,13660.978350368001,ICICI Prudential Mutual Fund,BSE TECk Index - TRI,3,2026-08-31,-6.3928,4.8505,-11.122,3.8489,1.0083,-17.259344230953058,"1% on or before 15D, NIL after 15D",Technology,,,,Unrated,,,Equity : Sectoral - Technology,173.11
Bandhan Corp Bond Fund-Reg(G),Growth,Bandhan Corp Bond Fund-Reg(G),278,NEQ,400028,34,200,31896,Open ended scheme,0.66,Suyash Choudhary,-0.08,0.0,0.0,20.5135,2026-09-25,0.0,2016-01-12,6.94,1000.0,13625.526349189,Bandhan Mutual Fund,NIFTY Corporate Bond Index,3,2026-08-31,0.1235,0.7173,5.2493,6.8854,5.7644,3.890546104642625,Nil,-,,,,3,,,Debt : Corporate Bond,20.5135
Quant ELSS Tax Saver Fund(G),Growth,Quant ELSS Tax Saver Fund(G),312,EQ,400010,6,791,889,Open ended scheme,2.14,Sandeep Tandon,0.47,101.0,0.0,405.296,2026-09-25,3.0,2000-04-13,15.01,500.0,13457.6539,Quant Mutual Fund,NIFTY 500 - TRI,3,2026-08-31,-1.8265,0.2772,10.2696,13.8766,13.5801,7.539201251531981,Nil,Energy,,,,5,,,Equity : Tax Saving (ELSS),405.296
Edelweiss Balanced Advantage Fund-Reg(G),Growth,Edelweiss Balanced Advantage Fund-Reg(G),450,EQ,400035,41,490,7912,Open ended scheme,1.92,Bhavesh Jain,0.11,127.0,0.0,52.48,2026-09-25,0.0,2009-08-20,10.17,100.0,13445.0046,Edelweiss Mutual Fund,NIFTY 50 Hybrid Composite Debt 50:50 Index,3,2026-08-31,-2.6706,0.5557,3.0636,9.3015,7.7432,-0.41745730550285765,"Nil upto 10% of units and 1% for remaining units on or before 90D, Nil after 90D",Financials,,,,5,,,Hybrid : Dynamic Asset Allocation,52.48
SBI Short Term Fund-Reg(G),Growth,SBI Short Term Fund-Reg(G),728,NEQ,400027,25,598,2843,Open ended scheme,0.87,Mansi Sajeja,-0.07,0.0,0.0,34.1066,2026-09-25,0.0,2007-07-26,6.61,5000.0,13434.7544,SBI Mutual Fund,CRISIL Short Duration Debt Index,3,2026-08-31,0.0155,0.6513,4.5109,6.7203,5.8459,3.0756537690887207,Nil,-,,,,3,,,Debt : Short Duration,34.1066
BHARAT Bond ETF - April 2031,Growth,BHARAT Bond ETF - April 2031,523,NEQ,400035,45,65,45008,Open ended scheme,0.01,Dhawal Dalal,-0.03,0.0,,1431.1317,2026-09-25,0.0,2020-07-27,5.98,1000.0,13321.704,Edelweiss Mutual Fund,NIFTY BHARAT Bond Index - April 2031,3,2026-08-31,-0.3378,-0.2057,4.1328,7.234,6.2066,2.449880239165156,null,-,,,,Unrated,,,Debt : ETFs,1431.1317
Edelweiss Liquid Fund-Reg(G),Growth,Edelweiss Liquid Fund-Reg(G),42,NEQ,400035,21,566,6688,Open ended scheme,0.17,Rahul Dedhia,0.02,0.0,0.007,3603.5084,2026-09-27,0.0,2008-09-16,7.36,1000.0,13272.2294,Edelweiss Mutual Fund,CRISIL Liquid Debt Index,1,2026-08-31,0.4994,1.578,6.4583,6.8553,6.2158,4.821095487222875,"0.007% for Day 1, 0.0065% on Day 2, 0.0060% on Day 3, 0.0055% on Day 4, 0.0050% on Day 5, 0.0045% on Day 6, NIL on or after 7D",-,,,,3,,,Debt : Liquid,3602.9043
Aditya Birla SL Floating Interest Rates Fund(G),Growth,Aditya Birla SL Floating Interest Rates Fund(G),435,NEQ,400004,32,287,7727,Open ended scheme,0.43,Kaustubh Gupta,-0.05,158.0,0.0,374.2697,2026-09-25,0.0,2009-03-25,7.83,1000.0,13211.4536,Aditya Birla Sun Life Mutual Fund,NIFTY Low Duration Debt Index,1,2026-08-31,0.381,1.3121,5.893,7.151,6.5187,4.155915354988085,Nil,-,,,,3,,,Debt : Floater,374.2697
Baroda BNP Paribas Liquid Fund(G),Growth,Baroda BNP Paribas Liquid Fund(G),42,NEQ,400001,21,527,7594,Open ended scheme,0.21,Vikram Pamnani,0.02,0.0,0.007,3235.7681,2026-09-27,0.0,2009-02-05,6.88,5000.0,13193.888700000001,Baroda BNP Paribas Mutual Fund,CRISIL Liquid Debt Index,1,2026-08-31,0.4911,1.5619,6.3543,6.7818,6.2548,4.743964652497517,"0.007% for Day 1, 0.0065% on Day 2, 0.0060% on Day 3, 0.0055% on Day 4, 0.0050% on Day 5, 0.0045% on Day 6, NIL on or after 7D",-,,,,2,,,Debt : Liquid,3235.2437
ICICI Pru Dynamic Term Fund(G),Growth,ICICI Pru Dynamic Term Fund(G),433,NEQ,400015,31,297,8499,Open ended scheme,1.32,Manish Banthia,-0.08,0.0,0.25,39.0546,2026-09-25,0.0,2010-01-20,8.51,5000.0,13162.843889824799,ICICI Prudential Mutual Fund,NIFTY Composite Debt Index,3,2026-08-31,-0.4816,0.2894,4.4953,6.8123,6.2102,3.1354229110604677,"0.25% on or before 1M, Nil after 1M",-,,,,4,,,Debt : Dynamic Bond,39.0546
Tata Small Cap Fund-Reg(G),Growth,Tata Small Cap Fund-Reg(G),350,EQ,400030,5,661,35242,Open ended scheme,1.69,Chandraprakash Padiyar,0.16,7.48,0.5,40.1244,2026-09-25,0.0,2018-11-12,19.3,5000.0,13093.883750155901,Tata Mutual Fund,Nifty Smallcap 250 - TRI,3,2026-08-31,2.6662,6.6855,-0.2454,11.6919,14.1907,9.106334380225967,"0.50% on or before 30D, Nil after 30D",Capital Goods,,,,3,,,Equity : Small Cap,40.1244
Franklin India Mid Cap Fund(G),Growth,Franklin India Mid Cap Fund(G),349,EQ,400012,4,82,948,Open ended scheme,1.88,R. Janakiraman,-0.56,45.52,1.0,2734.5384,2026-09-25,0.0,1993-12-01,18.63,5000.0,13052.401982238,Franklin Templeton Mutual Fund,Nifty Midcap 150 - TRI,3,2026-08-31,-5.3249,-0.7081,0.6437,14.2915,12.0239,-2.562434795337134,1% on or before 1Y,Financials,,,,2,,,Equity : Mid Cap,2734.5384
UTI Mid Cap Fund-Reg(G),Growth,UTI Mid Cap Fund-Reg(G),349,EQ,400032,4,630,3628,Open ended scheme,1.97,Vishal Chopda,-0.03,60.0,1.0,306.7849,2026-09-25,0.0,2005-07-30,15.06,5000.0,12795.441,UTI Mutual Fund,Nifty Midcap 150 - TRI,3,2026-08-31,-4.6503,0.119,2.4979,10.5886,10.3426,1.0452173254306953,"1% on or before 1Y, Nil after 1Y",Financials,,,,4,,,Equity : Mid Cap,306.7849
DSP Flexi Cap Fund-Reg(G),Growth,DSP Flexi Cap Fund-Reg(G),312,EQ,400009,50,1006,642,Open ended scheme,1.87,Bhavin Gandhi,0.25,36.0,1.0,100.692,2026-09-25,0.0,2007-06-07,12.7,100.0,12500.268100000001,DSP Mutual Fund,NIFTY 500 - TRI,3,2026-08-31,-4.0846,-2.2835,-2.0877,9.7246,8.0383,-3.9674970434517327,"1% on or before 12M, Nil after 12M",Financials,,,,4,,,Equity : Flexi Cap,100.692
Nippon India Ultra Short Term Fund(G),Growth,Nippon India Ultra Short Term Fund(G),367,NEQ,400025,22,322,2615,Open ended scheme,1.06,Vivek Sharma,-0.02,0.0,0.0,4339.1755,2026-09-25,0.0,2001-12-06,6.09,100.0,12447.276956165,Nippon India Mutual Fund,CRISIL Ultra Short Term Debt Index,1,2026-08-31,0.4996,1.5163,6.1938,6.7727,6.1694,4.5750165134600564,Nil,-,,,,3,,,Debt : Ultra Short Duration,4339.1755
Invesco India Large & Mid Cap Fund-Reg(G),Growth,Invesco India Large & Mid Cap Fund-Reg(G),366,EQ,400021,2,259,2235,Open ended scheme,1.88,Aditya Khemani,-0.73,28.0,1.0,108.14,2026-09-25,0.0,2007-08-09,13.24,100.0,12387.433400000002,Invesco Mutual Fund,NIFTY LargeMidcap 250 - TRI,3,2026-08-31,-3.0222,0.5766,7.0905,21.3657,15.2425,7.484345492495777,"Nil upto 10% of units and 1% for above the limits on or before 1Y, Nil after 1Y",Financials,,,,2,,,Equity : Large & Mid Cap,108.14
HDFC Gold ETF FoF(G),Growth,HDFC Gold ETF FoF(G),65,NEQ,400013,48,37,15381,Open ended scheme,0.47,Arun Agarwal,0.77,,1.0,44.6691,2026-09-25,0.0,2011-11-01,10.56,100.0,12359.157299999999,HDFC Mutual Fund,Gold-India,3,2026-08-31,-6.2092,8.3773,31.4547,34.786,24.9732,12.69005951224681,"1% on or before 15D, Nil after 15D",-,,,,Unrated,,,FoFs : Domestic,44.6691
HDFC Overnight Fund(G),Growth,HDFC Overnight Fund(G),500,NEQ,400013,20,897,1117,Open ended scheme,0.21,Swapnil Jangam,0.01,0.0,0.0,4048.5388,2026-09-26,0.0,2002-02-06,5.84,100.0,12190.339,HDFC Mutual Fund,CRISIL Liquid Overnight Index,1,2026-08-31,0.4017,1.2422,5.1267,5.9188,5.5806,3.707697155831175,Nil,-,,,,3,,,Debt : Overnight,4048.5388
UTI Large Cap Fund-Reg(G),Growth,UTI Large Cap Fund-Reg(G),300,EQ,400032,1,286,3626,Open ended scheme,1.84,Karthikraj Lakshmanan,0.27,49.0,0.0,256.4407,2026-09-25,0.0,2005-08-03,12.06,100.0,12189.103700000001,UTI Mutual Fund,BSE 100 - TRI,3,2026-08-31,-4.6123,-1.8631,-6.5071,6.0611,5.208,-9.587843821923373,"Nil upto 10% of units and 1% for remaining units on or before 1Y, Nil after 1Y",Financials,,,,4,,,Equity : Large Cap,256.4407
JioBlackRock Liquid Fund-Reg(G),Growth,JioBlackRock Liquid Fund-Reg(G),446,NEQ,400066,21,291,51169,Open ended scheme,0.23,Vikrant Mehta,0.02,0.0,,1006.0095,2026-09-26,0.0,2026-08-17,0.6,500.0,12173.426022747,Jio BlackRock Mutual Fund,Nifty Liquid Fund Index,1,2026-08-31,0.5024,,,,,,null,-,,,,Unrated,,,Debt : Liquid,1006.0095
Kotak Ultra Short to Short Term Fund(G),Growth,Kotak Ultra Short to Short Term Fund(G),435,NEQ,400019,23,1103,4573,Open ended scheme,1.18,Dharmesh Thakar,-0.06,0.0,0.0,3578.1243,2026-09-25,0.0,2008-03-06,7.11,100.0,12093.278100000001,Kotak Mahindra Mutual Fund,NIFTY Low Duration Debt Index,3,2026-08-31,0.3063,1.3006,5.4632,6.6104,5.8925,3.908520583118537,Nil,-,,,,5,,,Debt : Low Duration,3578.1243
Bandhan Banking and PSU Debt Fund-Reg(G),Growth,Bandhan Banking and PSU Debt Fund-Reg(G),449,NEQ,400028,33,200,20747,Open ended scheme,0.66,Suyash Choudhary,-0.04,0.0,0.0,26.2746,2026-09-25,0.0,2013-03-07,7.38,1000.0,12013.521327823999,Bandhan Mutual Fund,NIFTY Banking and PSU Debt Index,3,2026-08-31,0.1876,0.8494,5.3483,6.7814,5.9183,3.9812257109614313,NIL,-,,,,4,,,Debt : Banking & PSU,26.2746
Axis Banking and PSU Debt Fund-Reg(G),Growth,Axis Banking and PSU Debt Fund-Reg(G),449,NEQ,400040,33,493,16903,Open ended scheme,0.65,Aditya Pagaria,-0.04,0.0,0.0,2795.6976,2026-09-25,0.0,2012-06-08,7.45,5000.0,12003.888799999999,Axis Mutual Fund,NIFTY Banking and PSU Debt Index,3,2026-08-31,-0.01,0.5549,4.634,6.6063,5.8206,3.127065254327188,Nil,-,,,,3,,,Debt : Banking & PSU,2795.6976
Axis Multicap Fund-Reg(G),Growth,Axis Multicap Fund-Reg(G),534,EQ,400040,3,409,45362,Open ended scheme,1.98,Shreyash Devalkar,0.15,56.0,0.0,19.57,2026-09-25,0.0,2021-12-17,15.1,100.0,11984.6688,Axis Mutual Fund,Nifty500 Multicap 50:25:25 - TRI,3,2026-08-31,-1.757,5.7266,8.9037,18.1506,,8.241150442477888,"Nil for 10% of investment and 1% for remaining investment on or before 12M, Nil after 12M",Financials,,,,Unrated,,,Equity : Multi Cap,19.57
SBI Ultra Short Term Fund-Reg(G),Growth,SBI Ultra Short Term Fund-Reg(G),367,NEQ,400027,22,366,2785,Open ended scheme,0.56,Sudhir Agarwal,0.0,0.0,0.0,6440.8532,2026-09-25,0.0,1999-05-19,7.04,5000.0,11880.2969,SBI Mutual Fund,CRISIL Ultra Short Term Debt Index,3,2026-08-31,0.5309,1.5917,6.2251,6.9261,6.2457,4.569831778033364,Nil,-,,,,4,,,Debt : Ultra Short Duration,6440.8532
DSP Aggressive Hybrid Fund-Reg(G),Growth,DSP Aggressive Hybrid Fund-Reg(G),301,EQ,400009,54,796,635,Open ended scheme,1.84,Abhishek Singh,0.12,134.0,1.0,341.15,2026-09-25,0.0,1999-05-27,13.78,100.0,11758.9197,DSP Mutual Fund,CRISIL Hybrid 35+65 - Aggressive Index,3,2026-08-31,-2.6079,-2.8707,-4.1923,8.5907,7.2543,-6.41604876295815,"NIL upto 10% of investment within 12M, 1% exceding 10% of investment within 12M, NIL after 12M",Financials,,,,4,,,Hybrid : Aggressive Hybrid,341.15
SBI Ultra Short to Short Term Fund-Reg(G),Growth,SBI Ultra Short to Short Term Fund-Reg(G),368,NEQ,400027,23,366,2832,Open ended scheme,0.92,Sudhir Agarwal,-0.02,0.0,0.0,3739.3712,2026-09-25,0.0,2007-07-26,7.12,5000.0,11621.9201,SBI Mutual Fund,CRISIL Low Duration Debt Index,3,2026-08-31,0.4461,1.3649,5.4482,6.6565,5.9459,3.945168431858833,Nil,-,,,,3,,,Debt : Low Duration,3739.3712
Franklin India Focused Equity Fund(G),Growth,Franklin India Focused Equity Fund(G),312,EQ,400012,51,10,938,Open ended scheme,1.91,Ajay Argal,0.27,33.39,1.0,96.5279,2026-09-25,0.0,2007-07-26,12.55,5000.0,11506.084108204,Franklin Templeton Mutual Fund,NIFTY 500 - TRI,3,2026-08-31,-6.2035,-4.309,-11.1864,6.5543,8.2148,-12.606155094176993,1% on or before 1Y,Financials,,,,3,,,Equity : Focused,96.5279
HDFC Defence Fund-Reg(G),Growth,HDFC Defence Fund-Reg(G),634,EQ,400013,13,588,46585,Open ended scheme,1.78,Rahul Baijal,0.42,10.39,1.0,29.968,2026-09-25,0.0,2023-06-02,39.21,100.0,11477.5929,HDFC Mutual Fund,Nifty India Defence - TRI,3,2026-08-31,-1.4891,2.8485,22.7794,36.959,,28.254729093554737,"1% on or before 1Y, Nil after 1Y",Capital Goods,,,,Unrated,,,Equity : Thematic,29.968
Axis Focused Fund-Reg(G),Growth,Axis Focused Fund-Reg(G),312,EQ,400040,51,294,15557,Open ended scheme,1.9,Sachin Relekar,0.26,38.0,1.0,54.59,2026-09-25,0.0,2012-06-29,12.65,100.0,11424.213500000002,Axis Mutual Fund,NIFTY 500 - TRI,3,2026-08-31,-4.7129,1.393,-1.1767,8.8313,2.4251,0.33082154015807175,"Nil for 10% of investments and 1% for remaining investments on or before 12M, Nil after 12M",Financials,,,,3,,,Equity : Focused,54.59
Canara Rob Aggressive Hybrid Fund-Reg(G),Growth,Canara Rob Aggressive Hybrid Fund-Reg(G),301,EQ,400006,54,650,513,Open ended scheme,1.77,Ennettee Fernandes,0.21,47.0,1.0,360.38,2026-09-25,0.0,1993-02-01,11.23,5000.0,11395.6555,Canara Robeco Mutual Fund,CRISIL Hybrid 35+65 - Aggressive Index,3,2026-08-31,-3.4559,-1.0326,-0.1469,9.4531,7.6363,-2.29367747532805,"Nil upto 10% of units on or before 1Y, 1% for more than 10% of units on or before 1Y, Nil after 1Y",Financials,,,,4,,,Hybrid : Aggressive Hybrid,360.38
ICICI Pru Banking & Fin Serv Fund(G),Growth,ICICI Pru Banking & Fin Serv Fund(G),330,EQ,400015,8,1160,5736,Open ended scheme,1.93,Antariksha Banerjee,0.31,82.0,1.0,127.69,2026-09-25,0.0,2008-08-22,15.11,5000.0,11330.578638494699,ICICI Prudential Mutual Fund,Nifty Financial Services - TRI,3,2026-08-31,-2.6085,-3.9058,-3.7392,8.5569,8.1639,-7.931357704232461,"1% on or before 15D, NIL after 15D",Financials,,,,3,,,Equity : Sectoral - Financial Services,127.69
Axis Overnight Fund-Reg(G),Growth,Axis Overnight Fund-Reg(G),293,NEQ,400040,20,752,42062,Open ended scheme,0.13,Sachin Jain,0.01,0.0,0.0,1456.211,2026-09-27,0.0,2019-03-15,5.11,100.0,11325.078300000001,Axis Mutual Fund,Nifty 1D Rate Index,1,2026-08-31,0.4113,1.2689,5.2517,6.0462,5.7055,3.7973763104867158,Nil,-,,,,5,,,Debt : Overnight,1456.0096
PGIM India Midcap Fund-Reg(G),Growth,PGIM India Midcap Fund-Reg(G),349,EQ,400044,4,880,24741,Open ended scheme,1.94,Sharma Vivek,-0.11,44.0,0.5,65.12,2026-09-25,0.0,2013-12-02,15.73,5000.0,11217.6728,PGIM India Mutual Fund,Nifty Midcap 150 - TRI,3,2026-08-31,-3.4973,0.7738,-0.4281,10.3034,8.8634,1.90923317683882,"0.50% on or before 90D, Nil after 90D",Financials,,,,5,,,Equity : Mid Cap,65.12
UTI Arbitrage Fund-Reg(G),Growth,UTI Arbitrage Fund-Reg(G),277,EQ,400032,38,620,3660,Open ended scheme,1.87,Sharwan Kumar Goyal,0.1,1103.0,0.25,37.6484,2026-09-25,0.0,2006-06-29,6.76,5000.0,11131.597,UTI Mutual Fund,Nifty 50 Arbitrage,5,2026-08-31,0.4563,1.4333,6.1783,6.8324,6.126,4.375356942850337,"0.25% on or before 15D, Nil after 15D",Financials,,,,4,,,Hybrid : Arbitrage,37.6484
Nippon India ETF Nifty 1D Rate Liquid BeES,IDCW,Nippon India ETF Nifty 1D Rate Liquid BeES,293,NEQ,400025,45,876,2155,Open ended scheme,0.71,Vikash Agarwal,0.0,0.0,0.0,1000.0,2026-09-27,0.0,2003-07-08,4.67,100000.0,11100.976137482001,Nippon India Mutual Fund,Nifty 1D Rate Index,1,2026-08-31,0.3257,1.094,4.3457,4.5824,4.4897,3.2188195456743647,Nil,-,,,,Unrated,,,Debt : ETFs,1000.0
DSP Money Market Fund-Reg(G),Growth,DSP Money Market Fund-Reg(G),420,NEQ,400009,24,795,695,Open ended scheme,0.42,Karan Mundhra,-0.01,0.0,0.0,56.8438,2026-09-25,0.0,1999-09-30,6.65,100.0,10991.603700000001,DSP Mutual Fund,CRISIL Money Market Index,3,2026-08-31,0.5144,1.6533,6.3286,6.9791,6.2109,4.683172255289056,Nil,-,,,,3,,,Debt : Money Market,56.8438
DSP Multi Asset Allocation Fund-Reg(G),Growth,DSP Multi Asset Allocation Fund-Reg(G),312,EQ,400009,42,867,48206,Open ended scheme,1.6,Aparna Karnik,0.36,168.0,0.0,15.9294,2026-09-25,0.0,2023-09-27,16.8,100.0,10989.9074,DSP Mutual Fund,NIFTY 500 - TRI,3,2026-08-31,-3.3481,-0.2049,10.7862,,,2.2942726962215385,"NIL upto 10% of units and 1% for remaining units on or before 1M, NIL after 1M",Financials,,,,Unrated,,,Hybrid : Multi Asset Allocation,15.8729
Kotak Large Cap Fund(G),Growth,Kotak Large Cap Fund(G),314,EQ,400019,1,1005,1962,Open ended scheme,1.84,Rohit Tandon,0.36,29.55,1.0,547.166,2026-09-25,0.0,2003-02-04,17.51,100.0,10937.1104,Kotak Mahindra Mutual Fund,NIFTY 100 - TRI,3,2026-08-31,-4.7865,-2.6911,-4.4474,8.706,7.3209,-8.02417877230199,"Nil upto 10% of investment and 1% for remaining investment on or before 1Y, Nil after 1Y",Financials,,,,4,,,Equity : Large Cap,547.166
SBI Banking & Financial Services Fund-Reg(G),Growth,SBI Banking & Financial Services Fund-Reg(G),330,EQ,400027,8,708,30125,Open ended scheme,2.15,Milind Agrawal,0.22,162.0,0.5,42.2125,2026-09-25,0.0,2015-02-26,13.24,5000.0,10872.9493,SBI Mutual Fund,Nifty Financial Services - TRI,3,2026-08-31,-4.1122,-4.8434,-0.955,13.6623,10.5763,-7.8679715566575155,"0.50% on or before 30D, Nil after 30D",Financials,,,,3,,,Equity : Sectoral - Financial Services,42.2125
HDFC Manufacturing Fund-Reg(G),Growth,HDFC Manufacturing Fund-Reg(G),584,EQ,400013,13,1025,48655,Open ended scheme,1.83,Rakesh Sethia,0.47,21.21,1.0,11.873,2026-09-25,0.0,2024-05-16,7.04,100.0,10751.816499999999,HDFC Mutual Fund,Nifty India Manufacturing - TRI,3,2026-08-31,-1.5179,4.2131,7.312,,,6.983240223463675,"1% on or before 1M, Nil after 1M",Automobile and Ancillaries,,,,Unrated,,,Equity : Thematic,11.873
Kotak Equity Savings Fund(G),Growth,Kotak Equity Savings Fund(G),560,EQ,400019,55,551,30690,Open ended scheme,2.11,Devender Singhal,0.12,470.26,0.0,27.4767,2026-09-25,0.0,2014-10-13,8.82,100.0,10683.9287,Kotak Mahindra Mutual Fund,NIFTY 50 Equity Savings Index - TRI,3,2026-08-31,-0.982,1.0574,3.0108,8.9722,8.8343,0.7383970112152738,"Nil upto 8% of investments and 1% for remaining investments on or before 90D, Nil after 90D",Financials,,,,2,,,Hybrid : Equity Savings,27.4767
HDFC Childrens Fund,Growth,HDFC Childrens Fund,370,EQ,400013,54,59,1126,Open ended scheme,1.8,Chirag Setalvad,0.21,8.63,0.0,287.992,2026-09-25,5.0,2001-03-02,15.21,100.0,10657.7642,HDFC Mutual Fund,NIFTY 50 Hybrid Composite Debt 65:35 Index,3,2026-08-31,-1.788,-0.4291,-1.1254,7.9045,9.1915,-3.347032552856439,Nil,Financials,,,,4,,,Hybrid : Aggressive Hybrid,287.992
Axis Arbitrage Fund-Reg(G),Growth,Axis Arbitrage Fund-Reg(G),277,EQ,400040,38,298,30097,Open ended scheme,2.15,Devang Shah,0.1,0.0,0.25,20.0565,2026-09-25,0.0,2014-08-14,5.91,500.0,10594.1418,Axis Mutual Fund,Nifty 50 Arbitrage,3,2026-08-31,0.4437,1.4133,6.0798,6.6915,6.0782,4.33975122644012,"0.25% on or before 15D, Nil after 15D",Financials,,,,3,,,Hybrid : Arbitrage,20.0565
BHARAT Bond ETF - April 2032,Growth,BHARAT Bond ETF - April 2032,577,NEQ,400035,45,65,46127,Open ended scheme,0.01,Dhawal Dalal,-0.01,0.0,,1339.8576,2026-09-25,0.0,2021-12-13,6.3,1000.0,10484.704,Edelweiss Mutual Fund,NIFTY BHARAT Bond Index - April 2032,3,2026-08-31,-0.5663,-0.403,3.9704,7.1766,,2.114707886981757,null,-,,,,Unrated,,,Debt : ETFs,1339.8576
Aditya Birla SL Overnight Fund-Reg(G),Growth,Aditya Birla SL Overnight Fund-Reg(G),500,NEQ,400004,20,287,41518,Open ended scheme,0.21,Kaustubh Gupta,0.01,0.0,0.0,1479.813,2026-09-26,0.0,2018-11-01,5.08,100.0,10464.0193,Aditya Birla Sun Life Mutual Fund,CRISIL Liquid Overnight Index,1,2026-08-31,0.4002,1.2415,5.1387,5.9389,5.6091,3.7126169516285716,Nil,-,,,,4,,,Debt : Overnight,1479.813
Tata Digital India Fund-Reg(G),Growth,Tata Digital India Fund-Reg(G),310,EQ,400030,10,672,33727,Open ended scheme,1.76,Meeta Shetty,-0.22,31.94,0.25,39.3149,2026-09-25,0.0,2015-12-28,13.58,5000.0,10322.0219703458,Tata Mutual Fund,NIFTY IT - TRI,3,2026-08-31,-7.618,2.7725,-14.1602,2.3063,0.3151,-19.226304576057718,0.25% on or before 30D,Technology,,,,Unrated,,,Equity : Sectoral - Technology,39.3149
SBI Conservative Hybrid Fund-Reg(G),Growth,SBI Conservative Hybrid Fund-Reg(G),371,NEQ,400027,52,394,2797,Open ended scheme,1.48,Saurabh Pant,0.05,0.0,1.0,76.3271,2026-09-25,0.0,2001-03-23,8.29,5000.0,10226.2315,SBI Mutual Fund,NIFTY 50 Hybrid Composite Debt 15:85 Index,3,2026-08-31,-0.6353,0.1152,4.4355,7.7523,7.9906,2.685144327012084,"Nil for 10% of investment and 1% for remaining Investment on or before 1Y, Nil after 1Y",Financials,,,,4,,,Hybrid : Conservative Hybrid,76.3271
Zerodha Nifty 1D Rate Liquid ETF,Growth,Zerodha Nifty 1D Rate Liquid ETF,293,NEQ,400062,45,811,48471,Open ended scheme,0.28,Kedarnath Mirajkar,0.03,16.0,,116.1035,2026-09-27,0.0,2024-01-17,5.7,500.0,10184.394534439,Zerodha Mutual Fund,Nifty 1D Rate Index,1,2026-08-31,0.3879,1.2292,4.9699,,,3.56440537627501,null,-,,,,Unrated,,,Debt : ETFs,116.0725
Aditya Birla SL Balanced Advantage Fund(G),Growth,Aditya Birla SL Balanced Advantage Fund(G),415,EQ,400004,41,501,1713,Open ended scheme,1.96,Harish Krishnan,0.09,194.0,0.25,112.07,2026-09-25,0.0,2000-04-25,9.57,100.0,10125.448199999999,Aditya Birla Sun Life Mutual Fund,CRISIL Hybrid 50+50 - Moderate Index,3,2026-08-31,-2.31,1.2559,5.3487,10.5352,8.7397,1.8910810073643043,"0.25% on or before 7D, Nil after 7D",Financials,,,,4,,,Hybrid : Dynamic Asset Allocation,112.07
ICICI Pru Nifty Next 50 Index Fund(G),Growth,ICICI Pru Nifty Next 50 Index Fund(G),165,EQ,400015,18,763,11889,Open ended scheme,0.76,Nishit Patel,0.55,27.0,0.0,63.1186,2026-09-25,0.0,2010-06-25,12.0,100.0,10116.6855157552,ICICI Prudential Mutual Fund,NIFTY NEXT 50 - TRI,3,2026-08-31,-3.677,-0.3929,5.1125,16.731,10.78,3.638256369165296,Nil,Financials,,,,4,,,Equity : Index Funds,63.1186
Bandhan Value Fund-Reg(G),Growth,Bandhan Value Fund-Reg(G),379,EQ,400028,17,520,4270,Open ended scheme,2.02,Daylynn Pinto,0.16,80.0,1.0,143.825,2026-09-25,0.0,2008-03-07,15.44,1000.0,9981.10882071928,Bandhan Mutual Fund,BSE 500 - TRI,3,2026-08-31,-3.3083,-2.2882,-1.8266,8.967,11.2603,-5.949399370925246,"Nil upto 10% of investment and 1% for remaining investment on or before 365D, Nil after 365D",Financials,,,,5,,,Equity : Value / Contra,143.825
Bharat 22 ETF,Growth,Bharat 22 ETF,566,EQ,400015,44,763,38252,Open ended scheme,0.07,Nishit Patel,0.52,13.0,0.0,112.6857,2026-09-25,0.0,2017-11-24,13.79,5000.0,9945.539343926,ICICI Prudential Mutual Fund,BSE Bharat 22 Index - TRI,1,2026-08-31,-2.714,-5.4219,2.0608,14.7495,20.6107,-4.867084055152016,Nil,Energy,,,,Unrated,,,Equity : ETFs,112.6857
Nippon India Balanced Advantage Fund(G),Growth,Nippon India Balanced Advantage Fund(G),415,EQ,400025,41,728,2654,Open ended scheme,1.99,Sushil Budhia,0.12,183.0,1.0,180.575,2026-09-25,0.0,2004-11-15,14.14,100.0,9917.505044566,Nippon India Mutual Fund,CRISIL Hybrid 50+50 - Moderate Index,3,2026-08-31,-2.8137,-0.745,1.3621,9.199,8.1351,-0.5008157748428466,"Nil for 10% of units on or before 12M, In excess of limit 1% on or before 12M and Nil after 12M",Financials,,,,3,,,Hybrid : Dynamic Asset Allocation,180.575
Nippon India Flexi Cap Fund-Reg(G),Growth,Nippon India Flexi Cap Fund-Reg(G),312,EQ,400025,50,453,45335,Open ended scheme,1.83,Meenakshi Dawar,0.31,31.0,0.0,16.3259,2026-09-25,0.0,2021-08-13,10.05,500.0,9822.450381352,Nippon India Mutual Fund,NIFTY 500 - TRI,3,2026-08-31,-4.4621,-1.7808,-2.2073,8.8851,8.7304,-3.402185682419275,"Nil upto 10% of units and 1% for remaining investments on or before 12M, Nil after 12M",Financials,,,,Unrated,,,Equity : Flexi Cap,16.3259
ICICI Pru Small Cap Fund(G),Growth,ICICI Pru Small Cap Fund(G),350,EQ,400015,5,280,1625,Open ended scheme,2.09,Rajat Chandak,0.3,120.0,1.0,92.12,2026-09-25,0.0,2007-10-18,12.43,5000.0,9820.6094795163,ICICI Prudential Mutual Fund,Nifty Smallcap 250 - TRI,3,2026-08-31,0.4142,2.7896,4.8248,11.3192,12.9799,7.2160148975791465,"1% on or before 1Y, NIL after 1Y",Capital Goods,,,,3,,,Equity : Small Cap,92.12
Aditya Birla SL Ultra Short to Short Term Fund(G),Growth,Aditya Birla SL Ultra Short to Short Term Fund(G),435,NEQ,400004,23,287,440,Open ended scheme,1.2,Kaustubh Gupta,-0.04,119.0,0.0,701.3207,2026-09-25,0.0,1998-05-14,7.1,100.0,9726.791,Aditya Birla Sun Life Mutual Fund,NIFTY Low Duration Debt Index,1,2026-08-31,0.3499,1.2063,5.3011,6.4754,5.8907,3.694340050028486,Nil,-,,,,3,,,Debt : Low Duration,701.3207
Franklin India Opportunities Fund(G),Growth,Franklin India Opportunities Fund(G),60,EQ,400012,13,82,946,Open ended scheme,2.11,R. Janakiraman,0.28,79.25,1.0,263.7386,2026-09-25,0.0,2000-02-21,13.09,5000.0,9717.418805512,Franklin Templeton Mutual Fund,NIFTY 500,3,2026-08-31,-1.5127,1.7616,2.2212,19.9734,16.7237,1.531447781603173,1% on or before 1Y,Capital Goods,,,,3,,,Equity : Thematic,262.9963
Mirae Asset Aggressive Hybrid Fund-Reg(G),Growth,Mirae Asset Aggressive Hybrid Fund-Reg(G),301,EQ,400033,54,610,33228,Open ended scheme,1.93,Harshad Borawake,0.02,102.0,1.0,32.81,2026-09-25,0.0,2015-07-29,11.23,5000.0,9595.7087,Mirae Asset Mutual Fund,CRISIL Hybrid 35+65 - Aggressive Index,3,2026-08-31,-2.8456,-0.7262,1.7175,9.5609,8.1441,-2.103535730270023,"1% on or before 1Y(365D), Nil after 1Y(365D)",Financials,,,,4,,,Hybrid : Aggressive Hybrid,32.81
WOC Flexi Cap Fund-Reg(G),Growth,WOC Flexi Cap Fund-Reg(G),379,EQ,400055,50,864,46367,Open ended scheme,2.06,Ramesh Mantri,0.26,151.0,0.0,17.634,2026-09-25,0.0,2022-08-02,14.64,500.0,9594.961800000001,WhiteOak Capital Mutual Fund,BSE 500 - TRI,3,2026-08-31,-4.0849,0.7772,1.9601,12.8346,,-0.4965579505699185,NIL,Financials,,,,Unrated,,,Equity : Flexi Cap,17.634
UTI Value Fund-Reg(G),Growth,UTI Value Fund-Reg(G),312,EQ,400032,17,519,3644,Open ended scheme,1.85,Amit Premchandani,0.09,25.0,0.0,160.6308,2026-09-25,0.0,2005-07-20,14.0,5000.0,9572.5967,UTI Mutual Fund,NIFTY 500 - TRI,3,2026-08-31,-4.5132,-2.4847,-4.6345,11.0106,9.605,-8.008959102761096,"Nil upto 10% of units and 1% for remaining units on or before 1Y, Nil after 1Y",Financials,,,,3,,,Equity : Value / Contra,160.6308
Nippon India Pharma Fund(G),Growth,Nippon India Pharma Fund(G),391,EQ,400025,7,165,2659,Open ended scheme,1.84,Sailesh Raj Bhan,-0.36,17.0,1.0,572.771,2026-09-25,0.0,2004-06-05,19.88,5000.0,9479.075957604,Nippon India Mutual Fund,BSE Health Care - TRI,3,2026-08-31,-0.0565,3.985,12.7206,18.6129,12.9784,12.422489718945243,"1% on or before 1M, Nil after 1M",Healthcare,,,,3,,,Equity : Sectoral - Pharma,572.771
ICICI Pru Aggressive Hybrid Active FOF(G),Growth,ICICI Pru Aggressive Hybrid Active FOF(G),301,NEQ,400015,48,645,1706,Open ended scheme,1.49,Dharmesh Kakkad,0.17,43.0,1.0,221.9064,2026-09-25,0.0,2003-12-18,14.57,5000.0,9431.1364970799,ICICI Prudential Mutual Fund,CRISIL Hybrid 35+65 - Aggressive Index,3,2026-08-31,-3.3337,-0.0966,-1.4955,12.1524,11.657,-4.66933872909779,"1% on or before 1Y, NIL After 1Y",-,,,,Unrated,,,FoFs : Domestic,221.5292
Kotak Aggressive Hybrid Fund-Reg(G),Growth,Kotak Aggressive Hybrid Fund-Reg(G),370,EQ,400019,54,380,31224,Open ended scheme,1.87,Atul Bhole,-0.21,50.93,1.0,64.05,2026-09-25,0.0,2014-11-03,11.42,100.0,9334.582900000001,Kotak Mahindra Mutual Fund,NIFTY 50 Hybrid Composite Debt 65:35 Index,3,2026-08-31,-3.366,-0.6176,1.6957,11.2056,10.3456,0.8169240213439082,"Nil upto 8% of investment and 1% for remaining investment on or before 1Y, Nil after 1Y",Financials,,,,5,,,Hybrid : Aggressive Hybrid,64.05
Sundaram Aggressive Hybrid Fund(G),Growth,Sundaram Aggressive Hybrid Fund(G),301,EQ,400029,54,300,2321,Open ended scheme,2.16,S. Bharath,-0.17,147.33,1.0,156.5142,2026-09-25,0.0,2000-01-14,10.84,100.0,9272.448981,Sundaram Mutual Fund,CRISIL Hybrid 35+65 - Aggressive Index,3,2026-08-31,-4.1646,-1.3559,-2.7276,7.7808,6.8343,-5.266751283322354,"Nil upto 25% of units within 1Y, 1% in excess of limit within 1Y, Nil after 1Y",Financials,,,,4,,,Hybrid : Aggressive Hybrid,156.5142
Altiva Hybrid Long-Short Fund-Reg(G),Growth,Altiva Hybrid Long-Short Fund-Reg(G),450,EQ,400070,58,490,75009,Open ended scheme,2.11,Bhavesh Jain,0.11,0.0,0.5,11.0306,2026-09-25,0.0,2025-10-20,10.31,1000000.0,9267.6255,Edelweiss Altiva SIF,NIFTY 50 Hybrid Composite Debt 50:50 Index,1,2026-08-31,-0.2216,2.812,,,,7.381988454387043,"0.50% on or before 30D, NIL after 30D",Financials,,,,Unrated,,,Hybrid : Long - Short,11.0306
ICICI Pru Floating Interest Rates Fund(G),Growth,ICICI Pru Floating Interest Rates Fund(G),443,NEQ,400015,32,616,1512,Open ended scheme,0.84,Ritesh Lunawat,-0.06,0.0,0.0,456.2371,2026-09-25,0.0,2005-11-17,7.54,500.0,9118.8243482071,ICICI Prudential Mutual Fund,Nifty Short Duration Debt Index,3,2026-08-31,0.1057,0.9246,5.9146,7.0382,6.3454,3.9625847162362144,Nil,-,,,,4,,,Debt : Floater,456.2371
Sundaram Liquid Fund(G),Growth,Sundaram Liquid Fund(G),446,NEQ,400029,21,450,2323,Open ended scheme,0.36,Sandeep Agarwal,0.02,0.0,0.007,2481.8325,2026-09-26,0.0,2004-08-30,6.44,1000.0,9094.45511084597,Sundaram Mutual Fund,Nifty Liquid Fund Index,1,2026-08-31,0.4845,1.6138,6.3515,6.7924,6.2284,4.764848092590177,"0.007% for Day 1, 0.0065% on Day 2, 0.0060% on Day 3, 0.0055% on Day 4, 0.0050% on Day 5, 0.0045% on Day 6, NIL on or after 7D",-,,,,1,,,Debt : Liquid,2481.8325
Nippon India Corp Bond Fund(G),Growth,Nippon India Corp Bond Fund(G),278,NEQ,400025,34,322,2646,Open ended scheme,0.75,Vivek Sharma,-0.08,0.0,0.0,63.7124,2026-09-25,0.0,2000-09-14,7.37,1000.0,9051.123973923999,Nippon India Mutual Fund,NIFTY Corporate Bond Index,3,2026-08-31,-0.0146,0.6478,4.6586,7.0433,6.3309,3.260416818609845,Nil,-,,,,2,,,Debt : Corporate Bond,63.7124
Nippon India Value Fund(G),Growth,Nippon India Value Fund(G),312,EQ,400025,17,631,2662,Open ended scheme,1.99,Dhrumil Shah,0.32,54.0,1.0,216.5105,2026-09-25,0.0,2005-06-08,15.52,500.0,9042.967787563999,Nippon India Mutual Fund,NIFTY 500 - TRI,3,2026-08-31,-4.7103,-3.4893,-4.2313,12.7294,12.1027,-6.574586326721092,"Nil upto 10% of units and 1% for remaining units on or before 12M, Nil after 12M",Financials,,,,4,,,Equity : Value / Contra,216.5105
Nippon India ETF Nifty Next 50 Junior BeES,Growth,Nippon India ETF Nifty Next 50 Junior BeES,165,EQ,400025,44,987,2273,Open ended scheme,0.23,Himanshu Mange,0.56,32.0,0.0,777.0953,2026-09-25,0.0,2003-02-21,9.09,10000.0,8969.103185326,Nippon India Mutual Fund,NIFTY NEXT 50 - TRI,3,2026-08-31,-3.6271,-0.2117,5.9656,17.5514,11.5113,4.255795144737988,Nil,Financials,,,,Unrated,,,Equity : ETFs,777.0953
BHARAT Bond FOF - April 2030 -Reg(G),Growth,BHARAT Bond FOF - April 2030 -Reg(G),518,NEQ,400035,48,1036,44426,Open ended scheme,0.02,Hetul Raval,0.12,0.0,0.1,15.9841,2026-09-25,0.0,2019-12-30,7.2,100.0,8868.2382,Edelweiss Mutual Fund,NIFTY BHARAT Bond Index - April 2030,3,2026-08-31,-0.2191,0.3661,4.5191,7.2452,6.2732,2.652966744682489,"0.10% on or before 30D, Nil after 30D",-,,,,Unrated,,,FoFs : Domestic,15.965
WOC Multi Asset Allocation Fund-Reg(G),Growth,WOC Multi Asset Allocation Fund-Reg(G),44,EQ,400055,42,864,47946,Open ended scheme,1.68,Ramesh Mantri,0.11,329.0,0.0,15.996,2026-09-25,0.0,2023-05-19,15.02,500.0,8777.5595,WhiteOak Capital Mutual Fund,CRISIL Short Term Bond Index,3,2026-08-31,-1.9192,2.5253,9.6818,15.3984,,5.353728489483744,NIL,Financials,,,,Unrated,,,Hybrid : Multi Asset Allocation,15.979
Helios Flexi Cap Fund-Reg(G),Growth,Helios Flexi Cap Fund-Reg(G),312,EQ,400061,50,972,48299,Open ended scheme,2.07,Alok Bahl,0.0,42.0,0.0,15.29,2026-09-25,0.0,2023-11-13,15.95,5000.0,8747.5484,Helios Mutual Fund,NIFTY 500 - TRI,3,2026-08-31,-3.3502,0.791,3.2411,,,1.3253810470510223,"Nil upto 10% of units and 1% for remaining units on or before 3M, Nil after 3M",Financials,,,,Unrated,,,Equity : Flexi Cap,15.29
Bandhan Short Term Fund-Reg(G),Growth,Bandhan Short Term Fund-Reg(G),443,NEQ,400028,25,200,1097,Open ended scheme,0.84,Suyash Choudhary,-0.05,0.0,0.0,61.1447,2026-09-25,0.0,2000-12-14,7.27,1000.0,8730.737958603999,Bandhan Mutual Fund,Nifty Short Duration Debt Index,1,2026-08-31,0.2257,0.9235,5.5702,7.1435,5.9691,4.181064153155174,Nil,-,,,,4,,,Debt : Short Duration,61.1447
Canara Rob ELSS-Tax Saver Fund-Reg(G),Growth,Canara Rob ELSS-Tax Saver Fund-Reg(G),379,EQ,400006,6,489,7600,Open ended scheme,1.84,Vishal Mishra,0.35,13.0,0.0,173.55,2026-09-25,3.0,2009-02-02,17.27,500.0,8724.8042,Canara Robeco Mutual Fund,BSE 500 - TRI,3,2026-08-31,-4.3275,-2.1647,-1.128,10.0807,8.2235,-3.4008683068017285,Nil,Financials,,,,4,,,Equity : Tax Saving (ELSS),173.55
Aditya Birla SL Banking & PSU Debt Fund(G),Growth,Aditya Birla SL Banking & PSU Debt Fund(G),449,NEQ,400004,33,287,5183,Open ended scheme,0.75,Kaustubh Gupta,-0.05,349.0,0.0,387.4085,2026-09-25,0.0,2008-05-05,7.63,1000.0,8682.462800000001,Aditya Birla Sun Life Mutual Fund,NIFTY Banking and PSU Debt Index,1,2026-08-31,-0.0567,0.4848,4.3776,6.5724,5.8245,2.8580584626641947,Nil,-,,,,4,,,Debt : Banking & PSU,387.4085
ICICI Pru Banking and PSU Debt Fund(G),Growth,ICICI Pru Banking and PSU Debt Fund(G),449,NEQ,400015,33,297,8080,Open ended scheme,0.74,Manish Banthia,-0.06,0.0,0.0,34.8555,2026-09-25,0.0,2010-01-01,7.74,500.0,8667.019873853,ICICI Prudential Mutual Fund,NIFTY Banking and PSU Debt Index,3,2026-08-31,-0.0049,0.5855,5.0922,6.806,6.2071,3.283206163419503,Nil,-,,,,3,,,Debt : Banking & PSU,34.8555
Tata Value Fund(G),Growth,Tata Value Fund(G),312,EQ,400030,17,567,3098,Open ended scheme,2.02,Sonam Udasi,0.19,64.78,0.5,345.3747,2026-09-25,0.0,2004-06-29,17.25,5000.0,8655.6943943642,Tata Mutual Fund,NIFTY 500 - TRI,5,2026-08-31,-3.8659,0.2795,-0.043,11.8126,11.7281,-5.099894211878491,"0.50% on or before 30D, Nil after 30D",Financials,,,,1,,,Equity : Value / Contra,345.3747
Bajaj Finserv Flexi Cap Fund-Reg(G),Growth,Bajaj Finserv Flexi Cap Fund-Reg(G),379,EQ,400060,50,120,48061,Open ended scheme,2.23,Nimesh Chandan,0.16,155.0,0.0,15.353,2026-09-25,0.0,2023-08-14,14.74,500.0,8655.395400000001,Bajaj Finserv Mutual Fund,BSE 500 - TRI,3,2026-08-31,-2.9888,0.3267,4.5702,15.114,,2.7643908969210194,"Nil upto 10% of units and 1% for remaining units on or before 6M, Nil after 6M",Financials,,,,Unrated,,,Equity : Flexi Cap,15.353
Nippon India Focused Fund(G),Growth,Nippon India Focused Fund(G),379,EQ,400025,51,353,2641,Open ended scheme,2.02,Vinay Sharma,0.19,59.0,1.0,119.3358,2026-09-25,0.0,2006-12-26,13.37,5000.0,8650.814932651001,Nippon India Mutual Fund,BSE 500 - TRI,3,2026-08-31,-4.4948,-2.6014,-1.6562,8.3023,9.1468,-4.064885097297095,"Nil upto 10% of units and 1% for remaining units on or before 12M, Nil after 12M",Financials,,,,4,,,Equity : Focused,119.3358
Kotak Overnight Fund-Reg(G),Growth,Kotak Overnight Fund-Reg(G),293,NEQ,400019,20,61,41944,Open ended scheme,0.19,Deepak Agrawal,0.01,0.0,0.0,1462.9764,2026-09-27,0.0,2019-01-15,5.06,1000.0,8617.8377,Kotak Mahindra Mutual Fund,Nifty 1D Rate Index,1,2026-08-31,0.4023,1.2454,5.1744,5.9673,5.6262,3.738765275866813,Nil,-,,,,3,,,Debt : Overnight,1462.7779
Bajaj Finserv Liquid Fund-Reg(G),Growth,Bajaj Finserv Liquid Fund-Reg(G),446,NEQ,400060,21,419,48041,Open ended scheme,0.28,Siddharth Chaudhary,0.02,0.0,0.007,1235.7094,2026-09-27,0.0,2023-07-05,6.76,100.0,8588.548,Bajaj Finserv Mutual Fund,Nifty Liquid Fund Index,1,2026-08-31,0.4869,1.5503,6.2975,6.765,,4.709126272834753,"0.007% for Day 1, 0.0065% on Day 2, 0.0060% on Day 3, 0.0055% on Day 4, 0.0050% on Day 5, 0.0045% on Day 6, NIL on or after 7D",-,,,,Unrated,,,Debt : Liquid,1235.5101
ICICI Pru Infrastructure Fund(G),Growth,ICICI Pru Infrastructure Fund(G),166,EQ,400015,11,1162,1629,Open ended scheme,1.91,Sanket Gaidhani,0.26,68.0,1.0,198.87,2026-09-25,0.0,2005-08-31,15.24,5000.0,8558.0934744167,ICICI Prudential Mutual Fund,BSE India Infrastructure Index - TRI,3,2026-08-31,-2.9192,-3.0517,1.9062,16.942,20.3183,0.5358677518831213,"1% on or before 15D, NIL after 15D",Infrastructure,,,,4,,,Equity : Sectoral - Infrastructure,198.87
SBI Dividend Yield Fund-Reg(G),Growth,SBI Dividend Yield Fund-Reg(G),312,EQ,400027,15,418,47653,Open ended scheme,1.96,Nidhi Chawla,-0.03,62.0,1.0,15.3842,2026-09-25,0.0,2023-03-14,12.95,5000.0,8553.6071,SBI Mutual Fund,NIFTY 500 - TRI,3,2026-08-31,-3.459,0.3208,2.277,9.8235,,-1.5272550375092808,"1% on or before 30D, Nil after 30D",Financials,,,,Unrated,,,Equity : Thematic - Dividend Yield,15.3842
Nippon India Overnight Fund-Reg(G),Growth,Nippon India Overnight Fund-Reg(G),500,NEQ,400025,20,876,41900,Open ended scheme,0.19,Vikash Agarwal,0.01,0.0,0.0,147.3018,2026-09-27,0.0,2018-12-18,5.1,100.0,8547.718471442,Nippon India Mutual Fund,CRISIL Liquid Overnight Index,1,2026-08-31,0.4063,1.2568,5.1916,5.9861,5.6512,3.751446752125113,Nil,-,,,,5,,,Debt : Overnight,147.2813
Tata Balanced Adv Fund-Reg(G),Growth,Tata Balanced Adv Fund-Reg(G),415,EQ,400030,41,757,39531,Open ended scheme,1.87,Rahul Singh (Tata),0.08,202.06,0.5,20.4204,2026-09-25,0.0,2019-01-28,9.76,5000.0,8538.565045540301,Tata Mutual Fund,CRISIL Hybrid 50+50 - Moderate Index,3,2026-08-31,-4.0882,-2.8155,0.1152,6.6997,7.0594,-3.0024937655860238,"0.50% on or before 30D, Nil after 30D",Financials,,,,4,,,Hybrid : Dynamic Asset Allocation,20.4204
UTI Nifty200 Momentum 30 Index Fund-Reg(G),Growth,UTI Nifty200 Momentum 30 Index Fund-Reg(G),554,EQ,400032,18,620,45342,Open ended scheme,1.46,Sharwan Kumar Goyal,-0.08,161.0,0.0,20.4147,2026-09-25,0.0,2021-03-10,13.73,1000.0,8513.336800000001,UTI Mutual Fund,Nifty200 Momentum 30 - TRI,3,2026-08-31,-3.519,-3.0291,-0.6642,9.6408,8.8338,-2.9784139838603876,Nil,Financials,,,,Unrated,,,Equity : Index Funds,20.4147
HDFC BSE Sensex Index Fund(G),Growth,HDFC BSE Sensex Index Fund(G),174,EQ,400013,18,37,12635,Open ended scheme,0.38,Arun Agarwal,0.43,6.9,0.25,689.4513,2026-09-25,0.0,2002-07-17,13.5,100.0,8495.5705,HDFC Mutual Fund,BSE SENSEX - TRI,3,2026-08-31,-4.8594,-3.9527,-8.3782,4.6035,5.056,-12.793022544248183,"0.25% on or before 3D, Nil after 3D",Financials,,,,Unrated,,,Equity : Index Funds,689.4513
ICICI Pru Mid Cap Fund(G),Growth,ICICI Pru Mid Cap Fund(G),349,EQ,400015,4,696,1499,Open ended scheme,1.84,Lalit Kumar,0.06,16.0,1.0,335.81,2026-09-25,0.0,2004-10-28,17.38,5000.0,8403.298759516201,ICICI Prudential Mutual Fund,Nifty Midcap 150 - TRI,3,2026-08-31,-4.3522,-0.7918,12.7901,20.3617,15.744,6.511672164425283,"1% on or before 1Y, Nil after 1Y",Financials,,,,3,,,Equity : Mid Cap,335.81
Nippon India ETF Nifty Bank BeES,Growth,Nippon India ETF Nifty Bank BeES,311,EQ,400025,44,987,267,Open ended scheme,0.2,Himanshu Mange,0.26,38.0,0.0,576.2242,2026-09-25,0.0,2004-05-27,15.53,10000.0,8397.009134245,Nippon India Mutual Fund,NIFTY BANK - TRI,3,2026-08-31,-3.3768,-4.332,1.4941,8.0648,8.6174,-6.286348084811719,Nil,Financials,,,,Unrated,,,Equity : ETFs,576.2242
Motilal Oswal Nasdaq 100 FOF-Reg(G),Growth,Motilal Oswal Nasdaq 100 FOF-Reg(G),104,NEQ,400042,49,549,41322,Open ended scheme,0.47,Swapnil P Mayekar,0.4,,1.0,66.3527,2026-09-25,0.0,2018-11-29,27.35,500.0,8353.5416,Motilal Oswal Mutual Fund,Nasdaq-100,5,2026-08-31,-1.5451,-0.6464,50.7721,38.1267,23.1507,39.431872387728816,"1% on or before 15D, Nil after 15D",-,,,,Unrated,,,FoFs : Overseas,66.3527
SBI Energy Opportunities Fund-Reg(G),Growth,SBI Energy Opportunities Fund-Reg(G),317,EQ,400027,12,727,48474,Open ended scheme,1.85,Raj Gandhi,0.06,26.0,1.0,10.7628,2026-09-25,0.0,2024-02-26,2.89,5000.0,8326.2282,SBI Mutual Fund,NIFTY ENERGY - TRI,3,2026-08-31,-2.7979,-3.7644,2.8152,,,-0.26687423551651634,"1% on or before 30D, Nil after 30D",Energy,,,,Unrated,,,Equity : Sectoral - Energy / Power,10.7628
HDFC Silver ETF,Growth,HDFC Silver ETF,199,NEQ,400013,56,846,46223,Open ended scheme,0.58,Bhagyesh Kagalkar,1.5,,,219.4637,2026-09-25,0.0,2022-09-02,42.57,5000.0,8312.868699999999,HDFC Mutual Fund,Silver,3,2026-08-31,-4.1898,5.622,66.037,45.4683,,0.33424372955837306,null,-,,,,Unrated,,,Metal : ETFs,219.4637
ICICI Pru Energy Opportunities Fund-Reg(G),Growth,ICICI Pru Energy Opportunities Fund-Reg(G),317,EQ,400015,12,1035,48896,Open ended scheme,2.15,Nitya Mishra,0.18,165.0,1.0,11.41,2026-09-25,0.0,2024-07-22,6.24,5000.0,8276.0361875141,ICICI Prudential Mutual Fund,NIFTY ENERGY - TRI,3,2026-08-31,-1.5531,-2.2279,12.4138,,,8.77025738798856,"1% on or before 3M, Nil after 3M",Energy,,,,Unrated,,,Equity : Sectoral - Energy / Power,11.41
HDFC Value Fund-Reg(G),Growth,HDFC Value Fund-Reg(G),312,EQ,400013,17,22,1112,Open ended scheme,1.88,Anand Laddha,0.32,25.45,1.0,777.84,2026-09-25,0.0,1994-02-01,14.26,100.0,8265.9521,HDFC Mutual Fund,NIFTY 500 - TRI,3,2026-08-31,-3.1399,1.1844,5.1124,15.0231,12.4503,0.8481805994570231,"1% on or before 1Y, Nil after 1Y",Financials,,,,2,,,Equity : Value / Contra,777.84
SBI Gilt Fund-Reg(G),Growth,SBI Gilt Fund-Reg(G),447,NEQ,400027,29,366,2754,Open ended scheme,0.99,Sudhir Agarwal,0.1,0.0,0.0,68.4709,2026-09-25,0.0,2000-12-23,7.75,5000.0,8215.2284,SBI Mutual Fund,Nifty All Duration G-Sec Index,3,2026-08-31,0.0753,0.6339,3.5364,6.1215,5.7381,3.1196018042304487,Nil,-,,,,3,,,Debt : Gilt,68.4709
Motilal Oswal Small Cap Fund-Reg(G),Growth,Motilal Oswal Small Cap Fund-Reg(G),350,EQ,400042,5,627,48388,Open ended scheme,1.98,Ajay Khandelwal,-0.37,63.0,1.0,16.8795,2026-09-25,0.0,2023-12-26,20.96,500.0,8150.1975,Motilal Oswal Mutual Fund,Nifty Smallcap 250 - TRI,3,2026-08-31,-0.9913,5.6124,20.5067,,,21.104175634954796,"1% on or before 365D, Nil after 365D",Financials,,,,Unrated,,,Equity : Small Cap,16.8795
Nippon India Power & Infra Fund(G),Growth,Nippon India Power & Infra Fund(G),319,EQ,400025,12,1047,2452,Open ended scheme,1.96,Rahul Modi,0.06,46.0,1.0,375.9083,2026-09-25,0.0,2004-05-08,17.58,5000.0,8136.777537843999,Nippon India Mutual Fund,Nifty Infrastructure - TRI,3,2026-08-31,-2.9079,-2.3262,7.7168,17.8378,19.5793,8.743678093420293,"1% on or before 1M, Nil after 1M",Energy,,,,Unrated,,,Equity : Sectoral - Energy / Power,375.9083
Quant Mid Cap Fund(G),Growth,Quant Mid Cap Fund(G),349,EQ,400010,4,791,887,Open ended scheme,2.2,Sandeep Tandon,0.22,372.0,0.5,215.7779,2026-09-25,0.0,2001-02-26,12.75,5000.0,8055.583100000001,Quant Mutual Fund,Nifty Midcap 150 - TRI,5,2026-08-31,-2.9658,-1.9584,3.7068,9.5845,13.5977,3.275034556168601,"0.50% on or before 3M, Nil after 3M",Healthcare,,,,5,,,Equity : Mid Cap,215.7779
ICICI Pru Innovation Fund-Reg(G),Growth,ICICI Pru Innovation Fund-Reg(G),312,EQ,400015,13,734,47918,Open ended scheme,2.14,Vaibhav Dusad,0.1,192.0,1.0,19.17,2026-09-25,0.0,2023-04-28,21.0,5000.0,8012.444799225999,ICICI Prudential Mutual Fund,NIFTY 500 - TRI,3,2026-08-31,-3.4743,1.6437,2.5134,17.6389,,-0.5189413596263512,"1% on or before 1M, Nil after 1M",Healthcare,,,,Unrated,,,Equity : Thematic,19.17
Aditya Birla SL Focused Fund(G),Growth,Aditya Birla SL Focused Fund(G),312,EQ,400004,51,506,489,Open ended scheme,1.88,Kunal Sangoi,0.33,28.0,1.0,142.6805,2026-09-25,0.0,2005-10-24,13.54,1000.0,7971.3991000000005,Aditya Birla Sun Life Mutual Fund,NIFTY 500 - TRI,3,2026-08-31,-4.9884,-0.7982,2.1217,11.4503,8.7244,-4.351559745206531,"1% on or before 90D, Nil after 90D",Financials,,,,3,,,Equity : Focused,142.6805
ICICI Pru Nifty PSU Bond Plus SDL Sep 2027 40:60 Index Fund-Reg(G),Growth,ICICI Pru Nifty PSU Bond Plus SDL Sep 2027 40:60 Index Fund-Reg(G),565,NEQ,400015,27,893,45898,Open ended scheme,0.37,Darshil Dedhia,-0.01,0.0,0.0,13.297,2026-09-25,0.0,2021-09-28,5.87,1000.0,7968.7448524858,ICICI Prudential Mutual Fund,Nifty PSU Bond Plus SDL Sep 2027 40:60 Index,3,2026-08-31,0.3585,1.4442,5.7365,7.2729,,4.117891176171199,Nil,-,,,,Unrated,,,Debt : Medium to Long Duration,13.297
ICICI Pru Gilt Fund(G),Growth,ICICI Pru Gilt Fund(G),447,NEQ,400015,29,297,1606,Open ended scheme,1.11,Manish Banthia,-0.07,0.0,0.0,107.3204,2026-09-25,0.0,1999-08-19,9.14,5000.0,7950.490454929701,ICICI Prudential Mutual Fund,Nifty All Duration G-Sec Index,3,2026-08-31,-1.1891,-0.4475,3.5076,6.342,5.8232,2.4397600711692253,Nil,-,,,,4,,,Debt : Gilt,107.3204
Nippon India Ultra Short to Short Term Fund(G),Growth,Nippon India Ultra Short to Short Term Fund(G),368,NEQ,400025,23,322,2621,Open ended scheme,0.99,Vivek Sharma,-0.03,0.0,0.0,4020.2394,2026-09-25,0.0,2007-03-20,7.38,500.0,7933.342443617,Nippon India Mutual Fund,CRISIL Low Duration Debt Index,3,2026-08-31,0.4169,1.3747,5.7326,6.8099,6.0846,4.107072046168169,Nil,-,,,,4,,,Debt : Low Duration,4020.2394
Nippon India Banking & Financial Services Fund(G),Growth,Nippon India Banking & Financial Services Fund(G),330,EQ,400025,8,353,2445,Open ended scheme,1.88,Vinay Sharma,0.08,25.0,1.0,622.245,2026-09-25,0.0,2003-05-26,19.35,5000.0,7909.934884705,Nippon India Mutual Fund,Nifty Financial Services - TRI,3,2026-08-31,-4.551,-4.197,0.0599,10.2945,11.7084,-5.771166790236522,"1% on or before 1M, Nil after 1M",Financials,,,,5,,,Equity : Sectoral - Financial Services,622.245
Kotak Income Plus Arbitrage Omni FOF-Reg(G),Growth,Kotak Income Plus Arbitrage Omni FOF-Reg(G),433,NEQ,400019,48,8,47093,Open ended scheme,0.29,Abhishek Bisen,-0.02,0.0,0.0,13.1643,2026-09-25,0.0,2022-11-17,7.39,100.0,7904.3217,Kotak Mahindra Mutual Fund,NIFTY Composite Debt Index,3,2026-08-31,0.1583,1.0051,5.4376,7.3206,,3.8022094132675237,Nil,-,,,,Unrated,,,FoFs : Domestic,13.1643
Nippon India Vision Large & Mid Cap Fund(G),Growth,Nippon India Vision Large & Mid Cap Fund(G),366,EQ,400025,2,703,2669,Open ended scheme,2.24,Aishwarya Agarwal,0.07,101.0,1.0,1452.0481,2026-09-25,0.0,1995-10-08,17.43,5000.0,7903.495832056,Nippon India Mutual Fund,NIFTY LargeMidcap 250 - TRI,3,2026-08-31,-5.1329,-2.247,-1.6991,13.5311,11.7295,-3.3079955845447437,"Nil upto 10% of units and 1% for remaining units on or before 12M, Nil after 12M",Financials,,,,3,,,Equity : Large & Mid Cap,1452.0481
Bandhan Arbitrage Fund-Reg(G),Growth,Bandhan Arbitrage Fund-Reg(G),277,EQ,400028,38,1107,2854,Open ended scheme,2.39,Kapil Kankonkar,0.09,1212.0,0.25,34.719,2026-09-25,0.0,2006-12-21,6.5,100.0,7796.14815057106,Bandhan Mutual Fund,Nifty 50 Arbitrage,5,2026-08-31,0.4371,1.3747,5.8232,6.5847,5.9762,4.14366961028988,"0.25% on or before 15D, Nil after 15D",Financials,,,,2,,,Hybrid : Arbitrage,34.719
Axis Corp Bond Fund-Reg(G),Growth,Axis Corp Bond Fund-Reg(G),278,NEQ,400040,34,298,36744,Open ended scheme,0.97,Devang Shah,-0.06,0.0,0.0,18.1592,2026-09-25,0.0,2017-07-13,6.69,100.0,7768.1438,Axis Mutual Fund,NIFTY Corporate Bond Index,3,2026-08-31,-0.0011,0.566,4.7201,6.9497,6.0511,3.2764415831110365,Nil,-,,,,4,,,Debt : Corporate Bond,18.1592
SBI Childrens Fund-Investment Plan-Reg(G),Growth,SBI Childrens Fund-Investment Plan-Reg(G),301,EQ,400027,54,149,34199,Open ended scheme,2.02,R. Srinivasan,0.78,0.0,3.0,49.7172,2026-09-25,5.0,2020-09-29,30.69,5000.0,7764.8103,SBI Mutual Fund,CRISIL Hybrid 35+65 - Aggressive Index,3,2026-08-31,-1.8244,2.0734,13.8965,19.8381,18.2514,11.43754235373841,"3% on or before 1Y, 2% after 1Y but on or before 2Y, 1% after 2Y but on or before 3Y, Nil after 3Y",Financials,,,,Unrated,,,Hybrid : Aggressive Hybrid,49.3334
Quant Multi Cap Fund(G),Growth,Quant Multi Cap Fund(G),312,EQ,400010,3,791,871,Open ended scheme,2.08,Sandeep Tandon,0.38,311.0,1.0,658.963,2026-09-25,0.0,2001-03-20,17.82,5000.0,7724.569399999999,Quant Mutual Fund,NIFTY 500 - TRI,3,2026-08-31,-0.7719,-0.0012,6.3208,9.1144,10.1266,8.25345017696079,"1% on or before 15D, Nil after 15D",Healthcare,,,,5,,,Equity : Multi Cap,658.963
Tata Large & Mid Cap Fund-Reg(G),Growth,Tata Large & Mid Cap Fund-Reg(G),366,EQ,400030,2,661,3096,Open ended scheme,1.83,Chandraprakash Padiyar,-0.03,19.05,0.5,486.3766,2026-09-25,0.0,1993-02-25,12.25,5000.0,7679.3209989549,Tata Mutual Fund,NIFTY LargeMidcap 250 - TRI,3,2026-08-31,-3.3289,-2.5337,-5.3799,6.0261,7.9489,-7.354208719447465,"0.50% on or before 30D, Nil after 30D",Financials,,,,2,,,Equity : Large & Mid Cap,486.3766
HDFC Credit Risk Fund(G),Growth,HDFC Credit Risk Fund(G),451,NEQ,400013,35,874,21538,Open ended scheme,1.51,Praveen Jain,-0.05,0.0,1.0,26.0558,2026-09-25,0.0,2014-03-25,7.95,100.0,7665.77760000001,HDFC Mutual Fund,NIFTY Credit Risk Bond Index,3,2026-08-31,0.0749,1.4034,6.5799,7.5252,6.4521,4.780632967386498,"Nil for 15% of Units, For excess of limits 1% on or before 12M and 0.50% after 12M but on or before 18M, Nil after 18M",-,,,,5,,,Debt : Credit Risk,26.0558
Mahindra Manulife Multi Cap Fund-Reg(G),Growth,Mahindra Manulife Multi Cap Fund-Reg(G),534,EQ,400054,3,929,36401,Open ended scheme,2.19,Vishal Jajoo,0.1,116.0,1.0,39.0931,2026-09-25,0.0,2017-05-11,15.64,1000.0,7662.3449,Mahindra Manulife Mutual Fund,Nifty500 Multicap 50:25:25 - TRI,3,2026-08-31,-2.7169,3.6543,11.3253,15.8612,13.912,8.52712963091486,"1% on or before 3M, Nil after 3M",Financials,,,,5,,,Equity : Multi Cap,39.0931
Aditya Birla SL Multi Asset Allocation Fund-Reg(G),Growth,Aditya Birla SL Multi Asset Allocation Fund-Reg(G),21,NEQ,400004,42,555,47416,Open ended scheme,1.78,Dhaval Gala,0.29,56.0,0.0,16.7467,2026-09-25,0.0,2023-01-31,15.16,500.0,7618.2093,Aditya Birla Sun Life Mutual Fund,BSE 200,3,2026-08-31,-3.5173,0.5433,9.8447,14.5769,,1.720168858383702,"Nil upto 30% of units on or before 1Y, 1% after 30% of units on or before 1Y,Nil after 1Y",Financials,,,,Unrated,,,Hybrid : Multi Asset Allocation,16.7467
Nippon India Gold Savings Fund(G),Growth,Nippon India Gold Savings Fund(G),65,NEQ,400025,57,987,14108,Open ended scheme,0.25,Himanshu Mange,0.81,1.0,1.0,57.2074,2026-09-25,0.0,2011-03-07,11.86,100.0,7602.423123689001,Nippon India Mutual Fund,Gold-India,3,2026-08-31,-6.3077,8.1705,31.3003,34.7962,24.9574,12.720609243076558,"1% on or before for 15D, Nil after 15D",-,,,,Unrated,,,Metal : MFs,57.2074
Union Liquid Fund(G),Growth,Union Liquid Fund(G),42,NEQ,400045,21,258,14561,Open ended scheme,0.17,Devesh Thacker,0.02,0.0,0.007,2709.2982,2026-09-26,0.0,2011-06-15,6.73,5000.0,7577.8886999999995,Union Mutual Fund,CRISIL Liquid Debt Index,1,2026-08-31,0.4926,1.554,6.399,6.8513,6.2826,4.769240692612038,"0.007% for Day 1, 0.0065% on Day 2, 0.0060% on Day 3, 0.0055% on Day 4, 0.0050% on Day 5, 0.0045% on Day 6, NIL on or after 7D",-,,,,4,,,Debt : Liquid,2709.2982
UTI Nifty Next 50 Index Fund-Reg(G),Growth,UTI Nifty Next 50 Index Fund-Reg(G),165,EQ,400032,18,620,38439,Open ended scheme,0.88,Sharwan Kumar Goyal,0.55,25.0,0.0,25.6128,2026-09-25,0.0,2018-06-28,12.08,1000.0,7546.5634,UTI Mutual Fund,NIFTY NEXT 50 - TRI,3,2026-08-31,-3.6754,-0.3916,5.2851,16.8401,10.8221,3.758137499949368,Nil,Financials,,,,4,,,Equity : Index Funds,25.6128
Sundaram Large and Mid Cap Fund(G),Growth,Sundaram Large and Mid Cap Fund(G),366,EQ,400029,2,543,2947,Open ended scheme,2.43,Madanagopal Ramu,-0.05,121.03,0.0,90.1591,2026-09-25,0.0,2007-02-27,11.88,100.0,7543.733131999999,Sundaram Mutual Fund,NIFTY LargeMidcap 250 - TRI,3,2026-08-31,-5.715,1.387,5.5443,12.8553,10.1689,2.168958956361318,"Nil upto 25% of units and 1% for remaining units on or before 365D, Nil after 365D",Financials,,,,2,,,Equity : Large & Mid Cap,90.1591
Aditya Birla SL Multi-Cap Fund-Reg(G),Growth,Aditya Birla SL Multi-Cap Fund-Reg(G),534,EQ,400004,3,845,45476,Open ended scheme,2.01,Abhinav Khandelwal,0.14,61.0,1.0,21.13,2026-09-25,0.0,2021-05-07,14.89,500.0,7531.2889000000005,Aditya Birla Sun Life Mutual Fund,Nifty500 Multicap 50:25:25 - TRI,3,2026-08-31,-2.2212,3.6801,7.6962,13.4907,11.1822,6.394763343403826,"1% on or before 90D, Nil after 90D",Financials,,,,Unrated,,,Equity : Multi Cap,21.13
Bandhan Flexi Cap Fund-Reg(G),Growth,Bandhan Flexi Cap Fund-Reg(G),379,EQ,400028,50,427,2906,Open ended scheme,2.22,Manish Gunwani,0.09,122.0,1.0,204.148,2026-09-25,0.0,2005-09-28,15.44,1000.0,7508.000610705561,Bandhan Mutual Fund,BSE 500 - TRI,3,2026-08-31,-4.109,-2.2715,-2.0422,9.7352,8.4214,-5.277858975608172,"Nil upto 10% of investment and 1% for remaining investment on or before 365D, Nil after 365D",Financials,,,,2,,,Equity : Flexi Cap,204.148
Nippon India Floating Interest Rates Fund(G),Growth,Nippon India Floating Interest Rates Fund(G),443,NEQ,400025,32,876,2566,Open ended scheme,0.66,Vikash Agarwal,-0.05,0.0,0.0,48.236,2026-09-25,0.0,2004-09-02,7.39,5000.0,7507.904343155999,Nippon India Mutual Fund,Nifty Short Duration Debt Index,3,2026-08-31,0.0699,0.7686,5.0298,7.0648,6.2115,3.484525377694049,Nil,-,,,,5,,,Debt : Floater,48.236
Axis Short Term Fund-Reg(G),Growth,Axis Short Term Fund-Reg(G),443,NEQ,400040,25,298,8488,Open ended scheme,0.93,Devang Shah,-0.07,0.0,0.0,33.036,2026-09-25,0.0,2010-01-22,7.42,100.0,7501.0161,Axis Mutual Fund,Nifty Short Duration Debt Index,3,2026-08-31,0.1161,0.8123,5.1195,7.1162,6.1299,3.585482480206955,Nil,-,,,,3,,,Debt : Short Duration,33.036
Franklin India Large Cap Fund(G),Growth,Franklin India Large Cap Fund(G),24,EQ,400012,1,319,931,Open ended scheme,2.12,Venkatesh Sanjeevi,0.11,87.16,1.0,980.2797,2026-09-25,0.0,1993-12-01,18.09,5000.0,7490.452027189001,Franklin Templeton Mutual Fund,NIFTY 100,3,2026-08-31,-5.8053,-2.1314,-4.2476,8.5727,6.6132,-7.909803008702021,1% on or before 1Y,Financials,,,,5,,,Equity : Large Cap,980.2797
WOC Mid Cap Fund-Reg(G),Growth,WOC Mid Cap Fund-Reg(G),374,EQ,400055,4,864,46769,Open ended scheme,2.28,Ramesh Mantri,-0.12,240.0,0.0,21.599,2026-09-25,0.0,2022-09-07,20.93,500.0,7485.368,WhiteOak Capital Mutual Fund,BSE 150 MidCap - TRI,3,2026-08-31,-3.6533,2.613,11.7151,19.7807,,7.682720111676142,NIL,Financials,,,,Unrated,,,Equity : Mid Cap,21.599
Abakkus Flexi Cap Fund-Reg(G),Growth,Abakkus Flexi Cap Fund-Reg(G),379,EQ,400075,50,595,50546,Open ended scheme,2.12,Sanjay Doshi,0.37,,0.0,10.987,2026-09-25,0.0,2025-12-29,9.87,500.0,7394.969399999999,Abakkus Mutual Fund,BSE 500 - TRI,3,2026-08-31,-3.4025,1.3748,,,,9.563222975668124,"NIL upto 10% of units and 1% for remaining units on or before 3M, NIL after 3M",Financials,,,,Unrated,,,Equity : Flexi Cap,10.987
Quant Flexi Cap Fund(G),Growth,Quant Flexi Cap Fund(G),312,EQ,400010,12,791,6305,Open ended scheme,2.2,Sandeep Tandon,0.54,354.0,1.0,106.9205,2026-09-25,0.0,2008-09-23,14.06,5000.0,7363.9225,Quant Mutual Fund,NIFTY 500 - TRI,3,2026-08-31,-2.7286,-2.1521,10.1968,14.2917,13.0465,7.9931964200402685,"1% on or before 15D, Nil after 15D",Energy,,,,5,,,Equity : Sectoral - Energy / Power,106.9205
Edelweiss Small Cap Fund-Reg(G),Growth,Edelweiss Small Cap Fund-Reg(G),350,EQ,400035,5,705,40559,Open ended scheme,1.92,Dhruv Bhatia,0.0,25.0,1.0,47.279,2026-09-25,0.0,2019-02-07,22.56,100.0,7252.911899999999,Edelweiss Mutual Fund,Nifty Smallcap 250 - TRI,3,2026-08-31,-2.5035,2.7804,8.0144,14.3455,15.0559,7.559832559832561,"1% on or before 90D, Nil after 90D",Financials,,,,4,,,Equity : Small Cap,47.279
Aditya Birla SL Aggressive Hybrid Fund(G),Growth,Aditya Birla SL Aggressive Hybrid Fund(G),301,EQ,400004,54,788,430,Open ended scheme,1.89,Harshil Suvarnkar,0.07,85.0,1.0,1512.52,2026-09-25,0.0,1995-02-10,17.19,100.0,7209.570500000001,Aditya Birla Sun Life Mutual Fund,CRISIL Hybrid 35+65 - Aggressive Index,3,2026-08-31,-3.7598,-0.4548,-0.7468,8.8567,6.6946,-3.653782454709922,"1% on or before 90D, Nil after 90D",Financials,,,,4,,,Hybrid : Aggressive Hybrid,1512.52
Kotak Gold Fund(G),Growth,Kotak Gold Fund(G),65,NEQ,400019,57,8,14148,Open ended scheme,0.45,Abhishek Bisen,0.86,0.51,1.0,57.4899,2026-09-25,0.0,2011-03-25,11.93,100.0,7194.9522,Kotak Mahindra Mutual Fund,Gold-India,3,2026-08-31,-6.2228,8.5331,31.6369,34.7732,24.7127,13.197616722323735,"1% on or before 15D, Nil after 15D",-,,,,Unrated,,,Metal : MFs,57.4899
ICICI Pru Manufacturing Fund(G),Growth,ICICI Pru Manufacturing Fund(G),584,EQ,400015,13,629,32077,Open ended scheme,2.14,Roshan Chutkey,0.55,69.0,1.0,38.45,2026-09-25,0.0,2018-10-11,18.43,5000.0,7175.070947970001,ICICI Prudential Mutual Fund,Nifty India Manufacturing - TRI,3,2026-08-31,-3.6824,0.052,7.2524,18.6647,17.9462,7.073238652186038,"1% on or before 1M, NIL after 1M",Automobile and Ancillaries,,,,3,,,Equity : Thematic,38.45
ICICI Pru Gold ETF FOF(G),Growth,ICICI Pru Gold ETF FOF(G),65,NEQ,400015,48,297,14885,Open ended scheme,0.55,Manish Banthia,0.9,0.0,1.0,46.3328,2026-09-25,0.0,2011-10-11,10.79,100.0,7149.020755492,ICICI Prudential Mutual Fund,Gold-India,3,2026-08-31,-6.2099,8.6683,31.5223,34.9406,25.0833,12.509045345714334,"1% on or before 15D, Nil after 15D",-,,,,Unrated,,,FoFs : Domestic,46.3328
DSP Large Cap Fund-Reg(G),Growth,DSP Large Cap Fund-Reg(G),314,EQ,400009,1,662,748,Open ended scheme,2.14,Anish Tawakley,0.5,50.0,1.0,440.517,2026-09-25,0.0,2003-03-10,17.43,100.0,7100.5667,DSP Mutual Fund,NIFTY 100 - TRI,3,2026-08-31,-4.5775,-4.077,-6.5335,9.5721,7.6776,-9.60490351388399,"1% before 12M, Nil on or after 12M",Financials,,,,1,,,Equity : Large Cap,440.517
SBI CPSE Bond Plus SDL Sep 2026 50:50 Index Fund-Reg(G),Growth,SBI CPSE Bond Plus SDL Sep 2026 50:50 Index Fund-Reg(G),583,NEQ,400027,26,583,45947,Open ended scheme,0.35,Ranjana Gupta,0.01,0.0,0.15,13.154,2026-09-25,0.0,2022-01-19,6.03,5000.0,7074.4615,SBI Mutual Fund,Nifty CPSE Bond Plus SDL Sep 2026 50:50 Index,3,2026-08-31,0.4268,1.3874,5.8502,7.0382,,4.247073648172068,"0.15% on or before 30D, Nil after 30D",-,,,,Unrated,,,Debt : Medium Duration,13.154
UTI Multi Asset Allocation Fund-Reg(G),Growth,UTI Multi Asset Allocation Fund-Reg(G),298,EQ,400032,42,620,7143,Open ended scheme,1.83,Sharwan Kumar Goyal,0.29,120.0,1.0,77.2411,2026-09-25,0.0,2008-12-17,12.18,5000.0,7062.5295,UTI Mutual Fund,BSE 200 - TRI,3,2026-08-31,-4.3295,-0.4524,2.7875,13.7544,11.7557,-2.9025733468593975,"1% on or before 30D, Nil after 30D",Financials,,,,Unrated,,,Hybrid : Multi Asset Allocation,77.2411
HDFC Retirement Fund-Equity Plan-Reg(G),Growth,HDFC Retirement Fund-Equity Plan-Reg(G),312,EQ,400013,50,59,24803,Open ended scheme,1.88,Chirag Setalvad,0.29,11.95,0.0,47.307,2026-09-25,5.0,2016-02-25,15.81,100.0,6997.7414,HDFC Mutual Fund,NIFTY 500 - TRI,3,2026-08-31,-3.8691,-2.8644,-6.4173,7.9521,10.3039,-8.710754327396222,NIL - Upon completion of Lock-in Period,Financials,,,,5,,,Equity : Flexi Cap,47.307
ICICI Pru Healthcare Fund-(G),Growth,ICICI Pru Healthcare Fund-(G),391,EQ,400015,7,645,36398,Open ended scheme,2.07,Dharmesh Kakkad,-0.23,74.0,1.0,43.27,2026-09-25,0.0,2018-07-13,19.54,5000.0,6995.618349227199,ICICI Prudential Mutual Fund,BSE Health Care - TRI,3,2026-08-31,-0.5516,1.5013,8.4733,22.1473,15.3085,8.69128359708616,"1% on or before 15D, Nil after 15D",Healthcare,,,,4,,,Equity : Sectoral - Pharma,43.27
HSBC Money Market Fund-Reg(G),Growth,HSBC Money Market Fund-Reg(G),445,NEQ,400014,24,277,621,Open ended scheme,0.36,Mahesh Chhabria,-0.01,0.0,0.0,28.5066,2026-09-25,0.0,2005-08-10,7.11,5000.0,6992.9623,HSBC Mutual Fund,Nifty Money Market Index,3,2026-08-31,0.5283,1.6586,6.2803,7.0599,6.2252,4.622107818188943,Nil,-,,,,2,,,Debt : Money Market,28.5066
Aditya Birla SL Midcap Fund(G),Growth,Aditya Birla SL Midcap Fund(G),349,EQ,400004,4,865,417,Open ended scheme,2.04,Vishal Gajwani,-0.04,71.0,1.0,829.73,2026-09-25,0.0,2002-10-03,20.22,1000.0,6966.285400000001,Aditya Birla Sun Life Mutual Fund,Nifty Midcap 150 - TRI,3,2026-08-31,-4.6715,-0.2261,6.1429,13.7007,12.4363,3.178432421005516,"1% on or before 90D, Nil after 90D",Financials,,,,2,,,Equity : Mid Cap,829.73
Bandhan ELSS-Tax Saver Fund-Reg(G),Growth,Bandhan ELSS-Tax Saver Fund-Reg(G),379,EQ,400028,6,520,7433,Open ended scheme,2.04,Daylynn Pinto,0.12,41.0,0.0,150.612,2026-09-25,3.0,2008-12-26,16.5,500.0,6964.87359419699,Bandhan Mutual Fund,BSE 500 - TRI,3,2026-08-31,-3.7038,-2.3914,-0.7421,8.2177,9.669,-5.332629355860618,Nil,Financials,,,,5,,,Equity : Tax Saving (ELSS),150.612
Aditya Birla SL Value Fund-Reg(G),Growth,Aditya Birla SL Value Fund-Reg(G),312,EQ,400004,17,506,4453,Open ended scheme,2.0,Kunal Sangoi,0.46,83.0,1.0,136.5718,2026-09-25,0.0,2008-03-27,15.17,1000.0,6924.6226,Aditya Birla Sun Life Mutual Fund,NIFTY 500 - TRI,3,2026-08-31,-2.1395,2.6829,11.4019,13.4899,13.0706,5.501013127005095,"1% on or before 90D, Nil after 90D",Financials,,,,3,,,Equity : Value / Contra,136.5718
Aditya Birla SL Nifty SDL Plus PSU Bond Sep 2026 60:40 Index Fund-Reg(G),Growth,Aditya Birla SL Nifty SDL Plus PSU Bond Sep 2026 60:40 Index Fund-Reg(G),564,NEQ,400004,27,586,45732,Open ended scheme,0.35,Mohit Sharma,0.01,47.0,0.0,13.2479,2026-09-25,0.0,2021-09-24,5.78,500.0,6821.8974,Aditya Birla Sun Life Mutual Fund,Nifty SDL Plus PSU Bond Sep 2026 60:40 Index,3,2026-08-31,0.4154,1.3417,5.7573,7.0265,5.7798,4.161621562121611,Nil,-,,,,Unrated,,,Debt : Medium to Long Duration,13.2479
360 ONE Focused Fund-Reg(G),Growth,360 ONE Focused Fund-Reg(G),379,EQ,400047,51,575,30046,Open ended scheme,2.16,Mayur Patel,-0.12,65.0,0.0,47.6422,2026-09-25,0.0,2014-10-30,14.0,1000.0,6800.15398271406,360 ONE Mutual Fund,BSE 500 - TRI,3,2026-08-31,-3.349,-0.0747,2.3048,10.2554,9.4517,0.3143627784363637,NIL,Financials,,,,4,,,Equity : Focused,47.6422
Canara Rob Liquid Fund-Reg(G),Growth,Canara Rob Liquid Fund-Reg(G),42,NEQ,400006,21,51,5926,Open ended scheme,0.17,Bhupesh Kalyani,-0.01,0.0,0.007,3387.9658,2026-09-25,0.0,2008-07-15,6.91,5000.0,6783.2285999999995,Canara Robeco Mutual Fund,CRISIL Liquid Debt Index,1,2026-08-31,0.4872,1.558,6.3784,6.8548,6.2849,4.741777378317762,"0.007% for Day 1, 0.0065% on Day 2, 0.0060% on Day 3, 0.0055% on Day 4, 0.0050% on Day 5, 0.0045% on Day 6, NIL on or after 7D",-,,,,1,,,Debt : Liquid,3387.9658
Mirae Asset Focused Fund-Reg(G),Growth,Mirae Asset Focused Fund-Reg(G),312,EQ,400033,51,682,42898,Open ended scheme,2.14,Gaurav Misra,-0.36,52.0,1.0,24.841,2026-09-25,0.0,2019-05-14,13.14,5000.0,6751.879599999999,Mirae Asset Mutual Fund,NIFTY 500 - TRI,3,2026-08-31,-3.7432,3.4783,-3.8959,6.5726,4.7478,-4.501768414577885,"1% on or before 1Y(365D), Nil after 1Y(365D)",Financials,,,,Unrated,,,Equity : Focused,24.841
UTI Aggressive Hybrid Fund-Reg(G),Growth,UTI Aggressive Hybrid Fund-Reg(G),301,EQ,400032,54,292,3437,Open ended scheme,1.89,V. Srivatsa,0.08,33.0,1.0,398.4107,2026-09-25,0.0,1995-01-02,4.53,1000.0,6740.4151,UTI Mutual Fund,CRISIL Hybrid 35+65 - Aggressive Index,3,2026-08-31,-3.319,-1.5131,-0.6856,9.8257,9.7807,-5.019121903588408,"Nil for 10% of units and 1% for remaining units on or before 12M, Nil after 12M",Financials,,,,4,,,Hybrid : Aggressive Hybrid,398.4107
Parag Parikh Liquid Fund-Reg(G),Growth,Parag Parikh Liquid Fund-Reg(G),42,NEQ,400049,21,975,38735,Open ended scheme,0.2,Tejas Soman,0.02,0.0,0.007,1560.9057,2026-09-27,0.0,2018-05-11,5.45,5000.0,6721.830400000001,PPFAS Mutual Fund,CRISIL Liquid Debt Index,1,2026-08-31,0.4863,1.5492,6.3316,6.5821,5.9831,4.753692559358058,"0.007% for Day 1, 0.0065% on Day 2, 0.0060% on Day 3, 0.0055% on Day 4, 0.0050% on Day 5, 0.0045% on Day 6, NIL on or after 7D",-,,,,3,,,Debt : Liquid,1560.6489
SBI MNC Fund-Reg(G),Growth,SBI MNC Fund-Reg(G),316,EQ,400027,16,395,2766,Open ended scheme,2.01,Tanmaya Desai,0.37,61.0,1.0,408.7269,2026-09-25,0.0,1994-09-30,13.87,5000.0,6717.6245,SBI Mutual Fund,NIFTY MNC - TRI,3,2026-08-31,-1.662,4.6187,15.4042,7.0357,7.5624,15.716936158710723,"1% on or before 30D, Nil after 30D",Automobile and Ancillaries,,,,Unrated,,,Equity : Thematic - MNC,408.7269
ICICI Pru Dividend Yield Fund(G),Growth,ICICI Pru Dividend Yield Fund(G),312,EQ,400015,15,433,17588,Open ended scheme,1.9,Mittul Kalawadia,0.36,49.0,1.0,50.82,2026-09-25,0.0,2014-05-16,14.05,5000.0,6711.6011773145,ICICI Prudential Mutual Fund,NIFTY 500 - TRI,3,2026-08-31,-4.4557,-4.6708,-4.3298,13.106,14.5034,-7.3473108477666385,"1% on or before 1M, Nil after 1M",Financials,,,,Unrated,,,Equity : Thematic - Dividend Yield,50.82
SBI PSU Fund-Reg(G),Growth,SBI PSU Fund-Reg(G),402,EQ,400027,13,824,9252,Open ended scheme,1.88,Rohit Shimpi,0.24,23.0,0.5,33.3461,2026-09-25,0.0,2010-07-07,7.7,5000.0,6703.1635,SBI Mutual Fund,BSE PSU - TRI,3,2026-08-31,-3.3978,-3.8125,4.1333,18.206,22.0445,-1.6307313806642627,"0.50% on or before 30D, Nil after 30D",Energy,,,,1,,,Equity : Thematic,33.3461
DSP Arbitrage Fund-Reg(G),Growth,DSP Arbitrage Fund-Reg(G),277,EQ,400009,38,1009,30760,Open ended scheme,1.84,Kaivalya Nadkarni,0.11,1014.0,0.0,16.01,2026-09-25,0.0,2018-01-25,5.58,100.0,6672.7712,DSP Mutual Fund,Nifty 50 Arbitrage,3,2026-08-31,0.4391,1.3804,5.9563,6.5739,5.9519,4.245344445891399,"Nil upto 10% of units and 0.25% for remaining units on or before 15D, Nil after 15D",Financials,,,,2,,,Hybrid : Arbitrage,16.01
Invesco India Money Market Fund(G),Growth,Invesco India Money Market Fund(G),445,NEQ,400021,24,465,7934,Open ended scheme,0.43,Krishna Cheemalapati,0.0,0.0,0.0,3286.5513,2026-09-25,0.0,2009-08-28,7.21,1000.0,6607.1846,Invesco Mutual Fund,Nifty Money Market Index,3,2026-08-31,0.5271,1.6469,6.2173,6.9989,6.18,4.578370552183324,Nil,-,,,,2,,,Debt : Money Market,3286.5513
Nippon India Short Term Fund(G),Growth,Nippon India Short Term Fund(G),728,NEQ,400025,25,728,2664,Open ended scheme,0.94,Sushil Budhia,-0.07,0.0,0.0,56.2226,2026-09-25,0.0,2002-12-18,7.53,100.0,6556.843144971,Nippon India Mutual Fund,CRISIL Short Duration Debt Index,1,2026-08-31,0.0498,0.6891,4.871,6.983,5.9591,3.345428343498289,Nil,-,,,,4,,,Debt : Short Duration,56.2226
Quant Multi Asset Allocation Fund(G),Growth,Quant Multi Asset Allocation Fund(G),312,NEQ,400010,42,791,869,Open ended scheme,2.28,Sandeep Tandon,0.18,485.0,1.0,165.9104,2026-09-25,0.0,2001-03-20,11.63,5000.0,6527.7826000000005,Quant Mutual Fund,NIFTY 500 - TRI,3,2026-08-31,-2.8406,-0.9398,14.1641,20.9644,17.6346,5.116155891616147,"1% on or before 15D, Nil after 15D",Energy,,,,5,,,Hybrid : Multi Asset Allocation,165.9104
UTI Large & Mid Cap Fund-Reg(G),Growth,UTI Large & Mid Cap Fund-Reg(G),366,EQ,400032,2,292,16672,Open ended scheme,1.95,V. Srivatsa,0.13,37.0,1.0,180.9252,2026-09-25,0.0,2009-05-20,13.02,5000.0,6514.4928,UTI Mutual Fund,NIFTY LargeMidcap 250 - TRI,3,2026-08-31,-3.8175,-1.279,1.8603,13.7948,12.6381,-3.836541701702012,"1% before 1Y, Nil on or after 1Y",Financials,,,,4,,,Equity : Large & Mid Cap,180.9252
ICICI Pru Silver ETF FOF(G),Growth,ICICI Pru Silver ETF FOF(G),199,NEQ,400015,48,297,46215,Open ended scheme,0.65,Manish Banthia,1.21,,1.0,34.2353,2026-09-25,0.0,2022-02-01,30.3,100.0,6514.161688941301,ICICI Prudential Mutual Fund,Silver,3,2026-08-31,-4.5203,5.3945,63.3091,43.8725,,0.7590339460935779,"1% on or before 15D, Nil after 15D",-,,,,Unrated,,,FoFs : Domestic,34.2353
HSBC Multi Cap Fund-Reg(G),Growth,HSBC Multi Cap Fund-Reg(G),534,EQ,400014,3,206,47272,Open ended scheme,2.06,Venugopal Manghat,0.14,47.0,0.0,20.1089,2026-09-25,0.0,2023-01-30,21.06,5000.0,6502.5809,HSBC Mutual Fund,Nifty500 Multicap 50:25:25 - TRI,3,2026-08-31,-2.1674,2.2188,7.4521,17.1292,,5.863060141509423,"Nil upto 10% of units and 1% for remaining units on or before 1Y, Nil after 1Y",Financials,,,,Unrated,,,Equity : Multi Cap,20.1089
Tata Ultra Short Term Fund-Reg(G),Growth,Tata Ultra Short Term Fund-Reg(G),367,NEQ,400030,22,1177,41798,Open ended scheme,1.11,Dhawal Joshi,-0.01,0.0,0.0,15.2419,2026-09-25,0.0,2019-01-22,5.64,5000.0,6494.543900383,Tata Mutual Fund,CRISIL Ultra Short Term Debt Index,3,2026-08-31,0.5078,1.5558,6.0867,6.5998,5.8913,4.543365684694262,Nil,-,,,,3,,,Debt : Ultra Short Duration,15.2419
SBI Medium Term Fund-Reg(G),Growth,SBI Medium Term Fund-Reg(G),430,NEQ,400027,26,288,2778,Open ended scheme,1.23,Lokesh Mallya,-0.06,0.0,1.0,54.8774,2026-09-25,0.0,2003-11-05,7.72,5000.0,6488.592,SBI Mutual Fund,NIFTY Medium Duration Debt Index,3,2026-08-31,-0.0417,1.2074,5.9385,7.1481,6.2215,4.249587769089904,"1% on or before 3M, Nil after 3M",-,,,,5,,,Debt : Medium Duration,54.8774
DSP India T.I.G.E.R Fund-Reg(G),Growth,DSP India T.I.G.E.R Fund-Reg(G),166,EQ,400009,11,333,698,Open ended scheme,2.03,Rohit Singhania,0.34,50.0,1.0,355.953,2026-09-25,0.0,2004-06-11,17.37,100.0,6467.3104,DSP Mutual Fund,BSE India Infrastructure Index - TRI,3,2026-08-31,-2.4848,-1.4259,12.9995,19.4049,20.1117,13.397664209392843,"1% before 12M, Nil on or after 12M",Energy,,,,3,,,Equity : Sectoral - Infrastructure,355.953
Invesco India Focused Fund-Reg(G),Growth,Invesco India Focused Fund-Reg(G),379,EQ,400021,51,478,45058,Open ended scheme,1.94,Taher Badshah,-0.07,23.0,0.0,28.95,2026-09-25,0.0,2020-09-29,19.41,1000.0,6453.5517,Invesco Mutual Fund,BSE 500 - TRI,3,2026-08-31,-3.5322,3.3191,2.9883,19.609,13.0755,8.103061986557126,"Nil upto 10% of units and 1% for remaining units on or before 1Y, Nil after 1Y",Financials,,,,Unrated,,,Equity : Focused,28.95
Bandhan Ultra Short to Short Term Fund-Reg(G),Growth,Bandhan Ultra Short to Short Term Fund-Reg(G),435,NEQ,400028,23,491,2902,Open ended scheme,0.69,Harshal Joshi,-0.03,0.0,0.0,41.4186,2026-09-25,0.0,2006-01-17,7.11,100.0,6404.166923617,Bandhan Mutual Fund,NIFTY Low Duration Debt Index,1,2026-08-31,0.4114,1.3492,5.7563,6.8152,6.0836,4.175459335739527,Nil,-,,,,3,,,Debt : Low Duration,41.4186
Kotak ELSS Tax Saver Fund(G),Growth,Kotak ELSS Tax Saver Fund(G),312,EQ,400019,6,75,2075,Open ended scheme,1.91,Harsha Upadhyaya,0.42,24.14,0.0,115.225,2026-09-25,3.0,2005-11-23,12.44,500.0,6383.519200000001,Kotak Mahindra Mutual Fund,NIFTY 500 - TRI,3,2026-08-31,-3.2528,0.2619,0.0434,9.7668,10.2037,-1.8559844639024243,Nil,Financials,,,,3,,,Equity : Tax Saving (ELSS),115.225
Kotak Nifty SDL Apr 2027 Top 12 Equal Weight Index Fund-Reg(G),Growth,Kotak Nifty SDL Apr 2027 Top 12 Equal Weight Index Fund-Reg(G),588,NEQ,400019,27,8,46381,Open ended scheme,0.35,Abhishek Bisen,-0.01,0.0,0.15,13.181,2026-09-25,0.0,2022-02-11,6.16,100.0,6355.6967,Kotak Mahindra Mutual Fund,Nifty SDL Apr 2027 Top 12 Equal Weight Index,3,2026-08-31,0.3663,1.2747,5.931,7.2698,,4.152344830310926,"0.15% on or before 30D, Nil after 30D",-,,,,Unrated,,,Debt : Medium to Long Duration,13.181
SBI Automotive Opportunities Fund-Reg(G),Growth,SBI Automotive Opportunities Fund-Reg(G),324,EQ,400027,9,395,48475,Open ended scheme,1.97,Tanmaya Desai,0.72,52.0,1.0,13.2783,2026-09-25,0.0,2024-06-05,13.08,5000.0,6348.970799999999,SBI Mutual Fund,NIFTY AUTO - TRI,3,2026-08-31,-2.5753,9.2514,24.3706,,,17.113247486329165,"1% on or before 30D, Nil after 30D",Automobile and Ancillaries,,,,Unrated,,,Equity : Sectoral - Auto,13.2783
ICICI Pru Credit Risk Fund(G),Growth,ICICI Pru Credit Risk Fund(G),727,NEQ,400015,35,297,12456,Open ended scheme,1.43,Manish Banthia,-0.06,0.0,1.0,34.8479,2026-09-25,0.0,2010-12-03,8.21,100.0,6332.588832755399,ICICI Prudential Mutual Fund,CRISIL Credit Risk Debt Index,3,2026-08-31,0.1564,1.6045,7.3052,8.331,7.3042,4.965135017093638,"Nil upto 10% of units and 1% on remaining units on or before 1Y, Nil after 1Y",-,,,,5,,,Debt : Credit Risk,34.8479
Tata Mid Cap Fund-Reg(G),Growth,Tata Mid Cap Fund-Reg(G),349,EQ,400030,4,673,3237,Open ended scheme,2.04,Satish Chandra Mishra,-0.32,65.3,0.5,449.9097,2026-09-25,0.0,1994-07-01,12.52,5000.0,6240.2902418801,Tata Mutual Fund,Nifty Midcap 150 - TRI,3,2026-08-31,-4.837,-0.7823,4.4945,13.371,13.3284,-0.27328387964249645,"0.50% on or before 30D, Nil after 30D",Financials,,,,3,,,Equity : Mid Cap,449.9097
Aditya Birla SL Small Cap Fund(G),Growth,Aditya Birla SL Small Cap Fund(G),377,EQ,400004,5,845,477,Open ended scheme,2.01,Abhinav Khandelwal,0.1,49.0,1.0,100.1457,2026-09-25,0.0,2007-05-31,12.59,1000.0,6226.4747,Aditya Birla Sun Life Mutual Fund,BSE 250 Small Cap - TRI,3,2026-08-31,-0.251,6.2421,17.975,14.999,12.7636,18.219024459344606,"1% on or before 90D, Nil after 90D",Financials,,,,1,,,Equity : Small Cap,100.1457
Franklin India ELSS Tax Saver Fund(G),Growth,Franklin India ELSS Tax Saver Fund(G),312,EQ,400012,6,82,957,Open ended scheme,1.91,R. Janakiraman,0.13,22.67,0.0,1381.9422,2026-09-25,3.0,1999-04-10,19.64,500.0,6222.6198055760005,Franklin Templeton Mutual Fund,NIFTY 500 - TRI,3,2026-08-31,-4.5695,-3.1729,-5.6073,9.4615,10.0598,-7.5843271443004765,Nil,Financials,,,,3,,,Equity : Tax Saving (ELSS),1381.9422
HDFC Multi-Asset Active FOF-Reg(G),Growth,HDFC Multi-Asset Active FOF-Reg(G),154,NEQ,400013,48,658,45488,Open ended scheme,1.12,Srinivasan Ramamurthy,0.17,,0.0,19.289,2026-09-25,0.0,2021-05-05,12.89,100.0,6200.3189,HDFC Mutual Fund,NIFTY 50 - TRI,3,2026-08-31,-3.2211,0.3747,3.7043,11.9058,11.4523,-0.0051840331778002565,"Nil upto 15% of units and 1% for remaining units on or before 1Y, Nil after 1Y",-,,,,Unrated,,,FoFs : Domestic,19.289
SBI Silver ETF,Growth,SBI Silver ETF,199,NEQ,400027,56,1000,48967,Open ended scheme,0.41,Viral Chhadva,1.51,28.0,,225.0251,2026-09-25,0.0,2024-07-03,51.24,5000.0,6194.8256,SBI Mutual Fund,Silver,3,2026-08-31,-4.1329,5.7571,66.636,,,0.7364129571076431,null,-,,,,Unrated,,,Metal : ETFs,225.0251
BHARAT Bond ETF - April 2033,Growth,BHARAT Bond ETF - April 2033,670,NEQ,400035,45,65,47283,Open ended scheme,0.01,Dhawal Dalal,-0.01,0.0,,1301.1212,2026-09-25,0.0,2022-12-13,7.19,1000.0,6189.3169,Edelweiss Mutual Fund,NIFTY BHARAT Bond Index - April 2033,3,2026-08-31,-0.5792,-0.2668,3.906,7.1579,,2.148073589064943,null,-,,,,Unrated,,,Debt : ETFs,1301.1212
Tata Gold ETF,Growth,Tata Gold ETF,65,NEQ,400030,56,952,48435,Open ended scheme,0.35,Tapan Patel,0.82,30.63,,14.6326,2026-09-25,0.0,2024-01-12,37.41,100.0,6172.040955896,Tata Mutual Fund,Gold-India,3,2026-08-31,-6.0362,7.9267,32.822,,,11.852927686898022,null,-,,,,Unrated,,,Metal : ETFs,14.6326
Nippon India Nivesh Lakshya Long Term Fund(G),Growth,Nippon India Nivesh Lakshya Long Term Fund(G),697,NEQ,400025,28,550,35207,Open ended scheme,0.65,Pranay Sinha,-0.05,0.0,1.0,18.0897,2026-09-25,0.0,2018-07-06,7.47,5000.0,6111.822873755,Nippon India Mutual Fund,CRISIL Long Duration Debt Index,3,2026-08-31,-1.0172,-0.6224,1.755,5.6085,5.1368,0.9565639597506572,"1% on or before 1M, Nil after 1M",-,,,,Unrated,,,Debt : Long Duration,18.0897
Aditya Birla SL Consumption Fund-Reg(G),Growth,Aditya Birla SL Consumption Fund-Reg(G),323,EQ,400004,14,554,409,Open ended scheme,1.95,Chanchal Khandelwal,0.23,30.0,1.0,202.44,2026-09-25,0.0,2005-08-05,15.28,1000.0,6085.4064,Aditya Birla Sun Life Mutual Fund,Nifty India Consumption - TRI,3,2026-08-31,-4.5994,-0.3495,-7.7049,7.5625,7.8999,-7.717554816064187,"1% on or before 30D, Nil after 30D",FMCG,,,,3,,,Equity : Thematic - Consumption,202.44
Franklin India Liquid Fund-Super Inst(G),Growth,Franklin India Liquid Fund-Super Inst(G),446,NEQ,400012,21,130,3406,Open ended scheme,0.2,Pallab Roy,0.02,0.0,0.007,4243.2552,2026-09-27,0.0,2005-09-02,7.1,10000.0,6082.104164228001,Franklin Templeton Mutual Fund,Nifty Liquid Fund Index,1,2026-08-31,0.5071,1.6117,6.4813,6.9075,6.307,4.847584491642243,"0.007% for Day 1, 0.0065% on Day 2, 0.0060% on Day 3, 0.0055% on Day 4, 0.0050% on Day 5, 0.0045% on Day 6, NIL after 7D",-,,,,4,,,Debt : Liquid,4242.5622
Axis Ultra Short Term Fund-Reg(G),Growth,Axis Ultra Short Term Fund-Reg(G),434,NEQ,400040,22,752,29356,Open ended scheme,1.26,Sachin Jain,-0.02,0.0,0.0,15.8118,2026-09-25,0.0,2018-09-10,5.86,100.0,6073.906,Axis Mutual Fund,NIFTY Ultra Short Duration Debt Index,3,2026-08-31,0.4919,1.5328,5.88,6.5435,5.8718,4.331129498396609,Nil,-,,,,3,,,Debt : Ultra Short Duration,15.8118
Aditya Birla SL PSU Equity Fund-Reg(G),Growth,Aditya Birla SL PSU Equity Fund-Reg(G),402,EQ,400004,13,555,43788,Open ended scheme,1.88,Dhaval Gala,0.34,32.0,1.0,35.25,2026-09-25,0.0,2019-12-30,20.55,500.0,6072.5648,Aditya Birla Sun Life Mutual Fund,BSE PSU - TRI,3,2026-08-31,-3.0261,-2.7854,7.0778,17.2483,21.3524,1.6729160657629023,"1% on or before 30D, Nil after 30D",Financials,,,,Unrated,,,Equity : Thematic,35.25
HSBC Corporate Bond Fund-Reg(G),Growth,HSBC Corporate Bond Fund-Reg(G),278,NEQ,400014,34,1001,631,Open ended scheme,0.6,Mohd Asif Rizwi,-0.06,0.0,0.0,77.8559,2026-09-25,0.0,1997-03-31,7.2,5000.0,6058.0666,HSBC Mutual Fund,NIFTY Corporate Bond Index,3,2026-08-31,0.1141,0.7971,4.798,6.9484,5.6824,3.270036317524995,Nil,-,,,,5,,,Debt : Corporate Bond,77.8559
HDFC Multi Asset Allocation Fund(G),Growth,HDFC Multi Asset Allocation Fund(G),154,NEQ,400013,42,658,1307,Open ended scheme,2.02,Srinivasan Ramamurthy,0.36,24.51,1.0,74.008,2026-09-25,0.0,2005-08-17,9.94,100.0,6031.2558,HDFC Mutual Fund,NIFTY 50 - TRI,3,2026-08-31,-3.1461,0.115,1.3558,10.6042,9.4268,-2.1420637858994085,"Nil upto 15% of units, For remaining units 1% or or before 12M, Nil after 12M",Financials,,,,Unrated,,,Hybrid : Multi Asset Allocation,74.008
HSBC Flexi Cap Fund-Reg(G),Growth,HSBC Flexi Cap Fund-Reg(G),312,EQ,400014,50,837,1441,Open ended scheme,2.1,Abhishek Gupta,0.09,53.0,0.0,231.4712,2026-09-25,0.0,2004-02-24,14.91,5000.0,5999.6677,HSBC Mutual Fund,NIFTY 500 - TRI,3,2026-08-31,-2.8708,2.2716,5.4943,14.8719,11.8254,4.0723192535714965,"Nil upto 10% of investment and 1% for remaining investment on or before 1Y, Nil after 1Y",Financials,,,,3,,,Equity : Flexi Cap,231.4712
Aditya Birla SL Large & Mid Cap Fund-Reg(G),Growth,Aditya Birla SL Large & Mid Cap Fund-Reg(G),366,EQ,400004,2,865,277,Open ended scheme,1.99,Vishal Gajwani,0.09,48.0,1.0,935.61,2026-09-25,0.0,1995-02-24,16.36,1000.0,5997.920999999999,Aditya Birla Sun Life Mutual Fund,NIFTY LargeMidcap 250 - TRI,5,2026-08-31,-4.1236,0.8516,4.0191,10.4946,6.244,2.266988915332141,"1% on or before 90D, Nil after 90D",Financials,,,,4,,,Equity : Large & Mid Cap,935.61
PGIM India Flexi Cap Fund-Reg(G),Growth,PGIM India Flexi Cap Fund-Reg(G),312,EQ,400044,50,769,31642,Open ended scheme,2.12,Anandha Padmanabhan Anjeneyan,0.08,51.0,0.5,36.37,2026-09-25,0.0,2015-03-04,11.81,5000.0,5963.3611,PGIM India Mutual Fund,NIFTY 500 - TRI,3,2026-08-31,-3.4254,0.8038,-0.1099,9.2437,6.3218,-1.195327356696563,"0.50% on or before 90D, Nil after 90D",Financials,,,,5,,,Equity : Flexi Cap,36.37
Franklin U.S. Opportunities Equity Active FOF(G),Growth,Franklin U.S. Opportunities Equity Active FOF(G),213,NEQ,400012,49,827,16071,Open ended scheme,1.46,Sandeep Manam,0.34,4.01,1.0,94.408,2026-09-25,0.0,2012-02-06,16.57,5000.0,5954.549180862,Franklin Templeton Mutual Fund,Russell 3000 Growth Index,5,2026-08-31,3.7365,4.8023,17.4544,23.6498,9.6139,16.74982287169954,1% on or before 1Y,-,,,,Unrated,,,FoFs : Overseas,94.0902
Canara Rob Multi Cap Fund-Reg(G),Growth,Canara Rob Multi Cap Fund-Reg(G),534,EQ,400006,3,578,46370,Open ended scheme,1.98,Shridatta Bhandwaldar,0.0,30.0,1.0,14.58,2026-09-25,0.0,2023-07-28,12.65,5000.0,5951.1416,Canara Robeco Mutual Fund,Nifty500 Multicap 50:25:25 - TRI,3,2026-08-31,-4.6436,-0.137,0.3441,12.6714,,-2.147651006711411,"1% on or before 365D, Nil after 365D",Financials,,,,Unrated,,,Equity : Multi Cap,14.58
HSBC Large & Mid Cap Fund-Reg(G),Growth,HSBC Large & Mid Cap Fund-Reg(G),366,EQ,400014,2,638,42701,Open ended scheme,2.53,Cheenu Gupta,-0.3,156.0,0.0,29.3065,2026-09-25,0.0,2019-03-28,15.41,5000.0,5931.2471,HSBC Mutual Fund,NIFTY LargeMidcap 250 - TRI,3,2026-08-31,-3.1977,0.3108,7.6986,16.2682,12.5424,7.398598630879954,"Nil upto 10% of investment and 1% for remaining investment on or before 1Y, Nil after 1Y",Financials,,,,2,,,Equity : Large & Mid Cap,29.3065
HSBC Aggressive Hybrid Fund-Reg(G),Growth,HSBC Aggressive Hybrid Fund-Reg(G),370,EQ,400014,54,562,13017,Open ended scheme,1.95,Gautam Bhupal,0.04,53.0,1.0,59.1856,2026-09-25,0.0,2011-02-07,12.04,5000.0,5869.7606000000005,HSBC Mutual Fund,NIFTY 50 Hybrid Composite Debt 65:35 Index,3,2026-08-31,-1.874,1.759,4.4462,12.2402,9.6096,4.70546193065822,"Nil for 10% of units and 1% for remaining units on or before 1Y, Nil after 1Y",Financials,,,,3,,,Hybrid : Aggressive Hybrid,59.1856
Axis Gold ETF,Growth,Axis Gold ETF,65,NEQ,400040,56,493,12461,Open ended scheme,0.52,Aditya Pagaria,0.83,6.0,0.0,125.4037,2026-09-25,0.0,2010-11-10,12.16,5000.0,5832.9825,Axis Mutual Fund,Gold-India,3,2026-08-31,-6.1064,7.8696,32.3578,35.5034,25.6207,13.235728339791072,Nil,-,,,,Unrated,,,Metal : ETFs,125.4037
SBI Healthcare Opp Fund-Reg(G),Growth,SBI Healthcare Opp Fund-Reg(G),391,EQ,400027,7,395,2813,Open ended scheme,2.0,Tanmaya Desai,-0.27,36.0,0.5,521.6754,2026-09-25,0.0,1999-07-14,16.34,5000.0,5796.4160999999995,SBI Mutual Fund,BSE Health Care - TRI,3,2026-08-31,0.5104,7.7679,21.9086,23.6325,17.3886,23.78548187423359,"0.50% on or before 15D, Nil after 15D",Healthcare,,,,2,,,Equity : Sectoral - Pharma,521.6754
Axis India Manufacturing Fund-Reg(G),Growth,Axis India Manufacturing Fund-Reg(G),584,EQ,400040,13,936,48253,Open ended scheme,2.07,Nitin Arora,0.5,60.0,0.0,16.16,2026-09-25,0.0,2023-12-21,18.96,500.0,5795.5356,Axis Mutual Fund,Nifty India Manufacturing - TRI,3,2026-08-31,-1.041,6.3858,13.9633,,,14.285714285714283,"NIL for 10% of investment and 1% for remaining investment on or before 90D, Nil after 90D",Automobile and Ancillaries,,,,Unrated,,,Equity : Thematic,16.16
Aditya Birla SL Short Term Fund(G),Growth,Aditya Birla SL Short Term Fund(G),443,NEQ,400004,25,287,287,Open ended scheme,0.96,Kaustubh Gupta,-0.06,54.0,0.0,50.659,2026-09-25,0.0,2003-05-09,7.18,1000.0,5782.0542000000005,Aditya Birla Sun Life Mutual Fund,Nifty Short Duration Debt Index,5,2026-08-31,0.0377,0.7584,4.9682,6.8699,6.1125,3.2679045741694632,Nil,-,,,,4,,,Debt : Short Duration,50.659
HDFC Equity Savings Fund(G),Growth,HDFC Equity Savings Fund(G),560,EQ,400013,55,658,1309,Open ended scheme,2.19,Srinivasan Ramamurthy,0.17,30.22,0.0,67.254,2026-09-25,0.0,2004-09-17,9.03,100.0,5758.1307,HDFC Mutual Fund,NIFTY 50 Equity Savings Index - TRI,3,2026-08-31,-1.4839,-0.1084,1.306,7.2302,7.1966,-0.8871728365951275,"NIL upto 15% of investment and 1% in excess of 15% of investment on or before 1M, NIL after 1M",Financials,,,,2,,,Hybrid : Equity Savings,67.254
Mirae Asset Small Cap Fund-Reg(G),Growth,Mirae Asset Small Cap Fund-Reg(G),350,EQ,400033,5,1019,49453,Open ended scheme,2.14,Varun Goel,-0.18,27.0,1.0,12.561,2026-09-25,0.0,2025-01-31,14.83,5000.0,5717.0451,Mirae Asset Mutual Fund,Nifty Smallcap 250 - TRI,3,2026-08-31,-0.5699,4.2234,9.5118,,,8.499611298263797,"1% on or before 365D, Nil after 365D",Financials,,,,Unrated,,,Equity : Small Cap,12.561
Invesco India Flexi Cap Fund-Reg(G),Growth,Invesco India Flexi Cap Fund-Reg(G),379,EQ,400021,50,478,45945,Open ended scheme,2.01,Taher Badshah,-0.26,43.0,0.0,19.03,2026-09-25,0.0,2022-02-14,14.97,100.0,5708.826,Invesco Mutual Fund,BSE 500 - TRI,3,2026-08-31,-4.4199,-0.105,-0.5747,15.8948,,1.2234042553191513,"Nil upto 10% of units and 1% for remaining units on or before 1Y, Nil after 1Y",Financials,,,,Unrated,,,Equity : Flexi Cap,19.03
UTI Overnight Fund-Reg(G),Growth,UTI Overnight Fund-Reg(G),500,NEQ,400032,20,889,3574,Open ended scheme,0.15,Jaydeep Bhowal,0.01,0.0,0.0,3736.8748,2026-09-27,0.0,2003-12-09,5.95,500.0,5647.530699999999,UTI Mutual Fund,CRISIL Liquid Overnight Index,1,2026-08-31,0.4073,1.2584,5.2063,6.0035,5.6678,3.7626443685109887,Nil,-,,,,4,,,Debt : Overnight,3736.3598
Mirae Asset Multicap Fund-Reg(G),Growth,Mirae Asset Multicap Fund-Reg(G),534,EQ,400033,3,587,48089,Open ended scheme,2.25,Ankit Jain,-0.14,92.0,1.0,14.496,2026-09-25,0.0,2023-08-21,12.73,5000.0,5619.193,Mirae Asset Mutual Fund,Nifty500 Multicap 50:25:25 - TRI,3,2026-08-31,-2.9069,0.2628,0.9119,12.0209,,-1.9347855499932323,"1% on or before 365D, Nil after 365D",Financials,,,,Unrated,,,Equity : Multi Cap,14.496
Parag Parikh ELSS Tax Saver Fund-Reg(G),Growth,Parag Parikh ELSS Tax Saver Fund-Reg(G),312,EQ,400049,6,474,42577,Open ended scheme,1.83,Rajeev Thakkar,0.37,19.89,0.0,28.6198,2026-09-25,3.0,2019-07-24,15.78,500.0,5613.321800000001,PPFAS Mutual Fund,NIFTY 500 - TRI,3,2026-08-31,-2.4939,-2.2955,-10.6128,7.2986,8.9991,-10.527895358797524,Nil,Financials,,,,Unrated,,,Equity : Tax Saving (ELSS),28.6198
HDFC Dividend Yield Fund-Reg(G),Growth,HDFC Dividend Yield Fund-Reg(G),312,EQ,400013,15,73,45197,Open ended scheme,1.89,Gopal Agrawal,0.37,1.11,1.0,24.353,2026-09-25,0.0,2020-12-18,16.67,100.0,5587.4086,HDFC Mutual Fund,NIFTY 500 - TRI,3,2026-08-31,-2.9645,-1.1166,-2.1418,9.5491,11.6469,-3.65168539325842,"1% on or before 1Y, Nil after 1Y",Financials,,,,Unrated,,,Equity : Thematic - Dividend Yield,24.353
Motilal Oswal Nifty India Defence Index Fund-Reg(G),Growth,Motilal Oswal Nifty India Defence Index Fund-Reg(G),634,EQ,400042,18,549,48892,Open ended scheme,1.14,Swapnil P Mayekar,0.42,23.0,1.0,12.1422,2026-09-25,0.0,2024-07-03,9.09,500.0,5528.5597,Motilal Oswal Mutual Fund,Nifty India Defence - TRI,3,2026-08-31,-3.7548,-0.0305,14.947,,,20.96475323278009,"1% on or before 15D, Nil after 15D",Capital Goods,,,,Unrated,,,Equity : Index Funds,12.1422
Mirae Asset Nifty 50 ETF,Growth,Mirae Asset Nifty 50 ETF,154,EQ,400033,44,760,41174,Open ended scheme,0.07,Ekta Gala,0.34,,,252.0072,2026-09-25,0.0,2018-11-20,11.59,5000.0,5515.161999999999,Mirae Asset Mutual Fund,NIFTY 50 - TRI,3,2026-08-31,-4.8775,-3.4819,-6.0597,6.7333,6.5118,-10.626014959784618,null,Financials,,,,Unrated,,,Equity : ETFs,252.0072
Kotak Contra Fund-Reg(G),Growth,Kotak Contra Fund-Reg(G),312,EQ,400019,17,697,1973,Open ended scheme,2.02,Shibani Kurian,-0.04,37.54,1.0,149.514,2026-09-25,0.0,2005-07-27,13.62,100.0,5510.9312,Kotak Mahindra Mutual Fund,NIFTY 500 - TRI,3,2026-08-31,-4.1675,-1.4702,-0.5388,13.4589,12.2812,-4.727495173099337,"1% on or before 90D, Nil after 90D",Financials,,,,2,,,Equity : Value / Contra,149.514
SBI Innovative Opportunities Fund-Reg(G),Growth,SBI Innovative Opportunities Fund-Reg(G),312,EQ,400027,13,1020,48899,Open ended scheme,2.0,Vivek Gedda,-0.15,29.0,1.0,10.5708,2026-09-25,0.0,2024-08-20,2.68,5000.0,5493.2013,SBI Mutual Fund,NIFTY 500 - TRI,3,2026-08-31,-2.2173,11.2739,7.5678,,,6.7078525786620675,"1% on or before 30D, Nil after 30D",Retail and Other Services,,,,Unrated,,,Equity : Thematic,10.5708
SBI Equity Savings Fund-Reg(G),Growth,SBI Equity Savings Fund-Reg(G),436,EQ,400027,55,418,32901,Open ended scheme,2.01,Nidhi Chawla,0.17,0.0,0.1,24.7017,2026-09-25,0.0,2015-05-27,8.3,1000.0,5485.5316,SBI Mutual Fund,NIFTY 50 Equity Savings Index,3,2026-08-31,-0.5812,0.2781,3.0754,7.3806,7.4865,1.2115873145947722,"0.10% on or before 15D, Nil after 15D",Financials,,,,3,,,Hybrid : Equity Savings,24.7017
Mahindra Manulife Small Cap Fund-Reg(G),Growth,Mahindra Manulife Small Cap Fund-Reg(G),377,EQ,400054,5,929,37922,Open ended scheme,2.24,Vishal Jajoo,0.18,92.0,1.0,22.587,2026-09-25,0.0,2022-12-12,23.99,1000.0,5467.656,Mahindra Manulife Mutual Fund,BSE 250 Small Cap - TRI,3,2026-08-31,-0.2147,7.12,16.6256,19.3027,,16.34147849019284,"1% on or before 3M, Nil after 3M",Healthcare,,,,Unrated,,,Equity : Small Cap,22.587
UTI Small Cap Fund-Reg(G),Growth,UTI Small Cap Fund-Reg(G),350,EQ,400032,5,1054,44511,Open ended scheme,2.01,Nitin Jain,-0.04,45.0,1.0,27.2306,2026-09-25,0.0,2020-12-22,18.99,5000.0,5447.6468,UTI Mutual Fund,Nifty Smallcap 250 - TRI,3,2026-08-31,-2.4856,0.9042,4.9976,12.8829,13.446,7.487230498385551,"1% on or before 1Y, Nil after 1Y",Financials,,,,Unrated,,,Equity : Small Cap,27.2306
Tata Silver ETF,Growth,Tata Silver ETF,199,NEQ,400030,56,952,48436,Open ended scheme,0.39,Tapan Patel,1.5,119.58,,22.2964,2026-09-25,0.0,2024-01-12,52.5,100.0,5440.350817785599,Tata Mutual Fund,Silver,3,2026-08-31,-4.1188,5.6206,68.9672,,,-1.6163122664113387,null,-,,,,Unrated,,,Metal : ETFs,22.2964
HDFC Nifty 50 ETF,Growth,HDFC Nifty 50 ETF,154,EQ,400013,44,37,33325,Open ended scheme,0.05,Arun Agarwal,0.34,5.45,,261.076,2026-09-25,0.0,2015-12-09,12.08,5000.0,5429.294,HDFC Mutual Fund,NIFTY 50 - TRI,3,2026-08-31,-4.88,-3.489,-6.0676,6.7285,6.5088,-10.635949899503258,null,Financials,,,,Unrated,,,Equity : ETFs,261.076
ICICI Pru Medium Term Fund(G),Growth,ICICI Pru Medium Term Fund(G),430,NEQ,400015,26,297,1667,Open ended scheme,1.36,Manish Banthia,-0.08,0.0,1.0,48.569,2026-09-25,0.0,2004-09-15,7.43,5000.0,5418.9336049786,ICICI Prudential Mutual Fund,NIFTY Medium Duration Debt Index,3,2026-08-31,-0.0424,1.1172,6.4018,7.6704,6.6286,4.268506055082905,"Nil upto 10% of units and 1% for Excess units on or before 1Y, Nil after 1Y",-,,,,4,,,Debt : Medium Duration,48.569
Mahindra Manulife Mid Cap Fund-Reg(G),Growth,Mahindra Manulife Mid Cap Fund-Reg(G),349,EQ,400054,4,1067,38444,Open ended scheme,2.02,Kirti Dalvi,-0.23,48.0,1.0,35.1498,2026-09-25,0.0,2018-01-30,15.63,1000.0,5406.3662,Mahindra Manulife Mutual Fund,Nifty Midcap 150 - TRI,3,2026-08-31,-5.6287,-3.1379,7.1307,15.6232,15.6122,3.98026286596676,"1% on or before 3M, Nil after 3M",Financials,,,,3,,,Equity : Mid Cap,35.1498
SBI ESG Exclusionary Strategy Fund-Reg(G),Growth,SBI ESG Exclusionary Strategy Fund-Reg(G),427,EQ,400027,13,824,2752,Open ended scheme,1.96,Rohit Shimpi,0.41,36.0,1.0,231.2266,2026-09-25,0.0,1991-01-01,13.81,1000.0,5355.9265000000005,SBI Mutual Fund,NIFTY100 ESG - TRI,3,2026-08-31,-4.7381,-2.6807,-2.8646,7.7998,6.8001,-6.1567016100543706,"1% on or before 1Y, Nil after 1Y",Financials,,,,2,,,Equity : Thematic,231.2266
Baroda BNP Paribas Balanced Advantage Fund-Reg(G),Growth,Baroda BNP Paribas Balanced Advantage Fund-Reg(G),21,EQ,400001,41,85,38263,Open ended scheme,2.08,Jitendra Sriram,0.16,109.0,1.0,25.3115,2026-09-25,0.0,2018-11-14,12.53,5000.0,5342.8098,Baroda BNP Paribas Mutual Fund,BSE 200,3,2026-08-31,-3.9011,-0.8722,4.3463,10.5552,9.3112,-0.029622022986690963,"Nil upto 10% of units and 1% for remaining units on or before 1Y, Nil after 1Y",Financials,,,,5,,,Hybrid : Dynamic Asset Allocation,25.3115
Bajaj Finserv Money Market Fund-Reg(G),Growth,Bajaj Finserv Money Market Fund-Reg(G),445,NEQ,400060,24,419,48065,Open ended scheme,0.78,Siddharth Chaudhary,0.0,0.0,0.0,1233.5828,2026-09-25,0.0,2023-07-24,6.83,1000.0,5325.890899999999,Bajaj Finserv Mutual Fund,Nifty Money Market Index,3,2026-08-31,0.4805,1.5302,5.8469,6.72,,4.32990360344069,Nil,-,,,,Unrated,,,Debt : Money Market,1233.5828
JM Flexi Cap Fund-Reg(G),Growth,JM Flexi Cap Fund-Reg(G),379,EQ,400017,50,184,6075,Open ended scheme,2.28,Satish Ramanathan,0.22,126.76,1.0,98.9096,2026-09-25,0.0,2008-09-23,13.56,1000.0,5290.60815266,JM Financial Mutual Fund,BSE 500 - TRI,3,2026-08-31,-2.511,1.7378,0.7236,13.4561,13.6049,1.973180254382409,"1% on or before 30D, Nil after 30D",Financials,,,,3,,,Equity : Flexi Cap,98.9096
Franklin India Multi Cap Fund-Reg(G),Growth,Franklin India Multi Cap Fund-Reg(G),534,EQ,400012,3,82,48901,Open ended scheme,2.28,R. Janakiraman,0.44,95.96,1.0,10.9531,2026-09-25,0.0,2024-07-29,4.31,5000.0,5262.394938729,Franklin Templeton Mutual Fund,Nifty500 Multicap 50:25:25 - TRI,3,2026-08-31,-0.9567,2.7804,5.729,,,3.1190570336477697,1% before 1Y,Financials,,,,Unrated,,,Equity : Multi Cap,10.9531
Sundaram Services Fund-Reg(G),Growth,Sundaram Services Fund-Reg(G),329,EQ,400029,13,628,37849,Open ended scheme,1.93,Rohit Seksaria,-0.04,32.39,0.0,35.6806,2026-09-25,0.0,2018-09-21,17.2,100.0,5262.214343,Sundaram Mutual Fund,Nifty Services Sector - TRI,3,2026-08-31,-4.8012,1.7692,1.8346,12.5691,11.1136,-1.3291240718523205,"Nil upto 25% of units and 1% for remaining units on or before 365D, Nil after 365D",Financials,,,,4,,,Equity : Thematic,35.6934
Bandhan CRISIL IBX Gilt June 2027 Index Fund-Reg(G),Growth,Bandhan CRISIL IBX Gilt June 2027 Index Fund-Reg(G),692,NEQ,400028,29,491,45412,Open ended scheme,0.45,Harshal Joshi,0.01,0.0,0.0,13.7447,2026-09-25,0.0,2021-03-23,5.94,1000.0,5261.547554850999,Bandhan Mutual Fund,CRISIL IBX Gilt Index - June 2027,3,2026-08-31,0.2568,1.0751,5.196,6.9971,5.7001,3.6311269612684836,Nil,-,,,,Unrated,,,Debt : Gilt,13.7447
Tata Multi Asset Allocation Fund-Reg(G),Growth,Tata Multi Asset Allocation Fund-Reg(G),21,EQ,400030,42,757,44648,Open ended scheme,1.95,Rahul Singh (Tata),0.12,322.63,0.5,24.9063,2026-09-25,0.0,2020-03-04,14.91,5000.0,5241.6026725679,Tata Mutual Fund,BSE 200,3,2026-08-31,-3.641,-1.3354,4.0937,11.3666,10.3772,-2.735366220807708,"0.50% on or before 30D, Nil after 30D",Financials,,,,Unrated,,,Hybrid : Multi Asset Allocation,24.8765
Canara Rob Mid Cap Fund-Reg(G),Growth,Canara Rob Mid Cap Fund-Reg(G),374,EQ,400006,4,358,46001,Open ended scheme,2.15,Pranav Gokhale,-0.22,53.0,1.0,18.2,2026-09-25,0.0,2022-12-02,16.99,5000.0,5231.0251,Canara Robeco Mutual Fund,BSE 150 MidCap - TRI,3,2026-08-31,-3.4483,1.1111,5.3241,15.6548,,5.202312138728315,"1% on or before 365D, Nil after 365D",Financials,,,,Unrated,,,Equity : Mid Cap,18.2
HDFC Banking and PSU Debt Fund-Reg(G),Growth,HDFC Banking and PSU Debt Fund-Reg(G),449,NEQ,400013,33,27,23913,Open ended scheme,0.72,Anil Bamboli,-0.05,0.0,0.0,24.3321,2026-09-25,0.0,2014-03-26,7.37,100.0,5186.0785,HDFC Mutual Fund,NIFTY Banking and PSU Debt Index,3,2026-08-31,-0.1399,0.3423,4.4785,6.5791,5.7794,2.866745582142558,Nil,-,,,,4,,,Debt : Banking & PSU,24.3321
Nippon India Banking and PSU Debt Fund(G),Growth,Nippon India Banking and PSU Debt Fund(G),416,NEQ,400025,33,550,13656,Open ended scheme,0.78,Pranay Sinha,-0.06,0.0,0.0,21.9529,2026-09-25,0.0,2015-05-15,7.16,5000.0,5149.774214553,Nippon India Mutual Fund,CRISIL Banking and PSU Debt Index,3,2026-08-31,-0.0027,0.4443,4.47,6.6167,5.7486,3.10059316103641,Nil,-,,,,5,,,Debt : Banking & PSU,21.9529
Motilal Oswal ELSS Tax Saver Fund-Reg(G),Growth,Motilal Oswal ELSS Tax Saver Fund-Reg(G),312,EQ,400042,6,627,31189,Open ended scheme,2.1,Ajay Khandelwal,-0.54,65.0,0.0,56.356,2026-09-25,3.0,2015-01-21,15.95,500.0,5134.233,Motilal Oswal Mutual Fund,NIFTY 500 - TRI,3,2026-08-31,-2.4377,2.4375,7.3791,20.0057,15.518,11.52183893488689,Nil,Capital Goods,,,,3,,,Equity : Tax Saving (ELSS),56.356
UTI ULIP(G),Growth,UTI ULIP(G),450,NEQ,400032,53,339,3662,Open ended scheme,1.59,Anurag Mittal,0.14,13.0,2.0,42.5552,2026-09-25,0.0,1971-10-01,10.48,15000.0,5107.668,UTI Mutual Fund,NIFTY 50 Hybrid Composite Debt 50:50 Index,5,2026-08-31,-2.2591,1.3388,0.9678,6.9523,5.1565,0.9249343585503365,"2% on or before maturity,Nil after maturity",Financials,,,,Unrated,,,Hybrid : Balanced Hybrid,42.5552
Edelweiss Large & Mid Cap Fund-Reg(G),Growth,Edelweiss Large & Mid Cap Fund-Reg(G),366,EQ,400035,2,1016,1956,Open ended scheme,2.02,Sumanta Khan,0.1,29.0,1.0,88.036,2026-09-25,0.0,2007-06-14,11.93,100.0,4942.4121000000005,Edelweiss Mutual Fund,NIFTY LargeMidcap 250 - TRI,3,2026-08-31,-4.4613,-0.9496,2.4997,12.4864,10.8541,-2.4456190507850954,"1% on or before 90D, Nil after 90D",Financials,,,,4,,,Equity : Large & Mid Cap,88.036
Kotak Banking and PSU Debt Fund(G),Growth,Kotak Banking and PSU Debt Fund(G),416,NEQ,400019,33,61,2044,Open ended scheme,0.75,Deepak Agrawal,-0.04,0.0,0.0,69.5141,2026-09-25,0.0,1998-12-29,7.23,100.0,4936.8061,Kotak Mahindra Mutual Fund,CRISIL Banking and PSU Debt Index,3,2026-08-31,0.0615,0.5056,5.0382,6.8407,5.9833,3.158074377467135,Nil,-,,,,4,,,Debt : Banking & PSU,69.5141
SBI Infrastructure Fund-Reg(G),Growth,SBI Infrastructure Fund-Reg(G),319,EQ,400027,11,840,2743,Open ended scheme,2.03,Bhavin Vithlani,0.27,72.0,0.5,49.2253,2026-09-25,0.0,2007-07-06,8.64,5000.0,4810.3553,SBI Mutual Fund,Nifty Infrastructure - TRI,3,2026-08-31,-3.2339,-4.1918,1.8826,12.3903,14.6985,-0.18270154961736015,"0.50% on or before 30D, Nil after 30D",Energy,,,,2,,,Equity : Sectoral - Infrastructure,49.2253
DSP Ultra Short to Short Term Fund-Reg(G),Growth,DSP Ultra Short to Short Term Fund-Reg(G),435,NEQ,400009,23,795,17625,Open ended scheme,0.64,Karan Mundhra,-0.04,0.0,0.0,21.2652,2026-09-25,0.0,2015-03-10,6.75,100.0,4750.252100000001,DSP Mutual Fund,NIFTY Low Duration Debt Index,3,2026-08-31,0.3838,1.286,5.643,6.7688,6.0849,4.073332713418066,Nil,-,,,,4,,,Debt : Low Duration,21.2652
Tata ELSS-Tax Saver Fund-Reg(G),Growth,Tata ELSS-Tax Saver Fund-Reg(G),312,EQ,400030,6,164,31025,Open ended scheme,1.94,Sailesh Jain,0.04,40.6,0.0,45.9078,2026-09-25,3.0,2014-10-13,13.59,500.0,4746.748017955901,Tata Mutual Fund,NIFTY 500 - TRI,3,2026-08-31,-4.629,-0.2401,3.8485,11.4392,10.3859,-0.6651491284252826,Nil,Financials,,,,2,,,Equity : Tax Saving (ELSS),45.9078
Mirae Asset Great Consumer Fund-Reg(G),Growth,Mirae Asset Great Consumer Fund-Reg(G),323,EQ,400033,14,801,14314,Open ended scheme,2.05,Siddhant Chhabria,0.13,48.0,1.0,90.939,2026-09-25,0.0,2011-03-29,15.3,5000.0,4742.1755,Mirae Asset Mutual Fund,Nifty India Consumption - TRI,3,2026-08-31,-5.1859,0.9805,-5.5415,9.2233,10.3652,-4.318045516240032,"1% on or before 30D, NIL after 30D",Retail and Other Services,,,,3,,,Equity : Thematic - Consumption,90.939
UTI Corporate Bond Fund-Reg(G),Growth,UTI Corporate Bond Fund-Reg(G),278,NEQ,400032,34,339,39515,Open ended scheme,0.62,Anurag Mittal,-0.08,0.0,0.0,17.4285,2026-09-25,0.0,2018-08-08,7.07,500.0,4718.357,UTI Mutual Fund,NIFTY Corporate Bond Index,3,2026-08-31,0.085,0.6939,4.7304,6.8813,5.9481,3.2543011517133436,Nil,-,,,,4,,,Debt : Corporate Bond,17.4285
UTI Retirement Fund,Growth,UTI Retirement Fund,304,NEQ,400032,53,292,3650,Open ended scheme,1.63,V. Srivatsa,0.02,36.0,1.0,49.98,2026-09-25,5.0,1994-12-27,9.99,500.0,4699.4436,UTI Mutual Fund,CRISIL Short Term Debt Hybrid 60+40 Index,3,2026-08-31,-2.0386,-0.8314,0.8566,8.0119,7.9751,-1.8795895112124472,"1% upto 1Y, Nil on or after 1Y",Financials,,,,2,,,Hybrid : Balanced Hybrid,49.98
HDFC Silver ETF FoF-Reg(G),Growth,HDFC Silver ETF FoF-Reg(G),199,NEQ,400013,48,37,46465,Open ended scheme,0.56,Arun Agarwal,1.38,,1.0,37.204,2026-09-25,0.0,2022-10-28,39.91,100.0,4698.5046999999995,HDFC Mutual Fund,Silver,3,2026-08-31,-4.4456,5.7824,63.096,43.9004,,0.7392163764858879,"1% on or before 15D, Nil after 15D",-,,,,Unrated,,,FoFs : Domestic,37.204
HDFC Banking & Financial Services Fund-Reg(G),Growth,HDFC Banking & Financial Services Fund-Reg(G),330,EQ,400013,8,22,37759,Open ended scheme,2.0,Anand Laddha,0.23,32.46,1.0,17.236,2026-09-25,0.0,2021-07-01,10.95,100.0,4687.811,HDFC Mutual Fund,Nifty Financial Services - TRI,3,2026-08-31,-4.5414,-4.705,3.0738,10.5409,9.8417,-4.683957307968798,"1% on or before 30D, Nil after 30D",Financials,,,,Unrated,,,Equity : Sectoral - Financial Services,17.236
Motilal Oswal Multi Cap Fund-Reg(G),Growth,Motilal Oswal Multi Cap Fund-Reg(G),534,EQ,400042,3,995,48489,Open ended scheme,2.39,Atul Mehra,-0.19,194.0,1.0,14.8176,2026-09-25,0.0,2024-06-18,18.9,500.0,4676.5518,Motilal Oswal Mutual Fund,Nifty500 Multicap 50:25:25 - TRI,3,2026-08-31,-1.1587,12.6959,9.1375,,,12.340502960598647,"1% on or before 365D, Nil after 365D",Financials,,,,Unrated,,,Equity : Multi Cap,14.8176
DSP Ultra Short Term Fund-Reg(G),Growth,DSP Ultra Short Term Fund-Reg(G),367,NEQ,400009,22,938,702,Open ended scheme,1.01,Shalini Vasanta,-0.02,0.0,0.0,3656.7806,2026-09-25,0.0,2006-07-31,6.64,100.0,4599.2275,DSP Mutual Fund,CRISIL Ultra Short Term Debt Index,3,2026-08-31,0.4697,1.4966,5.9152,6.6309,5.8938,4.394477557651863,Nil,-,,,,2,,,Debt : Ultra Short Duration,3656.7806
Motilal Oswal S&P 500 Index Fund-Reg(G),Growth,Motilal Oswal S&P 500 Index Fund-Reg(G),521,NEQ,400042,19,549,44958,Open ended scheme,1.06,Swapnil P Mayekar,0.36,6.0,1.0,33.015,2026-09-25,0.0,2020-04-28,20.47,500.0,4593.7636,Motilal Oswal Mutual Fund,S&P 500 - TRI,5,2026-08-31,1.2612,6.7252,26.3282,26.7913,17.5053,19.983222700415784,"1% on or before 7D, Nil after 7D",-,,,,Unrated,,,Equity : International,32.897
BHARAT Bond FOF - April 2031 -Reg(G),Growth,BHARAT Bond FOF - April 2031 -Reg(G),523,NEQ,400035,48,1036,45013,Open ended scheme,0.02,Hetul Raval,0.01,0.0,0.1,14.2492,2026-09-25,0.0,2020-07-23,5.9,100.0,4587.3802000000005,Edelweiss Mutual Fund,NIFTY BHARAT Bond Index - April 2031,3,2026-08-31,-0.2304,-0.1556,4.0634,7.1645,6.1242,2.3820131064612564,"0.10% on or before 30D, Nil after 30D",-,,,,Unrated,,,FoFs : Domestic,14.2483
Tata Overnight Fund-Reg(G),Growth,Tata Overnight Fund-Reg(G),500,NEQ,400030,20,1246,42706,Open ended scheme,0.21,Jennifer Karkaria,0.01,0.0,0.0,1445.5166,2026-09-27,0.0,2019-03-27,5.02,5000.0,4571.050774544699,Tata Mutual Fund,CRISIL Liquid Overnight Index,1,2026-08-31,0.4028,1.2452,5.1628,5.9558,5.6147,3.728668027113058,Nil,-,,,,4,,,Debt : Overnight,1445.3202
Nippon India Silver ETF FOF-Reg(G),Growth,Nippon India Silver ETF FOF-Reg(G),199,NEQ,400025,48,1074,46198,Open ended scheme,0.49,Jitendra Tolani,1.32,18.0,1.0,34.2637,2026-09-25,0.0,2022-02-02,30.35,100.0,4561.4693810750005,Nippon India Mutual Fund,Silver,3,2026-08-31,-4.4914,5.7933,63.1574,43.7473,,0.6636739154704561,"1% on or before 15D, Nil after 15D",-,,,,Unrated,,,FoFs : Domestic,34.2637
Axis Ultra Short to Short Term Fund-Reg(G),Growth,Axis Ultra Short to Short Term Fund-Reg(G),435,NEQ,400040,23,298,8032,Open ended scheme,0.73,Devang Shah,-0.03,0.0,0.0,3331.0283,2026-09-25,0.0,2009-10-09,7.35,100.0,4557.6389,Axis Mutual Fund,NIFTY Low Duration Debt Index,3,2026-08-31,0.4292,1.3938,5.9479,7.0496,6.3226,4.259719867060745,Nil,-,,,,3,,,Debt : Low Duration,3331.0283
Kotak Focused Fund-Reg(G),Growth,Kotak Focused Fund-Reg(G),312,EQ,400019,51,697,43968,Open ended scheme,2.03,Shibani Kurian,0.2,30.34,1.0,26.651,2026-09-25,0.0,2019-07-16,14.58,100.0,4548.8738,Kotak Mahindra Mutual Fund,NIFTY 500 - TRI,3,2026-08-31,-4.6783,-1.3437,4.0933,13.0271,10.126,-1.4167344825035109,"Nil upto 10% of investment and 1% for remaining investment on or before 1Y, Nil after 1Y",Financials,,,,Unrated,,,Equity : Focused,26.651
Kotak US Specific Equity Passive FOF-Reg(G),Growth,Kotak US Specific Equity Passive FOF-Reg(G),535,NEQ,400019,49,679,45260,Open ended scheme,0.72,Arjun Khanna,0.97,1.12,0.0,29.0947,2026-09-25,0.0,2021-02-02,20.82,100.0,4542.3019,Kotak Mahindra Mutual Fund,Nasdaq-100 - TRI,5,2026-08-31,4.7488,5.4878,34.6609,33.1833,20.7663,26.493272755207304,Nil,-,,,,Unrated,,,FoFs : Overseas,28.8158
HSBC Overnight Fund-Reg(G),Growth,HSBC Overnight Fund-Reg(G),293,NEQ,400014,20,761,42784,Open ended scheme,0.14,Abhishek Iyer,0.01,0.0,0.0,1432.4106,2026-09-27,0.0,2019-05-22,5.0,5000.0,4535.236,HSBC Mutual Fund,Nifty 1D Rate Index,1,2026-08-31,0.405,1.2514,5.1947,5.9665,5.6261,3.756176451454316,Nil,-,,,,3,,,Debt : Overnight,1432.2127
Invesco India Multicap Fund-Reg(G),Growth,Invesco India Multicap Fund-Reg(G),534,EQ,400021,3,478,4256,Open ended scheme,2.07,Taher Badshah,-0.21,58.0,1.0,129.95,2026-09-25,0.0,2008-03-17,14.84,1000.0,4529.0031,Invesco Mutual Fund,Nifty500 Multicap 50:25:25 - TRI,3,2026-08-31,-2.9427,1.215,0.3475,12.0999,10.0783,2.6380222731221776,"Nil upto 10% of units and 1% for above the limits on or before 1Y, Nil after 1Y",Financials,,,,4,,,Equity : Multi Cap,129.95
UTI Gold ETF,Growth,UTI Gold ETF,65,NEQ,400032,56,620,3564,Open ended scheme,0.59,Sharwan Kumar Goyal,0.84,0.0,0.0,126.7123,2026-09-25,0.0,2007-04-10,14.26,20000.0,4513.6768,UTI Mutual Fund,Gold-India,1,2026-08-31,-6.129,7.9891,33.2621,35.9647,25.8124,14.451251841474654,Nil,-,,,,Unrated,,,Metal : ETFs,126.7123
Mirae Asset Flexi Cap Fund-Reg(G),Growth,Mirae Asset Flexi Cap Fund-Reg(G),312,EQ,400033,50,1019,47596,Open ended scheme,2.09,Varun Goel,0.09,32.0,1.0,15.971,2026-09-25,0.0,2023-02-24,13.95,5000.0,4506.2585,Mirae Asset Mutual Fund,NIFTY 500 - TRI,3,2026-08-31,-2.9355,-0.0438,1.4869,10.7275,,-3.2001939511485467,"1% on or before 365D, Nil after 365D",Financials,,,,Unrated,,,Equity : Flexi Cap,15.971
SBI Technology Opp Fund-Reg(G),Growth,SBI Technology Opp Fund-Reg(G),408,EQ,400027,10,1020,19247,Open ended scheme,1.99,Vivek Gedda,0.19,32.0,0.5,193.6581,2026-09-25,0.0,2013-01-07,16.75,5000.0,4487.8156,SBI Mutual Fund,BSE TECk Index - TRI,3,2026-08-31,-6.2666,8.3724,-9.5255,6.5092,4.4529,-15.507370359182879,"0.50% on or before 15D, Nil after 15D",Technology,,,,Unrated,,,Equity : Sectoral - Technology,193.2861
Kotak Nifty Bank ETF,Growth,Kotak Nifty Bank ETF,311,EQ,400019,44,699,30020,Open ended scheme,0.17,Satish Dondapati,0.26,68.23,0.0,57.7653,2026-09-25,0.0,2014-12-04,9.96,5000.0,4465.7313,Kotak Mahindra Mutual Fund,NIFTY BANK - TRI,1,2026-08-31,-3.3744,-4.3207,1.5456,8.0986,8.606,-6.2539253378427615,Nil,Financials,,,,Unrated,,,Equity : ETFs,57.7653
UTI Childrens Hybrid Fund,Growth,UTI Childrens Hybrid Fund,304,NEQ,400032,53,404,3449,Open ended scheme,1.63,Sachin Trivedi,0.09,16.0,0.0,39.8873,2026-09-25,0.0,1993-07-12,8.6,1000.0,4390.7186,UTI Mutual Fund,CRISIL Short Term Debt Hybrid 60+40 Index,3,2026-08-31,-2.2423,-1.1205,-1.3199,6.0969,5.9076,-2.3332131197686015,Nil,Financials,,,,2,,,Hybrid : Balanced Hybrid,39.8873
WOC Multi Cap Fund-Reg(G),Growth,WOC Multi Cap Fund-Reg(G),534,EQ,400055,3,864,48199,Open ended scheme,2.25,Ramesh Mantri,0.05,171.0,0.0,15.851,2026-09-25,0.0,2023-09-22,16.53,500.0,4384.7656,WhiteOak Capital Mutual Fund,Nifty500 Multicap 50:25:25 - TRI,3,2026-08-31,-3.5651,1.5959,4.9596,16.5143,,2.701827134896991,NIL,Financials,,,,Unrated,,,Equity : Multi Cap,15.851
Old Bridge Focused Fund-Reg(G),Growth,Old Bridge Focused Fund-Reg(G),379,EQ,400063,51,997,48527,Open ended scheme,2.13,Tarang Agrawal,0.22,18.0,1.0,13.54,2026-09-25,0.0,2024-01-24,12.01,5000.0,4354.2088,Old Bridge Mutual Fund,BSE 500 - TRI,3,2026-08-31,-2.5899,3.1226,16.024,,,7.716785998408901,"1% on or before 365D, Nil after 365D",Automobile and Ancillaries,,,,Unrated,,,Equity : Focused,13.54
Edelweiss US Technology Equity FOF-Reg(G),Growth,Edelweiss US Technology Equity FOF-Reg(G),520,NEQ,400035,49,490,44630,Open ended scheme,1.54,Bhavesh Jain,1.12,,1.0,39.9436,2026-09-25,0.0,2020-03-05,23.5,100.0,4348.0915,Edelweiss Mutual Fund,Russell 1000 Equal Weighted Technology Index,5,2026-08-31,7.2286,3.8797,25.4175,32.6398,15.211,20.66969304462584,"1% on or before 90D, Nil after 90D",-,,,,Unrated,,,FoFs : Overseas,39.5005
UTI Transportation & Logistics Fund-Reg(G),Growth,UTI Transportation & Logistics Fund-Reg(G),632,EQ,400032,9,404,3435,Open ended scheme,1.92,Sachin Trivedi,0.62,13.0,1.0,291.9458,2026-09-25,0.0,2004-04-16,16.21,5000.0,4341.4245,UTI Mutual Fund,Nifty Transportation & Logistics - TRI,3,2026-08-31,-5.3669,2.9808,-0.8242,16.8844,18.607,-1.2365316761445257,"1% on or before 30D, Nil after 30D",Automobile and Ancillaries,,,,Unrated,,,Equity : Sectoral - Auto,291.9458
Mirae Asset NYSE FANG+ ETF,Growth,Mirae Asset NYSE FANG+ ETF,542,NEQ,400033,44,779,45379,Open ended scheme,0.66,Siddharth Srivastava,0.05,,,181.685,2026-09-25,0.0,2021-05-06,27.71,5000.0,4335.7855,Mirae Asset Mutual Fund,NYSE FANG+ TRI,5,2026-08-31,5.5538,19.0663,29.5605,43.8043,27.6736,29.92851812660397,null,-,,,,Unrated,,,Equity : ETFs,181.6007
ICICI Pru Nifty Private Bank ETF,Growth,ICICI Pru Nifty Private Bank ETF,348,EQ,400015,44,763,42119,Open ended scheme,0.18,Nishit Patel,0.44,49.0,,27.2011,2026-09-25,0.0,2019-08-09,7.85,5000.0,4286.578303308,ICICI Prudential Mutual Fund,Nifty Private Bank - TRI,3,2026-08-31,-2.0705,-4.8573,0.7971,5.5881,6.7951,-5.942987157587529,null,Financials,,,,Unrated,,,Equity : ETFs,27.2011
Kotak Pioneer Fund-Reg(G),Growth,Kotak Pioneer Fund-Reg(G),312,EQ,400019,13,670,43927,Open ended scheme,1.92,Harish Bihani,-1.55,11.43,0.5,35.638,2026-09-24,0.0,2019-10-31,20.21,100.0,4280.5813,Kotak Mahindra Mutual Fund,NIFTY 500 - TRI,3,2026-08-31,-0.0533,5.4753,9.4029,19.4111,14.1132,11.222770114225069,"0.50% on or before 90D, Nil after 90D",Retail and Other Services,,,,Unrated,,,Equity : Thematic,35.638
ICICI Pru Commodities Fund-Reg(G),Growth,ICICI Pru Commodities Fund-Reg(G),328,EQ,400015,13,696,41999,Open ended scheme,1.96,Lalit Kumar,0.23,16.0,1.0,46.99,2026-09-25,0.0,2019-10-15,24.93,5000.0,4276.7385585487,ICICI Prudential Mutual Fund,NIFTY COMMODITIES - TRI,3,2026-08-31,-3.1134,1.9085,7.9733,14.9936,14.2421,3.7627268702965977,"1% on or before 3M, Nil after 3M",Metals,,,,Unrated,,,Equity : Thematic,46.88
HSBC ELSS Tax saver Fund-Reg(G),Growth,HSBC ELSS Tax saver Fund-Reg(G),312,EQ,400014,6,837,927,Open ended scheme,1.98,Abhishek Gupta,0.42,15.0,0.0,140.3214,2026-09-25,3.0,2006-02-27,13.69,500.0,4228.7502,HSBC Mutual Fund,NIFTY 500 - TRI,3,2026-08-31,-2.6416,0.7199,3.9427,15.2916,11.665,2.9332605648215693,Nil,Financials,,,,2,,,Equity : Tax Saving (ELSS),140.3214
LIC MF Money Market Fund-Reg(G),Growth,LIC MF Money Market Fund-Reg(G),445,NEQ,400020,24,553,46587,Open ended scheme,0.39,Rahul Singh,-0.01,0.0,0.0,1284.9174,2026-09-25,0.0,2022-08-01,6.22,5000.0,4215.7753999999995,LIC Mutual Fund,Nifty Money Market Index,3,2026-08-31,0.5314,1.6842,6.3738,6.4183,,4.701761693901474,Nil,-,,,,Unrated,,,Debt : Money Market,1284.9174
BHARAT Bond ETF FOF - April 2032 -Reg(G),Growth,BHARAT Bond ETF FOF - April 2032 -Reg(G),577,NEQ,400035,48,1036,46128,Open ended scheme,0.03,Hetul Raval,0.03,0.0,0.1,13.3168,2026-09-25,0.0,2021-12-15,6.17,100.0,4209.589199999999,Edelweiss Mutual Fund,NIFTY BHARAT Bond Index - April 2032,3,2026-08-31,-0.8141,-0.5823,3.753,6.9894,,1.6765067556730087,"0.10% on or before 30D, Nil after 30D",-,,,,Unrated,,,FoFs : Domestic,13.3122
Bandhan Ultra Short Term Fund-Reg(G),Growth,Bandhan Ultra Short Term Fund-Reg(G),434,NEQ,400028,22,491,40482,Open ended scheme,0.49,Harshal Joshi,-0.01,0.0,0.0,16.4158,2026-09-25,0.0,2018-07-18,6.24,100.0,4179.894037555,Bandhan Mutual Fund,NIFTY Ultra Short Duration Debt Index,3,2026-08-31,0.5113,1.5917,6.2959,6.9426,6.2568,4.657226830216834,Nil,-,,,,4,,,Debt : Ultra Short Duration,16.4158
Sundaram Small Cap Fund(G),Growth,Sundaram Small Cap Fund(G),350,EQ,400029,5,628,3052,Open ended scheme,1.99,Rohit Seksaria,0.03,38.38,0.0,294.6941,2026-09-25,0.0,2005-02-15,16.94,100.0,4155.352174000001,Sundaram Mutual Fund,Nifty Smallcap 250 - TRI,3,2026-08-31,-1.7441,3.4119,13.2625,15.8997,15.0479,13.5128441179756,"Nil upto 25% of units and 1% for remaining units on or before 365D, Nil after 365D",Financials,,,,3,,,Equity : Small Cap,294.6941
Motilal Oswal Nifty Midcap 150 Index Fund-Reg(G),Growth,Motilal Oswal Nifty Midcap 150 Index Fund-Reg(G),349,EQ,400042,18,549,43810,Open ended scheme,1.12,Swapnil P Mayekar,-0.15,21.0,1.0,38.6841,2026-09-25,0.0,2019-09-06,21.13,500.0,4150.6189,Motilal Oswal Mutual Fund,Nifty Midcap 150 - TRI,3,2026-08-31,-4.6884,-1.4129,4.5626,13.8192,14.3485,0.5353694699062663,"1% on or before 15D, Nil after 15D",Financials,,,,Unrated,,,Equity : Index Funds,38.6841
Navi Nifty 50 Index Fund-Reg(G),Growth,Navi Nifty 50 Index Fund-Reg(G),154,EQ,400041,18,959,45614,Open ended scheme,0.34,Ashutosh Shirwaikar,0.34,29.0,0.0,15.1258,2026-09-25,0.0,2021-07-15,8.28,100.0,4129.707122,Navi Mutual Fund,NIFTY 50 - TRI,3,2026-08-31,-4.9039,-3.5609,-6.336,6.3864,6.1443,-10.827477243786252,Nil,Financials,,,,Unrated,,,Equity : Index Funds,15.1258
ICICI Pru Transportation and Logistics Fund-Reg(G),Growth,ICICI Pru Transportation and Logistics Fund-Reg(G),632,EQ,400015,9,280,46979,Open ended scheme,2.08,Rajat Chandak,0.73,57.0,1.0,22.01,2026-09-25,0.0,2022-10-28,22.34,5000.0,4119.3136726032,ICICI Prudential Mutual Fund,Nifty Transportation & Logistics - TRI,3,2026-08-31,-4.9655,6.1746,6.741,20.9597,,4.75963826749167,"1% on or before 1M, Nil after 1M",Automobile and Ancillaries,,,,Unrated,,,Equity : Sectoral - Auto,22.01
Aditya Birla SL Digital India Fund-Reg(G),Growth,Aditya Birla SL Digital India Fund-Reg(G),408,EQ,400004,10,506,482,Open ended scheme,2.02,Kunal Sangoi,0.16,48.0,1.0,152.21,2026-09-25,0.0,2000-01-15,10.73,1000.0,4108.5823,Aditya Birla Sun Life Mutual Fund,BSE TECk Index - TRI,3,2026-08-31,-5.3185,8.027,-8.7196,2.7701,1.6353,-13.941899314796991,"1% on or before 30D, Nil after 30D",Technology,,,,Unrated,,,Equity : Sectoral - Technology,151.97
Invesco India Corporate Bond Fund-Reg(G),Growth,Invesco India Corporate Bond Fund-Reg(G),278,NEQ,400021,34,606,2158,Open ended scheme,0.69,Vikas Garg,-0.06,0.0,0.0,3357.7474,2026-09-25,0.0,2007-08-02,6.53,1000.0,4099.1102,Invesco Mutual Fund,NIFTY Corporate Bond Index,3,2026-08-31,-0.2508,0.3495,4.2169,6.6899,5.6751,2.7673239475243734,Nil,-,,,,3,,,Debt : Corporate Bond,3357.7474
Nippon India Aggressive Hybrid Fund(G),Growth,Nippon India Aggressive Hybrid Fund(G),301,EQ,400025,54,453,2660,Open ended scheme,1.96,Meenakshi Dawar,0.21,30.0,1.0,104.6279,2026-09-25,0.0,2005-06-08,11.65,500.0,4072.35799998,Nippon India Mutual Fund,CRISIL Hybrid 35+65 - Aggressive Index,3,2026-08-31,-3.7508,-1.5127,-0.7714,9.5514,9.6365,-2.5793752403441053,"Nil for 10% of investments and 1% for remaining on or before 12M, Nil after 12M",Financials,,,,3,,,Hybrid : Aggressive Hybrid,104.6279
ICICI Pru US Bluechip Equity Fund(G),Growth,ICICI Pru US Bluechip Equity Fund(G),107,NEQ,400015,19,616,15655,Open ended scheme,1.96,Ritesh Lunawat,0.42,73.0,1.0,78.61,2026-09-25,0.0,2012-07-06,15.59,5000.0,4070.530185679,ICICI Prudential Mutual Fund,S&P 500 ,5,2026-08-31,-5.2892,8.2037,18.7462,15.8711,11.7347,8.361018826135115,"1% on or before 1M, Nil after 1M",-,,,,Unrated,,,Equity : International,78.28
Tata Aggressive Hybrid Fund-Reg(G),Growth,Tata Aggressive Hybrid Fund-Reg(G),301,EQ,400030,54,673,3082,Open ended scheme,2.2,Satish Chandra Mishra,0.18,93.28,0.5,426.3437,2026-09-25,0.0,1995-10-08,14.01,5000.0,4069.0088428209,Tata Mutual Fund,CRISIL Hybrid 35+65 - Aggressive Index,3,2026-08-31,-4.4635,-2.6774,-1.9958,6.8879,6.8465,-5.921007880749005,"0.50% on or before 30D, Nil after 30D",Financials,,,,3,,,Hybrid : Aggressive Hybrid,426.3437
Nippon India ETF Nifty Midcap 150,Growth,Nippon India ETF Nifty Midcap 150,349,EQ,400025,44,987,40028,Open ended scheme,0.24,Himanshu Mange,-0.15,38.0,,232.1312,2026-09-25,0.0,2019-01-31,19.29,5000.0,4062.7422969940003,Nippon India Mutual Fund,Nifty Midcap 150 - TRI,3,2026-08-31,-4.6149,-1.1902,5.4209,14.6318,15.2179,1.1173247629659757,null,Financials,,,,Unrated,,,Equity : ETFs,232.1312
Axis Greater China Equity FoF-Reg(G),Growth,Axis Greater China Equity FoF-Reg(G),146,NEQ,400040,49,1014,44318,Open ended scheme,1.59,Krishnaa N,0.17,,0.0,12.09,2026-09-25,0.0,2021-02-10,3.43,100.0,4061.5671999999995,Axis Mutual Fund,MSCI Golden Dragon Index (Total Return Net),5,2026-08-31,0.75,6.4261,22.2447,22.5198,7.623,20.941883767535067,"Nil for 10% of investments and 1% for remaining investments on or before 12M, Nil after 12M",-,,,,Unrated,,,FoFs : Overseas,12.07
Nippon India ETF Nifty PSU Bank BeES,Growth,Nippon India ETF Nifty PSU Bank BeES,321,EQ,400025,44,1074,3722,Open ended scheme,0.51,Jitendra Tolani,0.28,32.0,0.0,92.646,2026-09-25,0.0,2007-10-25,6.96,10000.0,4040.677098987,Nippon India Mutual Fund,NIFTY PSU BANK - TRI,3,2026-08-31,-3.631,-4.0426,12.4279,16.8591,29.1712,-2.4626754471289027,Nil,Financials,,,,Unrated,,,Equity : ETFs,92.646
Magnum Hybrid Long Short Fund-Reg(G),Growth,Magnum Hybrid Long Short Fund-Reg(G),450,EQ,400071,58,693,75013,Open ended scheme,1.65,Gaurav Mehta,0.09,0.0,0.5,10.4033,2026-09-25,0.0,2025-10-23,4.03,1000000.0,4001.1655,SBI Magnum SIF,NIFTY 50 Hybrid Composite Debt 50:50 Index,3,2026-08-31,-1.6999,0.0029,,,,1.9241885391254994,"0.50% on or before 15D, 0.25% after 15D but on on or before 30D, Nil after 30D",Financials,,,,Unrated,,,Hybrid : Long - Short,10.4033
Edelweiss Aggressive Hybrid Fund-Reg(G),Growth,Edelweiss Aggressive Hybrid Fund-Reg(G),301,EQ,400035,54,490,7922,Open ended scheme,2.11,Bhavesh Jain,0.05,117.0,0.0,64.08,2026-09-25,0.0,2009-08-11,11.45,100.0,3997.705,Edelweiss Mutual Fund,CRISIL Hybrid 35+65 - Aggressive Index,3,2026-08-31,-3.0266,-0.1247,0.4861,11.2946,10.9864,-1.4608642165154588,"Nil upto 10% of units and 1% for remaining units on or before 90D, Nil after 90D",Financials,,,,Unrated,,,Hybrid : Aggressive Hybrid,64.08
Kotak Silver ETF,Growth,Kotak Silver ETF,199,NEQ,400019,56,851,46627,Open ended scheme,0.35,Jeetu Valechha Sonar,1.52,61.91,,22.2845,2026-09-25,0.0,2022-12-12,37.74,5000.0,3954.7556,Kotak Mahindra Mutual Fund,Silver,1,2026-08-31,-4.1519,5.8264,66.8164,45.3783,,0.7013326223604031,null,-,,,,Unrated,,,Metal : ETFs,22.2845
Franklin India Money Market Fund(G),Growth,Franklin India Money Market Fund(G),445,NEQ,400012,24,492,3361,Open ended scheme,0.28,Rohan Maru,0.0,0.0,0.0,54.2542,2026-09-25,0.0,2002-02-11,7.11,10000.0,3937.3197962639997,Franklin Templeton Mutual Fund,Nifty Money Market Index,3,2026-08-31,0.5517,1.7166,6.3979,7.2277,6.4727,4.724292417776075,Nil,-,,,,4,,,Debt : Money Market,54.2542
SBI Silver ETF FOF-Reg(G),Growth,SBI Silver ETF FOF-Reg(G),199,NEQ,400027,48,1000,48895,Open ended scheme,0.65,Viral Chhadva,1.35,,1.0,24.2319,2026-09-25,0.0,2024-07-11,49.3,5000.0,3923.7690999999995,SBI Mutual Fund,Silver,3,2026-08-31,-4.4401,5.6952,65.3795,,,1.477867582394565,"1% on or before 15D, Nil after 15D",-,,,,Unrated,,,FoFs : Domestic,24.2319
Nippon India Index Fund-Nifty 50 Plan(G),Growth,Nippon India Index Fund-Nifty 50 Plan(G),154,EQ,400025,18,987,12860,Open ended scheme,0.48,Himanshu Mange,0.33,9.0,0.0,39.5406,2026-09-25,0.0,2010-09-28,8.97,100.0,3883.746867735,Nippon India Mutual Fund,NIFTY 50 - TRI,3,2026-08-31,-4.9167,-3.5844,-6.434,6.2289,5.8553,-10.886188921117222,Nil,Financials,,,,2,,,Equity : Index Funds,39.5406
Nippon India Dynamic Term Fund(G),Growth,Nippon India Dynamic Term Fund(G),433,NEQ,400025,31,550,2656,Open ended scheme,0.74,Pranay Sinha,-0.15,0.0,0.0,39.1948,2026-09-25,0.0,2004-11-15,6.44,5000.0,3875.479617306,Nippon India Mutual Fund,NIFTY Composite Debt Index,3,2026-08-31,-0.5821,0.184,4.3442,6.6912,5.6313,2.891314505924906,Nil,-,,,,4,,,Debt : Dynamic Bond,39.1948
HSBC Short Term Fund-Reg(G),Growth,HSBC Short Term Fund-Reg(G),443,NEQ,400014,25,303,15772,Open ended scheme,0.7,Shriram Ramanathan,-0.07,0.0,0.0,28.1375,2026-09-25,0.0,2011-12-27,7.26,5000.0,3869.8633,HSBC Mutual Fund,Nifty Short Duration Debt Index,3,2026-08-31,0.0501,0.735,4.7472,6.7784,5.6469,3.328547139116664,NIL,-,,,,3,,,Debt : Short Duration,28.1375
SBI Banking and PSU Debt Fund-Reg(G),Growth,SBI Banking and PSU Debt Fund-Reg(G),449,NEQ,400027,33,803,8004,Open ended scheme,0.8,Ardhendu Bhattacharya,-0.03,0.0,0.0,3307.3153,2026-09-25,0.0,2009-10-09,7.3,5000.0,3869.8392,SBI Mutual Fund,NIFTY Banking and PSU Debt Index,3,2026-08-31,0.1229,0.912,4.6769,6.6557,5.6278,3.2958317031252986,Nil,-,,,,3,,,Debt : Banking & PSU,3307.3153
Tata Ethical Fund-Reg(G),Growth,Tata Ethical Fund-Reg(G),336,EQ,400030,13,439,3283,Open ended scheme,1.97,Abhinav Sharma,-0.07,24.45,0.5,349.7941,2026-09-25,0.0,1996-05-24,14.47,5000.0,3860.8094000871,Tata Mutual Fund,Nifty500 Shariah - TRI,3,2026-08-31,-4.8412,-1.2215,-7.9002,3.1073,4.1898,-10.085800470415288,"0.50% on or before 90D, Nil after 90D",Technology,,,,4,,,Equity : Thematic,349.7941
Mirae Asset Arbitrage Fund-Reg(G),Growth,Mirae Asset Arbitrage Fund-Reg(G),277,EQ,400033,38,740,44983,Open ended scheme,3.47,Jignesh Rao,0.05,1793.0,0.25,13.954,2026-09-25,0.0,2020-06-19,5.46,5000.0,3838.2289,Mirae Asset Mutual Fund,Nifty 50 Arbitrage,3,2026-08-31,0.4752,1.432,5.9771,6.5794,5.943,4.258816497310223,"0.25% on or before 15D, Nil after 15D",Financials,,,,Unrated,,,Hybrid : Arbitrage,13.954
Axis Balanced Advantage Fund-Reg(G),Growth,Axis Balanced Advantage Fund-Reg(G),450,EQ,400040,41,966,37918,Open ended scheme,2.12,Jayesh Sundar,0.14,0.0,1.0,21.13,2026-09-25,0.0,2017-08-01,8.51,100.0,3835.9896999999996,Axis Mutual Fund,NIFTY 50 Hybrid Composite Debt 50:50 Index,3,2026-08-31,-2.7612,-1.1231,1.0521,10.1183,7.8426,-2.4919243193354994,"Nil for 10% of investments and 1% for remaining investments on or before 12M, Nil after 12M",Financials,,,,2,,,Hybrid : Dynamic Asset Allocation,21.13
DSP Healthcare Fund-Reg(G),Growth,DSP Healthcare Fund-Reg(G),391,EQ,400009,7,733,36002,Open ended scheme,2.04,Chirag Dagli,-0.17,25.0,0.5,45.74,2026-09-25,0.0,2018-11-30,21.45,100.0,3835.2754,DSP Mutual Fund,BSE Health Care - TRI,3,2026-08-31,0.0109,7.3079,17.3693,21.3227,14.3211,16.8651957658462,"0.50% on or before 1M, Nil after 1M",Healthcare,,,,5,,,Equity : Sectoral - Pharma,45.817
DSP Dynamic Asset Allocation Fund-Reg(G),Growth,DSP Dynamic Asset Allocation Fund-Reg(G),415,EQ,400009,41,333,25872,Open ended scheme,2.31,Rohit Singhania,0.25,391.0,1.0,28.281,2026-09-25,0.0,2014-02-06,8.57,100.0,3821.1134,DSP Mutual Fund,CRISIL Hybrid 50+50 - Moderate Index,3,2026-08-31,-2.486,-1.405,2.1196,9.0066,7.1582,-0.8136639427629603,"1% on or before 1M, Nil after 1M",Financials,,,,3,,,Hybrid : Dynamic Asset Allocation,28.281
Nippon India ETF Nifty IT,Growth,Nippon India ETF Nifty IT,310,EQ,400025,44,1074,44506,Open ended scheme,0.29,Jitendra Tolani,-0.17,55.0,,31.3037,2026-09-25,0.0,2020-06-26,12.47,5000.0,3799.768057957,Nippon India Mutual Fund,NIFTY IT - TRI,3,2026-08-31,-8.4941,3.2481,-16.915,-3.0005,-3.6748,-24.758136818246285,null,Technology,,,,Unrated,,,Equity : ETFs,31.3037
HSBC Banking and PSU Debt Fund-Reg(G),Growth,HSBC Banking and PSU Debt Fund-Reg(G),449,NEQ,400014,33,277,916,Open ended scheme,0.61,Mahesh Chhabria,-0.08,0.0,0.0,25.7094,2026-09-25,0.0,2007-09-20,5.09,5000.0,3777.2304,HSBC Mutual Fund,NIFTY Banking and PSU Debt Index,3,2026-08-31,-0.0334,0.5271,4.4945,6.5002,5.2417,3.037079786466598,Nil,-,,,,3,,,Debt : Banking & PSU,25.7094
UTI Dividend Yield Fund-Reg(G),Growth,UTI Dividend Yield Fund-Reg(G),312,EQ,400032,15,519,3454,Open ended scheme,1.98,Amit Premchandani,0.16,23.0,1.0,171.5234,2026-09-25,0.0,2005-05-03,14.2,5000.0,3772.4429999999998,UTI Mutual Fund,NIFTY 500 - TRI,3,2026-08-31,-3.5612,-2.4061,-2.623,11.6693,9.3012,-6.034758561448711,"1% before 1Y, Nil on or after 1Y",Financials,,,,Unrated,,,Equity : Thematic - Dividend Yield,171.5234
SBI Nifty Bank ETF,Growth,SBI Nifty Bank ETF,311,EQ,400027,44,1000,30043,Open ended scheme,0.22,Viral Chhadva,0.26,29.0,,571.6611,2026-09-25,0.0,2015-03-20,10.36,5000.0,3745.4234,SBI Mutual Fund,NIFTY BANK - TRI,3,2026-08-31,-3.3784,-4.3328,1.4982,8.0822,8.6251,-6.285338308044121,null,Financials,,,,Unrated,,,Equity : ETFs,571.6611
Bandhan Multi Asset Allocation Fund-Reg(G),Growth,Bandhan Multi Asset Allocation Fund-Reg(G),312,EQ,400028,42,806,48252,Open ended scheme,2.15,Viraj Kulkarni,0.29,248.0,0.0,14.0885,2026-09-25,0.0,2024-01-31,13.8,1000.0,3744.87177700684,Bandhan Mutual Fund,NIFTY 500 - TRI,3,2026-08-31,-2.8754,0.452,10.6395,,,3.3282727159380063,"Nil for 10% of investment, For remaining investment: 0.50% on or before 1Y and Nil after 1Y",Financials,,,,Unrated,,,Hybrid : Multi Asset Allocation,14.0885
Edelweiss Flexi Cap Fund-Reg(G),Growth,Edelweiss Flexi Cap Fund-Reg(G),312,EQ,400035,50,820,31778,Open ended scheme,2.15,Trideep Bhattacharya,0.2,55.0,1.0,37.855,2026-09-25,0.0,2015-02-03,12.11,100.0,3721.7398,Edelweiss Mutual Fund,NIFTY 500 - TRI,3,2026-08-31,-4.8295,-1.283,-0.413,12.5468,10.3864,-5.070592070617161,"1% on or before 90D, Nil after 90D",Financials,,,,3,,,Equity : Flexi Cap,37.855
Mirae Asset Multi Asset Allocation Fund-Reg(G),Growth,Mirae Asset Multi Asset Allocation Fund-Reg(G),312,EQ,400033,42,610,48465,Open ended scheme,2.13,Harshad Borawake,0.17,239.0,1.0,13.434,2026-09-25,0.0,2024-01-31,11.77,5000.0,3690.6389,Mirae Asset Mutual Fund,NIFTY 500 - TRI,3,2026-08-31,-2.6522,1.152,8.4087,,,1.4499320344358735,"1% on or before 6M (180D), Nil after 6M (180D)",Financials,,,,Unrated,,,Hybrid : Multi Asset Allocation,13.434
Aditya Birla SL Banking & Financial Services Fund-Reg(G),Growth,Aditya Birla SL Banking & Financial Services Fund-Reg(G),330,EQ,400004,8,555,24150,Open ended scheme,2.01,Dhaval Gala,0.47,37.0,1.0,60.43,2026-09-25,0.0,2013-12-14,15.1,1000.0,3667.9597,Aditya Birla Sun Life Mutual Fund,Nifty Financial Services - TRI,3,2026-08-31,-5.3563,-4.9693,0.2322,8.2874,8.5978,-6.208288064566206,"1% on or before 30D, Nil after 30D",Financials,,,,4,,,Equity : Sectoral - Financial Services,60.43
Tata Flexi Cap Fund-Reg(G),Growth,Tata Flexi Cap Fund-Reg(G),312,EQ,400030,50,861,39283,Open ended scheme,2.08,Anand Sharma,0.13,70.69,0.5,22.8752,2026-09-25,0.0,2018-09-06,10.82,5000.0,3663.048109598,Tata Mutual Fund,NIFTY 500 - TRI,3,2026-08-31,-4.1302,-2.7787,-6.2688,8.4196,6.9036,-8.433271955808182,"0.50% on or before 30D, Nil after 30D",Financials,,,,2,,,Equity : Flexi Cap,22.8752
Quant Large Cap Fund-Reg(G),Growth,Quant Large Cap Fund-Reg(G),314,EQ,400010,1,791,46678,Open ended scheme,2.89,Sandeep Tandon,0.42,748.0,1.0,15.5358,2026-09-25,0.0,2022-08-10,11.26,5000.0,3651.0778999999998,Quant Mutual Fund,NIFTY 100 - TRI,3,2026-08-31,-3.6581,-1.0351,3.6881,11.9877,,2.1742561755189045,"1% on or before 15D, Nil after 15D",Financials,,,,Unrated,,,Equity : Large Cap,15.5358
HSBC Ultra Short Term Fund-Reg(G),Growth,HSBC Ultra Short Term Fund-Reg(G),434,NEQ,400014,22,277,44328,Open ended scheme,0.38,Mahesh Chhabria,-0.02,0.0,0.0,1461.7066,2026-09-25,0.0,2020-01-29,5.87,5000.0,3628.2336999999998,HSBC Mutual Fund,NIFTY Ultra Short Duration Debt Index,3,2026-08-31,0.5193,1.6045,6.4263,6.9887,6.3086,4.773475779315954,Nil,-,,,,2,,,Debt : Ultra Short Duration,1461.7066
Baroda BNP Paribas Money Market Fund-Reg(G),Growth,Baroda BNP Paribas Money Market Fund-Reg(G),420,NEQ,400001,24,527,25167,Open ended scheme,0.4,Vikram Pamnani,-0.01,0.0,0.0,1489.6645,2026-09-25,0.0,2019-06-19,5.63,5000.0,3626.0926,Baroda BNP Paribas Mutual Fund,CRISIL Money Market Index,3,2026-08-31,0.5378,1.6814,6.2993,7.0274,6.2457,4.640980581776132,Nil,-,,,,Unrated,,,Debt : Money Market,1489.6645
Franklin India Large & Mid Cap Fund(G),Growth,Franklin India Large & Mid Cap Fund(G),297,EQ,400012,2,319,933,Open ended scheme,2.23,Venkatesh Sanjeevi,0.24,102.18,1.0,185.3495,2026-09-25,0.0,2005-03-02,14.49,5000.0,3622.117190583,Franklin Templeton Mutual Fund,NIFTY LargeMidcap 250,3,2026-08-31,-6.0787,-0.9359,-2.6303,10.4317,8.5671,-5.440875772392227,1% on or before 1Y,Financials,,,,3,,,Equity : Large & Mid Cap,185.3495
ITI Small Cap Fund-Reg(G),Growth,ITI Small Cap Fund-Reg(G),350,EQ,400056,5,67,44399,Open ended scheme,2.22,Dhimant Shah,0.03,129.0,0.5,34.0831,2026-09-25,0.0,2020-02-17,20.39,5000.0,3602.8475,ITI Mutual Fund,Nifty Smallcap 250 - TRI,3,2026-08-31,-0.4838,7.2565,20.0456,23.3722,17.1572,21.499281693705647,"0.50% on or before 3M, NIL after 3M",Financials,,,,Unrated,,,Equity : Small Cap,34.0831
HDFC Medium Term Fund(G),Growth,HDFC Medium Term Fund(G),430,NEQ,400013,26,27,1278,Open ended scheme,1.3,Anil Bamboli,-0.06,0.0,0.0,60.2876,2026-09-25,0.0,2002-02-06,7.56,100.0,3599.4039000000002,HDFC Mutual Fund,NIFTY Medium Duration Debt Index,3,2026-08-31,-0.0559,0.9413,5.6865,7.0668,5.9964,3.9669030977472652,Nil,-,,,,4,,,Debt : Medium Duration,60.2876
Mirae Asset Money Market Fund-Reg(G),Growth,Mirae Asset Money Market Fund-Reg(G),445,NEQ,400033,24,833,45753,Open ended scheme,0.42,Pranavi Kulkarni,-0.01,0.0,0.0,1358.4783,2026-09-25,0.0,2021-08-11,6.16,5000.0,3586.5006,Mirae Asset Mutual Fund,Nifty Money Market Index,3,2026-08-31,0.5109,1.6224,6.1117,7.0362,6.2323,4.499206954889082,NIL,-,,,,Unrated,,,Debt : Money Market,1358.4783
ICICI Pru NASDAQ 100 Index Fund(G),Growth,ICICI Pru NASDAQ 100 Index Fund(G),104,NEQ,400015,19,862,45683,Open ended scheme,1.06,Sharmila Dsilva,0.4,16.0,0.0,24.9308,2026-09-25,0.0,2021-10-18,20.31,1000.0,3581.425154921,ICICI Prudential Mutual Fund,Nasdaq-100,5,2026-08-31,4.9091,5.2781,34.8289,33.0892,,28.20116992880265,Nil,-,,,,Unrated,,,Equity : International,24.8309
Tata Multicap Fund-Reg(G),Growth,Tata Multicap Fund-Reg(G),534,EQ,400030,3,672,47480,Open ended scheme,2.15,Meeta Shetty,0.28,67.79,0.5,14.9868,2026-09-25,0.0,2023-02-02,11.73,5000.0,3575.9826465341002,Tata Mutual Fund,Nifty500 Multicap 50:25:25 - TRI,3,2026-08-31,-4.0347,-2.1136,5.2998,8.6132,,1.1582698849829887,"0.50% on or before 30D, Nil after 30D",Financials,,,,Unrated,,,Equity : Multi Cap,14.9868
Mirae Asset Healthcare Fund-Reg(G),Growth,Mirae Asset Healthcare Fund-Reg(G),391,EQ,400033,7,635,39122,Open ended scheme,2.04,Vrijesh Kasera,-0.56,30.0,1.0,46.278,2026-09-25,0.0,2018-07-02,20.44,5000.0,3555.1767999999997,Mirae Asset Mutual Fund,BSE Health Care - TRI,3,2026-08-31,1.2138,7.7511,20.384,22.0507,14.3282,21.1561117365238,"1% on or before 30D, NIL after 30D",Healthcare,,,,4,,,Equity : Sectoral - Pharma,46.278
SBI Dynamic Term Fund-Reg(G),Growth,SBI Dynamic Term Fund-Reg(G),419,NEQ,400027,31,366,2805,Open ended scheme,1.37,Sudhir Agarwal,0.05,0.0,0.25,37.6029,2026-09-25,0.0,2004-01-13,6.0,5000.0,3552.6344,SBI Mutual Fund,CRISIL Dynamic Bond Index,3,2026-08-31,0.2346,1.0119,4.6027,6.5298,5.9116,3.9538104703270682,"Nil for 10% of investment and 0.25% for remaining Investment on or before 1M, Nil after 1M",-,,,,3,,,Debt : Dynamic Bond,37.6029
Edelweiss Multi Cap Fund-Reg(G),Growth,Edelweiss Multi Cap Fund-Reg(G),534,EQ,400035,3,820,48147,Open ended scheme,2.03,Trideep Bhattacharya,0.02,45.0,1.0,15.4783,2026-09-25,0.0,2023-10-25,16.13,100.0,3550.3326,Edelweiss Mutual Fund,Nifty500 Multicap 50:25:25 - TRI,3,2026-08-31,-4.2966,0.0795,4.3019,,,0.7242792997982687,"1% on or before 90D, Nil after 90D",Financials,,,,Unrated,,,Equity : Multi Cap,15.4783
Mirae Asset Gold ETF,Growth,Mirae Asset Gold ETF,65,NEQ,400033,56,898,47117,Open ended scheme,0.35,Ritesh Patel,0.83,,,146.3898,2026-09-25,0.0,2023-02-20,30.28,5000.0,3529.665,Mirae Asset Mutual Fund,Gold-India,3,2026-08-31,-6.0545,7.9523,32.5787,35.497,,13.494717941322868,null,-,,,,Unrated,,,Metal : ETFs,146.3898
Kotak Nifty 50 ETF,Growth,Kotak Nifty 50 ETF,154,EQ,400019,44,699,8469,Open ended scheme,0.03,Satish Dondapati,0.34,20.71,0.0,257.1061,2026-09-25,0.0,2010-02-02,11.03,10000.0,3525.295,Kotak Mahindra Mutual Fund,NIFTY 50 - TRI,1,2026-08-31,-4.8776,-3.4679,-6.0141,6.7573,6.4774,-10.601417836914408,Nil,Financials,,,,Unrated,,,Equity : ETFs,257.1061
Nippon India Nifty Smallcap 250 Index Fund-Reg(G),Growth,Nippon India Nifty Smallcap 250 Index Fund-Reg(G),350,EQ,400025,18,987,44504,Open ended scheme,1.02,Himanshu Mange,0.02,27.0,0.0,34.6354,2026-09-25,0.0,2020-10-16,23.24,100.0,3518.325792847,Nippon India Mutual Fund,Nifty Smallcap 250 - TRI,3,2026-08-31,-1.0544,2.6137,6.0188,13.7421,13.4544,8.568795491163495,Nil,Financials,,,,Unrated,,,Equity : Index Funds,34.6354
Kotak Business Cycle Fund-Reg(G),Growth,Kotak Business Cycle Fund-Reg(G),312,EQ,400019,13,670,46472,Open ended scheme,2.07,Harish Bihani,-0.43,26.05,0.5,17.255,2026-09-25,0.0,2022-09-28,14.63,100.0,3508.7556,Kotak Mahindra Mutual Fund,NIFTY 500 - TRI,3,2026-08-31,-1.6473,2.9043,4.69,14.4584,,4.05234276065851,"0.50% on or before 90D, Nil after 90D",Financials,,,,Unrated,,,Equity : Thematic,17.255
Baroda BNP Paribas Multi Cap Fund-Reg(G),Growth,Baroda BNP Paribas Multi Cap Fund-Reg(G),534,EQ,400001,3,1254,500,Open ended scheme,2.28,Paresh Jain,0.2,82.0,1.0,288.9467,2026-09-25,0.0,2003-09-12,15.71,5000.0,3492.8923999999997,Baroda BNP Paribas Mutual Fund,Nifty500 Multicap 50:25:25 - TRI,3,2026-08-31,-4.233,-0.2448,1.5941,13.4807,11.1622,0.2279305254161142,"1% on or before 365D, Nil after 365D",Financials,,,,4,,,Equity : Multi Cap,288.9467
Quant Large & Mid Cap Fund(G),Growth,Quant Large & Mid Cap Fund(G),366,EQ,400010,2,791,874,Open ended scheme,2.45,Sandeep Tandon,0.47,402.0,1.0,122.6583,2026-09-25,0.0,2006-12-11,13.5,5000.0,3487.4676,Quant Mutual Fund,NIFTY LargeMidcap 250 - TRI,5,2026-08-31,-2.722,-1.1131,9.2319,13.608,13.7085,7.18871715191803,"1% on or before 15D, Nil after 15D",Energy,,,,Unrated,,,Equity : Large & Mid Cap,122.6583
Motilal Oswal Arbitrage Fund-Reg(G),Growth,Motilal Oswal Arbitrage Fund-Reg(G),717,EQ,400042,38,723,49485,Open ended scheme,2.06,Vishal Ashar,0.1,1055.0,0.25,11.1186,2026-09-25,0.0,2024-12-23,6.22,500.0,3486.3582,Motilal Oswal Mutual Fund,Nifty 50 Arbitrage - TRI,3,2026-08-31,0.4027,1.3657,6.051,,,4.263918453848974,"0.25% on or before 15D, Nil after 15D",Financials,,,,Unrated,,,Hybrid : Arbitrage,11.1186
UTI ELSS Tax Saver Fund-Reg(G),Growth,UTI ELSS Tax Saver Fund-Reg(G),312,EQ,400032,6,519,3462,Open ended scheme,1.93,Amit Premchandani,0.18,24.0,0.0,194.5694,2026-09-25,3.0,2005-08-01,11.01,500.0,3482.3688,UTI Mutual Fund,NIFTY 500 - TRI,3,2026-08-31,-5.0356,-3.0905,-5.1392,6.9828,5.8094,-7.609545729308471,Nil,Financials,,,,4,,,Equity : Tax Saving (ELSS),194.5694
Parag Parikh Conservative Hybrid Fund-Reg(G),Growth,Parag Parikh Conservative Hybrid Fund-Reg(G),302,NEQ,400049,52,474,45338,Open ended scheme,0.66,Rajeev Thakkar,-0.05,0.0,0.0,15.8223,2026-09-25,0.0,2021-05-26,8.98,5000.0,3481.4228999999996,PPFAS Mutual Fund,CRISIL Hybrid 85+15 - Conservative Index,3,2026-08-31,-0.4467,0.3603,4.2594,8.8608,8.9341,2.825001949621769,"Nil upto 10% of units, For remaining units 1% on or before 365D and Nil after 365D",Energy,,,,Unrated,,,Hybrid : Conservative Hybrid,15.8223
JioBlackRock Money Market Fund-Reg(G),Growth,JioBlackRock Money Market Fund-Reg(G),445,NEQ,400066,24,291,51171,Open ended scheme,0.35,Vikrant Mehta,0.0,0.0,,1006.4462,2026-09-25,0.0,2026-08-17,0.64,500.0,3463.409376717,Jio BlackRock Mutual Fund,Nifty Money Market Index,3,2026-08-31,0.5215,,,,,,null,-,,,,Unrated,,,Debt : Money Market,1006.4462
TRUSTMF Small Cap Fund-Reg(G),Growth,TRUSTMF Small Cap Fund-Reg(G),350,EQ,400057,5,105,48991,Open ended scheme,2.92,Mihir Vora,0.22,202.0,1.0,13.54,2026-09-25,0.0,2024-11-04,17.39,1000.0,3438.9022999999997,Trust Mutual Fund,Nifty Smallcap 250 - TRI,3,2026-08-31,0.2963,7.9745,28.9524,,,26.660430308699716,"1% on or before 180D, Nil after 180D",Financials,,,,Unrated,,,Equity : Small Cap,13.54
Kotak Floating Interest Rates Fund-Reg(G),Growth,Kotak Floating Interest Rates Fund-Reg(G),434,NEQ,400019,32,61,42597,Open ended scheme,0.59,Deepak Agrawal,-0.08,0.0,0.0,1620.1654,2026-09-25,0.0,2019-05-14,6.76,100.0,3424.7434000000003,Kotak Mahindra Mutual Fund,NIFTY Ultra Short Duration Debt Index,3,2026-08-31,0.1804,0.9081,5.3609,7.2232,6.247,3.603896490066499,Nil,-,,,,4,,,Debt : Floater,1620.1654
ICICI Pru Nifty 100 Low Volatility 30 ETF,Growth,ICICI Pru Nifty 100 Low Volatility 30 ETF,360,EQ,400015,44,763,36395,Open ended scheme,0.36,Nishit Patel,0.33,36.0,,21.2747,2026-09-25,0.0,2017-07-04,12.2,5000.0,3414.2799187620003,ICICI Prudential Mutual Fund,Nifty100 Low Volatility 30 - TRI,3,2026-08-31,-5.2018,-2.5598,-3.9955,9.2905,7.9412,-8.242940752785103,null,Financials,,,,Unrated,,,Equity : ETFs,21.2747
Sundaram Multi Asset Allocation Fund-Reg(G),Growth,Sundaram Multi Asset Allocation Fund-Reg(G),312,EQ,400029,42,628,48460,Open ended scheme,2.1,Rohit Seksaria,0.03,98.14,0.0,12.9817,2026-09-25,0.0,2024-01-25,10.27,100.0,3406.515785,Sundaram Mutual Fund,NIFTY 500 - TRI,3,2026-08-31,-5.2202,-0.0062,3.1809,,,-2.2741986479772307,"Nil upto 30% of units and 1% for remaining units on or before 365D, Nil after 365D",Financials,,,,Unrated,,,Hybrid : Multi Asset Allocation,12.9817
Bandhan CRISIL IBX Gilt April 2028 Index Fund-Reg(G),Growth,Bandhan CRISIL IBX Gilt April 2028 Index Fund-Reg(G),688,NEQ,400028,29,491,45422,Open ended scheme,0.45,Harshal Joshi,0.01,0.0,0.0,13.8218,2026-09-25,0.0,2021-03-23,6.05,1000.0,3397.510534316,Bandhan Mutual Fund,CRISIL IBX Gilt Index - April 2028,3,2026-08-31,0.1681,0.9886,5.1175,7.1226,5.7923,3.5208999603046833,Nil,-,,,,Unrated,,,Debt : Gilt,13.8218
NJ Balanced Advantage Fund-Reg(G),Growth,NJ Balanced Advantage Fund-Reg(G),450,EQ,400058,41,725,45927,Open ended scheme,2.44,Viral Shah,0.15,385.0,0.0,13.5,2026-09-25,0.0,2021-10-29,6.3,500.0,3385.331071,NJ Mutual Fund,NIFTY 50 Hybrid Composite Debt 50:50 Index,3,2026-08-31,-2.3155,0.2227,-1.3879,6.8002,,-1.243599122165325,NIL,Financials,,,,Unrated,,,Hybrid : Dynamic Asset Allocation,13.5
UTI Ultra Short Term Fund-Reg(G),Growth,UTI Ultra Short Term Fund-Reg(G),434,NEQ,400032,22,339,3533,Open ended scheme,0.99,Anurag Mittal,-0.01,0.0,0.0,4555.1576,2026-09-25,0.0,2003-08-29,6.79,500.0,3347.9368,UTI Mutual Fund,NIFTY Ultra Short Duration Debt Index,3,2026-08-31,0.4948,1.5469,5.9859,6.6709,6.3225,4.416097989203479,Nil,-,,,,3,,,Debt : Ultra Short Duration,4555.1576
ICICI Pru Conservative Hybrid Fund-Reg(G),Growth,ICICI Pru Conservative Hybrid Fund-Reg(G),371,NEQ,400015,52,297,1615,Open ended scheme,1.73,Manish Banthia,0.01,91.0,0.0,78.5246,2026-09-25,0.0,2004-03-30,9.59,5000.0,3329.1592027249003,ICICI Prudential Mutual Fund,NIFTY 50 Hybrid Composite Debt 15:85 Index,3,2026-08-31,-1.068,-0.4287,2.2011,7.9577,7.4507,0.8170685675108798,"Nil on 30% of units within 1Y and 1% for more than 30% of units within 1Y, Nil after 1Y",Financials,,,,3,,,Hybrid : Conservative Hybrid,78.5246
Aditya Birla SL Nifty 50 ETF,Growth,Aditya Birla SL Nifty 50 ETF,154,EQ,400004,44,671,12811,Open ended scheme,0.05,Mehul Dama,0.34,11.0,0.0,27.1604,2026-09-25,0.0,2011-07-21,11.03,5000.0,3324.5723,Aditya Birla Sun Life Mutual Fund,NIFTY 50 - TRI,3,2026-08-31,-4.8789,-3.488,-6.0138,6.7513,6.5352,-10.619238958380642,Nil,Financials,,,,Unrated,,,Equity : ETFs,27.1604
Aditya Birla SL Medium Term Fund-Reg(G),Growth,Aditya Birla SL Medium Term Fund-Reg(G),417,NEQ,400004,26,228,7683,Open ended scheme,1.55,Sunaina da Cunha,-0.06,117.0,1.0,43.7662,2026-09-25,0.0,2009-03-25,8.79,1000.0,3318.9665999999997,Aditya Birla Sun Life Mutual Fund,CRISIL Medium Duration Debt Index,3,2026-08-31,-0.0187,0.9822,8.0241,9.6705,11.8225,6.131010550973726,"1% on or before 1Y, NIL after 1Y",-,,,,2,,,Debt : Medium Duration,43.7662
HDFC Pharma and Healthcare Fund-Reg(G),Growth,HDFC Pharma and Healthcare Fund-Reg(G),391,EQ,400013,7,956,48220,Open ended scheme,2.16,Nikhil Mathur,-0.41,34.76,1.0,21.826,2026-09-25,0.0,2023-10-04,30.12,100.0,3310.636,HDFC Mutual Fund,BSE Health Care - TRI,3,2026-08-31,1.5352,8.6465,27.3841,,,26.674405107370863,"1% on or before 30D, Nil after 30D",Healthcare,,,,Unrated,,,Equity : Sectoral - Pharma,21.826
Bank of India Small Cap Fund-Reg(G),Growth,Bank of India Small Cap Fund-Reg(G),350,EQ,400034,5,14,41323,Open ended scheme,2.19,Alok Singh,0.34,89.0,0.0,58.7,2026-09-25,0.0,2018-12-19,25.57,5000.0,3307.1813,Bank of India Mutual Fund,Nifty Smallcap 250 - TRI,3,2026-08-31,1.5395,9.4537,26.1281,20.9603,18.2825,30.851538118591183,"NIL for 10% of investments and 1% for remaining investments on or before 3M, NIL after 3M",Capital Goods,,,,5,,,Equity : Small Cap,58.7
DSP Equity Savings Fund-Reg(G),Growth,DSP Equity Savings Fund-Reg(G),560,EQ,400009,55,796,34871,Open ended scheme,1.96,Abhishek Singh,0.11,525.0,0.0,22.161,2026-09-25,0.0,2016-03-28,7.87,100.0,3306.2699,DSP Mutual Fund,NIFTY 50 Equity Savings Index - TRI,3,2026-08-31,-0.7702,-0.7213,1.4605,7.5506,6.3628,-0.5117845117844994,Nil,Financials,,,,2,,,Hybrid : Equity Savings,22.161
Tata Banking & Financial Services Fund-Reg(G),Growth,Tata Banking & Financial Services Fund-Reg(G),330,EQ,400030,8,986,33726,Open ended scheme,2.26,Kapil Malhotra,0.26,79.47,0.25,42.4719,2026-09-25,0.0,2015-12-28,14.4,5000.0,3300.884406496,Tata Mutual Fund,Nifty Financial Services - TRI,3,2026-08-31,-5.318,-3.4594,0.2424,9.5563,9.7048,-6.095452455072878,0.25% on or before 30D,Financials,,,,2,,,Equity : Sectoral - Financial Services,42.4719
Aditya Birla SL MNC Fund-Reg(G),Growth,Aditya Birla SL MNC Fund-Reg(G),316,EQ,400004,16,554,425,Open ended scheme,2.09,Chanchal Khandelwal,-0.09,33.0,1.0,1261.71,2026-09-25,0.0,1999-12-27,14.2,1000.0,3292.915,Aditya Birla Sun Life Mutual Fund,NIFTY MNC - TRI,5,2026-08-31,-5.3864,-1.9033,-8.26,5.5672,4.7523,-5.395322355902491,"1% on or before 90D, Nil after 90D",FMCG,,,,Unrated,,,Equity : Thematic - MNC,1262.84
HSBC Arbitrage Fund-Reg(G),Growth,HSBC Arbitrage Fund-Reg(G),277,EQ,400014,38,518,29550,Open ended scheme,2.09,Praveen Ayathan,0.09,1257.0,0.25,20.3714,2026-09-25,0.0,2014-06-30,5.98,5000.0,3288.1681,HSBC Mutual Fund,Nifty 50 Arbitrage,3,2026-08-31,0.4616,1.4017,6.1408,6.5979,5.922,4.378791605181184,"0.25% on or before 1M, Nil after 1M",Financials,,,,5,,,Hybrid : Arbitrage,20.3714
SBI Nifty 10 yr Benchmark G-Sec ETF,Growth,SBI Nifty 10 yr Benchmark G-Sec ETF,275,NEQ,400027,45,502,32455,Open ended scheme,0.15,Jignesh Shah,0.0,197.0,,262.1833,2026-09-25,0.0,2016-06-10,5.88,5000.0,3288.0797,SBI Mutual Fund,Nifty 10 yr Benchmark G-Sec,3,2026-08-31,-1.185,-0.63,1.5559,6.2472,4.9494,1.1359423851009733,null,-,,,,Unrated,,,Debt : ETFs,262.1833
Aditya Birla SL Nifty SDL Apr 2027 Index Fund-Reg(G),Growth,Aditya Birla SL Nifty SDL Apr 2027 Index Fund-Reg(G),586,NEQ,400004,27,747,46112,Open ended scheme,0.51,Bhupesh Bameta,0.0,0.0,0.0,13.1742,2026-09-25,0.0,2022-01-28,6.09,500.0,3285.5793,Aditya Birla Sun Life Mutual Fund,Nifty SDL Apr 2027 Index,3,2026-08-31,0.3909,1.238,5.6285,6.9887,,3.9122272877853357,Nil,-,,,,Unrated,,,Debt : Medium to Long Duration,13.1742
ICICI Pru Income plus Arbitrage Omni FOF(G),Growth,ICICI Pru Income plus Arbitrage Omni FOF(G),433,NEQ,400015,48,297,1701,Open ended scheme,0.25,Manish Banthia,-0.03,1.0,0.0,67.0002,2026-09-25,0.0,2003-12-18,8.71,500.0,3277.980977543,ICICI Prudential Mutual Fund,NIFTY Composite Debt Index,3,2026-08-31,0.1124,1.0336,5.9721,8.7383,8.9478,4.2582359870346815,NIL,-,,,,Unrated,,,FoFs : Domestic,67.0002
Edelweiss Gold and Silver ETF FoF-Reg(G),Growth,Edelweiss Gold and Silver ETF FoF-Reg(G),65,NEQ,400035,48,490,46800,Open ended scheme,0.56,Bhavesh Jain,1.16,6.0,0.1,33.483,2026-09-25,0.0,2022-09-14,34.94,100.0,3275.8554999999997,Edelweiss Mutual Fund,Gold-India,3,2026-08-31,-5.201,6.6813,50.5395,40.1572,,7.627772420443579,"0.10% on or before 15D, Nil after 15D",-,,,,Unrated,,,FoFs : Domestic,33.483
JioBlackRock Flexi Cap Fund-Reg(G),Growth,JioBlackRock Flexi Cap Fund-Reg(G),312,EQ,400066,50,1122,51167,Open ended scheme,1.77,Tanvi Kacheria,0.4,165.12,,9.6607,2026-09-25,0.0,2026-08-17,-3.39,500.0,3274.9454900709998,Jio BlackRock Mutual Fund,NIFTY 500 - TRI,3,2026-08-31,-3.631,,,,,,null,Financials,,,,Unrated,,,Equity : Flexi Cap,9.6607
DSP Banking and PSU Debt Fund-Reg(G),Growth,DSP Banking and PSU Debt Fund-Reg(G),449,NEQ,400009,33,937,22142,Open ended scheme,0.6,Shantanu Godambe,-0.04,0.0,0.0,25.2946,2026-09-25,0.0,2013-09-14,7.38,100.0,3270.252,DSP Mutual Fund,NIFTY Banking and PSU Debt Index,3,2026-08-31,-0.1803,0.2402,3.9907,6.5114,5.6776,2.5517733486855994,Nil,-,,,,4,,,Debt : Banking & PSU,25.2946
HSBC Multi Asset Allocation Fund-Reg(G),Growth,HSBC Multi Asset Allocation Fund-Reg(G),298,EQ,400014,42,638,48468,Open ended scheme,2.4,Cheenu Gupta,-0.26,174.0,0.0,13.6564,2026-09-25,0.0,2024-02-28,12.86,5000.0,3259.6612,HSBC Mutual Fund,BSE 200 - TRI,3,2026-08-31,-3.6388,-0.1645,8.4547,,,3.7444448664868673,"Nil upto 10% of units and 1% for remaining units on or before 1Y, Nil after 1Y",Financials,,,,Unrated,,,Hybrid : Multi Asset Allocation,13.6564
SBI Retirement Benefit Fund-Aggressive Plan-Reg(G),Growth,SBI Retirement Benefit Fund-Aggressive Plan-Reg(G),379,EQ,400027,50,824,30398,Open ended scheme,2.07,Rohit Shimpi,0.37,0.0,0.0,19.988,2026-09-25,5.0,2021-02-10,13.1,5000.0,3241.7107,SBI Mutual Fund,BSE 500 - TRI,3,2026-08-31,-3.2091,0.0395,-0.057,7.6474,9.5631,-2.202738010196587,Nil,Financials,,,,Unrated,,,Equity : Flexi Cap,19.988
ICICI Pru Bharat Consumption Fund-Reg(G),Growth,ICICI Pru Bharat Consumption Fund-Reg(G),323,EQ,400015,14,617,41946,Open ended scheme,2.14,Priyanka Khandelwal,0.41,65.0,1.0,24.4,2026-09-25,0.0,2019-04-12,12.7,5000.0,3238.2097038219003,ICICI Prudential Mutual Fund,Nifty India Consumption - TRI,3,2026-08-31,-5.0584,-0.611,-5.9368,8.7064,11.3276,-4.612978889757622,"1% on or before 3M, Nil after 3M",FMCG,,,,Unrated,,,Equity : Thematic - Consumption,24.4
DSP Short Term Fund-Reg(G),Growth,DSP Short Term Fund-Reg(G),728,NEQ,400009,25,795,729,Open ended scheme,0.96,Karan Mundhra,-0.05,0.0,0.0,49.3062,2026-09-25,0.0,2002-09-09,6.86,100.0,3235.4088,DSP Mutual Fund,CRISIL Short Duration Debt Index,3,2026-08-31,0.0172,0.5736,4.4386,6.4907,5.5738,3.075787761655192,Nil,-,,,,3,,,Debt : Short Duration,49.3062
HDFC Conservative Hybrid Fund(G),Growth,HDFC Conservative Hybrid Fund(G),371,NEQ,400013,52,32,1298,Open ended scheme,1.69,Anupam Joshi,0.0,0.0,1.0,82.9763,2026-09-25,0.0,2003-12-26,9.74,100.0,3201.3828000000003,HDFC Mutual Fund,NIFTY 50 Hybrid Composite Debt 15:85 Index,3,2026-08-31,-1.209,-1.0974,1.1124,6.6011,7.1143,-0.6817809132465008,"Nil for 15% of investment and 1% for remaining Investment on or before 1Y, Nil after 1Y",Financials,,,,4,,,Hybrid : Conservative Hybrid,82.9763
LIC MF Large & Midcap Fund-Reg(G),Growth,LIC MF Large & Midcap Fund-Reg(G),366,EQ,400020,2,195,31950,Open ended scheme,2.88,Sudhanshu Asthana,0.24,137.0,0.0,38.0098,2026-09-25,0.0,2015-02-25,12.21,5000.0,3198.486,LIC Mutual Fund,NIFTY LargeMidcap 250 - TRI,3,2026-08-31,-5.0415,-1.4494,-0.9522,11.9426,9.3458,-2.5814388599841207,"Nil upto 12% on units and 1% on remaining units on or before 3M, Nil after 3M",Financials,,,,2,,,Equity : Large & Mid Cap,38.0098
Motilal Oswal Nifty 500 Index Fund-Reg(G),Growth,Motilal Oswal Nifty 500 Index Fund-Reg(G),312,EQ,400042,18,549,43809,Open ended scheme,1.0,Swapnil P Mayekar,0.22,15.0,1.0,25.1972,2026-09-25,0.0,2019-09-06,13.99,500.0,3195.4725,Motilal Oswal Mutual Fund,NIFTY 500 - TRI,3,2026-08-31,-4.298,-2.1069,-1.7649,9.3616,8.2747,-5.168157046939454,"1% on or before 15D, Nil after 15D",Financials,,,,Unrated,,,Equity : Index Funds,25.1972
Axis Gold Fund-Reg(G),Growth,Axis Gold Fund-Reg(G),65,NEQ,400040,57,493,15330,Open ended scheme,0.54,Aditya Pagaria,0.9,,1.0,43.4563,2026-09-25,0.0,2011-10-20,10.33,100.0,3190.8014000000003,Axis Mutual Fund,Gold-India,3,2026-08-31,-6.3224,8.5555,31.508,34.4919,24.9819,13.013525848908902,"1% on or before 15D, Nil after 15D",-,,,,Unrated,,,Metal : MFs,43.4563
HDFC Innovation Fund-Reg(G),Growth,HDFC Innovation Fund-Reg(G),312,EQ,400013,13,943,49691,Open ended scheme,2.09,Amit Sinha,0.26,33.06,1.0,11.744,2026-09-25,0.0,2025-07-17,14.34,100.0,3188.9348999999997,HDFC Mutual Fund,NIFTY 500 - TRI,3,2026-08-31,-1.6662,9.4399,14.9119,,,15.013221036137491,"1% on or before 1M, Nil after 1M",Healthcare,,,,Unrated,,,Equity : Thematic,11.744
Quant Infrastructure Fund(G),Growth,Quant Infrastructure Fund(G),319,EQ,400010,11,791,881,Open ended scheme,2.29,Sandeep Tandon,0.4,258.0,0.5,40.8719,2026-09-25,0.0,2007-08-26,7.65,5000.0,3163.7059000000004,Quant Mutual Fund,Nifty Infrastructure - TRI,3,2026-08-31,-2.9143,-2.3119,8.139,16.3646,16.2091,8.330484058639382,"0.50% on or before 3M, Nil after 3M",Energy,,,,5,,,Equity : Sectoral - Infrastructure,40.8719
Franklin Build India Fund(G),Growth,Franklin Build India Fund(G),166,EQ,400012,11,10,7864,Open ended scheme,2.09,Ajay Argal,0.21,37.95,1.0,138.8244,2026-09-25,0.0,2009-09-04,16.66,5000.0,3151.7122722990002,Franklin Templeton Mutual Fund,BSE India Infrastructure Index - TRI,3,2026-08-31,-3.3377,-6.4623,-2.1316,15.1905,16.7705,-3.144055569354258,1% on or before 1Y,Energy,,,,2,,,Equity : Sectoral - Infrastructure,138.8244
Motilal Oswal Large Cap Fund-Reg(G),Growth,Motilal Oswal Large Cap Fund-Reg(G),314,EQ,400042,1,627,48488,Open ended scheme,2.13,Ajay Khandelwal,0.45,87.0,1.0,13.3337,2026-09-25,0.0,2024-02-06,11.53,500.0,3146.6952,Motilal Oswal Mutual Fund,NIFTY 100 - TRI,3,2026-08-31,-3.7813,-1.674,-3.5921,,,-6.459058255696487,"1% on or before 365D, Nil after 365D",Financials,,,,Unrated,,,Equity : Large Cap,13.3337
Edelweiss Banking and PSU Debt Fund-Reg(G),Growth,Edelweiss Banking and PSU Debt Fund-Reg(G),416,NEQ,400035,33,65,23296,Open ended scheme,0.72,Dhawal Dalal,-0.06,0.0,0.0,26.0554,2026-09-25,0.0,2013-09-13,7.62,100.0,3139.9778,Edelweiss Mutual Fund,CRISIL Banking and PSU Debt Index,3,2026-08-31,0.2721,1.0373,4.4326,6.6772,5.6175,3.0741782477460795,NIL,-,,,,5,,,Debt : Banking & PSU,26.0554
Nippon India Retirement Fund-Wealth Creation(G),Growth,Nippon India Retirement Fund-Wealth Creation(G),379,EQ,400025,50,550,17164,Open ended scheme,2.25,Pranay Sinha,0.31,51.0,0.0,27.9423,2026-09-25,5.0,2015-02-11,9.24,500.0,3127.076953883,Nippon India Mutual Fund,BSE 500 - TRI,3,2026-08-31,-4.6139,-1.9042,-3.4001,9.6836,9.2746,-3.4584860744973835,Nil,Financials,,,,3,,,Equity : Flexi Cap,27.9423
Kotak Manufacture in India Fund-Reg(G),Growth,Kotak Manufacture in India Fund-Reg(G),584,EQ,400019,13,75,46107,Open ended scheme,2.06,Harsha Upadhyaya,0.24,35.45,0.5,22.38,2026-09-25,0.0,2022-02-22,19.18,100.0,3126.8642999999997,Kotak Mahindra Mutual Fund,Nifty India Manufacturing - TRI,3,2026-08-31,-0.5068,6.836,16.3988,19.3856,,13.16175355210597,"0.50% on or before 90D, Nil after 90D",Automobile and Ancillaries,,,,Unrated,,,Equity : Thematic,22.38
Nippon India Innovation Fund-Reg(G),Growth,Nippon India Innovation Fund-Reg(G),312,EQ,400025,13,353,48169,Open ended scheme,2.06,Vinay Sharma,-0.04,46.0,1.0,14.6541,2026-09-25,0.0,2023-08-28,13.21,500.0,3107.7471245340002,Nippon India Mutual Fund,NIFTY 500 - TRI,3,2026-08-31,-4.5665,1.6552,0.7723,13.0491,,2.242424665275899,"1% on or before 1Y, Nil after 1Y",Retail and Other Services,,,,Unrated,,,Equity : Thematic,14.6541
Aditya Birla SL Gold ETF,Growth,Aditya Birla SL Gold ETF,65,NEQ,400004,56,671,13056,Open ended scheme,0.44,Mehul Dama,0.83,,0.0,132.4512,2026-09-25,0.0,2011-05-13,12.28,5000.0,3105.6019,Aditya Birla Sun Life Mutual Fund,Gold-India,1,2026-08-31,-6.0894,7.9952,32.7713,35.5684,25.6552,13.558378937747934,Nil,-,,,,Unrated,,,Metal : ETFs,132.4512
UTI Nifty Bank ETF,Growth,UTI Nifty Bank ETF,311,EQ,400032,44,620,44435,Open ended scheme,0.2,Sharwan Kumar Goyal,0.26,27.0,,57.5676,2026-09-25,0.0,2020-09-03,15.9,5000.0,3100.8856,UTI Mutual Fund,NIFTY BANK - TRI,3,2026-08-31,-3.3765,-4.3292,1.5248,8.142,8.7067,-6.267340532232228,null,Financials,,,,Unrated,,,Equity : ETFs,57.5676
Edelweiss Greater China Equity Off-shore Fund-Reg(G),Growth,Edelweiss Greater China Equity Off-shore Fund-Reg(G),146,NEQ,400035,49,490,7869,Open ended scheme,1.57,Bhavesh Jain,-0.83,,1.0,63.704,2026-09-24,0.0,2009-08-26,11.44,100.0,3078.8528,Edelweiss Mutual Fund,MSCI Golden Dragon Index (Total Return Net),5,2026-08-31,0.8741,-1.7581,21.77,23.405,5.7976,21.18399026023437,"1% on or before 90D, Nil after 90D",-,,,,Unrated,,,FoFs : Overseas,63.704
Bandhan Multi Cap Fund-Reg(G),Growth,Bandhan Multi Cap Fund-Reg(G),534,EQ,400028,3,520,45867,Open ended scheme,2.28,Daylynn Pinto,0.12,62.0,1.0,17.132,2026-09-25,0.0,2021-12-02,11.83,1000.0,3074.11981591326,Bandhan Mutual Fund,Nifty500 Multicap 50:25:25 - TRI,3,2026-08-31,-3.5089,-1.8842,0.3044,10.9445,,-2.2759682847527087,"1% on or before 1Y, Nil after 1Y",Financials,,,,Unrated,,,Equity : Multi Cap,17.132
Sundaram Multi Cap Fund(G),Growth,Sundaram Multi Cap Fund(G),534,EQ,400029,3,628,2370,Open ended scheme,2.34,Rohit Seksaria,-0.04,75.7,0.0,383.7247,2026-09-25,0.0,2000-10-25,15.1,100.0,3069.632806,Sundaram Mutual Fund,Nifty500 Multicap 50:25:25 - TRI,3,2026-08-31,-4.3244,0.6071,0.398,11.5643,10.3982,-1.7389322574904171,"Nil upto 25% of units and 1% for remaining units on or before 365D, Nil after 365D",Financials,,,,4,,,Equity : Multi Cap,383.7247
SBI Nifty Next 50 ETF,Growth,SBI Nifty Next 50 ETF,165,EQ,400027,44,1000,30248,Open ended scheme,0.16,Viral Chhadva,0.56,34.0,,770.355,2026-09-25,0.0,2015-03-20,12.84,5000.0,3058.4835,SBI Mutual Fund,NIFTY NEXT 50 - TRI,3,2026-08-31,-3.6248,-0.2142,6.0092,17.6181,11.5599,4.305086315845197,null,Financials,,,,Unrated,,,Equity : ETFs,770.355
ICICI Pru Nifty Bank ETF,Growth,ICICI Pru Nifty Bank ETF,311,EQ,400015,44,763,32451,Open ended scheme,0.17,Nishit Patel,0.26,31.0,,57.1515,2026-09-25,0.0,2019-07-10,9.07,5000.0,3058.380797727,ICICI Prudential Mutual Fund,NIFTY BANK - TRI,3,2026-08-31,-3.3749,-4.3251,1.5404,8.1236,8.6679,-6.2553821776721446,null,Financials,,,,Unrated,,,Equity : ETFs,57.1515
Sundaram Large Cap Fund-Reg(G),Growth,Sundaram Large Cap Fund-Reg(G),314,EQ,400029,1,511,44397,Open ended scheme,2.03,Ashwin Jain,0.45,35.64,0.0,20.1939,2026-09-25,0.0,2020-10-08,12.5,100.0,3055.93591,Sundaram Mutual Fund,NIFTY 100 - TRI,3,2026-08-31,-4.3849,-2.7362,-3.8454,6.0473,5.7834,-7.364031707585599,"Nil upto 25% of units and 1% for remaining units on or before 1Y, Nil after 1Y",Financials,,,,Unrated,,,Equity : Large Cap,20.1939
Nippon India Multi-Asset Omni FoF-Reg(G),Growth,Nippon India Multi-Asset Omni FoF-Reg(G),44,NEQ,400025,48,728,44074,Open ended scheme,1.08,Sushil Budhia,0.18,7.0,0.0,23.5385,2026-09-25,0.0,2021-02-08,16.42,5000.0,3055.5373262169996,Nippon India Mutual Fund,CRISIL Short Term Bond Index,3,2026-08-31,-3.2512,0.8315,7.3861,15.2275,14.121,3.7066246056782353,"Nil upto 10% of units and 1% for remaning units on or before 12M, Nil after 12M",-,,,,Unrated,,,FoFs : Domestic,23.5385
DSP Multi Cap Fund-Reg(G),Growth,DSP Multi Cap Fund-Reg(G),534,EQ,400009,3,733,48040,Open ended scheme,2.09,Chirag Dagli,0.49,23.0,1.0,12.081,2026-09-25,0.0,2024-01-30,7.38,100.0,3024.9187,DSP Mutual Fund,Nifty500 Multicap 50:25:25 - TRI,3,2026-08-31,-3.2669,-0.715,-0.666,,,-0.40395713107997744,"1% on or before 12M, Nil after 12M",Financials,,,,Unrated,,,Equity : Multi Cap,12.081
UTI Balanced Advantage Fund-Reg(G),Growth,UTI Balanced Advantage Fund-Reg(G),450,EQ,400032,41,404,48102,Open ended scheme,1.97,Sachin Trivedi,0.23,99.0,1.0,12.2864,2026-09-25,0.0,2023-08-10,6.8,5000.0,3022.4989,UTI Mutual Fund,NIFTY 50 Hybrid Composite Debt 50:50 Index,3,2026-08-31,-3.1492,-0.9625,-3.1278,6.6874,,-5.927752170650662,"1% on or before 90D, Nil after 90D",Financials,,,,Unrated,,,Hybrid : Dynamic Asset Allocation,12.2864
Aditya Birla SL Silver ETF,Growth,Aditya Birla SL Silver ETF,199,NEQ,400004,56,671,46194,Open ended scheme,0.35,Mehul Dama,1.52,34.0,,229.3471,2026-09-25,0.0,2022-01-31,31.97,500.0,2993.6538,Aditya Birla Sun Life Mutual Fund,Silver,1,2026-08-31,-4.1485,5.8181,66.8999,45.4415,,0.785774238768853,null,-,,,,Unrated,,,Metal : ETFs,229.3471
Bandhan Innovation Fund-Reg(G),Growth,Bandhan Innovation Fund-Reg(G),312,EQ,400028,13,427,48656,Open ended scheme,2.25,Manish Gunwani,-0.27,83.0,0.5,15.425,2026-09-25,0.0,2024-04-30,19.74,1000.0,2957.34758945285,Bandhan Mutual Fund,NIFTY 500 - TRI,3,2026-08-31,-1.6075,8.734,17.3986,,,16.021060549078605,"0.50% on or before 30D, Nil after 30D",Financials,,,,Unrated,,,Equity : Thematic,15.425
Edelweiss Multi Asset Allocation Fund-Reg(G),Growth,Edelweiss Multi Asset Allocation Fund-Reg(G),44,EQ,400035,42,490,47994,Open ended scheme,1.13,Bhavesh Jain,0.07,566.0,0.25,12.5477,2026-09-25,0.0,2023-06-23,7.21,100.0,2953.7606,Edelweiss Mutual Fund,CRISIL Short Term Bond Index,3,2026-08-31,0.4009,1.2352,6.2203,7.1769,,4.994644709977588,"0.25% on or before 90D, Nil after 90D",Financials,,,,Unrated,,,Hybrid : Multi Asset Allocation,12.5477
Bank of India Flexi Cap Fund-Reg(G),Growth,Bank of India Flexi Cap Fund-Reg(G),379,EQ,400034,50,14,44987,Open ended scheme,2.28,Alok Singh,0.13,96.0,0.0,38.27,2026-09-25,0.0,2020-06-29,23.98,5000.0,2952.9962,Bank of India Mutual Fund,BSE 500 - TRI,3,2026-08-31,-1.3914,3.265,9.5306,17.6172,14.6912,8.321539767902648,"NIL for 10% of investments and 1% for remaining investments on or before 3M, NIL after 3M",Financials,,,,Unrated,,,Equity : Flexi Cap,38.27
Kotak Nifty SDL Apr 2032 Top 12 Equal Weight Index Fund-Reg(G),Growth,Kotak Nifty SDL Apr 2032 Top 12 Equal Weight Index Fund-Reg(G),590,NEQ,400019,28,8,46390,Open ended scheme,0.36,Abhishek Bisen,-0.05,0.0,0.0,13.3195,2026-09-25,0.0,2022-02-11,6.4,100.0,2941.897,Kotak Mahindra Mutual Fund,Nifty SDL Apr 2032 Top 12 Equal Weight Index,3,2026-08-31,-0.9261,0.1647,4.3652,6.8049,,3.2191319038135164,Nil,-,,,,Unrated,,,Debt : Long Duration,13.3195
Mahindra Manulife Large & Mid Cap Fund-Reg(G),Growth,Mahindra Manulife Large & Mid Cap Fund-Reg(G),366,EQ,400054,2,379,43915,Open ended scheme,2.22,Neelesh Dhamnaskar,0.02,77.0,1.0,27.5168,2026-09-25,0.0,2019-12-30,16.2,1000.0,2929.2201,Mahindra Manulife Mutual Fund,NIFTY LargeMidcap 250 - TRI,3,2026-08-31,-3.6547,2.2507,3.2657,10.3855,10.5712,0.8517687762970723,"1% on or before 3M, Nil after 3M",Financials,,,,Unrated,,,Equity : Large & Mid Cap,27.5168
Tata Short Term Fund-Reg(G),Growth,Tata Short Term Fund-Reg(G),728,NEQ,400030,25,460,3286,Open ended scheme,1.11,Amit Somani,-0.08,0.0,0.0,50.4929,2026-09-25,0.0,2002-08-08,6.94,5000.0,2926.2446390382997,Tata Mutual Fund,CRISIL Short Duration Debt Index,3,2026-08-31,-0.0156,0.6705,4.2303,6.2384,5.4057,2.9958673471469157,Nil,-,,,,3,,,Debt : Short Duration,50.4929
SBI Quant Fund-Reg(G),Growth,SBI Quant Fund-Reg(G),326,EQ,400027,13,1066,48902,Open ended scheme,2.64,Sukanya Ghosh,0.23,211.0,0.5,9.1776,2026-09-25,0.0,2024-12-26,-4.79,5000.0,2921.3579999999997,SBI Mutual Fund,NIFTY 200 - TRI,3,2026-08-31,-7.2032,-4.0361,-4.1704,,,-11.82167563412759,"0.50% on or before 30D, Nil after 30D",Financials,,,,Unrated,,,Equity : Thematic,9.1776
Canara Rob Focused Fund-Reg(G),Growth,Canara Rob Focused Fund-Reg(G),379,EQ,400006,51,578,45510,Open ended scheme,2.17,Shridatta Bhandwaldar,0.0,41.0,1.0,19.26,2026-09-25,0.0,2021-05-17,13.0,5000.0,2919.6346000000003,Canara Robeco Mutual Fund,BSE 500 - TRI,3,2026-08-31,-4.6535,-0.8749,-4.3219,10.8135,9.6769,-5.865102639296184,"1% on or before 365D, Nil after 365D",Financials,,,,Unrated,,,Equity : Focused,19.26
Motilal Oswal Gold and Silver Passive FoF-Reg(G),Growth,Motilal Oswal Gold and Silver Passive FoF-Reg(G),65,NEQ,400042,48,549,17788,Open ended scheme,0.47,Swapnil P Mayekar,0.88,,0.0,30.2462,2026-09-25,0.0,2022-10-13,32.31,500.0,2914.0366,Motilal Oswal Mutual Fund,Gold-India,3,2026-08-31,-5.6169,6.6791,39.5732,37.0241,,7.315775094644896,Nil,-,,,,Unrated,,,FoFs : Domestic,30.2462
Franklin India Multi Asset Allocation Fund-Reg(G),Growth,Franklin India Multi Asset Allocation Fund-Reg(G),312,NEQ,400012,42,82,50069,Open ended scheme,1.98,R. Janakiraman,0.33,42.43,0.0,10.7903,2026-09-25,0.0,2025-07-31,6.82,5000.0,2912.4373054449998,Franklin Templeton Mutual Fund,NIFTY 500 - TRI,3,2026-08-31,-4.2641,-0.6024,6.3933,,,-0.6061108501211246,"Nil upto 10% of units and 0.50% for remaining units or or before 1Y, Nil after 1Y",Financials,,,,Unrated,,,Hybrid : Multi Asset Allocation,10.7903
Tata India Consumer Fund-Reg(G),Growth,Tata India Consumer Fund-Reg(G),323,EQ,400030,14,567,33728,Open ended scheme,2.12,Sonam Udasi,0.07,60.77,0.25,47.0775,2026-09-25,0.0,2015-12-28,15.5,5000.0,2900.9264081027,Tata Mutual Fund,Nifty India Consumption - TRI,3,2026-08-31,-3.8517,4.1528,3.9842,13.4363,11.9146,3.7164082431164194,0.25% on or before 30D,FMCG,,,,2,,,Equity : Thematic - Consumption,47.0775
Nippon India Nifty AAA CPSE Bond Plus SDL - Apr 2027 Maturity 60:40 Index Fund(G),Growth,Nippon India Nifty AAA CPSE Bond Plus SDL - Apr 2027 Maturity 60:40 Index Fund(G),598,NEQ,400025,27,322,46532,Open ended scheme,0.32,Vivek Sharma,-0.02,0.0,0.0,13.0975,2026-09-25,0.0,2022-03-29,6.14,1000.0,2897.33059923022,Nippon India Mutual Fund,Nifty AAA CPSE Bond Plus SDL Apr 2027 60:40 Index,3,2026-08-31,0.4756,1.5271,6.1042,7.2407,,4.443274881781137,Nil,-,,,,Unrated,,,Debt : Medium to Long Duration,13.0975
Tata Ultra Short to Short Term Fund-Reg(G),Growth,Tata Ultra Short to Short Term Fund-Reg(G),368,NEQ,400030,23,253,3205,Open ended scheme,0.57,Akhil Mittal,-0.02,0.0,0.0,4229.3954,2026-09-25,0.0,2005-09-06,7.09,5000.0,2870.9325751581996,Tata Mutual Fund,CRISIL Low Duration Debt Index,3,2026-08-31,0.4335,1.4433,6.012,6.9024,6.1451,4.3901751298023255,Nil,-,,,,3,,,Debt : Low Duration,4229.3954
DSP Gold ETF,Growth,DSP Gold ETF,65,NEQ,400009,56,888,47938,Open ended scheme,0.45,Ravi Gehani,0.83,,,14.6292,2026-09-25,0.0,2023-04-28,29.9,5000.0,2854.8618,DSP Mutual Fund,Gold-India,1,2026-08-31,-6.0678,7.9626,32.6606,35.4427,,13.497032468288147,null,-,,,,Unrated,,,Metal : ETFs,14.6292
DSP Overnight Fund-Reg(G),Growth,DSP Overnight Fund-Reg(G),500,NEQ,400009,20,795,41945,Open ended scheme,0.18,Karan Mundhra,0.01,0.0,0.0,1469.9075,2026-09-26,0.0,2019-01-09,5.12,100.0,2853.6138,DSP Mutual Fund,CRISIL Liquid Overnight Index,1,2026-08-31,0.4061,1.2535,5.1924,5.9802,5.6486,3.7495689181175207,Nil,-,,,,5,,,Debt : Overnight,1469.9075
Nippon India Nifty Midcap 150 Index Fund-Reg(G),Growth,Nippon India Nifty Midcap 150 Index Fund-Reg(G),349,EQ,400025,18,987,44503,Open ended scheme,0.88,Himanshu Mange,-0.15,24.0,0.0,25.2342,2026-09-25,0.0,2021-02-19,17.97,100.0,2844.5136612959996,Nippon India Mutual Fund,Nifty Midcap 150 - TRI,3,2026-08-31,-4.6636,-1.3495,4.7758,13.8757,14.3718,0.6710284848001371,Nil,Financials,,,,Unrated,,,Equity : Index Funds,25.2342
Kotak Conservative Hybrid Fund(G),Growth,Kotak Conservative Hybrid Fund(G),302,NEQ,400019,52,697,2051,Open ended scheme,1.76,Shibani Kurian,-0.02,0.0,0.0,59.4022,2026-09-25,0.0,2003-12-02,8.12,100.0,2832.7421999999997,Kotak Mahindra Mutual Fund,CRISIL Hybrid 85+15 - Conservative Index,3,2026-08-31,-1.192,-0.2969,1.5764,7.1748,6.9076,-0.3733345856086727,"Nil upto 8% of investments and 1% for remaining investments on or before 6M, Nil after 6M",Financials,,,,5,,,Hybrid : Conservative Hybrid,59.4022
SBI Consumption Opp Fund-Reg(G),Growth,SBI Consumption Opp Fund-Reg(G),323,EQ,400027,14,1021,19166,Open ended scheme,2.14,Ashit Desai,0.37,75.0,0.1,276.1554,2026-09-25,0.0,2013-01-01,13.17,5000.0,2826.8949,SBI Mutual Fund,Nifty India Consumption - TRI,3,2026-08-31,-5.0451,-2.9771,-11.2395,4.5285,10.1922,-9.773747761540756,"0.10% on or before 30D, Nil after 30D",FMCG,,,,3,,,Equity : Thematic - Consumption,276.1554
Franklin India Balanced Advantage Fund-Reg(G),Growth,Franklin India Balanced Advantage Fund-Reg(G),450,EQ,400012,41,815,46625,Open ended scheme,2.17,Rajasa Kakulavarapu,0.13,210.35,0.0,14.2582,2026-09-25,0.0,2022-09-06,9.14,5000.0,2822.523009699,Franklin Templeton Mutual Fund,NIFTY 50 Hybrid Composite Debt 50:50 Index,3,2026-08-31,-2.562,-1.1721,-0.7718,8.1109,,-2.2306030788219586,"Nil upto 10% of units and 1% for remaining units on or before 1Y, Nil after 1Y",Financials,,,,Unrated,,,Hybrid : Dynamic Asset Allocation,14.2582
UTI MEPUS,Growth,UTI MEPUS,300,EQ,400032,6,286,3617,Close ended scheme,1.34,Karthikraj Lakshmanan,0.27,46.17,0.0,215.8439,2026-09-25,3.0,2003-03-28,15.73,5000.0,2818.6227000000003,UTI Mutual Fund,BSE 100 - TRI,3,2026-08-31,-4.557,-1.8005,-5.9538,6.4316,5.8258,-9.036338600954654,Nil,Financials,,,,Unrated,,,Equity : Tax Saving (ELSS),215.8439
DSP Corp Bond Fund-Reg(G),Growth,DSP Corp Bond Fund-Reg(G),444,NEQ,400009,34,937,37709,Open ended scheme,0.54,Shantanu Godambe,-0.01,0.0,0.0,17.1575,2026-09-25,0.0,2018-09-10,6.94,100.0,2816.2609,DSP Mutual Fund,CRISIL Corporate Bond Index,3,2026-08-31,0.4838,1.5561,5.7708,7.0916,5.7773,4.240078738243947,NIL,-,,,,3,,,Debt : Corporate Bond,17.1575
Bandhan Nifty 50 Index Fund-Reg(G),Growth,Bandhan Nifty 50 Index Fund-Reg(G),154,EQ,400028,18,992,9078,Open ended scheme,0.65,Abhishek Jain,0.33,4.0,0.0,50.0649,2026-09-25,0.0,2010-04-30,10.31,1000.0,2813.28997067371,Bandhan Mutual Fund,NIFTY 50 - TRI,3,2026-08-31,-4.9255,-3.6263,-6.633,6.0609,5.9176,-11.030372175099828,Nil,Financials,,,,4,,,Equity : Index Funds,50.0649
Tata Corp Bond Fund-Reg(G),Growth,Tata Corp Bond Fund-Reg(G),444,NEQ,400030,34,1208,46079,Open ended scheme,0.82,Puja Kasat,-0.08,0.0,0.0,13.0668,2026-09-25,0.0,2021-12-01,5.71,5000.0,2805.174843911,Tata Mutual Fund,CRISIL Corporate Bond Index,3,2026-08-31,-0.0199,0.5216,4.3282,6.6004,,2.919794267530983,Nil,-,,,,Unrated,,,Debt : Corporate Bond,13.0668
Parag Parikh Arbitrage Fund-Reg(G),Growth,Parag Parikh Arbitrage Fund-Reg(G),717,EQ,400049,38,474,48215,Open ended scheme,1.4,Rajeev Thakkar,0.14,0.0,0.25,12.0449,2026-09-25,0.0,2023-11-02,6.63,1000.0,2798.9282000000003,PPFAS Mutual Fund,Nifty 50 Arbitrage - TRI,3,2026-08-31,0.421,1.4512,6.1992,,,4.429512744928034,"0.25% on or before 30D, Nil after 30D",Financials,,,,Unrated,,,Hybrid : Arbitrage,12.0449
Abakkus Small Cap Fund-Reg(G),Growth,Abakkus Small Cap Fund-Reg(G),350,EQ,400075,5,595,50666,Open ended scheme,2.65,Sanjay Doshi,0.41,,0.0,12.435,2026-09-25,0.0,2026-03-17,24.35,500.0,2794.2031,Abakkus Mutual Fund,Nifty Smallcap 250 - TRI,3,2026-08-31,-1.0267,3.7547,,,,,"NIL upto 10% of units and 1% for remaining units on or before 3M, Nil after 3M",Financials,,,,Unrated,,,Equity : Small Cap,12.435
Mahindra Manulife Aggressive Hybrid Fund-Reg(G),Growth,Mahindra Manulife Aggressive Hybrid Fund-Reg(G),301,EQ,400054,54,1067,43978,Open ended scheme,2.25,Kirti Dalvi,0.21,78.0,0.0,26.1831,2026-09-25,0.0,2019-07-19,14.32,1000.0,2790.8153,Mahindra Manulife Mutual Fund,CRISIL Hybrid 35+65 - Aggressive Index,3,2026-08-31,-3.9128,-2.0193,-3.8362,9.8603,9.2174,-6.254229338450909,"Nil upto 10% of units and 1% for remaining units on or before 3M, Nil after 3M",Financials,,,,Unrated,,,Hybrid : Aggressive Hybrid,26.1831
UTI MNC Fund-Reg(G),Growth,UTI MNC Fund-Reg(G),316,EQ,400032,16,286,3634,Open ended scheme,2.15,Karthikraj Lakshmanan,0.27,47.0,1.0,391.9535,2026-09-25,0.0,1998-10-14,15.09,5000.0,2790.2055,UTI Mutual Fund,NIFTY MNC - TRI,3,2026-08-31,-3.9101,-0.5943,-2.0088,7.8882,6.9034,-2.850664130694026,"1% on or before 1Y, Nil after 1Y",Automobile and Ancillaries,,,,Unrated,,,Equity : Thematic - MNC,391.9535
HDFC Business Cycle Fund-Reg(G),Growth,HDFC Business Cycle Fund-Reg(G),312,EQ,400013,13,588,46445,Open ended scheme,2.14,Rahul Baijal,-0.11,38.35,1.0,15.152,2026-09-25,0.0,2022-11-30,11.49,100.0,2774.5021,HDFC Mutual Fund,NIFTY 500 - TRI,3,2026-08-31,-2.1947,2.1506,2.2264,10.3301,,3.4054459837575837,"1% on or before 1Y, Nil after 1Y",Financials,,,,Unrated,,,Equity : Thematic,15.152
Tata Large Cap Fund-Reg(G),Growth,Tata Large Cap Fund-Reg(G),314,EQ,400030,1,439,3281,Open ended scheme,2.22,Abhinav Sharma,0.26,70.75,0.5,486.3472,2026-09-25,0.0,1998-05-07,17.87,5000.0,2764.8947074631997,Tata Mutual Fund,NIFTY 100 - TRI,3,2026-08-31,-5.8005,-3.7384,-3.7555,8.6842,7.6464,-7.589312012663217,"0.50% on or before 30D, Nil after 30D",Financials,,,,3,,,Equity : Large Cap,486.3472
Invesco India ELSS Tax Saver Fund-Reg(G),Growth,Invesco India ELSS Tax Saver Fund-Reg(G),379,EQ,400021,6,1115,2270,Open ended scheme,2.27,Depesh Kashyap,0.02,93.0,0.0,124.91,2026-09-25,3.0,2006-12-29,13.64,500.0,2764.446,Invesco Mutual Fund,BSE 500 - TRI,3,2026-08-31,-3.118,2.4104,-0.7942,11.3984,8.3114,0.3615619476136935,Nil,Financials,,,,3,,,Equity : Tax Saving (ELSS),124.91
ICICI Pru Bharat 22 FOF-(G),Growth,ICICI Pru Bharat 22 FOF-(G),295,NEQ,400015,48,763,40232,Open ended scheme,0.13,Nishit Patel,0.33,,0.0,32.8242,2026-09-25,0.0,2018-06-29,15.5,5000.0,2743.1873334039997,ICICI Prudential Mutual Fund,BSE Bharat 22 Index,3,2026-08-31,-3.2554,-5.5283,1.8247,14.371,20.3412,-5.046747355997331,Nil,-,,,,Unrated,,,FoFs : Domestic,32.8242
ICICI Pru Housing Opp Fund-Reg(G),Growth,ICICI Pru Housing Opp Fund-Reg(G),599,EQ,400015,13,1162,46546,Open ended scheme,2.05,Sanket Gaidhani,0.48,33.0,1.0,16.84,2026-09-25,0.0,2022-04-18,12.45,5000.0,2728.0736077591996,ICICI Prudential Mutual Fund,Nifty Housing - TRI,3,2026-08-31,-3.6613,-3.107,-2.2067,10.1127,,-3.218390804597694,"1% on or before 1M, Nil after 1M",Financials,,,,Unrated,,,Equity : Thematic,16.84
ICICI Pru Nifty Next 50 ETF,Growth,ICICI Pru Nifty Next 50 ETF,165,EQ,400015,44,763,39950,Open ended scheme,0.16,Nishit Patel,0.56,29.0,,75.8312,2026-09-25,0.0,2018-08-23,11.86,5000.0,2720.0497557010003,ICICI Prudential Mutual Fund,NIFTY NEXT 50 - TRI,3,2026-08-31,-3.6276,-0.2216,5.8737,17.5945,11.5652,4.148142654465185,null,Financials,,,,Unrated,,,Equity : ETFs,75.8312
Kotak Nifty PSU Bank ETF,Growth,Kotak Nifty PSU Bank ETF,321,EQ,400019,44,699,3723,Open ended scheme,0.51,Satish Dondapati,0.28,30.04,0.0,83.0321,2026-09-25,0.0,2007-11-08,6.39,10000.0,2714.8327000000004,Kotak Mahindra Mutual Fund,NIFTY PSU BANK - TRI,1,2026-08-31,-3.6324,-4.0444,12.4094,16.8681,29.1486,-2.4718916803111393,NIL,Financials,,,,Unrated,,,Equity : ETFs,83.0321
HDFC NIFTY Next 50 Index Fund-Reg(G),Growth,HDFC NIFTY Next 50 Index Fund-Reg(G),165,EQ,400013,18,37,45985,Open ended scheme,0.72,Arun Agarwal,0.55,25.91,0.0,16.6465,2026-09-25,0.0,2021-11-03,10.99,100.0,2708.9394,HDFC Mutual Fund,NIFTY NEXT 50 - TRI,3,2026-08-31,-3.6772,-0.4033,5.2404,16.6871,,3.730729445780736,Nil,Financials,,,,Unrated,,,Equity : Index Funds,16.6465
Mirae Asset NYSE FANG+ETF FoF-Reg(G),Growth,Mirae Asset NYSE FANG+ETF FoF-Reg(G),542,NEQ,400033,49,760,45496,Open ended scheme,0.41,Ekta Gala,3.07,,0.5,49.572,2026-09-25,0.0,2021-05-10,34.65,5000.0,2707.1040000000003,Mirae Asset Mutual Fund,NYSE FANG+ TRI,5,2026-08-31,15.1739,27.651,39.6316,56.7996,34.2622,36.12589154307708,"0.50% on or before 3M, Nil after 3M",-,,,,Unrated,,,FoFs : Overseas,48.096
HDFC Diversified Equity All Cap Active FOF-Reg(G),Growth,HDFC Diversified Equity All Cap Active FOF-Reg(G),312,NEQ,400013,48,658,50229,Open ended scheme,1.25,Srinivasan Ramamurthy,0.14,,1.0,9.8657,2026-09-25,0.0,2025-09-29,-1.44,100.0,2700.8653000000004,HDFC Mutual Fund,NIFTY 500 - TRI,3,2026-08-31,-3.7605,-1.2136,,,,-4.139257848557577,"1% on or before 1Y, Nil after 1Y",-,,,,Unrated,,,FoFs : Domestic,9.8657
NJ Flexi Cap Fund-Reg(G),Growth,NJ Flexi Cap Fund-Reg(G),312,EQ,400058,50,647,48135,Open ended scheme,2.31,Dhaval Patel,0.16,94.0,0.0,12.77,2026-09-25,0.0,2023-09-05,8.33,500.0,2696.5006569999996,NJ Mutual Fund,NIFTY 500 - TRI,3,2026-08-31,-3.6226,-0.1564,-5.2671,8.1963,,-4.344569288389514,NIL,Healthcare,,,,Unrated,,,Equity : Flexi Cap,12.77
HDFC Long Term Fund-Reg(G),Growth,HDFC Long Term Fund-Reg(G),438,NEQ,400013,28,32,45991,Open ended scheme,0.62,Anupam Joshi,-0.02,0.0,0.0,12.3462,2026-09-25,0.0,2023-01-20,5.89,100.0,2695.35,HDFC Mutual Fund,NIFTY Long Duration Debt Index,3,2026-08-31,-0.9523,-1.2359,1.7136,5.4031,,1.0112414707181754,Nil,-,,,,Unrated,,,Debt : Long Duration,12.3462
HDFC NIFTY Smallcap 250 ETF,Growth,HDFC NIFTY Smallcap 250 ETF,350,EQ,400013,44,37,46874,Open ended scheme,0.26,Arun Agarwal,0.02,66.33,,183.161,2026-09-25,0.0,2023-02-15,21.26,500.0,2691.1371999999997,HDFC Mutual Fund,Nifty Smallcap 250 - TRI,3,2026-08-31,-0.9979,2.7902,6.7178,14.8559,,9.078164714514052,null,Financials,,,,Unrated,,,Equity : ETFs,183.161
UTI Ultra Short to Short Term Fund-Reg(G),Growth,UTI Ultra Short to Short Term Fund-Reg(G),435,NEQ,400032,23,339,3601,Open ended scheme,0.43,Anurag Mittal,-0.03,0.0,0.0,3824.3377,2026-09-25,0.0,2007-04-23,7.14,20000.0,2679.9442,UTI Mutual Fund,NIFTY Low Duration Debt Index,3,2026-08-31,0.4249,1.4455,6.0755,7.1209,6.8998,4.350661808277123,Nil,-,,,,4,,,Debt : Low Duration,3824.3377
ICICI Pru Equity Minimum Variance Fund-Reg(G),Growth,ICICI Pru Equity Minimum Variance Fund-Reg(G),154,EQ,400015,13,1096,48947,Open ended scheme,2.94,Aatur Shah,0.49,221.0,1.0,10.18,2026-09-25,0.0,2024-12-06,0.99,5000.0,2671.8563856250003,ICICI Prudential Mutual Fund,NIFTY 50 - TRI,3,2026-08-31,-3.6897,-3.1399,-3.5071,,,-8.122743682310473,"1% on or before 1M, NIL after 1M",Financials,,,,Unrated,,,Equity : Thematic,10.18
DSP Nifty 50 Equal Weight Index Fund-Reg(G),Growth,DSP Nifty 50 Equal Weight Index Fund-Reg(G),359,EQ,400009,18,597,38179,Open ended scheme,1.04,Anil Ghelani,0.26,26.0,0.0,25.3864,2026-09-25,0.0,2017-10-23,10.99,100.0,2671.4437,DSP Mutual Fund,NIFTY50 Equal Weight - TRI,3,2026-08-31,-4.7575,-2.6024,-0.7161,10.3979,10.0824,-4.745037709654428,Nil,Financials,,,,5,,,Equity : Index Funds,25.3864
DSP Focused Fund-Reg(G),Growth,DSP Focused Fund-Reg(G),312,EQ,400009,51,1006,8463,Open ended scheme,2.1,Bhavin Gandhi,0.15,27.0,1.0,53.824,2026-09-25,0.0,2010-06-10,10.88,100.0,2671.2345,DSP Mutual Fund,NIFTY 500 - TRI,3,2026-08-31,-3.9817,-2.0099,-0.613,11.6641,8.9219,-4.106611555523882,"1% on or before 1M, Nil after 1M",Financials,,,,2,,,Equity : Focused,53.824
Union Small Cap Fund-Reg(G),Growth,Union Small Cap Fund-Reg(G),377,EQ,400045,5,695,15717,Open ended scheme,2.19,Pratik Dharmshi,0.13,40.0,1.0,60.07,2026-09-25,0.0,2014-06-10,15.69,1000.0,2667.4728000000005,Union Mutual Fund,BSE 250 Small Cap - TRI,3,2026-08-31,-0.1662,6.9813,20.768,16.5358,16.0624,23.14473144731447,"1% on or before 15D, Nil after 15D",Financials,,,,4,,,Equity : Small Cap,60.07
SBI Quality Fund-Reg(G),Growth,SBI Quality Fund-Reg(G),504,EQ,400027,13,391,50461,Open ended scheme,2.36,Anup Upadhyay,0.49,68.0,1.0,10.7392,2026-09-25,0.0,2026-02-17,7.39,5000.0,2658.5293,SBI Mutual Fund,NIFTY200 Quality 30 - TRI,3,2026-08-31,-2.4791,4.3776,,,,,"1% on or before 6M, Nil after 6M",Financials,,,,Unrated,,,Equity : Thematic,10.6872
Baroda BNP Paribas Mid Cap Fund-Reg(G),Growth,Baroda BNP Paribas Mid Cap Fund-Reg(G),349,EQ,400001,4,778,172,Open ended scheme,2.19,Rohan Korde,-0.22,50.0,1.0,108.6959,2026-09-25,0.0,2006-05-02,12.4,5000.0,2657.7792,Baroda BNP Paribas Mutual Fund,Nifty Midcap 150 - TRI,3,2026-08-31,-4.3046,-1.4279,7.9416,14.8289,13.3129,3.7112272830927164,"Nil upto 10% of Units within 12M, 1% exceding 10% of Units within 12M, Nil after 12M",Financials,,,,4,,,Equity : Mid Cap,108.6959
Bajaj Finserv Small Cap Fund-Reg(G),Growth,Bajaj Finserv Small Cap Fund-Reg(G),377,EQ,400060,5,120,49933,Open ended scheme,2.37,Nimesh Chandan,0.33,80.0,0.0,11.173,2026-09-25,0.0,2025-07-18,9.78,500.0,2646.9074,Bajaj Finserv Mutual Fund,BSE 250 Small Cap - TRI,3,2026-08-31,-0.3567,5.1675,15.9626,,,16.591881456746318,"Nil upto 10% of units and 1% for remaining units on or before 6M, Nil after 6M",Capital Goods,,,,Unrated,,,Equity : Small Cap,11.173
Kotak Multi Asset Omni FOF(G),Growth,Kotak Multi Asset Omni FOF(G),154,NEQ,400019,48,551,1981,Open ended scheme,1.16,Devender Singhal,0.22,40.43,0.0,257.84,2026-09-25,0.0,2004-08-09,15.81,100.0,2644.6555,Kotak Mahindra Mutual Fund,NIFTY 50 - TRI,3,2026-08-31,-2.3984,1.9691,7.1788,14.5067,13.9507,0.6777989535598139,"Nil upto 8% of units and 1% for remaining units on or before 1Y, Nil after 1Y",-,,,,Unrated,,,FoFs : Domestic,257.265
Baroda BNP Paribas Large Cap Fund-Reg(G),Growth,Baroda BNP Paribas Large Cap Fund-Reg(G),314,EQ,400001,1,85,23,Open ended scheme,2.1,Jitendra Sriram,0.32,55.0,1.0,215.1878,2026-09-25,0.0,2004-09-23,14.96,5000.0,2641.1346000000003,Baroda BNP Paribas Mutual Fund,NIFTY 100 - TRI,3,2026-08-31,-4.5895,-1.0745,-1.4163,10.0129,8.6256,-4.945835490431315,"1% on or before 30D, Nil after 30D",Financials,,,,2,,,Equity : Large Cap,215.1878
HDFC Income Plus Arbitrage Active FOF-Reg(G),Growth,HDFC Income Plus Arbitrage Active FOF-Reg(G),433,NEQ,400013,48,27,16034,Open ended scheme,0.34,Anil Bamboli,0.0,0.0,0.0,41.3655,2026-09-25,0.0,2012-02-06,10.18,100.0,2625.6844,HDFC Mutual Fund,NIFTY Composite Debt Index,3,2026-08-31,0.1154,0.9089,5.2426,8.2093,9.511,3.6020467199134294,NIL,-,,,,Unrated,,,FoFs : Domestic,41.3655
SBI CRISIL IBX Gilt Index - June 2036 Fund-Reg(G),Growth,SBI CRISIL IBX Gilt Index - June 2036 Fund-Reg(G),649,NEQ,400027,28,583,46941,Open ended scheme,0.49,Ranjana Gupta,-0.18,0.0,0.15,13.2797,2026-09-25,0.0,2022-10-04,7.39,5000.0,2616.2725,SBI Mutual Fund,CRISIL IBX Gilt Index - June 2036,3,2026-08-31,-1.3974,-0.8474,3.25,6.8766,,2.0173464135637036,"0.15% on or before 30D, Nil after 30D",-,,,,Unrated,,,Debt : Long Duration,13.2797
Axis Consumption Fund-Reg(G),Growth,Axis Consumption Fund-Reg(G),323,EQ,400040,14,622,49051,Open ended scheme,2.14,Hitesh Das,0.33,24.0,0.0,9.01,2026-09-25,0.0,2024-09-12,-4.99,100.0,2615.783,Axis Mutual Fund,Nifty India Consumption - TRI,3,2026-08-31,-5.4565,-0.5519,-7.5897,,,-6.5352697095435754,"NIL for 10% of investment and 1% for remaining investment on or before 90D, Nil after 90D",Automobile and Ancillaries,,,,Unrated,,,Equity : Thematic - Consumption,9.01
Axis Multi Asset Allocation Fund-Reg(G),Growth,Axis Multi Asset Allocation Fund-Reg(G),312,EQ,400040,42,500,8583,Open ended scheme,2.33,Ashish Naik,0.15,0.0,1.0,44.6689,2026-09-25,0.0,2010-08-23,9.74,100.0,2611.1292000000003,Axis Mutual Fund,NIFTY 500 - TRI,3,2026-08-31,-3.3302,1.3976,7.8388,12.7581,7.5682,1.279917649939694,"Nil on or before 12M for 10% of Investment and 1% for remaining investments, Nil after 12M",Financials,,,,Unrated,,,Hybrid : Multi Asset Allocation,44.6689
Bandhan Aggressive Hybrid Fund-Reg(G),Growth,Bandhan Aggressive Hybrid Fund-Reg(G),298,EQ,400028,54,798,34066,Open ended scheme,2.26,Prateek Poddar,-0.01,231.0,1.0,27.521,2026-09-25,0.0,2016-12-30,10.95,1000.0,2610.48529000995,Bandhan Mutual Fund,BSE 200 - TRI,3,2026-08-31,-2.9892,0.8723,5.0821,12.7427,9.7946,1.9069836332666834,Nil for 10% of investment and 1 % for remaining investment on or before 12M,Financials,,,,4,,,Hybrid : Aggressive Hybrid,27.521
Tata Business Cycle Fund-Reg(G),Growth,Tata Business Cycle Fund-Reg(G),312,EQ,400030,13,757,45373,Open ended scheme,2.16,Rahul Singh (Tata),0.12,46.48,0.5,18.584,2026-09-25,0.0,2021-08-04,12.8,5000.0,2602.3534202311,Tata Mutual Fund,NIFTY 500 - TRI,3,2026-08-31,-4.2595,-2.2414,0.1784,10.1138,12.4092,-2.124051339579622,"0.50% on or before 30D, Nil after 30D",Financials,,,,Unrated,,,Equity : Thematic,18.584
Bandhan Mid Cap Fund-Reg(G),Growth,Bandhan Mid Cap Fund-Reg(G),374,EQ,400028,4,720,45868,Open ended scheme,2.12,Ritu Modi,-0.48,31.0,1.0,19.004,2026-09-25,0.0,2022-08-18,16.92,1000.0,2581.28552752521,Bandhan Mutual Fund,BSE 150 MidCap - TRI,3,2026-08-31,-2.3182,2.6799,8.5819,16.4579,,9.786250722125954,"1% on or before 1Y, Nil after 1Y",Financials,,,,Unrated,,,Equity : Mid Cap,19.004
Parag Parikh Dynamic Asset Allocation Fund-Reg(G),Growth,Parag Parikh Dynamic Asset Allocation Fund-Reg(G),415,EQ,400049,41,474,48512,Open ended scheme,0.75,Rajeev Thakkar,-0.01,0.0,0.0,11.7254,2026-09-25,0.0,2024-02-27,6.37,5000.0,2574.8249,PPFAS Mutual Fund,CRISIL Hybrid 50+50 - Moderate Index,3,2026-08-31,-0.251,0.1537,3.2675,,,2.247181213320891,"Nil upto 10% of units and 1% for remaining units on or before 1Y, Nil after 1Y",Energy,,,,Unrated,,,Hybrid : Dynamic Asset Allocation,11.7254
DSP Natural Res & New Energy Fund-Reg(G),Growth,DSP Natural Res & New Energy Fund-Reg(G),13,EQ,400009,12,333,4584,Open ended scheme,2.13,Rohit Singhania,-0.12,26.0,0.0,107.219,2026-09-25,0.0,2008-04-25,13.74,100.0,2574.3701,DSP Mutual Fund,BSE OIL & GAS Index,3,2026-08-31,-1.9111,1.6506,15.6923,18.5627,15.4535,6.931689144769597,Nil,Energy,,,,Unrated,,,Equity : Sectoral - Energy / Power,107.353
Zerodha Gold ETF,Growth,Zerodha Gold ETF,65,NEQ,400062,56,1015,48500,Open ended scheme,0.35,Shyam Agarwal,0.83,,,23.7047,2026-09-25,0.0,2024-02-26,39.72,500.0,2570.544370018,Zerodha Mutual Fund,Gold-India,3,2026-08-31,-6.1434,8.0182,32.7303,,,12.568829303327748,null,-,,,,Unrated,,,Metal : ETFs,23.51
Aditya Birla SL Nifty Bank ETF,Growth,Aditya Birla SL Nifty Bank ETF,311,EQ,400004,44,671,34434,Open ended scheme,0.16,Mehul Dama,0.26,26.0,,57.059,2026-09-25,0.0,2019-10-23,10.01,5000.0,2545.2028,Aditya Birla Sun Life Mutual Fund,NIFTY BANK - TRI,3,2026-08-31,-3.3734,-4.3206,1.5525,8.1002,8.6475,-6.2476380760219214,null,Financials,,,,Unrated,,,Equity : ETFs,57.059
Axis Global Equity Alpha FoF-Reg(G),Growth,Axis Global Equity Alpha FoF-Reg(G),57,NEQ,400040,49,1014,23016,Open ended scheme,1.59,Krishnaa N,0.98,,1.0,25.256,2026-09-25,0.0,2020-09-24,16.68,100.0,2534.9743,Axis Mutual Fund,MSCI World,5,2026-08-31,-1.206,6.5901,20.0015,24.0557,14.5775,12.939407485674812,"NIL upto 10% of investments and 1% for remaining investments on or before 12M, Nil after 12M",-,,,,Unrated,,,FoFs : Overseas,25.0119
WOC Large & Mid Cap Fund-Reg(G),Growth,WOC Large & Mid Cap Fund-Reg(G),376,EQ,400055,2,864,48333,Open ended scheme,2.38,Ramesh Mantri,0.06,215.0,0.0,13.443,2026-09-25,0.0,2023-12-22,11.31,500.0,2524.3565,WhiteOak Capital Mutual Fund,BSE 250 LargeMidCap Index - TRI,3,2026-08-31,-5.1439,-0.1782,2.6262,,,-0.9942554131683591,NIL,Financials,,,,Unrated,,,Equity : Large & Mid Cap,13.443
Motilal Oswal Nifty Microcap 250 Index Fund-Reg(G),Growth,Motilal Oswal Nifty Microcap 250 Index Fund-Reg(G),558,EQ,400042,18,549,41176,Open ended scheme,1.12,Swapnil P Mayekar,0.29,57.0,1.0,18.9712,2026-09-25,0.0,2023-07-05,21.95,500.0,2494.062,Motilal Oswal Mutual Fund,Nifty Microcap 250 - TRI,3,2026-08-31,0.713,6.0821,10.6076,16.8538,,16.770278088953987,"1% on or before 15D, Nil after 15D",Capital Goods,,,,Unrated,,,Equity : Index Funds,18.9712
Kotak Infra & Eco Reform Fund(G),Growth,Kotak Infra & Eco Reform Fund(G),319,EQ,400019,11,963,4228,Open ended scheme,2.12,Nalin Rasik Bhatt,0.13,31.11,0.5,69.946,2026-09-25,0.0,2008-02-25,11.03,100.0,2492.9773,Kotak Mahindra Mutual Fund,Nifty Infrastructure - TRI,3,2026-08-31,-1.4887,0.7098,7.2249,15.2393,16.9493,7.013249288577467,"0.50% on or before 90D, Nil after 90D",Infrastructure,,,,3,,,Equity : Sectoral - Infrastructure,69.946
UTI Focused Fund-Reg(G),Growth,UTI Focused Fund-Reg(G),312,EQ,400032,51,630,45685,Open ended scheme,2.28,Vishal Chopda,0.18,80.0,1.0,14.9999,2026-09-25,0.0,2021-08-25,8.3,5000.0,2487.3335,UTI Mutual Fund,NIFTY 500 - TRI,3,2026-08-31,-5.1336,-0.3792,-3.4855,8.2846,7.6378,-5.176152275471433,"1% upto 1Y, Nil on or after 1Y",Financials,,,,Unrated,,,Equity : Focused,14.9999
Kotak Nifty 1D Rate Liquid ETF,Growth,Kotak Nifty 1D Rate Liquid ETF,293,NEQ,400019,21,699,47545,Open ended scheme,0.19,Satish Dondapati,0.01,0.0,,1124.3971,2026-09-27,0.0,2023-01-24,5.93,5000.0,2480.9165,Kotak Mahindra Mutual Fund,Nifty 1D Rate Index,1,2026-08-31,0.392,1.2247,5.038,5.8375,,3.639339647599326,null,-,,,,Unrated,,,Debt : Liquid,1124.246
iSIF Equity Ex-Top 100 Long-Short Fund-Reg(G),Growth,iSIF Equity Ex-Top 100 Long-Short Fund-Reg(G),312,EQ,400077,58,182,75053,Open ended scheme,2.74,Sankaran Naren,0.2,157.0,1.0,10.25,2026-09-25,0.0,2026-02-04,2.5,1000000.0,2475.266030368,ICICI Pru iSIF,NIFTY 500 - TRI,3,2026-08-31,-1.7258,1.6865,,,,,"1% on or before 12M, Nil after 12M",Financials,,,,Unrated,,,Hybrid : Long - Short,10.25
HSBC Infrastructure Fund-Reg(G),Growth,HSBC Infrastructure Fund-Reg(G),319,EQ,400014,11,206,594,Open ended scheme,2.09,Venugopal Manghat,0.3,26.0,0.0,49.9072,2026-09-25,0.0,2007-09-27,8.83,5000.0,2466.091,HSBC Mutual Fund,Nifty Infrastructure - TRI,5,2026-08-31,-2.402,-1.778,6.9075,14.7913,16.5466,8.255515571144418,"Nil upto 10% of units and 1% for remaining units on or before 90D, Nil after 90D",Capital Goods,,,,2,,,Equity : Sectoral - Infrastructure,49.9072
Bajaj Finserv Large & Mid Cap Fund-Reg(G),Growth,Bajaj Finserv Large & Mid Cap Fund-Reg(G),366,EQ,400060,2,120,48063,Open ended scheme,2.6,Nimesh Chandan,-0.11,203.0,0.0,12.061,2026-09-25,0.0,2024-02-27,7.54,500.0,2463.0559,Bajaj Finserv Mutual Fund,NIFTY LargeMidcap 250 - TRI,3,2026-08-31,-3.6661,-1.2446,0.1578,,,-4.034054742202416,"Nil upto 10% of units and 1% for remaining units or before 6M, Nil after 6M",Financials,,,,Unrated,,,Equity : Large & Mid Cap,12.061
Union Flexi Cap Fund-Reg(G),Growth,Union Flexi Cap Fund-Reg(G),379,EQ,400045,50,717,14559,Open ended scheme,2.59,Sanjay Bembalkar,0.17,117.0,1.0,51.63,2026-09-25,0.0,2011-06-10,11.32,1000.0,2452.3156,Union Mutual Fund,BSE 500 - TRI,3,2026-08-31,-3.1332,0.6041,0.9977,10.0949,8.5892,-0.8259700345754892,"1% on or before 15D, Nil after 15D",Financials,,,,4,,,Equity : Flexi Cap,51.63
Nippon India Consumption Fund(G),Growth,Nippon India Consumption Fund(G),323,EQ,400025,14,643,2644,Open ended scheme,2.2,Kinjal Desai,0.45,50.0,1.0,187.5004,2026-09-25,0.0,2004-09-30,14.25,5000.0,2452.3063433840002,Nippon India Mutual Fund,Nifty India Consumption - TRI,3,2026-08-31,-5.8201,0.4428,-8.0114,8.0779,10.5033,-5.872537128812269,"1% on or before 1M, Nil after 1M",FMCG,,,,5,,,Equity : Thematic - Consumption,187.5004
Nippon India ETF Nifty 8-13 yr G-Sec Long Term Gilt,Growth,Nippon India ETF Nifty 8-13 yr G-Sec Long Term Gilt,270,NEQ,400025,45,550,35459,Open ended scheme,0.11,Pranay Sinha,0.0,0.0,,29.6499,2026-09-25,0.0,2016-07-05,6.61,5000.0,2446.45518811238,Nippon India Mutual Fund,Nifty 8-13 yr G-Sec,3,2026-08-31,-1.1713,-0.4482,2.5913,6.6712,5.3885,1.6357759137824057,null,-,,,,Unrated,,,Debt : ETFs,29.6499
Mirae Asset Ultra Short to Short Term Fund-Reg Savings Plan(G),Growth,Mirae Asset Ultra Short to Short Term Fund-Reg Savings Plan(G),435,NEQ,400033,23,916,4609,Open ended scheme,0.87,Basant Bafna,-0.04,0.0,0.0,2421.8018,2026-09-25,0.0,2008-03-05,4.88,5000.0,2433.819,Mirae Asset Mutual Fund,NIFTY Low Duration Debt Index,3,2026-08-31,0.3684,1.3044,5.6026,6.7285,5.9423,4.0458010839778895,Nil,-,,,,2,,,Debt : Low Duration,2421.8018
Sundaram Ultra Short Term Fund(G),Growth,Sundaram Ultra Short Term Fund(G),434,NEQ,400029,22,450,4186,Open ended scheme,1.39,Sandeep Agarwal,-0.01,0.0,0.0,2862.6783,2026-09-25,0.0,2007-12-28,5.77,1000.0,2416.23767143975,Sundaram Mutual Fund,NIFTY Ultra Short Duration Debt Index,3,2026-08-31,0.4395,1.4176,5.288,5.9546,5.3455,3.9449074379686344,Nil,-,,,,1,,,Debt : Ultra Short Duration,2862.6783
ICICI Pru Multi-Asset Active FOF-Reg(G),Growth,ICICI Pru Multi-Asset Active FOF-Reg(G),326,NEQ,400015,48,645,50894,Open ended scheme,1.55,Dharmesh Kakkad,0.21,,0.0,10.0082,2026-09-25,0.0,2026-07-17,0.08,1000.0,2390.483838918,ICICI Prudential Mutual Fund,NIFTY 200 - TRI,3,2026-08-31,-2.1987,,,,,,"NIL upto 30% of units and 1% for remaining units on or before 1Y, NIL after 1Y",-,,,,Unrated,,,FoFs : Domestic,9.9869
SBI Nifty Next 50 Index Fund-Reg(G),Growth,SBI Nifty Next 50 Index Fund-Reg(G),165,EQ,400027,18,1000,45529,Open ended scheme,0.76,Viral Chhadva,0.55,32.0,0.25,19.4552,2026-09-25,0.0,2021-05-19,13.23,5000.0,2366.0565,SBI Mutual Fund,NIFTY NEXT 50 - TRI,3,2026-08-31,-3.6762,-0.3733,5.3084,16.8213,10.8138,3.7837607156765083,"0.25% on or before 30D, Nil after 30D",Financials,,,,Unrated,,,Equity : Index Funds,19.4552
Franklin India Aggressive Hybrid Fund(G),Growth,Franklin India Aggressive Hybrid Fund(G),301,EQ,400012,54,815,999,Open ended scheme,2.18,Rajasa Kakulavarapu,0.17,85.9,1.0,262.0706,2026-09-25,0.0,1999-12-10,12.95,5000.0,2364.533137039,Franklin Templeton Mutual Fund,CRISIL Hybrid 35+65 - Aggressive Index,3,2026-08-31,-3.0163,-1.9415,-2.8703,8.4902,7.9954,-4.341995472434191,"Nil upto 10% of units on or before 1Y, For excess units 1% on or before 1Y & Nil after 1Y",Financials,,,,4,,,Hybrid : Aggressive Hybrid,262.0706
Mirae Asset Banking and Financial Services Fund-Reg(G),Growth,Mirae Asset Banking and Financial Services Fund-Reg(G),330,EQ,400033,8,1170,45174,Open ended scheme,2.11,Abhijith Vara,-0.07,22.0,1.0,20.731,2026-09-25,0.0,2020-12-11,13.41,5000.0,2356.5166,Mirae Asset Mutual Fund,Nifty Financial Services - TRI,3,2026-08-31,-4.5138,-3.8986,2.103,10.5379,10.1726,-5.708177931410893,"1% on or before 30D, NIL after 30D",Financials,,,,Unrated,,,Equity : Sectoral - Financial Services,20.731
Kotak Dynamic Term Fund-Reg(G),Growth,Kotak Dynamic Term Fund-Reg(G),433,NEQ,400019,31,61,5430,Open ended scheme,1.35,Deepak Agrawal,-0.11,0.0,0.0,39.6002,2026-09-25,0.0,2008-05-26,7.79,100.0,2341.9964,Kotak Mahindra Mutual Fund,NIFTY Composite Debt Index,5,2026-08-31,-0.23,0.9802,5.2559,6.9463,5.6976,3.9206218410652327,Nil,-,,,,4,,,Debt : Dynamic Bond,39.6002
UTI Nifty Next 50 ETF,Growth,UTI Nifty Next 50 ETF,165,EQ,400032,44,620,37338,Open ended scheme,0.19,Sharwan Kumar Goyal,0.56,35.0,,77.6102,2026-09-25,0.0,2017-08-04,11.73,5000.0,2329.645,UTI Mutual Fund,NIFTY NEXT 50 - TRI,1,2026-08-31,-3.6229,-0.2413,6.0185,17.6724,11.6172,4.314644738380744,null,Financials,,,,Unrated,,,Equity : ETFs,77.6102
SBI Dynamic Asset Allocation Active FoF-Reg(G),Growth,SBI Dynamic Asset Allocation Active FoF-Reg(G),450,NEQ,400027,48,418,49973,Open ended scheme,1.34,Nidhi Chawla,0.1,,0.0,10.1814,2026-09-25,0.0,2025-09-15,1.77,5000.0,2328.4989,SBI Mutual Fund,NIFTY 50 Hybrid Composite Debt 50:50 Index,3,2026-08-31,-1.9029,0.8439,2.1849,,,-0.4882057704160919,"Nil upto 25% of investments and 1% for remaining investments on or before 12M, Nil after 12M",-,,,,Unrated,,,FoFs : Domestic,10.1712
HDFC Infrastructure Fund(G),Growth,HDFC Infrastructure Fund(G),166,EQ,400013,11,1180,4253,Open ended scheme,2.22,Ashish Shah,0.11,34.3,1.0,46.152,2026-09-25,0.0,2008-03-10,8.59,100.0,2324.6273,HDFC Mutual Fund,BSE India Infrastructure Index - TRI,3,2026-08-31,-1.8815,-4.0698,-2.9972,13.4651,18.2202,-2.83175779522917,"1% on or before 30D, Nil after 30D",Infrastructure,,,,1,,,Equity : Sectoral - Infrastructure,46.152
Edelweiss Money Market Fund-Reg(G),Growth,Edelweiss Money Market Fund-Reg(G),420,NEQ,400035,31,566,5437,Open ended scheme,0.7,Rahul Dedhia,-0.01,0.0,0.0,30.5682,2026-09-25,0.0,2008-06-27,6.31,100.0,2322.3917,Edelweiss Mutual Fund,CRISIL Money Market Index,3,2026-08-31,0.507,1.5933,5.9431,6.6136,5.7501,4.357889777650332,Nil,-,,,,2,,,Debt : Dynamic Bond,30.5682
Kotak MNC Fund-Reg(G),Growth,Kotak MNC Fund-Reg(G),316,EQ,400019,16,75,49046,Open ended scheme,2.24,Harsha Upadhyaya,-0.02,46.99,0.5,12.409,2026-09-25,0.0,2024-10-28,11.97,100.0,2309.1857,Kotak Mahindra Mutual Fund,NIFTY MNC - TRI,3,2026-08-31,-1.8353,0.9026,17.9226,,,15.389622466059153,"0.50% on or before 90D, Nil after 90D",Capital Goods,,,,Unrated,,,Equity : Thematic - MNC,12.409
WOC Balanced Advantage Fund-Reg(G),Growth,WOC Balanced Advantage Fund-Reg(G),415,EQ,400055,41,864,46990,Open ended scheme,2.28,Ramesh Mantri,0.16,258.0,0.0,14.615,2026-09-25,0.0,2023-02-10,11.04,500.0,2302.3876999999998,WhiteOak Capital Mutual Fund,CRISIL Hybrid 50+50 - Moderate Index,3,2026-08-31,-2.6834,1.3523,1.939,9.932,,-0.36133078811016534,NIL,Financials,,,,Unrated,,,Hybrid : Dynamic Asset Allocation,14.615
Axis CRISIL-IBX AAA Bond NBFC - Jun 2027 Index Fund-Reg(G),Growth,Axis CRISIL-IBX AAA Bond NBFC - Jun 2027 Index Fund-Reg(G),768,NEQ,400040,27,493,49127,Open ended scheme,0.49,Aditya Pagaria,-0.05,0.0,0.0,11.5148,2026-09-25,0.0,2024-09-24,7.3,5000.0,2295.1451,Axis Mutual Fund,CRISIL IBX AAA NBFC Index - Jun 2027,3,2026-08-31,0.4808,1.5746,6.0207,,,4.376359680928202,NIL,-,,,,Unrated,,,Debt : Medium to Long Duration,11.5148
Bandhan Balanced Advantage Fund-Reg(G),Growth,Bandhan Balanced Advantage Fund-Reg(G),450,EQ,400028,41,427,30671,Open ended scheme,2.32,Manish Gunwani,0.04,380.0,0.5,25.054,2026-09-25,0.0,2014-10-10,7.98,1000.0,2285.85537294757,Bandhan Mutual Fund,NIFTY 50 Hybrid Composite Debt 50:50 Index,3,2026-08-31,-1.8914,0.2481,3.2601,8.3706,6.5234,0.4087848669445205,"0.50% on or before 90D, Nil after 90D",Financials,,,,3,,,Hybrid : Dynamic Asset Allocation,25.054
Franklin India Dividend Yield Fund(G),Growth,Franklin India Dividend Yield Fund(G),312,EQ,400012,15,815,3367,Open ended scheme,2.14,Rajasa Kakulavarapu,0.2,40.56,1.0,133.6525,2026-09-25,0.0,2006-05-18,13.57,5000.0,2279.809250531,Franklin Templeton Mutual Fund,NIFTY 500 - TRI,3,2026-08-31,-2.286,-1.5633,-2.2964,10.2753,11.4803,-4.874201277955273,1% on or before 1Y,Financials,,,,Unrated,,,Equity : Thematic - Dividend Yield,133.3892
HDFC CRISIL-IBX Financial Services 3-6 Months Debt Index Fund-Reg(G),Growth,HDFC CRISIL-IBX Financial Services 3-6 Months Debt Index Fund-Reg(G),779,NEQ,400013,22,32,49838,Open ended scheme,0.25,Anupam Joshi,-0.01,0.0,0.0,10.9731,2026-09-25,0.0,2025-05-06,6.89,100.0,2264.1820000000002,HDFC Mutual Fund,CRISIL-IBX Financial Services 3-6 Months Debt Index,3,2026-08-31,0.5093,1.6951,6.9201,,,5.132504263513905,NIL,-,,,,Unrated,,,Debt : Ultra Short Duration,10.9731
WOC Arbitrage Fund-Reg(G),Growth,WOC Arbitrage Fund-Reg(G),717,EQ,400055,38,864,48900,Open ended scheme,3.31,Ramesh Mantri,0.06,1713.0,0.0,11.371,2026-09-25,0.0,2024-09-09,6.49,500.0,2254.6058,WhiteOak Capital Mutual Fund,Nifty 50 Arbitrage - TRI,3,2026-08-31,0.4949,1.6084,6.4103,,,4.63789454311217,"NIL upto 10% of units and 0.25% for remaining units on or before 7D, NIL after 7D",Financials,,,,Unrated,,,Hybrid : Arbitrage,11.371
Tata Retirement Sav Fund - Prog Plan(G),Growth,Tata Retirement Sav Fund - Prog Plan(G),312,EQ,400030,50,567,15380,Open ended scheme,2.18,Sonam Udasi,-0.15,56.09,1.0,67.2466,2026-09-25,5.0,2011-11-04,13.64,5000.0,2254.570108487,Tata Mutual Fund,NIFTY 500 - TRI,3,2026-08-31,-4.4472,0.5103,4.7762,11.4977,8.5325,2.7409147994120886,"Nil on or after age of 60Y, 1% before 61 months from the Date of allotment",Financials,,,,4,,,Equity : Flexi Cap,67.2466
LIC MF Multi Cap Fund-Reg(G),Growth,LIC MF Multi Cap Fund-Reg(G),534,EQ,400020,3,817,46624,Open ended scheme,2.18,Dikshit Mittal,0.26,44.0,0.0,18.1864,2026-09-25,0.0,2022-10-31,16.56,5000.0,2253.9214,LIC Mutual Fund,Nifty500 Multicap 50:25:25 - TRI,3,2026-08-31,-3.1675,0.7239,7.0897,16.2563,,4.971399876479789,"Nil upto 12% of units and 1% for remaining units on or before 12M, Nil after 12M",Financials,,,,Unrated,,,Equity : Multi Cap,18.1864
Motilal Oswal BSE Enhanced Value Index Fund-Reg(G),Growth,Motilal Oswal BSE Enhanced Value Index Fund-Reg(G),562,EQ,400042,18,549,46741,Open ended scheme,1.16,Swapnil P Mayekar,-0.11,34.0,1.0,26.0867,2026-09-25,0.0,2022-08-22,26.38,500.0,2251.3088000000002,Motilal Oswal Mutual Fund,BSE Enhanced Value Index - TRI,3,2026-08-31,-2.8121,-4.2251,5.1023,18.9802,,-6.002003430333957,"1% on or before 15D, Nil after 15D",Financials,,,,Unrated,,,Equity : Index Funds,26.0867
Tata Retirement Sav Fund - Mod Plan(G),Growth,Tata Retirement Sav Fund - Mod Plan(G),421,EQ,400030,54,567,15379,Open ended scheme,2.15,Sonam Udasi,-0.12,55.5,1.0,66.56,2026-09-25,5.0,2011-11-04,13.56,5000.0,2251.23408975,Tata Mutual Fund,CRISIL Hybrid 25+75 - Aggressive Index,3,2026-08-31,-3.9261,0.6445,4.5403,10.8324,8.5865,2.4452335107963097,"Nil on or after age of 60Y, 1% before 61 months from the Date of allotment",Financials,,,,3,,,Hybrid : Aggressive Hybrid,66.56
360 ONE Flexicap Fund-Reg(G),Growth,360 ONE Flexicap Fund-Reg(G),379,EQ,400047,50,575,47567,Open ended scheme,2.4,Mayur Patel,-0.08,76.0,1.0,16.2469,2026-09-25,0.0,2023-06-30,16.15,1000.0,2249.87004629067,360 ONE Mutual Fund,BSE 500 - TRI,3,2026-08-31,-1.2587,4.2832,8.1994,15.8023,,6.817225509533197,"1% on or before 365D, Nil after 365D",Financials,,,,Unrated,,,Equity : Flexi Cap,16.2469
Axis Income Plus Arbitrage Omni FOF-Reg(G),Growth,Axis Income Plus Arbitrage Omni FOF-Reg(G),433,NEQ,400040,48,298,43840,Open ended scheme,0.54,Devang Shah,0.01,,0.0,15.3984,2026-09-25,0.0,2020-01-28,6.69,100.0,2234.4305,Axis Mutual Fund,NIFTY Composite Debt Index,3,2026-08-31,0.2037,0.9447,5.4216,7.3972,6.2449,3.7818892595962765,Nil,-,,,,Unrated,,,FoFs : Domestic,15.3976
Helios Mid Cap Fund-Reg(G),Growth,Helios Mid Cap Fund-Reg(G),349,EQ,400061,4,972,49111,Open ended scheme,2.45,Alok Bahl,-0.22,52.0,0.0,13.75,2026-09-25,0.0,2025-03-13,23.02,5000.0,2228.7088,Helios Mutual Fund,Nifty Midcap 150 - TRI,3,2026-08-31,-2.2743,2.3827,10.7085,,,8.1825334382376,"Nil upto 10% of units and 1% for remaining units on or before 3M, Nil after 3M",Financials,,,,Unrated,,,Equity : Mid Cap,13.75
DSP Value Fund-Reg(G),Growth,DSP Value Fund-Reg(G),312,EQ,400009,17,796,44293,Open ended scheme,2.46,Abhishek Singh,-0.99,34.0,0.0,23.127,2026-09-24,0.0,2020-12-10,15.58,100.0,2220.3532,DSP Mutual Fund,NIFTY 500 - TRI,3,2026-08-31,-3.291,-1.6165,4.279,15.2171,11.3936,0.35582555868950827,"NIL upto 10% of units and 1% for remaining units on or before 1M, NIL after 1M",Financials,,,,Unrated,,,Equity : Value / Contra,23.127
SBI Credit Risk Fund-Reg(G),Growth,SBI Credit Risk Fund-Reg(G),451,NEQ,400027,35,288,2770,Open ended scheme,1.55,Lokesh Mallya,-0.06,0.0,3.0,49.7619,2026-09-25,0.0,2004-07-14,7.49,5000.0,2185.5397,SBI Mutual Fund,NIFTY Credit Risk Bond Index,3,2026-08-31,0.1068,1.68,7.2774,7.778,6.9898,5.630062662387277,"Nil for 8% of investment and 3% for remaining investment on or before 12M, Nil for 8% of investment and 1.5% for remaining investment after 12M but before 24M, Nil for 8% of investment and 0.75% for remaining investment after 24M but before 36M, Nil after 36M",-,,,,4,,,Debt : Credit Risk,49.7619
DSP Banking & Financial Services Fund-Reg(G),Growth,DSP Banking & Financial Services Fund-Reg(G),330,EQ,400009,8,870,48350,Open ended scheme,2.17,Preethi R S,0.33,48.0,0.5,14.284,2026-09-25,0.0,2023-12-08,13.58,100.0,2183.6585,DSP Mutual Fund,Nifty Financial Services - TRI,3,2026-08-31,-6.0387,-2.4717,7.3178,,,0.4147627416520284,"0.50% on or before 1M, Nil after 1M",Financials,,,,Unrated,,,Equity : Sectoral - Financial Services,14.284
Bandhan Large Cap Fund-Reg(G),Growth,Bandhan Large Cap Fund-Reg(G),300,EQ,400028,1,427,2860,Open ended scheme,2.21,Manish Gunwani,0.07,62.0,0.5,76.129,2026-09-25,0.0,2006-06-09,10.51,1000.0,2179.99301026296,Bandhan Mutual Fund,BSE 100 - TRI,3,2026-08-31,-4.7161,-0.9936,-1.0952,11.1706,8.5286,-5.253266957062838,"0.50% on or before 30D, Nil after 30D",Financials,,,,3,,,Equity : Large Cap,76.129
UTI Multi Cap Fund-Reg(G),Growth,UTI Multi Cap Fund-Reg(G),534,EQ,400032,3,286,49884,Open ended scheme,2.28,Karthikraj Lakshmanan,0.12,90.0,1.0,10.5067,2026-09-25,0.0,2025-05-16,3.7,1000.0,2177.6527,UTI Mutual Fund,Nifty500 Multicap 50:25:25 - TRI,3,2026-08-31,-2.5,1.5356,1.6466,,,-1.3464662303640318,"1% on or before 90D, Nil after 90D",Financials,,,,Unrated,,,Equity : Multi Cap,10.5067
Mirae Asset Balanced Advantage Fund-Reg(G),Growth,Mirae Asset Balanced Advantage Fund-Reg(G),450,EQ,400033,41,610,46224,Open ended scheme,2.28,Harshad Borawake,0.03,240.0,1.0,14.527,2026-09-25,0.0,2022-08-11,9.47,5000.0,2169.2003,Mirae Asset Mutual Fund,NIFTY 50 Hybrid Composite Debt 50:50 Index,3,2026-08-31,-1.944,0.0275,2.8169,8.745,,-0.28143876990664723,"1% on or before 6M (180D), Nil after 6M (180D)",Financials,,,,Unrated,,,Hybrid : Dynamic Asset Allocation,14.527
Axis Business Cycles Fund-Reg(G),Growth,Axis Business Cycles Fund-Reg(G),312,EQ,400040,13,500,47580,Open ended scheme,2.28,Ashish Naik,0.36,108.0,0.0,16.96,2026-09-25,0.0,2023-02-22,15.84,100.0,2168.3864000000003,Axis Mutual Fund,NIFTY 500 - TRI,3,2026-08-31,-3.6364,2.3537,3.1003,12.2111,,1.9230769230769247,"Nil for 10% of investment and 1% for remaining investment on or before 12M, Nil after 12M",Financials,,,,Unrated,,,Equity : Thematic,16.96
Aditya Birla SL CRISIL-IBX Financial Services 3 to 6 Months Debt Index Fund-Reg(G),Growth,Aditya Birla SL CRISIL-IBX Financial Services 3 to 6 Months Debt Index Fund-Reg(G),779,NEQ,400004,22,788,49477,Open ended scheme,0.38,Harshil Suvarnkar,-0.01,0.0,0.0,11.2803,2026-09-25,0.0,2024-12-17,7.03,1000.0,2164.4578,Aditya Birla Sun Life Mutual Fund,CRISIL-IBX Financial Services 3-6 Months Debt Index,3,2026-08-31,0.515,1.6985,6.7078,,,5.005305978068633,Nil,-,,,,Unrated,,,Debt : Ultra Short Duration,11.2803
ICICI Pru Active Momentum Fund-Reg(G),Growth,ICICI Pru Active Momentum Fund-Reg(G),312,EQ,400015,13,1119,49705,Open ended scheme,2.86,Manasvi Shah,0.65,235.0,1.0,10.82,2026-09-25,0.0,2025-07-25,6.97,500.0,2162.958032606,ICICI Prudential Mutual Fund,NIFTY 500 - TRI,3,2026-08-31,-2.3466,-0.6428,7.5547,,,1.6917293233082678,"1% on or before 1M, NIL after 1M",Automobile and Ancillaries,,,,Unrated,,,Equity : Thematic,10.82
HDFC NIFTY Bank ETF,Growth,HDFC NIFTY Bank ETF,311,EQ,400013,44,37,33563,Open ended scheme,0.17,Arun Agarwal,0.26,29.61,,57.2924,2026-09-25,0.0,2020-08-21,16.71,5000.0,2161.3916,HDFC Mutual Fund,NIFTY BANK - TRI,3,2026-08-31,-3.3757,-4.3283,1.5283,8.0941,8.6222,-6.266575265817775,null,Financials,,,,Unrated,,,Equity : ETFs,57.2924
Quant Aggressive Hybrid Fund(G),Growth,Quant Aggressive Hybrid Fund(G),370,EQ,400010,54,791,865,Open ended scheme,2.68,Sandeep Tandon,0.52,321.0,1.0,455.8291,2026-09-25,0.0,2001-03-20,16.14,5000.0,2158.2651,Quant Mutual Fund,NIFTY 50 Hybrid Composite Debt 65:35 Index,5,2026-08-31,-2.5583,-3.0718,7.0895,11.9793,11.0509,4.932550955106099,"1% on or before 15D, Nil after 15D",Energy,,,,5,,,Hybrid : Aggressive Hybrid,455.8291
ICICI Pru Retirement Fund-Pure Equity Plan(G),Growth,ICICI Pru Retirement Fund-Pure Equity Plan(G),312,EQ,400015,50,1162,25667,Open ended scheme,2.13,Sanket Gaidhani,0.23,48.0,0.0,34.64,2026-09-25,5.0,2019-02-27,17.81,5000.0,2157.9361266642,ICICI Prudential Mutual Fund,NIFTY 500 - TRI,3,2026-08-31,-3.5097,-0.5741,5.8356,18.3818,16.7442,1.4348462664714554,Nil,Financials,,,,4,,,Equity : Flexi Cap,34.64
ICICI Pru Quality Fund-Reg(G),Growth,ICICI Pru Quality Fund-Reg(G),504,EQ,400015,13,843,49893,Open ended scheme,2.43,Masoomi Jhurmarvala,0.1,155.0,1.0,10.49,2026-09-25,0.0,2025-05-23,3.63,5000.0,2144.4930580619002,ICICI Prudential Mutual Fund,NIFTY200 Quality 30 - TRI,3,2026-08-31,-2.6902,1.1572,3.1465,,,-1.0377358490565984,"1% on or before 1M, NIL after 1M",Financials,,,,Unrated,,,Equity : Thematic,10.49
Edelweiss Nifty PSU Bond Plus SDL Apr 2027 50:50 Index Fund-Reg(G),Growth,Edelweiss Nifty PSU Bond Plus SDL Apr 2027 50:50 Index Fund-Reg(G),569,NEQ,400035,27,65,45387,Open ended scheme,0.43,Dhawal Dalal,-0.02,0.0,0.15,13.3148,2026-09-25,0.0,2021-10-14,5.95,100.0,2121.7969,Edelweiss Mutual Fund,Nifty PSU Bond Plus SDL Apr 2027 50:50 Index,3,2026-08-31,0.4307,1.4608,5.8604,7.1896,,4.22217699641499,"0.15% upto 30D, Nil after 30D",-,,,,Unrated,,,Debt : Medium to Long Duration,13.3148
UTI Infrastructure Fund-Reg(G),Growth,UTI Infrastructure Fund-Reg(G),319,EQ,400032,11,1106,3582,Open ended scheme,2.19,Deepesh Agarwal,0.04,32.0,1.0,141.0175,2026-09-25,0.0,2004-04-19,12.96,5000.0,2117.605,UTI Mutual Fund,Nifty Infrastructure - TRI,5,2026-08-31,-3.7753,-3.6119,0.6274,12.3043,12.4872,-1.4968277815523203,"1% on or before 30D, Nil after 30D",Energy,,,,2,,,Equity : Sectoral - Infrastructure,141.0175
HDFC Transportation and Logistics Fund-Reg(G),Growth,HDFC Transportation and Logistics Fund-Reg(G),632,EQ,400013,9,875,48114,Open ended scheme,2.13,Priya Ranjan,0.59,28.94,1.0,19.568,2026-09-25,0.0,2023-08-17,24.1,100.0,2115.7835,HDFC Mutual Fund,Nifty Transportation & Logistics - TRI,3,2026-08-31,-3.8191,8.0986,7.0987,23.9723,,8.560332871012498,"1% on or before 30D, Nil after 30D",Automobile and Ancillaries,,,,Unrated,,,Equity : Sectoral - Auto,19.568
Axis Medium Term Fund-Reg(G),Growth,Axis Medium Term Fund-Reg(G),430,NEQ,400040,26,298,8136,Open ended scheme,1.33,Devang Shah,-0.04,0.0,0.0,30.0979,2026-09-25,0.0,2012-03-28,7.89,100.0,2112.3145999999997,Axis Mutual Fund,NIFTY Medium Duration Debt Index,3,2026-08-31,-0.1413,0.7721,5.7811,7.5717,6.5674,4.016851214420984,NIL,-,,,,4,,,Debt : Medium Duration,30.0979
Mahindra Manulife Focused Fund-Reg(G),Growth,Mahindra Manulife Focused Fund-Reg(G),312,EQ,400054,51,95,45141,Open ended scheme,2.24,Krishna Sanghavi,0.34,62.0,1.0,25.6552,2026-09-25,0.0,2020-11-17,17.45,1000.0,2108.8562,Mahindra Manulife Mutual Fund,NIFTY 500 - TRI,3,2026-08-31,-4.6654,-4.8126,-2.6109,10.9242,10.8543,-5.9904727006229335,"1% on or before 3M, Nil after 3M",Financials,,,,Unrated,,,Equity : Focused,25.6552
Kotak Gilt Fund-PF&Trust(G),Growth,Kotak Gilt Fund-PF&Trust(G),447,NEQ,400019,29,8,2040,Open ended scheme,1.48,Abhishek Bisen,-0.05,0.0,0.0,99.0086,2026-09-25,0.0,2003-11-11,6.87,100.0,2107.8043,Kotak Mahindra Mutual Fund,Nifty All Duration G-Sec Index,3,2026-08-31,-0.739,-0.2836,1.8638,4.5834,4.2947,1.4543602628566932,Nil,-,,,,3,,,Debt : Gilt,99.0086
Kotak Gilt Fund-Reg(G),Growth,Kotak Gilt Fund-Reg(G),447,NEQ,400019,29,8,2042,Open ended scheme,1.48,Abhishek Bisen,-0.05,0.0,0.0,96.7759,2026-09-25,0.0,1998-12-29,8.52,100.0,2107.8043,Kotak Mahindra Mutual Fund,Nifty All Duration G-Sec Index,3,2026-08-31,-0.7389,-0.2836,1.8639,4.5831,4.2945,1.4543666643603075,Nil,-,,,,3,,,Debt : Gilt,96.7759
Axis Nifty 100 Index Fund-Reg(G),Growth,Axis Nifty 100 Index Fund-Reg(G),314,EQ,400040,18,397,43785,Open ended scheme,0.97,Nandik Mallik,0.37,,0.0,20.6863,2026-09-25,0.0,2019-10-18,11.04,100.0,2100.7405,Axis Mutual Fund,NIFTY 100 - TRI,3,2026-08-31,-4.7206,-3.1168,-4.8245,7.5964,6.2432,-8.737448603243507,Nil,Financials,,,,Unrated,,,Equity : Index Funds,20.6863
Bandhan Focused Fund-Reg(G),Growth,Bandhan Focused Fund-Reg(G),379,EQ,400028,51,427,2896,Open ended scheme,2.27,Manish Gunwani,-0.52,40.0,1.0,91.556,2026-09-25,0.0,2006-03-16,11.38,1000.0,2093.6996260602,Bandhan Mutual Fund,BSE 500 - TRI,3,2026-08-31,2.2287,4.2755,5.8353,14.959,11.1983,4.20669246528568,"Nil upto 10% of investment and 1% for remaining investment on or before 365D, Nil after 365D",Financials,,,,2,,,Equity : Focused,91.556
BHARAT Bond ETF FOF - April 2033 -Reg(G),Growth,BHARAT Bond ETF FOF - April 2033 -Reg(G),670,NEQ,400035,48,1036,47284,Open ended scheme,0.03,Hetul Raval,0.27,0.0,0.1,13.0608,2026-09-25,0.0,2022-12-14,7.31,100.0,2089.0765,Edelweiss Mutual Fund,NIFTY BHARAT Bond Index - April 2033,3,2026-08-31,-0.4634,0.0,4.2329,7.1486,,2.12862709432601,"0.10% on or before 30D, Nil after 30D",-,,,,Unrated,,,FoFs : Domestic,13.0262
Axis Silver ETF,Growth,Axis Silver ETF,199,NEQ,400040,56,493,46369,Open ended scheme,0.42,Aditya Pagaria,1.51,,,228.2959,2026-09-25,0.0,2022-09-21,40.84,500.0,2068.3935,Axis Mutual Fund,Silver,3,2026-08-31,-4.1248,5.7599,66.584,45.6497,,0.7204531487067276,null,-,,,,Unrated,,,Metal : ETFs,228.2959
Mirae Asset Ultra Short-Term Fund-Reg(G),Growth,Mirae Asset Ultra Short-Term Fund-Reg(G),434,NEQ,400033,22,916,45100,Open ended scheme,0.46,Basant Bafna,-0.02,0.0,0.0,1412.9919,2026-09-25,0.0,2020-10-07,5.96,5000.0,2065.6612,Mirae Asset Mutual Fund,NIFTY Ultra Short Duration Debt Index,3,2026-08-31,0.5002,1.5498,6.3815,7.1269,6.4405,4.688547562917398,Nil,-,,,,1,,,Debt : Ultra Short Duration,1412.9919
Bank of India Aggressive Hybrid Fund-Reg(G),Growth,Bank of India Aggressive Hybrid Fund-Reg(G),354,EQ,400034,54,14,32972,Open ended scheme,2.27,Alok Singh,-0.19,103.0,0.0,42.9,2026-09-25,0.0,2016-07-20,15.36,5000.0,2050.5802,Bank of India Mutual Fund,Nifty MidSmallcap 400 - TRI,3,2026-08-31,-0.2326,3.1002,12.6872,15.85,13.2922,11.111111111111109,"NIL for 10% of investments and 1% for remaining investments on or before 3M, NIL after 3M",Financials,,,,5,,,Hybrid : Aggressive Hybrid,42.9
ICICI Pru Medium to Long Term Fund(G),Growth,ICICI Pru Medium to Long Term Fund(G),418,NEQ,400015,27,297,6197,Open ended scheme,1.0,Manish Banthia,-0.07,0.0,0.0,42.0864,2026-09-25,0.0,2008-08-18,8.26,5000.0,2048.1707611085,ICICI Prudential Mutual Fund,CRISIL Medium to Long Term Debt Index,3,2026-08-31,-0.682,-0.0095,4.0594,6.5999,5.7484,2.659521271535583,Nil,-,,,,4,,,Debt : Medium to Long Duration,42.0864
ICICI Pru Rural Opportunities Fund-Reg(G),Growth,ICICI Pru Rural Opportunities Fund-Reg(G),759,EQ,400015,13,617,49521,Open ended scheme,2.21,Priyanka Khandelwal,0.47,75.0,1.0,10.61,2026-09-25,0.0,2025-01-28,3.64,5000.0,2046.8189321531,ICICI Prudential Mutual Fund,Nifty Rural - TRI,3,2026-08-31,-4.9283,-2.8388,-7.2552,,,-9.160958904109592,"1% on or before 1M, NIL after 1M",Financials,,,,Unrated,,,Equity : Thematic,10.61
SBI Medium to Long Term Fund-Reg(G),Growth,SBI Medium to Long Term Fund-Reg(G),418,NEQ,400027,27,633,2776,Open ended scheme,1.48,Mohit Jain,-0.07,0.0,1.0,73.6537,2026-09-25,0.0,1998-11-25,7.41,5000.0,2046.0643,SBI Mutual Fund,CRISIL Medium to Long Term Debt Index,3,2026-08-31,-0.3325,0.1858,3.6974,6.0419,5.4086,2.6207736367727565,"Nil for 10% of investment and 1% for remaining Investment on or before 1Y, Nil after 1Y",-,,,,4,,,Debt : Medium to Long Duration,73.6537
Mirae Asset Equity Savings Fund-Reg(G),Growth,Mirae Asset Equity Savings Fund-Reg(G),436,EQ,400033,55,610,39401,Open ended scheme,1.72,Harshad Borawake,0.12,430.0,1.0,21.197,2026-09-25,0.0,2018-12-17,10.14,5000.0,2040.6113,Mirae Asset Mutual Fund,NIFTY 50 Equity Savings Index,3,2026-08-31,-1.078,0.6744,4.0906,8.8918,7.801,1.2563294162606198,"1% on or before 90D, Nil after 90D",Financials,,,,3,,,Hybrid : Equity Savings,21.197
Aditya Birla SL Quant Fund-Reg(G),Growth,Aditya Birla SL Quant Fund-Reg(G),326,EQ,400004,13,501,48491,Open ended scheme,2.62,Harish Krishnan,0.2,,0.5,10.02,2026-09-25,0.0,2024-06-28,0.09,500.0,2035.3343,Aditya Birla Sun Life Mutual Fund,NIFTY 200 - TRI,3,2026-08-31,-3.0948,-0.1992,5.9197,,,-1.1834319526627315,"0.50% on or before 90D, Nil after 90D",Healthcare,,,,Unrated,,,Equity : Thematic,10.02
Tata Infrastructure Fund-Reg(G),Growth,Tata Infrastructure Fund-Reg(G),166,EQ,400030,11,439,3254,Open ended scheme,2.11,Abhinav Sharma,0.27,14.77,0.25,178.26,2026-09-25,0.0,2004-12-31,14.16,5000.0,2021.8776388878,Tata Mutual Fund,BSE India Infrastructure Index - TRI,5,2026-08-31,-1.8083,-3.1968,4.1991,12.044,15.1698,7.253026531676829,0.25% on or before 30D,Infrastructure,,,,3,,,Equity : Sectoral - Infrastructure,178.26
Invesco India Largecap Fund-Reg(G),Growth,Invesco India Largecap Fund-Reg(G),314,EQ,400021,1,736,7870,Open ended scheme,2.19,Hiten Jain,0.1,46.0,0.0,70.4,2026-09-25,0.0,2009-08-21,12.08,1000.0,2020.7604999999999,Invesco Mutual Fund,NIFTY 100 - TRI,3,2026-08-31,-4.5294,-0.4666,1.193,12.2797,9.2269,-0.6912117364931512,NIL,Financials,,,,3,,,Equity : Large Cap,70.4
HDFC Gilt Fund(G),Growth,HDFC Gilt Fund(G),447,NEQ,400013,29,27,1269,Open ended scheme,0.86,Anil Bamboli,-0.06,0.0,0.0,56.9267,2026-09-25,0.0,2001-07-25,7.15,100.0,2016.7326,HDFC Mutual Fund,Nifty All Duration G-Sec Index,3,2026-08-31,-0.9583,-0.588,2.6868,5.7941,4.9374,1.876767242922074,Nil,-,,,,2,,,Debt : Gilt,56.9267
ICICI Pru 10 year Constant Maturity Gilt Fund(G),Growth,ICICI Pru 10 year Constant Maturity Gilt Fund(G),232,NEQ,400015,30,297,30426,Open ended scheme,0.44,Manish Banthia,-0.02,0.0,0.0,25.833,2026-09-25,0.0,2014-09-12,8.2,500.0,2012.491410078,ICICI Prudential Mutual Fund,CRISIL 10 Year Gilt Index,3,2026-08-31,-1.14,-0.3614,3.6591,6.9189,5.5544,2.456610718025188,Nil,-,,,,Unrated,,,Debt : Gilt (10 Yr Constant Duration),25.833
LIC MF Ultra Short to Short Term Fund(G),Growth,LIC MF Ultra Short to Short Term Fund(G),368,NEQ,400020,23,553,2149,Open ended scheme,0.43,Rahul Singh,-0.02,0.0,0.0,42.4879,2026-09-25,0.0,2003-06-04,6.4,5000.0,2009.9069,LIC Mutual Fund,CRISIL Low Duration Debt Index,3,2026-08-31,0.4815,1.5172,5.8743,6.659,5.8877,4.384154640644273,Nil,-,,,,3,,,Debt : Low Duration,42.4879
Union Midcap Fund-Reg(G),Growth,Union Midcap Fund-Reg(G),374,EQ,400045,4,921,44313,Open ended scheme,2.4,Gaurav Chopra,0.0,86.0,1.0,51.46,2026-09-25,0.0,2020-03-23,28.6,1000.0,2005.3095999999998,Union Mutual Fund,BSE 150 MidCap - TRI,3,2026-08-31,-4.2783,0.902,7.6344,15.1736,13.2784,5.819453012543693,"1% on or before 15D, Nil after 15D",Financials,,,,Unrated,,,Equity : Mid Cap,51.46
Canara Rob Consumption Fund-Reg(G),Growth,Canara Rob Consumption Fund-Reg(G),323,EQ,400006,14,650,7876,Open ended scheme,2.16,Ennettee Fernandes,0.45,21.0,1.0,104.8,2026-09-25,0.0,2009-09-14,14.78,5000.0,1986.5523999999998,Canara Robeco Mutual Fund,Nifty India Consumption - TRI,3,2026-08-31,-5.2613,0.0095,-4.9864,9.2641,9.4045,-5.882352941176468,"1% on or before 1Y, Nil after 1Y",Financials,,,,4,,,Equity : Thematic - Consumption,104.8
Bajaj Finserv Multi Asset Allocation Fund-Reg(G),Growth,Bajaj Finserv Multi Asset Allocation Fund-Reg(G),154,EQ,400060,42,1109,48748,Open ended scheme,2.21,Anup Kulkarni,0.3,110.0,0.0,12.0904,2026-09-25,0.0,2024-06-03,8.56,500.0,1984.9796,Bajaj Finserv Mutual Fund,NIFTY 50 - TRI,3,2026-08-31,-3.3031,1.0675,7.8826,,,-1.57683509577421,"Nil upto 30% of units and 1% for remaining units on or before 3M, Nil after 3M",Financials,,,,Unrated,,,Hybrid : Multi Asset Allocation,12.0904
Motilal Oswal Gold ETF,Growth,Motilal Oswal Gold ETF,65,NEQ,400042,56,1057,50010,Open ended scheme,0.59,Dishant Mehta,0.82,30.0,,148.8859,2026-09-25,0.0,2025-07-28,43.27,500.0,1979.8317000000002,Motilal Oswal Mutual Fund,Gold-India,3,2026-08-31,-6.0503,7.8572,32.1371,,,13.25420255481253,null,-,,,,Unrated,,,Metal : ETFs,148.8859
Quant Value Fund-Reg(G),Growth,Quant Value Fund-Reg(G),312,EQ,400010,17,791,46064,Open ended scheme,2.46,Sandeep Tandon,0.62,329.0,1.0,21.6737,2026-09-25,0.0,2021-11-30,17.4,5000.0,1977.5410000000002,Quant Mutual Fund,NIFTY 500 - TRI,3,2026-08-31,-4.391,-5.7673,12.4277,18.5187,,9.636445492116332,"1% on or before 15D, Nil after 15D",Energy,,,,Unrated,,,Equity : Value / Contra,21.6737
Sundaram Flexi Cap Fund-Reg(G),Growth,Sundaram Flexi Cap Fund-Reg(G),312,EQ,400029,50,300,46622,Open ended scheme,2.15,S. Bharath,0.37,43.17,0.0,13.9251,2026-09-25,0.0,2022-09-06,8.51,100.0,1962.63325,Sundaram Mutual Fund,NIFTY 500 - TRI,3,2026-08-31,-4.3021,-3.2388,-5.8332,7.1601,,-8.970805496358853,"Nil upto 25% of units and 1% for remaining units on or before 365D, Nil after 365D",Financials,,,,Unrated,,,Equity : Flexi Cap,13.9251
SBI CRISIL IBX Gilt Index - Apr 2029 Fund-Reg(G),Growth,SBI CRISIL IBX Gilt Index - Apr 2029 Fund-Reg(G),652,NEQ,400027,27,583,46971,Open ended scheme,0.42,Ranjana Gupta,-0.05,0.0,0.15,13.2407,2026-09-25,0.0,2022-10-04,7.31,5000.0,1948.0214,SBI Mutual Fund,CRISIL IBX Gilt Index - April 2029,3,2026-08-31,-0.4249,0.373,4.1976,7.1215,,2.723901439920561,"0.15% on or before 30D, Nil after 30D",-,,,,Unrated,,,Debt : Medium to Long Duration,13.2407
WOC Special Opp Fund-Reg(G),Growth,WOC Special Opp Fund-Reg(G),379,EQ,400055,13,864,48833,Open ended scheme,2.87,Ramesh Mantri,0.23,300.0,0.0,14.386,2026-09-25,0.0,2024-06-04,17.05,500.0,1940.7035999999998,WhiteOak Capital Mutual Fund,BSE 500 - TRI,3,2026-08-31,-2.2956,4.6483,11.528,,,9.001363843006507,NIL,Financials,,,,Unrated,,,Equity : Thematic,14.386
Bandhan Dynamic Term Fund-Reg(G),Growth,Bandhan Dynamic Term Fund-Reg(G),433,NEQ,400028,31,200,7455,Open ended scheme,1.65,Suyash Choudhary,-0.01,0.0,0.0,35.7948,2026-09-25,0.0,2008-12-01,7.42,1000.0,1926.490902497,Bandhan Mutual Fund,NIFTY Composite Debt Index,1,2026-08-31,0.0954,-0.1801,6.0659,6.6357,5.2426,5.131948013804252,Nil,-,,,,4,,,Debt : Dynamic Bond,35.7948
Kotak Medium Term Fund(G),Growth,Kotak Medium Term Fund(G),417,NEQ,400019,26,61,22514,Open ended scheme,1.63,Deepak Agrawal,-0.08,0.0,0.0,24.4954,2026-09-25,0.0,2014-03-21,7.42,100.0,1926.0155,Kotak Mahindra Mutual Fund,CRISIL Medium Duration Debt Index,3,2026-08-31,-0.0616,1.0937,5.7797,7.8484,6.2844,3.73560662846786,Nil,-,,,,3,,,Debt : Medium Duration,24.4954
Templeton India Value Fund(G),Growth,Templeton India Value Fund(G),312,EQ,400012,17,10,3379,Open ended scheme,2.23,Ajay Argal,0.25,31.34,1.0,668.3429,2026-09-25,0.0,2003-09-05,16.28,5000.0,1922.065999729,Franklin Templeton Mutual Fund,NIFTY 500 - TRI,3,2026-08-31,-3.5643,-4.8679,-5.6752,7.8631,11.3305,-10.019154202029645,1% on or before 1Y,Financials,,,,4,,,Equity : Value / Contra,668.3429
LIC MF Nifty 8-13 yr G-Sec ETF,Growth,LIC MF Nifty 8-13 yr G-Sec ETF,270,NEQ,400020,45,964,31581,Open ended scheme,0.17,Pratik Shroff,-0.01,0.0,0.0,29.1777,2026-09-25,0.0,2014-12-24,6.83,5000.0,1917.5417000000002,LIC Mutual Fund,Nifty 8-13 yr G-Sec,3,2026-08-31,-1.1853,-0.4544,2.5733,6.6332,5.4004,1.6258633480664235,Nil,-,,,,Unrated,,,Debt : ETFs,29.1777
Franklin India Arbitrage Fund-Reg(G),Growth,Franklin India Arbitrage Fund-Reg(G),717,EQ,400012,38,1120,49339,Open ended scheme,1.89,Mukesh Jain,0.09,942.6,0.0,11.1933,2026-09-25,0.0,2024-11-19,6.29,5000.0,1905.9513022719998,Franklin Templeton Mutual Fund,Nifty 50 Arbitrage - TRI,3,2026-08-31,0.4586,1.4897,6.385,,,4.54091210505179,"Nil for 10% of units and 1% for remaining units on or before 30D, Nil after 30D",Financials,,,,Unrated,,,Hybrid : Arbitrage,11.1933
DSP BSE Liquid Rate ETF,Growth,DSP BSE Liquid Rate ETF,496,NEQ,400009,45,597,48724,Open ended scheme,0.31,Anil Ghelani,0.01,0.0,,1146.2317,2026-09-25,0.0,2024-03-27,5.56,5000.0,1904.8334,DSP Mutual Fund,BSE Liquid Rate Index,1,2026-08-31,0.3865,1.1998,4.9342,,,3.551196483729168,null,-,,,,Unrated,,,Debt : ETFs,1146.2317
Invesco India Financial Services Fund-Reg(G),Growth,Invesco India Financial Services Fund-Reg(G),330,EQ,400021,8,736,5348,Open ended scheme,2.16,Hiten Jain,-0.22,31.0,1.0,140.62,2026-09-25,0.0,2008-07-14,15.62,1000.0,1895.568,Invesco Mutual Fund,Nifty Financial Services - TRI,3,2026-08-31,-5.5988,-4.9544,4.2093,15.2057,11.7747,-3.4667398915356515,"Nil upto 10% of units and 1% for above the limits on or before 1Y, Nil after 1Y",Financials,,,,2,,,Equity : Sectoral - Financial Services,140.62
Axis Value Fund-Reg(G),Growth,Axis Value Fund-Reg(G),312,EQ,400040,17,936,45838,Open ended scheme,2.34,Nitin Arora,0.3,43.0,0.0,19.81,2026-09-25,0.0,2021-09-22,14.62,100.0,1879.9393,Axis Mutual Fund,NIFTY 500 - TRI,3,2026-08-31,-3.1296,2.9091,6.5054,16.5418,14.6165,2.5893319523562925,"NIL for 20% of investments and 1% for remaining investments on or before 12M, NIL after 12M",Financials,,,,Unrated,,,Equity : Value / Contra,19.81
Baroda BNP Paribas Large & Mid Cap Fund-Reg(G),Growth,Baroda BNP Paribas Large & Mid Cap Fund-Reg(G),376,EQ,400001,2,85,44222,Open ended scheme,2.38,Jitendra Sriram,0.07,87.0,1.0,26.8993,2026-09-25,0.0,2020-09-04,17.74,5000.0,1876.8188,Baroda BNP Paribas Mutual Fund,BSE 250 LargeMidCap Index - TRI,3,2026-08-31,-4.5362,-0.4957,1.3775,12.2806,10.4176,-3.0117614820476954,"Nil upto 10% of units and 1% for remaining units on or before 365D, Nil after 365D",Financials,,,,Unrated,,,Equity : Large & Mid Cap,26.8993
Mirae Asset Nifty Midcap 150 ETF,Growth,Mirae Asset Nifty Midcap 150 ETF,349,EQ,400033,44,760,46105,Open ended scheme,0.12,Ekta Gala,-0.15,,,22.9608,2026-09-25,0.0,2022-03-09,18.91,5000.0,1873.7898,Mirae Asset Mutual Fund,Nifty Midcap 150 - TRI,3,2026-08-31,-4.6126,-1.1605,5.5465,14.7884,,1.2349707019624498,null,Financials,,,,Unrated,,,Equity : ETFs,22.9608
Kotak MSCI India ETF,Growth,Kotak MSCI India ETF,56,EQ,400019,44,699,48891,Open ended scheme,0.23,Satish Dondapati,0.27,31.11,,28.831,2026-09-25,0.0,2025-02-19,4.53,5000.0,1863.7114000000001,Kotak Mahindra Mutual Fund,MSCI India,1,2026-08-31,-4.7916,-2.7097,-2.6802,,,-7.023767293366445,null,Financials,,,,Unrated,,,Equity : ETFs,28.831
Edelweiss Silver ETF,Growth,Edelweiss Silver ETF,199,NEQ,400035,56,777,48344,Open ended scheme,0.5,Amit Vora,1.51,8.0,,229.3128,2026-09-25,0.0,2023-11-21,47.93,5000.0,1862.7930999999999,Edelweiss Mutual Fund,Silver,3,2026-08-31,-4.1252,5.7346,66.4407,,,0.6456234106296578,null,-,,,,Unrated,,,Metal : ETFs,229.3128
HSBC Large Cap Fund(G),Growth,HSBC Large Cap Fund(G),314,EQ,400014,1,350,1348,Open ended scheme,2.36,Neelotpal Sahai,0.31,49.0,0.0,466.5054,2026-09-25,0.0,2002-12-10,17.52,5000.0,1855.0069,HSBC Mutual Fund,NIFTY 100 - TRI,3,2026-08-31,-4.0246,-1.1353,-1.0,8.9949,7.603,-5.638008125353341,"Nil upto 10% of investment and 1% for remaining investment on or before 1Y, Nil after 1Y",Financials,,,,2,,,Equity : Large Cap,466.5054
ICICI Pru PSU Equity Fund-Reg(G),Growth,ICICI Pru PSU Equity Fund-Reg(G),402,EQ,400015,18,1160,46106,Open ended scheme,2.33,Antariksha Banerjee,0.19,101.0,1.0,21.53,2026-09-25,0.0,2022-09-12,20.91,5000.0,1850.3462408111,ICICI Prudential Mutual Fund,BSE PSU - TRI,3,2026-08-31,-2.1364,-1.3743,4.3626,18.7225,,1.0798122065727718,"1% on or before 1M, Nil after 1M",Energy,,,,Unrated,,,Equity : Index Funds,21.53
Aditya Birla SL Business Cycle Fund-Reg(G),Growth,Aditya Birla SL Business Cycle Fund-Reg(G),379,EQ,400004,13,1221,45733,Open ended scheme,2.69,Pavas Pethia,0.06,80.0,1.0,15.99,2026-09-25,0.0,2021-12-03,10.24,500.0,1843.5876,Aditya Birla Sun Life Mutual Fund,BSE 500 - TRI,3,2026-08-31,-3.1496,3.7638,6.9565,11.7969,,2.7652733118971042,"1% on or before 30D, Nil after 30D",Financials,,,,Unrated,,,Equity : Thematic,15.98
Aditya Birla SL Gold Fund-Reg(G),Growth,Aditya Birla SL Gold Fund-Reg(G),65,NEQ,400004,57,671,16220,Open ended scheme,0.52,Mehul Dama,0.7,,1.0,43.476,2026-09-25,0.0,2012-03-20,10.65,100.0,1843.2613000000001,Aditya Birla Sun Life Mutual Fund,Gold-India,3,2026-08-31,-6.4064,8.2166,31.529,34.6675,24.9366,12.34631068111695,"1% on or before 15D, Nil after 15D",-,,,,Unrated,,,Metal : MFs,43.476
HSBC Focused Fund-Reg(G),Growth,HSBC Focused Fund-Reg(G),312,EQ,400014,51,350,44739,Open ended scheme,2.22,Neelotpal Sahai,0.09,47.0,0.0,27.1098,2026-09-25,0.0,2020-07-22,17.51,5000.0,1843.0625,HSBC Mutual Fund,NIFTY 500 - TRI,3,2026-08-31,-3.0886,4.1351,8.3473,13.8086,10.7071,4.394136017590413,Nil upto 10% of units and 1% for remaining units on before 1Y,Financials,,,,Unrated,,,Equity : Focused,27.1098
ICICI Pru BSE Sensex Index Fund(G),Growth,ICICI Pru BSE Sensex Index Fund(G),174,EQ,400015,18,763,36396,Open ended scheme,0.32,Nishit Patel,0.43,12.0,0.0,24.3543,2026-09-25,0.0,2017-09-21,10.38,100.0,1839.6844070042998,ICICI Prudential Mutual Fund,BSE SENSEX - TRI,3,2026-08-31,-4.8519,-3.9361,-8.2935,4.7072,5.1216,-12.729559568132393,Nil,Financials,,,,3,,,Equity : Index Funds,24.3543
Edelweiss Nifty Midcap150 Momentum 50 Index Fund-Reg(G),Growth,Edelweiss Nifty Midcap150 Momentum 50 Index Fund-Reg(G),646,EQ,400035,18,490,47175,Open ended scheme,1.52,Bhavesh Jain,-0.32,111.0,0.5,17.9549,2026-09-25,0.0,2022-11-30,16.55,100.0,1833.8288,Edelweiss Mutual Fund,Nifty Midcap150 Momentum 50 - TRI,3,2026-08-31,-3.3623,-1.8815,3.3715,13.5331,,0.6564710894841129,"0.50% on or before 30D, Nil after 30D",Financials,,,,Unrated,,,Equity : Index Funds,17.9549
Invesco India Ultra Short to Short Term Fund(G),Growth,Invesco India Ultra Short to Short Term Fund(G),435,NEQ,400021,23,465,2253,Open ended scheme,0.67,Krishna Cheemalapati,-0.02,0.0,0.0,4061.9055,2026-09-25,0.0,2007-01-18,7.37,1000.0,1833.1457,Invesco Mutual Fund,NIFTY Low Duration Debt Index,3,2026-08-31,0.4086,1.3286,5.7037,6.8644,6.0881,4.1080607349082525,Nil,-,,,,4,,,Debt : Low Duration,4061.9055
DSP World Gold Mining Overseas Equity Omni FoF-Reg(G),Growth,DSP World Gold Mining Overseas Equity Omni FoF-Reg(G),48,NEQ,400009,49,1009,755,Open ended scheme,2.31,Kaivalya Nadkarni,0.41,22.0,0.0,60.85,2026-09-25,0.0,2007-09-14,9.95,100.0,1827.6503,DSP Mutual Fund,FTSE Gold Mines,5,2026-08-31,-9.8804,23.7249,42.0654,55.9367,30.5976,13.752118735534877,Nil,-,,,,Unrated,,,FoFs : Overseas,60.6011
Motilal Oswal Focused Fund-Reg(G),Growth,Motilal Oswal Focused Fund-Reg(G),312,EQ,400042,51,713,21769,Open ended scheme,2.82,Ankit Agarwal,-0.15,208.0,1.0,53.5468,2026-09-25,0.0,2013-05-13,13.36,500.0,1827.1616000000001,Motilal Oswal Mutual Fund,NIFTY 500 - TRI,3,2026-08-31,-0.6518,9.8944,25.0541,13.9244,9.2555,21.427923515111928,"1% on or before 365D, Nil after 365D",Financials,,,,2,,,Equity : Focused,53.5468
Bank of India Liquid Fund-Reg(G),Growth,Bank of India Liquid Fund-Reg(G),42,NEQ,400034,21,814,5836,Open ended scheme,0.15,Mithraem Bharucha,0.02,0.0,0.007,3245.4757,2026-09-27,0.0,2008-07-16,6.68,5000.0,1824.7628,Bank of India Mutual Fund,CRISIL Liquid Debt Index,1,2026-08-31,0.5135,1.5912,6.468,6.9162,6.3462,4.822369599916211,"0.007% for Day 1, 0.0065% on Day 2, 0.0060% on Day 3, 0.0055% on Day 4, 0.0050% on Day 5, 0.0045% on Day 6, NIL on or after 7D",-,,,,2,,,Debt : Liquid,3244.9275
SBI Balanced Hybrid Fund-Reg(G),Growth,SBI Balanced Hybrid Fund-Reg(G),450,NEQ,400027,53,154,51065,Open ended scheme,1.83,Rajeev Radhakrishnan,0.12,,0.0,9.9854,2026-09-25,0.0,2026-08-31,-0.15,5000.0,1821.7583,SBI Mutual Fund,NIFTY 50 Hybrid Composite Debt 50:50 Index,3,2026-08-31,,,,,,,"NIL upto 10% of units and 1% for remaining units on or before 1Y, NIL after 1Y",Healthcare,,,,Unrated,,,Hybrid : Balanced Hybrid,9.9854
HSBC Consumption Fund-Reg(G),Growth,HSBC Consumption Fund-Reg(G),323,EQ,400014,14,969,48124,Open ended scheme,2.19,Anish Goenka,0.15,25.0,0.0,15.2292,2026-09-25,0.0,2023-08-31,14.68,5000.0,1816.6164999999999,HSBC Mutual Fund,Nifty India Consumption - TRI,3,2026-08-31,-2.9592,6.6657,1.7213,14.8969,,3.3988294882066206,"Nil upto 10% of units and 1% for remaining units on or before 90D, Nil after 90D",FMCG,,,,Unrated,,,Equity : Thematic - Consumption,15.2292
SBI Income Plus Arbitrage Active FOF-Reg(G),Growth,SBI Income Plus Arbitrage Active FOF-Reg(G),433,NEQ,400027,48,803,49840,Open ended scheme,0.22,Ardhendu Bhattacharya,0.02,,0.0,10.7541,2026-09-25,0.0,2025-05-02,5.33,5000.0,1813.8607000000002,SBI Mutual Fund,NIFTY Composite Debt Index,3,2026-08-31,0.2667,1.138,5.4985,,,3.8772494131965463,NIL,-,,,,Unrated,,,FoFs : Domestic,10.7541
HDFC NIFTY50 Equal Weight Index Fund-Reg(G),Growth,HDFC NIFTY50 Equal Weight Index Fund-Reg(G),359,EQ,400013,18,37,45708,Open ended scheme,0.93,Arun Agarwal,0.26,31.66,0.0,17.5264,2026-09-25,0.0,2021-08-20,11.65,100.0,1808.7296,HDFC Mutual Fund,NIFTY50 Equal Weight - TRI,3,2026-08-31,-4.7551,-2.6187,-0.7526,10.4577,10.0371,-4.7887048495483056,NIL,Financials,,,,Unrated,,,Equity : Index Funds,17.5264
SBI CRISIL IBX SDL Index - Sep 2027 Fund-Reg(G),Growth,SBI CRISIL IBX SDL Index - Sep 2027 Fund-Reg(G),653,NEQ,400027,27,583,46975,Open ended scheme,0.45,Ranjana Gupta,0.02,0.0,0.15,13.2238,2026-09-25,0.0,2022-10-04,7.28,5000.0,1808.0776,SBI Mutual Fund,CRISIL IBX SDL Index - September 2027,3,2026-08-31,0.2912,1.4282,5.8327,7.3287,,4.144910415436116,"0.15% on or before 30D, Nil after 30D",-,,,,Unrated,,,Debt : Medium to Long Duration,13.2238
ICICI Pru MNC Fund(G),Growth,ICICI Pru MNC Fund(G),316,EQ,400015,16,629,41965,Open ended scheme,2.18,Roshan Chutkey,0.51,44.0,1.0,29.81,2026-09-25,0.0,2019-06-17,16.19,5000.0,1807.9650037991,ICICI Prudential Mutual Fund,NIFTY MNC - TRI,3,2026-08-31,-4.1787,-0.6002,4.5965,9.5631,10.2031,0.6447234475738082,"1% on or before 1M, NIL after 1M",Automobile and Ancillaries,,,,Unrated,,,Equity : Thematic - MNC,29.66
Aditya Birla SL Transportation and Logistics Fund-Reg(G),Growth,Aditya Birla SL Transportation and Logistics Fund-Reg(G),632,EQ,400004,9,593,48291,Open ended scheme,2.27,Dhaval Shah,0.82,31.0,1.0,17.24,2026-09-25,0.0,2023-11-17,21.0,500.0,1807.6873999999998,Aditya Birla Sun Life Mutual Fund,Nifty Transportation & Logistics - TRI,3,2026-08-31,-2.8732,10.5128,14.1722,,,12.679738562091488,"1% on or before 365D, Nil after 365D",Automobile and Ancillaries,,,,Unrated,,,Equity : Sectoral - Auto,17.24
Bandhan Income Plus Arbitrage Active FOF-Reg(G),Growth,Bandhan Income Plus Arbitrage Active FOF-Reg(G),433,NEQ,400028,48,491,2850,Open ended scheme,0.3,Harshal Joshi,-0.01,0.0,0.0,46.7948,2026-09-25,0.0,2004-09-13,7.25,1000.0,1805.4407016520001,Bandhan Mutual Fund,NIFTY Composite Debt Index,3,2026-08-31,0.2747,1.0418,5.6812,6.9672,5.9085,4.138635498752654,Nil,-,,,,Unrated,,,FoFs : Domestic,46.7948
UTI Short Term Fund-Reg(G),Growth,UTI Short Term Fund-Reg(G),728,NEQ,400032,25,339,3656,Open ended scheme,0.84,Anurag Mittal,-0.07,0.0,0.0,33.6879,2026-09-25,0.0,2007-09-18,6.59,500.0,1798.2757000000001,UTI Mutual Fund,CRISIL Short Duration Debt Index,3,2026-08-31,0.0232,0.7666,4.6715,6.7588,6.4378,3.2981421120252223,Nil,-,,,,4,,,Debt : Short Duration,33.6879
PGIM India Small Cap Fund-Reg(G),Growth,PGIM India Small Cap Fund-Reg(G),350,EQ,400044,5,976,45616,Open ended scheme,2.38,Utsav Mehta,0.22,63.0,0.5,18.6,2026-09-25,0.0,2021-07-29,12.78,5000.0,1793.7925,PGIM India Mutual Fund,Nifty Smallcap 250 - TRI,3,2026-08-31,-0.4815,7.9512,13.2075,15.5859,11.826,16.395494367959955,"0.50% on or before 90D, Nil after 90D",Financials,,,,Unrated,,,Equity : Small Cap,18.6
Edelweiss Gold ETF,Growth,Edelweiss Gold ETF,65,NEQ,400035,56,777,17716,Open ended scheme,0.5,Amit Vora,0.83,,,150.4422,2026-09-25,0.0,2023-11-07,35.69,5000.0,1788.5546,Edelweiss Mutual Fund,Gold-India,3,2026-08-31,-6.0528,7.9049,32.3759,,,13.378189562787437,null,-,,,,Unrated,,,Metal : ETFs,150.4422
SBI Nifty Smallcap 250 Index Fund-Reg(G),Growth,SBI Nifty Smallcap 250 Index Fund-Reg(G),350,EQ,400027,18,1000,46937,Open ended scheme,0.87,Viral Chhadva,0.02,32.0,0.25,19.4209,2026-09-25,0.0,2022-10-03,18.14,5000.0,1787.6459,SBI Mutual Fund,Nifty Smallcap 250 - TRI,3,2026-08-31,-1.0365,2.6513,6.1344,14.0599,,8.646568169485269,"0.25% on or before 30D, Nil after 30D",Financials,,,,Unrated,,,Equity : Index Funds,19.4209
Kotak Medium to Long Term Fund-Reg(G),Growth,Kotak Medium to Long Term Fund-Reg(G),418,NEQ,400019,27,8,1968,Open ended scheme,1.65,Abhishek Bisen,-0.03,0.0,0.0,79.6802,2026-09-25,0.0,1999-11-25,8.04,100.0,1784.2646,Kotak Mahindra Mutual Fund,CRISIL Medium to Long Term Debt Index,3,2026-08-31,-0.7424,-0.0223,3.5313,5.9237,4.9272,2.5076224414969635,NIL,-,,,,3,,,Debt : Medium to Long Duration,79.6802
Aditya Birla SL Medium to Long Term Fund(G),Growth,Aditya Birla SL Medium to Long Term Fund(G),418,NEQ,400004,27,747,405,Open ended scheme,1.13,Bhupesh Bameta,-0.06,201.0,0.0,129.244,2026-09-25,0.0,1995-10-21,8.62,1000.0,1770.2065,Aditya Birla Sun Life Mutual Fund,CRISIL Medium to Long Term Debt Index,5,2026-08-31,-0.7102,-0.2799,2.8126,5.6094,4.9657,1.8968275305290783,Nil,-,,,,5,,,Debt : Medium to Long Duration,129.244
Nippon India Nifty Pharma ETF,Growth,Nippon India Nifty Pharma ETF,318,EQ,400025,44,1074,45584,Open ended scheme,0.24,Jitendra Tolani,-0.1,37.0,,27.7663,2026-09-25,0.0,2021-07-06,13.38,1000.0,1760.510168902,Nippon India Mutual Fund,NIFTY PHARMA - TRI,3,2026-08-31,1.6381,8.3314,23.3011,22.0734,14.1119,19.303333805969825,null,Healthcare,,,,Unrated,,,Equity : ETFs,27.7663
Franklin India Technology Fund(G),Growth,Franklin India Technology Fund(G),23,EQ,400012,10,82,961,Open ended scheme,2.13,R. Janakiraman,-0.42,28.68,1.0,453.3466,2026-09-25,0.0,1998-08-22,17.39,5000.0,1759.075014634,Franklin Templeton Mutual Fund,BSE TECk Index,3,2026-08-31,-7.2709,5.0947,-11.9182,7.4462,4.7927,-15.386155183219453,1% on or before 1Y,Technology,,,,Unrated,,,Equity : Sectoral - Technology,455.2499
Canara Rob Manufacturing Fund-Reg(G),Growth,Canara Rob Manufacturing Fund-Reg(G),584,EQ,400006,13,358,48606,Open ended scheme,2.22,Pranav Gokhale,0.36,37.0,1.0,14.03,2026-09-25,0.0,2024-03-11,14.25,5000.0,1756.8372,Canara Robeco Mutual Fund,Nifty India Manufacturing - TRI,3,2026-08-31,-1.4055,1.9622,9.8669,,,13.145161290322571,"1% on or before 365D, Nil after 365D",Capital Goods,,,,Unrated,,,Equity : Thematic,14.03
Tata Focused Fund-Reg(G),Growth,Tata Focused Fund-Reg(G),312,EQ,400030,51,861,44148,Open ended scheme,2.24,Anand Sharma,0.34,73.89,0.5,21.9979,2026-09-25,0.0,2019-12-05,12.27,5000.0,1755.1036461089002,Tata Mutual Fund,NIFTY 500 - TRI,3,2026-08-31,-4.9672,-4.1895,-5.866,7.8184,7.6386,-7.387011893484896,"0.50% on or before 30D, Nil after 30D",Financials,,,,Unrated,,,Equity : Focused,21.9979
HSBC CRISIL IBX 50:50 Gilt Plus SDL Apr 2028 Index Fund-Reg(G),Growth,HSBC CRISIL IBX 50:50 Gilt Plus SDL Apr 2028 Index Fund-Reg(G),596,NEQ,400014,27,277,46506,Open ended scheme,0.39,Mahesh Chhabria,-0.03,0.0,0.0,13.2636,2026-09-25,0.0,2022-03-31,6.49,5000.0,1749.4879999999998,HSBC Mutual Fund,CRISIL IBX 50:50 Gilt Plus SDL Index - April 2028,3,2026-08-31,0.1102,1.0506,5.2692,7.1855,,3.4335935367651116,Nil,-,,,,Unrated,,,Debt : Medium to Long Duration,13.2636
Sundaram Business Cycle Fund-Reg(G),Growth,Sundaram Business Cycle Fund-Reg(G),312,EQ,400029,13,543,35200,Open ended scheme,2.62,Madanagopal Ramu,-0.04,121.6,1.0,11.1115,2026-09-25,0.0,2024-06-25,4.79,100.0,1747.119821,Sundaram Mutual Fund,NIFTY 500 - TRI,3,2026-08-31,-4.5871,1.8553,0.3694,,,1.9132524374248938,"1% on or before 365D, Nil after 365D",Financials,,,,Unrated,,,Equity : Thematic,11.1115
JM Liquid Fund(G),Growth,JM Liquid Fund(G),42,NEQ,400017,21,93,1909,Open ended scheme,0.26,Killol Pandya,0.02,0.0,0.007,76.7427,2026-09-27,0.0,1997-12-31,7.34,1000.0,1742.624511129,JM Financial Mutual Fund,CRISIL Liquid Debt Index,1,2026-08-31,0.488,1.5452,6.2862,6.7482,6.209,4.6943648519579755,"0.007% for Day 1, 0.0065% on Day 2, 0.0060% on Day 3, 0.0055% on Day 4, 0.0050% on Day 5, 0.0045% on Day 6, NIL on or after 7D",-,,,,2,,,Debt : Liquid,76.7305
Helios Small Cap Fund-Reg(G),Growth,Helios Small Cap Fund-Reg(G),350,EQ,400061,5,972,50211,Open ended scheme,2.46,Alok Bahl,-0.26,22.0,1.0,11.48,2026-09-25,0.0,2025-11-27,14.8,5000.0,1736.5185999999999,Helios Mutual Fund,Nifty Smallcap 250 - TRI,3,2026-08-31,-0.3472,5.5147,,,,16.904276985743383,"1% on or before 3M, Nil after 3M",Financials,,,,Unrated,,,Equity : Small Cap,11.48
HDFC Developed World Overseas Equity Passive FOF-Reg(G),Growth,HDFC Developed World Overseas Equity Passive FOF-Reg(G),57,NEQ,400013,49,37,45884,Open ended scheme,0.6,Arun Agarwal,-0.69,,1.0,21.455,2026-09-24,0.0,2021-10-06,16.59,100.0,1732.5584,HDFC Mutual Fund,MSCI World,5,2026-08-31,-0.887,4.1657,24.1321,25.6465,,17.806940478805174,"1% on or before 30D, Nil after 30D",-,,,,Unrated,,,FoFs : Overseas,21.455
Kotak Consumption Fund-Reg(G),Growth,Kotak Consumption Fund-Reg(G),323,EQ,400019,14,551,47948,Open ended scheme,2.33,Devender Singhal,-0.34,44.05,0.5,13.944,2026-09-25,0.0,2023-11-16,12.33,100.0,1730.3873999999998,Kotak Mahindra Mutual Fund,Nifty India Consumption - TRI,3,2026-08-31,-3.3613,1.1168,-2.7818,,,-3.300970873786401,"0.50% on or before 90D, Nil after 90D",Automobile and Ancillaries,,,,Unrated,,,Equity : Thematic - Consumption,13.944
Kotak Global Emerging Market Overseas Equity Active FOF(G),Growth,Kotak Global Emerging Market Overseas Equity Active FOF(G),55,NEQ,400019,49,679,2047,Open ended scheme,1.46,Arjun Khanna,0.32,3.08,0.0,40.652,2026-09-25,0.0,2007-09-26,7.66,100.0,1729.5935,Kotak Mahindra Mutual Fund,MSCI Emerging Market Index,5,2026-08-31,2.0177,-1.8376,38.3003,27.557,12.6375,31.64408927005165,"Nil upto 10% of units and 1% for remaining units on or before 1Y, Nil after 1Y",-,,,,Unrated,,,FoFs : Overseas,40.524
Mirae Asset Overnight Fund-Reg(G),Growth,Mirae Asset Overnight Fund-Reg(G),293,NEQ,400033,20,833,44008,Open ended scheme,0.18,Pranavi Kulkarni,0.01,0.0,0.0,1406.8994,2026-09-25,0.0,2019-10-15,5.03,5000.0,1727.2758,Mirae Asset Mutual Fund,Nifty 1D Rate Index,1,2026-08-31,0.4037,1.2509,5.1808,5.9817,5.6481,3.72173104263201,Nil,-,,,,2,,,Debt : Overnight,1406.8994
Sundaram Fin Serv Opp Fund(G),Growth,Sundaram Fin Serv Opp Fund(G),330,EQ,400029,8,628,5144,Open ended scheme,2.19,Rohit Seksaria,0.27,33.61,0.5,105.1553,2026-09-25,0.0,2008-06-10,13.72,100.0,1722.042073,Sundaram Mutual Fund,Nifty Financial Services - TRI,3,2026-08-31,-4.3037,-3.2759,4.5517,10.7315,11.3938,-4.370106774511263,"0.50% on or before 30D, Nil after 30D",Financials,,,,4,,,Equity : Sectoral - Financial Services,105.1553
Sundaram Money Market Fund-Reg(G),Growth,Sundaram Money Market Fund-Reg(G),445,NEQ,400029,24,450,39625,Open ended scheme,0.39,Sandeep Agarwal,0.0,0.0,0.0,16.2055,2026-09-25,0.0,2018-09-26,6.22,1000.0,1719.29206964551,Sundaram Mutual Fund,Nifty Money Market Index,3,2026-08-31,0.5466,1.6988,6.3451,7.1347,6.4061,4.675197168269639,Nil,-,,,,Unrated,,,Debt : Money Market,16.2055
Bandhan Gilt Fund-Reg(G),Growth,Bandhan Gilt Fund-Reg(G),422,NEQ,400028,29,200,7483,Open ended scheme,1.18,Suyash Choudhary,0.0,0.0,0.0,37.4929,2026-09-25,0.0,2008-12-05,7.7,1000.0,1713.29592168,Bandhan Mutual Fund,CRISIL Dynamic Gilt Index,1,2026-08-31,0.0029,-0.3471,6.8929,7.232,5.7388,5.912146892655368,Nil,-,,,,4,,,Debt : Gilt,37.4929
Bandhan Contra Fund-Reg(G),Growth,Bandhan Contra Fund-Reg(G),379,EQ,400028,17,798,51009,Open ended scheme,2.08,Prateek Poddar,0.08,,0.5,9.7467,2026-09-25,0.0,2026-08-28,-2.53,1000.0,1713.0123203389899,Bandhan Mutual Fund,BSE 500 - TRI,3,2026-08-31,,,,,,,"0.50% on or before 30D, NIL after 30D",Financials,,,,Unrated,,,Equity : Value / Contra,9.7467
Tata NIFTY 50 Index Fund-Reg(G),Growth,Tata NIFTY 50 Index Fund-Reg(G),154,EQ,400030,18,1116,3247,Open ended scheme,0.54,Nitin Sharma,0.33,6.36,0.25,144.6672,2026-09-25,0.0,2003-02-25,14.31,5000.0,1706.6625849020002,Tata Mutual Fund,NIFTY 50 - TRI,3,2026-08-31,-4.9139,-3.6061,-6.589,6.1172,5.9265,-11.046565555110911,"0.25% on or before 7D, Nil after 7D",Financials,,,,3,,,Equity : Index Funds,144.6672
Axis CRISIL IBX SDL May 2027 Index Fund-Reg(G),Growth,Axis CRISIL IBX SDL May 2027 Index Fund-Reg(G),589,NEQ,400040,27,729,45999,Open ended scheme,0.28,Hardik Shah,-0.02,0.0,0.0,13.1859,2026-09-25,0.0,2022-02-23,6.21,5000.0,1704.6523000000002,Axis Mutual Fund,CRISIL IBX SDL Index - May 2027,3,2026-08-31,0.3249,1.2617,6.0028,7.3618,,4.2289481380771345,Nil,-,,,,Unrated,,,Debt : Medium to Long Duration,13.1859
Kotak Special Opportunities Fund-Reg(G),Growth,Kotak Special Opportunities Fund-Reg(G),312,EQ,400019,13,551,48809,Open ended scheme,2.26,Devender Singhal,-0.17,42.34,0.5,11.468,2026-09-25,0.0,2024-06-29,6.3,100.0,1702.4498999999998,Kotak Mahindra Mutual Fund,NIFTY 500 - TRI,3,2026-08-31,0.8176,8.4855,17.8502,,,14.166251866600298,"0.50% on or before 90D, Nil after 90D",Capital Goods,,,,Unrated,,,Equity : Thematic,11.468
Sundaram Dynamic Asset Allocation Fund(G),Growth,Sundaram Dynamic Asset Allocation Fund(G),450,EQ,400029,41,300,13366,Open ended scheme,2.54,S. Bharath,-0.13,0.0,0.0,34.5161,2026-09-25,0.0,2010-12-16,8.16,100.0,1685.787641,Sundaram Mutual Fund,NIFTY 50 Hybrid Composite Debt 50:50 Index,3,2026-08-31,-3.7503,-1.2793,-1.8006,6.7646,6.622,-4.139252634940916,"Nil upto 25% of units and 1% for remaining units on or before 1Y, Nil after 1Y",Financials,,,,1,,,Hybrid : Dynamic Asset Allocation,34.5161
SBI Retirement Benefit Fund-Aggressive Hybrid Plan-Reg(G),Growth,SBI Retirement Benefit Fund-Aggressive Hybrid Plan-Reg(G),301,EQ,400027,54,824,30399,Open ended scheme,2.13,Rohit Shimpi,0.38,0.0,0.0,19.3989,2026-09-25,5.0,2021-02-10,12.5,5000.0,1671.5495999999998,SBI Mutual Fund,CRISIL Hybrid 35+65 - Aggressive Index,3,2026-08-31,-3.1624,0.8794,2.4657,8.5719,9.5892,-0.07005795235029119,Nil,Financials,,,,Unrated,,,Hybrid : Aggressive Hybrid,19.3989
Bajaj Finserv Large Cap Fund-Reg(G),Growth,Bajaj Finserv Large Cap Fund-Reg(G),314,EQ,400060,1,120,48965,Open ended scheme,2.86,Nimesh Chandan,0.28,214.0,1.0,9.892,2026-09-25,0.0,2024-08-20,-0.52,500.0,1663.2072,Bajaj Finserv Mutual Fund,NIFTY 100 - TRI,3,2026-08-31,-3.7837,-0.4929,-0.0707,,,-4.637038465246312,"1% on or before 6M, Nil after 6M",Financials,,,,Unrated,,,Equity : Large Cap,9.892
Edelweiss Equity Savings Fund-Reg(G),Growth,Edelweiss Equity Savings Fund-Reg(G),436,EQ,400035,55,490,30730,Open ended scheme,2.15,Bhavesh Jain,0.2,560.0,0.25,27.3724,2026-09-25,0.0,2014-10-13,8.78,100.0,1659.5014,Edelweiss Mutual Fund,NIFTY 50 Equity Savings Index,3,2026-08-31,-0.5465,2.2958,7.0447,10.265,8.2925,4.87589943217956,"0.25% on or before 30D, Nil after 30D",Financials,,,,2,,,Hybrid : Equity Savings,27.3724
Kotak Active Momentum Fund-Reg(G),Growth,Kotak Active Momentum Fund-Reg(G),312,EQ,400019,13,1005,50099,Open ended scheme,2.63,Rohit Tandon,0.19,262.19,0.5,10.796,2026-09-25,0.0,2025-08-20,7.22,5000.0,1659.3209,Kotak Mahindra Mutual Fund,NIFTY 500 - TRI,3,2026-08-31,-3.4865,2.8386,7.9924,,,2.4677296886864064,"0.50% on or before 90D, Nil after 90D",Financials,,,,Unrated,,,Equity : Thematic,10.796
DSP Nifty SDL Plus G-Sec Jun 2028 30:70 Index Fund-Reg(G),Growth,DSP Nifty SDL Plus G-Sec Jun 2028 30:70 Index Fund-Reg(G),594,NEQ,400009,27,937,45863,Open ended scheme,0.31,Shantanu Godambe,-0.01,0.0,0.0,13.2882,2026-09-25,0.0,2022-03-21,6.49,100.0,1649.4233,DSP Mutual Fund,Nifty SDL Plus G-Sec Jun 2028 70:30 Index,3,2026-08-31,0.0972,1.0125,5.2431,7.2427,,3.4576186731651157,Nil,-,,,,Unrated,,,Debt : Medium to Long Duration,13.2882
LIC MF Banking & PSU Debt Fund-Reg(G),Growth,LIC MF Banking & PSU Debt Fund-Reg(G),449,NEQ,400020,33,964,2139,Open ended scheme,0.65,Pratik Shroff,-0.05,0.0,0.0,36.9506,2026-09-25,0.0,2007-05-30,6.99,5000.0,1648.8756,LIC Mutual Fund,NIFTY Banking and PSU Debt Index,3,2026-08-31,0.1618,0.7935,4.7617,6.725,5.724,3.36670666991168,NIL,-,,,,2,,,Debt : Banking & PSU,36.9506
UTI Conservative Hybrid Fund-Reg(G),Growth,UTI Conservative Hybrid Fund-Reg(G),371,NEQ,400032,52,519,3631,Open ended scheme,1.85,Amit Premchandani,-0.06,28.0,1.0,70.1509,2026-09-25,0.0,2003-12-16,8.92,5000.0,1646.1010999999999,UTI Mutual Fund,NIFTY 50 Hybrid Composite Debt 15:85 Index,3,2026-08-31,-1.3838,-0.6399,0.8878,6.986,6.4724,-0.6389337412538043,"NIL upto 10% of units and 1% for remaining units on or before 12M, NIL after 12M",Financials,,,,3,,,Hybrid : Conservative Hybrid,70.1509
PGIM India Global Equity Opp FoF(G),Growth,PGIM India Global Equity Opp FoF(G),262,NEQ,400044,49,769,8812,Open ended scheme,1.49,Anandha Padmanabhan Anjeneyan,0.34,5.0,0.5,49.89,2026-09-25,0.0,2010-05-13,10.31,5000.0,1643.8089000000002,PGIM India Mutual Fund,MSCI AC World Index,5,2026-08-31,1.6711,-6.643,5.5203,17.7818,5.0805,6.6952789699570765,"0.50% on or before 90D, Nil after 90D",-,,,,Unrated,,,FoFs : Overseas,49.72
Quant Quantamental Fund-Reg(G),Growth,Quant Quantamental Fund-Reg(G),326,EQ,400010,13,791,45480,Open ended scheme,2.94,Sandeep Tandon,0.54,637.0,1.0,24.3417,2026-09-25,0.0,2021-04-30,17.88,5000.0,1631.9573,Quant Mutual Fund,NIFTY 200 - TRI,3,2026-08-31,-3.4343,-4.548,7.6162,14.1197,16.9911,3.419311804018372,"1% on or before 15D, Nil after 15D",Financials,,,,Unrated,,,Equity : Thematic,24.3417
Bajaj Finserv Multi Cap Fund-Reg(G),Growth,Bajaj Finserv Multi Cap Fund-Reg(G),534,EQ,400060,3,120,49459,Open ended scheme,2.58,Nimesh Chandan,0.17,121.0,0.0,12.082,2026-09-25,0.0,2025-02-27,12.76,500.0,1630.017,Bajaj Finserv Mutual Fund,Nifty500 Multicap 50:25:25 - TRI,3,2026-08-31,-2.5409,1.3166,9.6171,,,5.124858609588449,"NIL upto 10% of units and 1% for remaining units on or before 6M, Nil after 6M",Financials,,,,Unrated,,,Equity : Multi Cap,12.082
Aditya Birla SL Conglomerate Fund-Reg(G),Growth,Aditya Birla SL Conglomerate Fund-Reg(G),776,EQ,400004,13,501,49209,Open ended scheme,2.34,Harish Krishnan,0.47,,0.5,10.58,2026-09-25,0.0,2024-12-27,3.28,100.0,1610.3563000000001,Aditya Birla Sun Life Mutual Fund,BSE Select Business Groups Index - TRI,3,2026-08-31,-5.1121,-2.3084,-0.6573,,,-2.6678932842686214,"0.50% on or before 90D, Nil after 90D",Energy,,,,Unrated,,,Equity : Thematic,10.58
SBI 10 Year Constant Maturity Gilt Fund-Reg(G),Growth,SBI 10 Year Constant Maturity Gilt Fund-Reg(G),275,NEQ,400027,30,366,2756,Open ended scheme,0.62,Sudhir Agarwal,-0.02,0.0,0.0,65.9665,2026-09-25,0.0,2000-12-25,7.6,5000.0,1605.2667999999999,SBI Mutual Fund,Nifty 10 yr Benchmark G-Sec,3,2026-08-31,-1.2353,-0.5395,2.7224,6.3884,5.2793,1.7533603373756983,Nil,-,,,,Unrated,,,Debt : Gilt (10 Yr Constant Duration),65.9665
Bandhan Nifty100 Low Volatility 30 Index Fund-Reg(G),Growth,Bandhan Nifty100 Low Volatility 30 Index Fund-Reg(G),360,EQ,400028,18,992,46607,Open ended scheme,1.03,Abhishek Jain,0.33,45.0,0.0,14.7842,2026-09-25,0.0,2022-10-06,10.34,1000.0,1604.24640597027,Bandhan Mutual Fund,Nifty100 Low Volatility 30 - TRI,3,2026-08-31,-5.2495,-2.7144,-4.6427,8.3281,,-8.689341675364853,Nil,Financials,,,,Unrated,,,Equity : Index Funds,14.7842
HDFC Retirement Fund-Hybrid-Equity Plan-Reg(G),Growth,HDFC Retirement Fund-Hybrid-Equity Plan-Reg(G),370,EQ,400013,54,59,24805,Open ended scheme,2.12,Chirag Setalvad,0.19,9.45,0.0,36.186,2026-09-25,5.0,2016-02-25,12.91,100.0,1603.7331,HDFC Mutual Fund,NIFTY 50 Hybrid Composite Debt 65:35 Index,3,2026-08-31,-3.2253,-2.8225,-6.3509,5.9903,7.4453,-8.48486381224551,NIL - Upon completion of Lock-in Period,Financials,,,,4,,,Hybrid : Aggressive Hybrid,36.186
Aditya Birla SL Credit Risk Fund-Reg(G),Growth,Aditya Birla SL Credit Risk Fund-Reg(G),727,NEQ,400004,35,228,29571,Open ended scheme,1.6,Sunaina da Cunha,-0.04,78.0,1.0,25.4389,2026-09-25,0.0,2015-04-17,8.5,100.0,1599.9117,Aditya Birla Sun Life Mutual Fund,CRISIL Credit Risk Debt Index,3,2026-08-31,0.2396,1.6073,11.4563,12.0821,9.8972,9.217796744791116,"1% on or before 1Y, Nil after 1Y",-,,,,3,,,Debt : Credit Risk,25.4389
DSP Income Plus Arbitrage Omni FoF-Reg(G),Growth,DSP Income Plus Arbitrage Omni FoF-Reg(G),433,NEQ,400009,49,1009,14756,Open ended scheme,0.86,Kaivalya Nadkarni,0.01,0.0,0.0,22.4696,2026-09-25,0.0,2014-08-21,6.92,100.0,1593.2983,DSP Mutual Fund,NIFTY Composite Debt Index,5,2026-08-31,0.0721,0.6784,4.6495,9.9314,5.4306,3.128729596239647,Nil,-,,,,Unrated,,,FoFs : Overseas,22.4668
Mahindra Manulife Flexi Cap Fund-Reg(G),Growth,Mahindra Manulife Flexi Cap Fund-Reg(G),312,EQ,400054,50,379,45670,Open ended scheme,2.5,Neelesh Dhamnaskar,0.27,92.0,1.0,15.6605,2026-09-25,0.0,2021-08-23,9.21,1000.0,1589.5506,Mahindra Manulife Mutual Fund,NIFTY 500 - TRI,3,2026-08-31,-3.3917,-0.6036,-3.31,8.4011,8.8148,-5.717003509912635,"1% on or before 3M, Nil after 3M",Financials,,,,Unrated,,,Equity : Flexi Cap,15.6605
ITI Flexi Cap Fund-Reg(G),Growth,ITI Flexi Cap Fund-Reg(G),312,EQ,400056,50,67,45721,Open ended scheme,2.36,Dhimant Shah,0.2,143.0,0.5,19.7974,2026-09-25,0.0,2023-02-17,20.86,5000.0,1588.1261,ITI Mutual Fund,NIFTY 500 - TRI,3,2026-08-31,-1.4976,3.2631,11.512,17.2836,,7.83543676364053,"0.50% on or before 3M, NIL after 3M",Financials,,,,Unrated,,,Equity : Flexi Cap,19.7974
ICICI Pru Nifty Alpha Low - Volatility 30 ETF,Growth,ICICI Pru Nifty Alpha Low - Volatility 30 ETF,361,EQ,400015,44,763,45038,Open ended scheme,0.66,Nishit Patel,0.32,76.0,,26.9255,2026-09-25,0.0,2020-08-12,14.47,5000.0,1581.6727004050001,ICICI Prudential Mutual Fund,NIFTY Alpha Low-Volatility 30 - TRI,3,2026-08-31,-4.6844,-1.4086,-0.8503,9.9507,7.9747,-3.5775036258482653,null,Healthcare,,,,Unrated,,,Equity : ETFs,26.9255
UTI Floating Interest Rates Fund-Reg(G),Growth,UTI Floating Interest Rates Fund-Reg(G),728,NEQ,400032,32,600,39630,Open ended scheme,0.86,Pankaj Pathak,-0.03,0.0,0.0,1602.3569,2026-09-25,0.0,2018-10-30,6.14,500.0,1574.5706,UTI Mutual Fund,CRISIL Short Duration Debt Index,3,2026-08-31,0.3047,1.2385,5.6777,6.6021,5.8193,4.0550750844707215,Nil,-,,,,3,,,Debt : Floater,1602.3569
Nippon India Credit Risk Fund(G),Growth,Nippon India Credit Risk Fund(G),727,NEQ,400025,35,728,2661,Open ended scheme,1.39,Sushil Budhia,-0.05,0.0,0.0,38.127,2026-09-25,0.0,2005-06-08,6.48,500.0,1573.7601838399999,Nippon India Mutual Fund,CRISIL Credit Risk Debt Index,3,2026-08-31,0.2867,1.2282,6.8411,8.004,7.0703,4.970018005715573,"Nil upto 25% of units and 1% for remaining units on or before 12M, Nil after 12M",-,,,,2,,,Debt : Credit Risk,38.127
Tata India Pharma & Healthcare Fund-Reg(G),Growth,Tata India Pharma & Healthcare Fund-Reg(G),391,EQ,400030,7,1051,33729,Open ended scheme,2.32,Rajat Srivastava,-0.52,99.67,0.25,33.1867,2026-09-25,0.0,2015-12-28,11.8,5000.0,1565.2804563509999,Tata Mutual Fund,BSE Health Care - TRI,3,2026-08-31,-1.8438,3.6796,8.7957,18.8428,13.0474,9.859541913977287,0.25% on or before 30D,Healthcare,,,,1,,,Equity : Sectoral - Pharma,33.1867
Union Multicap Fund-Reg(G),Growth,Union Multicap Fund-Reg(G),534,EQ,400045,4,76,43846,Open ended scheme,2.58,Harshad Patwardhan,0.17,119.0,1.0,17.28,2026-09-25,0.0,2022-12-19,15.61,1000.0,1561.6686,Union Mutual Fund,Nifty500 Multicap 50:25:25 - TRI,3,2026-08-31,-3.1933,2.5519,8.2707,13.6097,,6.403940886699525,"1% on or before 15D, Nil after 15D",Financials,,,,Unrated,,,Equity : Mid Cap,17.28
Kotak Banking & Financial Services Fund-Reg(G),Growth,Kotak Banking & Financial Services Fund-Reg(G),330,EQ,400019,8,697,46629,Open ended scheme,2.25,Shibani Kurian,0.39,26.68,0.5,15.599,2026-09-25,0.0,2023-02-27,13.23,100.0,1560.9167000000002,Kotak Mahindra Mutual Fund,Nifty Financial Services - TRI,3,2026-08-31,-4.6399,-4.5991,2.7534,10.244,,-3.471534653465346,"0.50% on or before 30D, Nil after 30D",Financials,,,,Unrated,,,Equity : Sectoral - Financial Services,15.599
ICICI Pru FMCG Fund(G),Growth,ICICI Pru FMCG Fund(G),315,EQ,400015,14,1035,1517,Open ended scheme,2.42,Nitya Mishra,0.32,72.0,1.0,394.2,2026-09-25,0.0,1999-03-31,14.29,5000.0,1557.2015827572,ICICI Prudential Mutual Fund,NIFTY FMCG - TRI,3,2026-08-31,-3.7457,-5.7479,-17.1797,-3.771,3.3983,-16.3341540028865,"1% on or before 15D, NIL after 15D",FMCG,,,,1,,,Equity : Thematic - Consumption,394.2
ICICI Pru Exports & Services Fund(G),Growth,ICICI Pru Exports & Services Fund(G),379,EQ,400015,13,869,1680,Open ended scheme,2.3,Sri Sharma,-0.12,91.0,1.0,166.2,2026-09-25,0.0,2005-11-30,14.44,5000.0,1549.4574568181,ICICI Prudential Mutual Fund,BSE 500 - TRI,3,2026-08-31,-4.4003,-0.4492,1.138,13.5599,12.3324,-2.2352941176470655,"1% on or before 15D, Nil after 15D",Financials,,,,3,,,Equity : Thematic,166.2
Invesco India Infrastructure Fund-Reg(G),Growth,Invesco India Infrastructure Fund-Reg(G),166,EQ,400021,11,1088,2237,Open ended scheme,2.41,Sagar Gandhi,0.0,94.0,1.0,66.46,2026-09-25,0.0,2007-11-21,10.57,1000.0,1547.6010999999999,Invesco Mutual Fund,BSE India Infrastructure Index - TRI,5,2026-08-31,-3.359,-4.2363,4.3492,17.7303,16.9669,10.215588723051404,"Nil upto 10% of units and 1% for above the limits on or before 1Y, Nil after 1Y",Capital Goods,,,,4,,,Equity : Sectoral - Infrastructure,66.46
Motilal Oswal Business Cycle Fund-Reg(G),Growth,Motilal Oswal Business Cycle Fund-Reg(G),312,EQ,400042,13,995,48959,Open ended scheme,2.6,Atul Mehra,-0.11,179.0,1.0,12.6469,2026-09-25,0.0,2024-08-27,11.96,500.0,1547.1435000000001,Motilal Oswal Mutual Fund,NIFTY 500 - TRI,3,2026-08-31,-1.487,11.3666,0.7561,,,1.4356868438149188,"1% on or before 365D, Nil after 365D",Financials,,,,Unrated,,,Equity : Thematic,12.6469
UTI Silver ETF,Growth,UTI Silver ETF,199,NEQ,400032,56,620,46881,Open ended scheme,0.59,Sharwan Kumar Goyal,1.51,99.27,,221.6809,2026-09-25,0.0,2023-04-17,36.56,5000.0,1546.4877999999999,UTI Mutual Fund,Silver,3,2026-08-31,-4.1612,5.7253,67.5404,44.7991,,1.4913695144384813,null,-,,,,Unrated,,,Metal : ETFs,221.6809
ITI Multi Cap Fund-Reg(G),Growth,ITI Multi Cap Fund-Reg(G),534,EQ,400056,3,67,43408,Open ended scheme,2.32,Dhimant Shah,0.19,102.0,0.5,26.0069,2026-09-25,0.0,2019-05-15,13.85,1000.0,1542.8038000000001,ITI Mutual Fund,Nifty500 Multicap 50:25:25 - TRI,3,2026-08-31,-2.0212,2.1024,11.4989,15.4694,12.118,7.82967431639613,"0.50% on or before 3M, NIL after 3M",Financials,,,,Unrated,,,Equity : Multi Cap,26.0069
Tata Gold ETF FoF-Reg(G),Growth,Tata Gold ETF FoF-Reg(G),65,NEQ,400030,48,952,48437,Open ended scheme,0.64,Tapan Patel,0.69,5.86,0.5,22.7901,2026-09-25,0.0,2024-01-19,35.91,5000.0,1540.0855323759001,Tata Mutual Fund,Gold-India,3,2026-08-31,-6.2861,8.0673,30.5484,,,11.768225399082905,"0.50% on or before 7D, Nil after 7D",-,,,,Unrated,,,FoFs : Domestic,22.7901
ITI Mid Cap Fund-Reg(G),Growth,ITI Mid Cap Fund-Reg(G),349,EQ,400056,4,718,45314,Open ended scheme,2.43,Alok Ranjan,-0.01,100.0,0.5,22.7869,2026-09-25,0.0,2021-03-05,15.96,5000.0,1539.2048000000002,ITI Mutual Fund,Nifty Midcap 150 - TRI,3,2026-08-31,-4.0758,0.6915,8.9933,17.8113,14.0679,2.566999450861066,"0.50% on or before 3M, NIL after 3M",Financials,,,,Unrated,,,Equity : Mid Cap,22.7869
HSBC Balanced Advantage Fund-Reg(G),Growth,HSBC Balanced Advantage Fund-Reg(G),44,EQ,400014,41,350,13019,Open ended scheme,2.48,Neelotpal Sahai,0.03,369.0,1.0,43.777,2026-09-25,0.0,2011-02-07,9.9,5000.0,1522.1801999999998,HSBC Mutual Fund,CRISIL Short Term Bond Index,3,2026-08-31,-1.9603,-0.0525,0.6514,8.2154,6.9322,-0.7951885315185989,"Nil for 10% of units and 1% for remaining units on or before 1Y, Nil after 1Y",Financials,,,,2,,,Hybrid : Dynamic Asset Allocation,43.777
Nippon India Gilt Fund(G),Growth,Nippon India Gilt Fund(G),447,NEQ,400025,29,550,6291,Open ended scheme,1.24,Pranay Sinha,-0.05,0.0,0.25,38.9165,2026-09-25,0.0,2008-08-22,7.79,5000.0,1517.2838958670002,Nippon India Mutual Fund,Nifty All Duration G-Sec Index,3,2026-08-31,-0.6819,-0.4186,2.8623,5.4565,4.7044,2.229980350744466,"0.25% on or before 7D, Nil after 7D",-,,,,3,,,Debt : Gilt,38.9165
UTI Gold ETF FoF-Reg(G),Growth,UTI Gold ETF FoF-Reg(G),65,NEQ,400032,48,620,47003,Open ended scheme,0.46,Sharwan Kumar Goyal,0.67,,1.0,28.4696,2026-09-25,0.0,2022-10-28,30.66,25.0,1516.9923000000001,UTI Mutual Fund,Gold-India,3,2026-08-31,-6.4586,8.2198,31.2114,35.1213,,8.887851968576209,"1% on or before 15D, Nil after 15D",-,,,,Unrated,,,FoFs : Domestic,28.4696
Sundaram Consumption Fund(G),Growth,Sundaram Consumption Fund(G),323,EQ,400029,14,1206,3050,Open ended scheme,2.55,Anuj Bansal,0.39,77.92,0.5,93.6445,2026-09-25,0.0,2006-05-12,11.6,100.0,1516.3575640000001,Sundaram Mutual Fund,Nifty India Consumption - TRI,3,2026-08-31,-5.2738,3.9167,-5.8262,8.5496,9.8394,-4.410638858209132,"0.50% on or before 30D, Nil after 30D",Automobile and Ancillaries,,,,2,,,Equity : Thematic - Consumption,93.6445
UTI Banking & PSU Debt Fund-Reg(G),Growth,UTI Banking & PSU Debt Fund-Reg(G),449,NEQ,400032,33,339,21956,Open ended scheme,0.47,Anurag Mittal,-0.01,0.0,0.0,23.5787,2026-09-25,0.0,2014-02-03,7.02,500.0,1508.4226999999998,UTI Mutual Fund,NIFTY Banking and PSU Debt Index,3,2026-08-31,0.5008,1.5719,5.8214,7.1429,7.4582,4.268707934233697,Nil,-,,,,2,,,Debt : Banking & PSU,23.5787
Aditya Birla SL Conservative Hybrid Fund(G),Growth,Aditya Birla SL Conservative Hybrid Fund(G),302,NEQ,400004,52,586,422,Open ended scheme,1.8,Mohit Sharma,-0.03,163.0,1.0,69.7804,2026-09-25,0.0,2004-05-22,9.08,1000.0,1501.5539,Aditya Birla Sun Life Mutual Fund,CRISIL Hybrid 85+15 - Conservative Index,5,2026-08-31,-1.1743,0.0036,3.3282,7.6027,6.8928,1.952396189006787,"1% on or before 90D, Nil after 90D",Financials,,,,3,,,Hybrid : Conservative Hybrid,69.7804
LIC MF Gold ETF,Growth,LIC MF Gold ETF,65,NEQ,400020,56,420,15131,Open ended scheme,0.45,Sumit Bhatnagar,0.83,,0.0,135.6887,2026-09-25,0.0,2011-11-09,10.92,10000.0,1500.2683,LIC Mutual Fund,Gold-India,3,2026-08-31,-6.0774,7.9628,33.0445,35.8528,26.0295,14.630406536758297,Nil,-,,,,Unrated,,,Metal : ETFs,135.6887
ICICI Pru Passive Multi-Asset FoF(G),Growth,ICICI Pru Passive Multi-Asset FoF(G),415,NEQ,400015,48,297,46182,Open ended scheme,0.58,Manish Banthia,0.15,,1.0,16.5463,2026-09-25,0.0,2022-01-14,11.31,1000.0,1498.4397066709998,ICICI Prudential Mutual Fund,CRISIL Hybrid 50+50 - Moderate Index,3,2026-08-31,-2.3327,0.4242,6.3141,12.6674,,2.0601425729852663,"1% on or before 12M, Nil after 12M",-,,,,Unrated,,,FoFs : Domestic,16.5217
Invesco India Ultra Short Term Fund-Reg(G),Growth,Invesco India Ultra Short Term Fund-Reg(G),434,NEQ,400021,22,465,13460,Open ended scheme,0.79,Krishna Cheemalapati,-0.01,0.0,0.0,2904.78,2026-09-25,0.0,2010-12-30,7.01,1000.0,1496.6314000000002,Invesco Mutual Fund,NIFTY Ultra Short Duration Debt Index,3,2026-08-31,0.5005,1.5962,6.1743,6.8685,6.0698,4.616158553780428,Nil,-,,,,2,,,Debt : Ultra Short Duration,2904.78
DSP Silver ETF,Growth,DSP Silver ETF,199,NEQ,400009,56,888,46354,Open ended scheme,0.4,Ravi Gehani,1.54,,,22.1426,2026-09-25,0.0,2022-08-19,39.88,5000.0,1495.9785000000002,DSP Mutual Fund,Silver,1,2026-08-31,-4.1963,5.8672,66.9578,45.2884,,0.6756388105847133,null,-,,,,Unrated,,,Metal : ETFs,22.1426
UTI Quant Fund-Reg(G),Growth,UTI Quant Fund-Reg(G),298,EQ,400032,13,620,49528,Open ended scheme,2.14,Sharwan Kumar Goyal,0.29,74.0,1.0,10.0568,2026-09-25,0.0,2025-01-21,0.34,1000.0,1489.1645,UTI Mutual Fund,BSE 200 - TRI,3,2026-08-31,-4.7931,-1.7862,-3.9841,,,-5.563745973913773,"1% on or before 90D, Nil after 90D",Financials,,,,Unrated,,,Equity : Thematic,10.0568
Aditya Birla SL Nifty 50 Index Fund-Reg(G),Growth,Aditya Birla SL Nifty 50 Index Fund-Reg(G),154,EQ,400004,18,671,407,Open ended scheme,0.58,Mehul Dama,0.33,5.0,0.0,235.7865,2026-09-25,0.0,2002-09-18,14.05,100.0,1488.1301,Aditya Birla Sun Life Mutual Fund,NIFTY 50 - TRI,3,2026-08-31,-4.9118,-3.6034,-6.475,6.2495,5.9672,-10.949125925825225,Nil,Financials,,,,3,,,Equity : Index Funds,235.7865
Axis Services Opportunities Fund-Reg(G),Growth,Axis Services Opportunities Fund-Reg(G),329,EQ,400040,13,294,49801,Open ended scheme,2.11,Sachin Relekar,-0.84,4.0,0.0,9.5,2026-09-25,0.0,2025-07-24,-4.28,100.0,1487.4904000000001,Axis Mutual Fund,Nifty Services Sector - TRI,3,2026-08-31,-5.3785,-1.8595,-4.3303,,,-4.040404040404043,"NIL for 10% of investments and 1% for remaining investments on or before 12M, Nil after 12M",Financials,,,,Unrated,,,Equity : Thematic,9.5
Baroda BNP Paribas Multi Asset Fund-Reg(G),Growth,Baroda BNP Paribas Multi Asset Fund-Reg(G),312,NEQ,400001,42,85,46852,Open ended scheme,2.06,Jitendra Sriram,0.23,38.0,0.0,15.8709,2026-09-25,0.0,2022-12-19,13.03,5000.0,1486.4618,Baroda BNP Paribas Mutual Fund,NIFTY 500 - TRI,3,2026-08-31,-4.5503,-0.5072,4.9739,12.9506,,-0.2582956259426856,"Nil upto 10% of units and 1% for remaining units on or before 12M, Nil after 12M",Financials,,,,Unrated,,,Hybrid : Multi Asset Allocation,15.8709
HDFC Technology Fund-Reg(G),Growth,HDFC Technology Fund-Reg(G),408,EQ,400013,10,953,48189,Open ended scheme,2.15,Balakumar B,0.0,12.02,1.0,11.172,2026-09-25,0.0,2023-09-08,3.68,100.0,1483.5938,HDFC Mutual Fund,BSE TECk Index - TRI,3,2026-08-31,-6.8068,4.7637,-15.1128,3.7771,,-19.154786887618496,"1% on or before 30D, Nil after 30D",Technology,,,,Unrated,,,Equity : Sectoral - Technology,11.172
Union Money Market Fund-Reg(G),Growth,Union Money Market Fund-Reg(G),420,NEQ,400045,24,231,45360,Open ended scheme,0.82,Parijat Agrawal,0.0,0.0,0.0,1325.018,2026-09-25,0.0,2021-08-26,5.69,5000.0,1481.7218,Union Mutual Fund,CRISIL Money Market Index,3,2026-08-31,0.4947,1.6046,6.0776,6.4566,5.7423,4.599530153187676,NIL,-,,,,Unrated,,,Debt : Money Market,1325.018
Groww Multicap Fund-Reg(G),Growth,Groww Multicap Fund-Reg(G),534,EQ,400048,3,406,49400,Open ended scheme,2.59,Anupam Tiwari,0.21,69.0,1.0,12.0947,2026-09-25,0.0,2024-12-16,11.31,500.0,1476.142620619,Groww Mutual Fund,Nifty500 Multicap 50:25:25 - TRI,3,2026-08-31,-1.2492,5.3646,16.3657,,,13.706189831528285,"1% on or before 1Y, Nil after 1Y",Financials,,,,Unrated,,,Equity : Multi Cap,12.0947
HSBC Equity Savings Fund-Reg(G),Growth,HSBC Equity Savings Fund-Reg(G),436,EQ,400014,55,638,15304,Open ended scheme,2.58,Cheenu Gupta,-0.06,602.0,0.0,36.4932,2026-09-25,0.0,2011-10-18,9.05,5000.0,1475.3368,HSBC Mutual Fund,NIFTY 50 Equity Savings Index,3,2026-08-31,-1.2779,-0.0756,6.4221,11.8052,9.8575,6.289429075721316,"Nil upto 10% of units and 0.50% for remaining units on or before 1M, Nil after 1M",Financials,,,,2,,,Hybrid : Equity Savings,36.4932
Aditya Birla SL Dividend Yield Fund-Reg(G),Growth,Aditya Birla SL Dividend Yield Fund-Reg(G),312,EQ,400004,15,1221,301,Open ended scheme,2.82,Pavas Pethia,0.33,86.0,1.0,445.68,2026-09-25,0.0,2003-02-26,17.46,1000.0,1474.7978,Aditya Birla Sun Life Mutual Fund,NIFTY 500 - TRI,5,2026-08-31,-4.062,-0.3689,1.7047,10.9993,11.905,-3.646104459482909,"1% on or before 90D, Nil after 90D",Financials,,,,Unrated,,,Equity : Thematic - Dividend Yield,444.23
Helios Large & Mid Cap Fund-Reg(G),Growth,Helios Large & Mid Cap Fund-Reg(G),366,EQ,400061,2,972,49245,Open ended scheme,2.65,Alok Bahl,0.0,43.0,0.0,11.17,2026-09-25,0.0,2024-10-30,5.98,5000.0,1473.1842000000001,Helios Mutual Fund,NIFTY LargeMidcap 250 - TRI,3,2026-08-31,-3.3737,0.1794,3.8104,,,0.9033423667569977,"Nil upto 10% of units and 1% for remaining units on or before 3M, Nil after 3M",Financials,,,,Unrated,,,Equity : Large & Mid Cap,11.17
Axis Aggressive Hybrid Fund-Reg(G),Growth,Axis Aggressive Hybrid Fund-Reg(G),301,EQ,400040,54,966,40568,Open ended scheme,2.22,Jayesh Sundar,0.15,0.0,1.0,20.46,2026-09-25,0.0,2018-08-09,9.2,500.0,1471.3281,Axis Mutual Fund,CRISIL Hybrid 35+65 - Aggressive Index,3,2026-08-31,-2.8951,-0.1951,-0.0489,8.2859,5.127,-2.338902147971353,"Nil for 10% of investments and 1% for remaining investments on or before 12M, Nil after 12M",Financials,,,,3,,,Hybrid : Aggressive Hybrid,20.46
Mirae Asset Gold Silver Passive FoF-Reg(G),Growth,Mirae Asset Gold Silver Passive FoF-Reg(G),65,NEQ,400033,48,898,50139,Open ended scheme,0.69,Ritesh Patel,0.96,,0.05,16.686,2026-09-25,0.0,2025-08-29,61.08,5000.0,1470.1624,Mirae Asset Mutual Fund,Gold-India,3,2026-08-31,-5.5901,7.1195,46.9614,,,7.277870644207275,"0.05% on or before 15D, Nil after 15D",-,,,,Unrated,,,FoFs : Domestic,16.686
DSP Business Cycle Fund-Reg(G),Growth,DSP Business Cycle Fund-Reg(G),312,EQ,400009,13,662,48957,Open ended scheme,2.76,Anish Tawakley,0.53,116.0,0.5,10.015,2026-09-25,0.0,2024-12-17,0.08,100.0,1469.3688,DSP Mutual Fund,NIFTY 500 - TRI,3,2026-08-31,-4.3549,-3.8129,-0.6251,,,-2.549382115403315,"0.50% on or before 1M, Nil after 1M",Financials,,,,Unrated,,,Equity : Thematic,10.015
Edelweiss Business Cycle Fund-Reg(G),Growth,Edelweiss Business Cycle Fund-Reg(G),312,EQ,400035,13,490,48499,Open ended scheme,2.68,Bhavesh Jain,0.2,164.0,1.0,9.0087,2026-09-25,0.0,2024-07-29,-4.72,100.0,1463.3727,Edelweiss Mutual Fund,NIFTY 500 - TRI,3,2026-08-31,-2.2239,2.8754,2.966,,,-0.45085363832256853,"1% on or before 90D, Nil after 90D",Financials,,,,Unrated,,,Equity : Thematic,9.0087
Mirae Asset Nifty Next 50 ETF,Growth,Mirae Asset Nifty Next 50 ETF,165,EQ,400033,44,760,44314,Open ended scheme,0.15,Ekta Gala,0.56,,,742.0,2026-09-25,0.0,2020-01-24,15.02,5000.0,1457.3608,Mirae Asset Mutual Fund,NIFTY NEXT 50 - TRI,3,2026-08-31,-3.6225,-0.199,6.0002,17.6141,11.5406,4.280694396992665,null,Financials,,,,Unrated,,,Equity : ETFs,742.0
Baroda BNP Paribas India Consumption Fund-Reg(G),Growth,Baroda BNP Paribas India Consumption Fund-Reg(G),323,EQ,400001,14,1254,17168,Open ended scheme,2.48,Paresh Jain,0.4,62.0,1.0,29.8448,2026-09-25,0.0,2018-09-07,14.54,5000.0,1453.6484,Baroda BNP Paribas Mutual Fund,Nifty India Consumption - TRI,3,2026-08-31,-5.1474,0.398,-7.657,8.0853,8.4872,-7.201890488479842,"Nil upto 10% of units and 1% for excess units on or before 12M, Nil after 12M",Automobile and Ancillaries,,,,4,,,Equity : Thematic - Consumption,29.8448
UTI Banking and Financial Services Fund-Reg(G),Growth,UTI Banking and Financial Services Fund-Reg(G),330,EQ,400032,8,1191,3439,Open ended scheme,2.38,Bhavesh Kanani,0.61,55.0,1.0,190.5388,2026-09-25,0.0,2005-07-30,12.62,5000.0,1451.7314999999999,UTI Mutual Fund,Nifty Financial Services - TRI,3,2026-08-31,-3.7392,-3.2852,1.6173,11.2454,9.5687,-3.9369268899648855,"1% on or before 30D, Nil after 30D",Financials,,,,1,,,Equity : Sectoral - Financial Services,190.5388
ICICI Pru Nifty SDL Sep 2027 Index Fund-Reg(G),Growth,ICICI Pru Nifty SDL Sep 2027 Index Fund-Reg(G),679,NEQ,400015,27,893,46528,Open ended scheme,0.32,Darshil Dedhia,0.01,0.0,0.0,13.2327,2026-09-25,0.0,2022-03-24,6.41,1000.0,1448.3265740980999,ICICI Prudential Mutual Fund,Nifty SDL Sep 2027 Index,3,2026-08-31,0.3116,1.4746,5.9277,7.3879,,4.233883672569157,Nil,-,,,,Unrated,,,Debt : Medium to Long Duration,13.2327
Invesco India PSU Equity Fund-Reg(G),Growth,Invesco India PSU Equity Fund-Reg(G),402,EQ,400021,13,1088,7996,Open ended scheme,2.45,Sagar Gandhi,-0.16,54.0,1.0,63.2,2026-09-25,0.0,2009-11-18,11.55,1000.0,1447.7754,Invesco Mutual Fund,BSE PSU - TRI,3,2026-08-31,-3.7905,-3.3196,-0.9094,17.2812,19.3158,-4.531722054380665,"Nil upto 10% of units and 1% for above the limits on or before 1Y, Nil after 1Y",Capital Goods,,,,1,,,Equity : Thematic,63.2
DSP Global Innovation Overseas Equity Omni FoF-Reg(G),Growth,DSP Global Innovation Overseas Equity Omni FoF-Reg(G),719,NEQ,400009,49,1009,45728,Open ended scheme,2.05,Kaivalya Nadkarni,-0.2,,0.0,22.3003,2026-09-24,0.0,2022-02-14,19.0,100.0,1447.2978,DSP Mutual Fund,MSCI ACWI Net TRI,5,2026-08-31,1.3821,4.7735,22.9215,28.6278,,20.02378914848843,Nil,-,,,,Unrated,,,FoFs : Overseas,22.3003
UTI Healthcare Fund-Reg(G),Growth,UTI Healthcare Fund-Reg(G),391,EQ,400032,7,654,3646,Open ended scheme,2.2,Kamal Gada,-0.47,31.0,1.0,342.6952,2026-09-25,0.0,2005-08-01,18.17,5000.0,1443.5692999999999,UTI Mutual Fund,BSE Health Care - TRI,3,2026-08-31,0.7521,6.836,17.8759,23.712,14.9473,20.682621740784043,"1% on or before 30D, Nil after 30D",Healthcare,,,,3,,,Equity : Sectoral - Pharma,342.6952
ICICI Pru Childrens Fund(G),Growth,ICICI Pru Childrens Fund(G),370,EQ,400015,54,1096,1489,Open ended scheme,3.07,Aatur Shah,-0.02,325.0,0.0,321.32,2026-09-25,0.0,2001-08-31,14.83,5000.0,1435.8296545076,ICICI Prudential Mutual Fund,NIFTY 50 Hybrid Composite Debt 65:35 Index,3,2026-08-31,-2.6392,-2.4825,-2.2839,11.8273,10.4169,-3.070889894419308,Nil,Financials,,,,3,,,Hybrid : Aggressive Hybrid,321.32
Edelweiss Large Cap Fund-Reg(G),Growth,Edelweiss Large Cap Fund-Reg(G),314,EQ,400035,1,557,7785,Open ended scheme,2.41,Bharat Lahoti,0.48,131.0,1.0,81.34,2026-09-25,0.0,2009-05-20,12.83,100.0,1434.0266000000001,Edelweiss Mutual Fund,NIFTY 100 - TRI,3,2026-08-31,-3.7624,-0.8895,-2.7615,8.4362,7.7119,-6.570181484033998,"1% on or before 90D, Nil after 90D",Financials,,,,3,,,Equity : Large Cap,81.34
Bandhan Infrastructure Fund-Reg(G),Growth,Bandhan Infrastructure Fund-Reg(G),166,EQ,400028,11,944,12459,Open ended scheme,2.25,Vishal Biraia,0.18,30.0,0.5,48.004,2026-09-25,0.0,2011-03-08,10.61,1000.0,1433.0440947898,Bandhan Mutual Fund,BSE India Infrastructure Index - TRI,3,2026-08-31,-2.7708,-4.4563,-3.496,14.2351,15.2601,-0.4252318031902868,"0.50% on or before 30D, Nil after 30D",Energy,,,,5,,,Equity : Sectoral - Infrastructure,48.004
Unifi Dynamic Asset Allocation Fund-Reg(G),Growth,Unifi Dynamic Asset Allocation Fund-Reg(G),415,EQ,400065,41,1080,49692,Open ended scheme,1.99,Saravanan V N,0.0,0.0,0.0,11.2235,2026-09-25,0.0,2025-03-13,7.8,5000.0,1426.7614202,Unifi Mutual Fund,CRISIL Hybrid 50+50 - Moderate Index,3,2026-08-31,0.6303,2.0829,7.9484,,,5.79923267630063,"NIL upto 20% of units and 1.5% for remaining units on or before 12M, Nil after 12M",Financials,,,,Unrated,,,Hybrid : Dynamic Asset Allocation,11.2235
Quant Liquid Plan(G),Growth,Quant Liquid Plan(G),42,NEQ,400010,21,179,883,Open ended scheme,0.59,Sanjeev Sharma,0.0,0.0,0.007,44.2511,2026-09-25,0.0,2005-09-29,7.34,5000.0,1425.8926999999999,Quant Mutual Fund,CRISIL Liquid Debt Index,1,2026-08-31,0.4853,1.444,5.7983,6.4674,6.0169,4.258346939592923,"0.007% for Day 1, 0.0065% on Day 2, 0.0060% on Day 3, 0.0055% on Day 4, 0.0050% on Day 5, 0.0045% on Day 6, NIL on or after 7D",-,,,,5,,,Debt : Liquid,44.2511
Aditya Birla SL Dynamic Term Fund-Reg(G),Growth,Aditya Birla SL Dynamic Term Fund-Reg(G),433,NEQ,400004,31,586,302,Open ended scheme,1.22,Mohit Sharma,-0.07,162.0,0.5,49.0068,2026-09-25,0.0,2004-09-27,7.49,1000.0,1422.3051999999998,Aditya Birla Sun Life Mutual Fund,NIFTY Composite Debt Index,3,2026-08-31,-0.063,0.4349,4.9219,6.9452,6.5585,3.46561723455779,"Nil upto 15% of units,0.50% in excess of limit on or before 90D and Nil after 90D",-,,,,1,,,Debt : Dynamic Bond,49.0068
PGIM India Emerging Markets Equity FoF(G),Growth,PGIM India Emerging Markets Equity FoF(G),55,NEQ,400044,49,769,815,Open ended scheme,1.59,Anandha Padmanabhan Anjeneyan,0.51,4.0,0.5,23.49,2026-09-25,0.0,2007-09-11,4.58,5000.0,1414.4867000000002,PGIM India Mutual Fund,MSCI Emerging Market Index,5,2026-08-31,1.9531,-4.3177,28.9243,26.8163,3.6937,27.565502183406114,"0.50% on or before 90D, Nil after 90D",-,,,,Unrated,,,FoFs : Overseas,23.37
Bank of India ELSS Tax Saver Fund-Reg(G),Growth,Bank of India ELSS Tax Saver Fund-Reg(G),379,EQ,400034,6,14,7516,Open ended scheme,2.31,Alok Singh,0.46,72.0,0.0,163.39,2026-09-25,3.0,2009-02-25,17.21,500.0,1414.435,Bank of India Mutual Fund,BSE 500 - TRI,3,2026-08-31,-2.1324,-0.6989,2.619,11.1133,9.7011,1.5412342303150766,Nil,Financials,,,,5,,,Equity : Tax Saving (ELSS),163.39
Canara Rob Multi Asset Allocation Fund-Reg(G),Growth,Canara Rob Multi Asset Allocation Fund-Reg(G),298,NEQ,400006,42,822,49689,Open ended scheme,2.35,Amit Kadam,0.18,172.0,0.0,11.11,2026-09-25,0.0,2025-05-30,8.28,5000.0,1411.5348999999999,Canara Robeco Mutual Fund,BSE 200 - TRI,3,2026-08-31,-3.8095,1.9266,7.343,,,1.7399267399267355,"NIL upto 12% of units and 1% for remaining units on or before 365D, Nil after 365D",Financials,,,,Unrated,,,Hybrid : Multi Asset Allocation,11.11
Tata Resources & Energy Fund-Reg(G),Growth,Tata Resources & Energy Fund-Reg(G),328,EQ,400030,12,673,33731,Open ended scheme,2.22,Satish Chandra Mishra,0.18,17.93,0.25,48.5467,2026-09-25,0.0,2015-12-28,15.83,5000.0,1409.150212205,Tata Mutual Fund,NIFTY COMMODITIES - TRI,3,2026-08-31,-1.5801,1.2786,6.523,14.5309,11.4475,4.922961211526531,0.25% on or before 30D,Energy,,,,Unrated,,,Equity : Sectoral - Energy / Power,48.5467
Bajaj Finserv Arbitrage Fund-Reg(G),Growth,Bajaj Finserv Arbitrage Fund-Reg(G),717,EQ,400060,38,961,48064,Open ended scheme,2.03,Ilesh Savla,0.12,871.0,0.25,12.025,2026-09-25,0.0,2023-09-15,6.27,500.0,1408.3726000000001,Bajaj Finserv Mutual Fund,Nifty 50 Arbitrage - TRI,3,2026-08-31,0.4092,1.3485,5.9378,6.2841,,4.229869116754785,"0.25% on or before 15D, Nil after 15D",Financials,,,,Unrated,,,Hybrid : Arbitrage,12.025
DSP NIFTY Next 50 Index Fund-Reg(G),Growth,DSP NIFTY Next 50 Index Fund-Reg(G),165,EQ,400009,18,597,41641,Open ended scheme,1.02,Anil Ghelani,0.55,29.0,0.0,27.7576,2026-09-25,0.0,2019-02-21,14.38,100.0,1406.8395,DSP Mutual Fund,NIFTY NEXT 50 - TRI,3,2026-08-31,-3.689,-0.3819,5.1922,16.8139,10.9561,3.62339941016165,Nil,Financials,,,,3,,,Equity : Index Funds,27.7576
Aditya Birla SL Mfg. Equity Fund-Reg(G),Growth,Aditya Birla SL Mfg. Equity Fund-Reg(G),309,EQ,400004,14,914,30774,Open ended scheme,2.32,Dhaval Joshi,0.5,31.0,1.0,39.92,2026-09-25,0.0,2015-02-03,12.62,1000.0,1401.5212,Aditya Birla Sun Life Mutual Fund,BSE India Manufacturing Index - TRI,3,2026-08-31,-1.3347,8.4193,22.4164,20.5596,14.3644,19.520958083832348,"1% on or before 90D, Nil after 90D",Automobile and Ancillaries,,,,4,,,Equity : Thematic - Consumption,39.92
Aditya Birla SL Nifty India Defence Index Fund-Reg(G),Growth,Aditya Birla SL Nifty India Defence Index Fund-Reg(G),634,EQ,400004,18,671,49044,Open ended scheme,1.15,Mehul Dama,0.42,,0.05,13.2598,2026-09-25,0.0,2024-08-30,14.59,500.0,1398.1761999999999,Aditya Birla Sun Life Mutual Fund,Nifty India Defence - TRI,3,2026-08-31,-3.759,-0.006,14.8015,,,20.916278348729257,"0.05% on or before 30D, Nil after 30D",Capital Goods,,,,Unrated,,,Equity : Index Funds,13.2598
Mahindra Manulife Liquid Fund-Reg(G),Growth,Mahindra Manulife Liquid Fund-Reg(G),42,NEQ,400054,21,365,35846,Open ended scheme,0.26,Rahul Pal,0.02,0.0,0.007,1832.8719,2026-09-27,0.0,2016-07-04,6.09,1000.0,1392.2827,Mahindra Manulife Mutual Fund,CRISIL Liquid Debt Index,1,2026-08-31,0.5132,1.5994,6.4203,6.851,6.2918,4.785677760357765,"0.007% for Day 1, 0.0065% on Day 2, 0.0060% on Day 3, 0.0055% on Day 4, 0.0050% on Day 5, 0.0045% on Day 6, NIL on or after 7D",-,,,,5,,,Debt : Liquid,1832.5788
DSP Nifty PSU Bank ETF,Growth,DSP Nifty PSU Bank ETF,321,EQ,400009,44,597,47908,Open ended scheme,0.86,Anil Ghelani,0.28,31.0,,83.8956,2026-09-25,0.0,2023-07-27,20.96,5000.0,1391.1714000000002,DSP Mutual Fund,NIFTY PSU BANK - TRI,3,2026-08-31,-3.6026,-3.9763,12.8686,17.1599,,-2.170209441361425,null,Financials,,,,Unrated,,,Equity : ETFs,83.8956
Axis Multi-Asset Omni FoF-Reg(G),Growth,Axis Multi-Asset Omni FoF-Reg(G),312,NEQ,400040,48,298,50377,Open ended scheme,1.34,Devang Shah,0.3,,0.0,10.6878,2026-09-25,0.0,2025-12-11,6.88,100.0,1390.7811,Axis Mutual Fund,NIFTY 500 - TRI,3,2026-08-31,-2.6568,2.2286,,,,4.762279287427748,"NIL upto 10% of investment and 1% for reamaining investment on or before 12M, Nil after 12M",-,,,,Unrated,,,FoFs : Domestic,10.656
DSP Nifty 50 Equal Weight ETF,Growth,DSP Nifty 50 Equal Weight ETF,359,EQ,400009,44,597,45715,Open ended scheme,0.31,Anil Ghelani,0.26,29.0,,330.961,2026-09-25,0.0,2021-11-08,10.59,5000.0,1389.8947,DSP Mutual Fund,NIFTY50 Equal Weight - TRI,3,2026-08-31,-4.6986,-2.4302,0.0073,11.2021,,-4.222408462296222,null,Financials,,,,Unrated,,,Equity : ETFs,330.961
LIC MF Large Cap Fund-Reg(G),Growth,LIC MF Large Cap Fund-Reg(G),314,EQ,400020,1,420,2127,Open ended scheme,2.54,Sumit Bhatnagar,0.25,67.0,0.0,52.4738,2026-09-25,0.0,1998-03-31,9.69,5000.0,1384.6782999999998,LIC Mutual Fund,NIFTY 100 - TRI,3,2026-08-31,-3.939,-1.4702,-5.423,6.8094,4.5535,-8.475314610033992,"Nil upto 12% on units and 1% on remaining units on or before 3M, Nil after 3M",Financials,,,,2,,,Equity : Large Cap,52.4738
Invesco India Business Cycle Fund-Reg(G),Growth,Invesco India Business Cycle Fund-Reg(G),312,EQ,400021,13,259,49315,Open ended scheme,2.27,Aditya Khemani,-0.28,12.0,0.5,14.08,2026-09-25,0.0,2025-02-27,24.26,100.0,1381.0354,Invesco Mutual Fund,NIFTY 500 - TRI,3,2026-08-31,-2.3578,0.5714,11.5689,,,11.041009463722402,"0.50% on or before 3M, Nil after 3M",Financials,,,,Unrated,,,Equity : Thematic,14.08
Franklin India Corporate Bond Fund-A(G),Growth,Franklin India Corporate Bond Fund-A(G),278,NEQ,400012,34,496,3381,Open ended scheme,0.77,Anuj Tagra,-0.07,0.0,0.0,106.7142,2026-09-25,0.0,1997-06-23,8.42,10000.0,1378.9977219710001,Franklin Templeton Mutual Fund,NIFTY Corporate Bond Index,3,2026-08-31,0.2215,1.1866,5.5018,7.374,6.1463,3.775183041093208,NIL,-,,,,1,,,Debt : Corporate Bond,106.7142
Altiva Equity Ex-Top 100 Long-Short Fund-Reg(G),Growth,Altiva Equity Ex-Top 100 Long-Short Fund-Reg(G),312,EQ,400070,58,1214,75090,Open ended scheme,4.28,Nikhil Gada,0.0,,0.5,10.8106,2026-09-25,0.0,2026-06-08,8.11,1000000.0,1366.0620000000001,Edelweiss Altiva SIF,NIFTY 500 - TRI,3,2026-08-31,-4.0448,2.3702,,,,,"0.50% on or before 90D, Nil after 90D",Financials,,,,Unrated,,,Hybrid : Long - Short,10.8106
Mahindra Manulife Business Cycle Fund-Reg(G),Growth,Mahindra Manulife Business Cycle Fund-Reg(G),312,EQ,400054,13,95,48179,Open ended scheme,2.4,Krishna Sanghavi,0.22,95.0,1.0,15.3877,2026-09-25,0.0,2023-09-11,15.23,1000.0,1364.4228,Mahindra Manulife Mutual Fund,NIFTY 500 - TRI,3,2026-08-31,-3.7697,-1.2178,5.3296,15.5594,,-0.04482091122861202,"1% on or before 3M, Nil after 3M",Financials,,,,Unrated,,,Equity : Thematic,15.3877
Axis Innovation Fund-Reg(G),Growth,Axis Innovation Fund-Reg(G),312,EQ,400040,13,500,44315,Open ended scheme,2.28,Ashish Naik,0.0,83.0,0.0,21.71,2026-09-25,0.0,2020-12-24,14.42,100.0,1362.5931,Axis Mutual Fund,NIFTY 500 - TRI,3,2026-08-31,-0.2298,13.1908,14.5042,17.7552,10.2681,14.263157894736848,"Nil for 20% of investment and 1% for remaining investment on or before 12M, Nil after 12M",Financials,,,,Unrated,,,Equity : Thematic,21.71
JM Mid Cap Fund-Reg(G),Growth,JM Mid Cap Fund-Reg(G),349,EQ,400017,4,184,47089,Open ended scheme,2.49,Satish Ramanathan,-0.18,90.32,1.0,20.9255,2026-09-25,0.0,2022-11-21,21.16,1000.0,1360.2918151309998,JM Financial Mutual Fund,Nifty Midcap 150 - TRI,3,2026-08-31,-3.0895,1.4978,8.31,17.0916,,10.135369845998374,"1% on or before 180D, Nil after 180D",Financials,,,,Unrated,,,Equity : Mid Cap,20.9255
Motilal Oswal Nifty India Defence ETF,Growth,Motilal Oswal Nifty India Defence ETF,634,EQ,400042,44,549,49103,Open ended scheme,0.62,Swapnil P Mayekar,0.43,88.0,,103.2817,2026-09-25,0.0,2024-08-21,14.82,500.0,1357.9889,Motilal Oswal Mutual Fund,Nifty India Defence - TRI,3,2026-08-31,-3.7055,0.1378,15.6733,,,21.59428582192523,null,Capital Goods,,,,Unrated,,,Equity : ETFs,103.2817
ICICI Pru ESG Exclusionary Strategy Fund(G),Growth,ICICI Pru ESG Exclusionary Strategy Fund(G),427,EQ,400015,13,433,44087,Open ended scheme,2.2,Mittul Kalawadia,0.38,52.0,1.0,20.87,2026-09-25,0.0,2020-10-09,13.13,5000.0,1356.4885126023,ICICI Prudential Mutual Fund,NIFTY100 ESG - TRI,3,2026-08-31,-3.6917,-1.5566,-7.1206,10.2957,8.2568,-8.183018037835458,"1% on or before 1M, NIL after 1M",Financials,,,,Unrated,,,Equity : Thematic,20.87
Quant Momentum Fund-Reg(G),Growth,Quant Momentum Fund-Reg(G),312,EQ,400010,13,791,48334,Open ended scheme,3.08,Sandeep Tandon,0.3,707.0,1.0,14.8776,2026-09-25,0.0,2023-11-20,14.96,5000.0,1354.8857,Quant Mutual Fund,NIFTY 500 - TRI,3,2026-08-31,-3.9051,-3.4154,7.2453,,,3.348963217672183,"1% on or before 15D, Nil after 15D",Media and Communications,,,,Unrated,,,Equity : Thematic,14.8776
Tata India Innovation Fund-Reg(G),Growth,Tata India Innovation Fund-Reg(G),312,EQ,400030,13,672,49235,Open ended scheme,2.34,Meeta Shetty,0.08,45.09,0.5,9.9688,2026-09-25,0.0,2024-11-28,-0.17,5000.0,1345.7346716313,Tata Mutual Fund,NIFTY 500 - TRI,3,2026-08-31,-3.4901,1.6436,1.0297,,,0.7814790476671816,"0.50% on or before 30D, Nil after 30D",Financials,,,,Unrated,,,Equity : Thematic,9.9688
Union Innovation & Opp Fund-Reg(G),Growth,Union Innovation & Opp Fund-Reg(G),312,EQ,400045,13,921,45727,Open ended scheme,2.34,Gaurav Chopra,-0.06,58.0,1.0,15.99,2026-09-25,0.0,2023-09-06,16.61,1000.0,1344.4088000000002,Union Mutual Fund,NIFTY 500 - TRI,3,2026-08-31,-1.962,8.4068,9.8969,17.669,,12.605633802816909,"1% on or before 1Y, Nil after 1Y",Automobile and Ancillaries,,,,Unrated,,,Equity : Thematic,15.99
Sundaram Overnight Fund-Reg(G),Growth,Sundaram Overnight Fund-Reg(G),293,NEQ,400029,20,450,42000,Open ended scheme,0.17,Sandeep Agarwal,0.01,0.0,0.0,1455.6106,2026-09-26,0.0,2019-03-20,5.11,5000.0,1335.28720084679,Sundaram Mutual Fund,Nifty 1D Rate Index,1,2026-08-31,0.4021,1.2459,5.1252,5.9341,5.6031,3.7027659284037275,Nil,-,,,,4,,,Debt : Overnight,1455.6106
Bank of India Multi Cap Fund-Reg(G),Growth,Bank of India Multi Cap Fund-Reg(G),534,EQ,400034,3,639,46115,Open ended scheme,2.54,Nitin Gosar,0.3,67.0,0.0,19.74,2026-09-25,0.0,2023-03-03,21.0,5000.0,1335.0358999999999,Bank of India Mutual Fund,Nifty500 Multicap 50:25:25 - TRI,3,2026-08-31,-1.9374,1.3347,11.3995,16.5287,,5.731119442956597,"NIL for 10% of investments and 1% for remaining investments on or before 3M, NIL after 3M",Financials,,,,Unrated,,,Equity : Multi Cap,19.74
Navi Nifty Next 50 Index Fund-Reg(G),Growth,Navi Nifty Next 50 Index Fund-Reg(G),165,EQ,400041,18,959,45860,Open ended scheme,1.14,Ashutosh Shirwaikar,0.55,29.0,0.0,16.6716,2026-09-25,0.0,2022-01-19,11.53,100.0,1330.5003279999999,Navi Mutual Fund,NIFTY NEXT 50 - TRI,3,2026-08-31,-3.7103,-0.5102,4.7889,16.5315,,3.3763044812768745,Nil,Financials,,,,Unrated,,,Equity : Index Funds,16.6716
ICICI Pru Nifty Midcap 150 Index Fund-Reg(G),Growth,ICICI Pru Nifty Midcap 150 Index Fund-Reg(G),349,EQ,400015,18,763,46108,Open ended scheme,1.09,Nishit Patel,-0.15,29.0,0.0,19.4279,2026-09-25,0.0,2021-12-22,14.97,100.0,1328.4702931391,ICICI Prudential Mutual Fund,Nifty Midcap 150 - TRI,3,2026-08-31,-4.6731,-1.3867,4.5404,13.6531,,0.5168667218543133,Nil,Financials,,,,Unrated,,,Equity : Index Funds,19.4279
Nippon India Nifty 500 Momentum 50 Index Fund-Reg(G),Growth,Nippon India Nifty 500 Momentum 50 Index Fund-Reg(G),767,EQ,400025,18,1074,49162,Open ended scheme,1.4,Jitendra Tolani,-0.04,145.0,0.0,8.3487,2026-09-25,0.0,2024-09-30,-8.69,1000.0,1326.4940866218901,Nippon India Mutual Fund,Nifty500 Momentum 50 - TRI,3,2026-08-31,-2.5493,-0.1567,4.6925,,,2.611784371082306,NIL,Financials,,,,Unrated,,,Equity : Index Funds,8.3487
HSBC India Export Opportunities Fund-Reg(G),Growth,HSBC India Export Opportunities Fund-Reg(G),312,EQ,400014,13,837,49091,Open ended scheme,2.39,Abhishek Gupta,0.54,32.0,0.0,11.7028,2026-09-25,0.0,2024-09-25,8.18,5000.0,1325.7884,HSBC Mutual Fund,NIFTY 500 - TRI,3,2026-08-31,-0.3983,8.3362,20.1964,,,15.979544913977634,"Nil upto 10% of units and 1% for remaining units on or before 1Y, Nil after 1Y",Capital Goods,,,,Unrated,,,Equity : Thematic,11.7028
Aditya Birla SL CRISIL IBX 60:40 SDL + AAA PSU - Apr 2027 Index Fund-Reg(G),Growth,Aditya Birla SL CRISIL IBX 60:40 SDL + AAA PSU - Apr 2027 Index Fund-Reg(G),602,NEQ,400004,27,586,46227,Open ended scheme,0.38,Mohit Sharma,-0.01,0.0,0.0,13.1008,2026-09-25,0.0,2022-03-29,6.19,500.0,1324.734,Aditya Birla Sun Life Mutual Fund,CRISIL IBX 60:40 SDL + AAA PSU Index - April 2027,3,2026-08-31,0.4201,1.4033,5.9747,7.1895,,4.294107344722712,Nil,-,,,,Unrated,,,Debt : Medium to Long Duration,13.1008
iSIF Hybrid Long-Short Fund-Reg(G),Growth,iSIF Hybrid Long-Short Fund-Reg(G),415,EQ,400077,58,280,75051,Open ended scheme,2.47,Rajat Chandak,0.25,0.0,1.0,10.4395,2026-09-25,0.0,2026-02-04,4.39,1000000.0,1323.1091316329998,ICICI Pru iSIF,CRISIL Hybrid 50+50 - Moderate Index,3,2026-08-31,-2.3853,2.3601,,,,,"1% on or before 12M, NIL after 12M",Financials,,,,Unrated,,,Hybrid : Long - Short,10.4395
ICICI Pru Retirement Fund-Hybrid Aggressive Plan(G),Growth,ICICI Pru Retirement Fund-Hybrid Aggressive Plan(G),301,EQ,400015,54,1119,25669,Open ended scheme,2.45,Manasvi Shah,0.36,112.0,0.0,27.7,2026-09-25,5.0,2019-02-27,14.38,5000.0,1320.4982671482,ICICI Prudential Mutual Fund,CRISIL Hybrid 35+65 - Aggressive Index,3,2026-08-31,-3.3159,-1.0361,5.6043,16.1069,12.9466,1.2797074954296082,Nil,Financials,,,,3,,,Hybrid : Aggressive Hybrid,27.7
Baroda BNP Paribas Small Cap Fund-Reg(G),Growth,Baroda BNP Paribas Small Cap Fund-Reg(G),350,EQ,400001,5,1254,48146,Open ended scheme,2.41,Paresh Jain,0.19,105.0,0.0,14.1066,2026-09-25,0.0,2023-10-30,12.56,5000.0,1309.2224,Baroda BNP Paribas Mutual Fund,Nifty Smallcap 250 - TRI,3,2026-08-31,-0.6808,3.8625,8.5173,,,9.57093146088362,"Nil upto 10% of units and 1% for remaining units on or before 1Y, Nil after 1Y",Financials,,,,Unrated,,,Equity : Small Cap,14.1066
SBI Long Term Fund-Reg(G),Growth,SBI Long Term Fund-Reg(G),697,NEQ,400027,28,803,46864,Open ended scheme,0.67,Ardhendu Bhattacharya,0.02,0.0,0.0,12.5471,2026-09-25,0.0,2022-12-21,6.21,5000.0,1304.7786999999998,SBI Mutual Fund,CRISIL Long Duration Debt Index,3,2026-08-31,-0.6705,-0.4309,2.0654,5.6405,,1.378418777521919,Nil,-,,,,Unrated,,,Debt : Long Duration,12.5471
Motilal Oswal Nifty Smallcap 250 Index Fund-Reg(G),Growth,Motilal Oswal Nifty Smallcap 250 Index Fund-Reg(G),350,EQ,400042,18,549,43811,Open ended scheme,1.12,Swapnil P Mayekar,0.02,31.0,1.0,38.7744,2026-09-25,0.0,2019-09-06,21.17,500.0,1299.0866,Motilal Oswal Mutual Fund,Nifty Smallcap 250 - TRI,3,2026-08-31,-1.0562,2.5992,5.9366,14.0372,13.6579,8.466535003552671,"1% on or before 15D, Nil after 15D",Financials,,,,Unrated,,,Equity : Index Funds,38.7744
Aditya Birla SL Silver ETF FOF-Reg(G),Growth,Aditya Birla SL Silver ETF FOF-Reg(G),199,NEQ,400004,48,671,46225,Open ended scheme,0.65,Mehul Dama,1.15,21.0,0.5,34.7891,2026-09-25,0.0,2022-02-03,30.8,100.0,1295.3198,Aditya Birla Sun Life Mutual Fund,Silver,3,2026-08-31,-4.5244,5.3593,63.3207,43.7257,,0.012361721211565504,"0.50% on or before 30D, Nil after 30D",-,,,,Unrated,,,FoFs : Domestic,34.7891
Kotak Nifty Next 50 Index Fund-Reg(G),Growth,Kotak Nifty Next 50 Index Fund-Reg(G),165,EQ,400019,18,699,44443,Open ended scheme,0.65,Satish Dondapati,0.55,37.83,0.0,20.5042,2026-09-25,0.0,2021-03-10,13.82,100.0,1294.562,Kotak Mahindra Mutual Fund,NIFTY NEXT 50 - TRI,3,2026-08-31,-3.6629,-0.3606,5.3859,16.8461,10.9468,3.8587000567306964,Nil,Financials,,,,Unrated,,,Equity : Index Funds,20.5042
SBI Nifty Midcap 150 Index Fund-Reg(G),Growth,SBI Nifty Midcap 150 Index Fund-Reg(G),349,EQ,400027,18,1000,45376,Open ended scheme,0.88,Viral Chhadva,-0.15,29.0,0.25,19.1817,2026-09-25,0.0,2022-10-03,17.78,5000.0,1292.3208,SBI Mutual Fund,Nifty Midcap 150 - TRI,3,2026-08-31,-4.6621,-1.3191,4.8346,13.8696,,0.752689301621985,"0.25% on or before 30D, Nil after 30D",Financials,,,,Unrated,,,Equity : Index Funds,19.1817
Nippon India Nifty Alpha Low Volatility 30 Index Fund(G),Growth,Nippon India Nifty Alpha Low Volatility 30 Index Fund(G),361,EQ,400025,18,1074,46717,Open ended scheme,1.11,Jitendra Tolani,0.31,80.0,0.0,15.3437,2026-09-25,0.0,2022-08-19,11.0,1000.0,1291.67533027157,Nippon India Mutual Fund,NIFTY Alpha Low-Volatility 30 - TRI,3,2026-08-31,-4.723,-1.499,-1.3717,9.3059,,-3.8735747400075153,Nil,Healthcare,,,,Unrated,,,Equity : Index Funds,15.3437
Sundaram ELSS Tax Saver Fund-Reg(G),Growth,Sundaram ELSS Tax Saver Fund-Reg(G),312,EQ,400029,6,300,2433,Open ended scheme,2.28,S. Bharath,0.36,33.93,0.0,480.8611,2026-09-25,3.0,1996-03-31,15.08,500.0,1284.9570350000001,Sundaram Mutual Fund,NIFTY 500 - TRI,3,2026-08-31,-4.2714,-3.2201,-5.8238,7.5178,8.0487,-8.99742540357132,Nil,Financials,,,,4,,,Equity : Tax Saving (ELSS),480.8611
Sundaram Value Fund-Reg(G),Growth,Sundaram Value Fund-Reg(G),312,EQ,400029,6,300,3072,Open ended scheme,2.28,S. Bharath,0.38,35.12,1.0,205.7748,2026-09-25,0.0,2005-05-02,13.68,100.0,1284.422711,Sundaram Mutual Fund,NIFTY 500 - TRI,3,2026-08-31,-3.3781,-3.4502,-6.2969,5.8958,6.6109,-9.847852906952296,"1% on or before 365D, Nil after 365D",Financials,,,,2,,,Equity : Tax Saving (ELSS),205.7748
Axis Silver FoF-Reg(G),Growth,Axis Silver FoF-Reg(G),199,NEQ,400040,48,493,46368,Open ended scheme,0.65,Aditya Pagaria,1.19,,0.25,38.445,2026-09-25,0.0,2022-09-21,39.87,5000.0,1280.6003,Axis Mutual Fund,Silver,3,2026-08-31,-4.4432,5.2238,63.6619,43.8913,,1.1537500164445493,"0.25% on or before 7D, Nil after 7D",-,,,,Unrated,,,FoFs : Domestic,38.445
Aditya Birla SL Special Opp Fund-Reg(G),Growth,Aditya Birla SL Special Opp Fund-Reg(G),379,EQ,400004,13,555,45096,Open ended scheme,2.31,Dhaval Gala,-0.18,43.0,1.0,28.33,2026-09-25,0.0,2020-10-23,19.21,500.0,1279.4324000000001,Aditya Birla Sun Life Mutual Fund,BSE 500 - TRI,3,2026-08-31,-1.6319,2.1269,13.139,17.648,12.3447,5.708955223880588,"1% on or before 30D, Nil after 30D",Financials,,,,Unrated,,,Equity : Thematic,28.33
Bajaj Finserv Balanced Advantage Fund-Reg(G),Growth,Bajaj Finserv Balanced Advantage Fund-Reg(G),450,EQ,400060,41,120,48062,Open ended scheme,2.63,Nimesh Chandan,0.15,254.0,0.0,11.535,2026-09-25,0.0,2023-12-15,5.27,500.0,1276.1891,Bajaj Finserv Mutual Fund,NIFTY 50 Hybrid Composite Debt 50:50 Index,3,2026-08-31,-3.0102,0.6457,2.4514,,,-1.8548455713434866,"Nil upto 8% of units and 1% for remaining units on or before 3M, Nil after 3M",Financials,,,,Unrated,,,Hybrid : Dynamic Asset Allocation,11.535
WOC Large Cap Fund-Reg(G),Growth,WOC Large Cap Fund-Reg(G),300,EQ,400055,1,864,47079,Open ended scheme,2.5,Ramesh Mantri,0.26,203.0,0.0,14.451,2026-09-25,0.0,2022-12-01,10.12,500.0,1275.8054,WhiteOak Capital Mutual Fund,BSE 100 - TRI,3,2026-08-31,-4.9026,-1.3449,-2.5885,10.977,,-5.948584445167587,NIL,Financials,,,,Unrated,,,Equity : Large Cap,14.451
Tata Nifty Midcap 150 Momentum 50 Index Fund-Reg(G),Growth,Tata Nifty Midcap 150 Momentum 50 Index Fund-Reg(G),646,EQ,400030,18,1116,47010,Open ended scheme,1.46,Nitin Sharma,-0.32,106.22,0.25,17.8355,2026-09-25,0.0,2022-10-20,15.84,5000.0,1274.0198300939,Tata Mutual Fund,Nifty Midcap150 Momentum 50 - TRI,3,2026-08-31,-3.3741,-2.2578,3.0209,13.0136,,0.286202669725485,"0.25% on or before 90D, Nil after 90D",Financials,,,,Unrated,,,Equity : Index Funds,17.8355
Baroda BNP Paribas Flexi Cap Fund-Reg(G),Growth,Baroda BNP Paribas Flexi Cap Fund-Reg(G),312,EQ,400001,50,85,46699,Open ended scheme,2.51,Jitendra Sriram,0.14,94.0,0.0,15.5101,2026-09-25,0.0,2022-08-17,11.27,5000.0,1271.6913,Baroda BNP Paribas Mutual Fund,NIFTY 500 - TRI,3,2026-08-31,-4.5532,-0.9066,1.6582,10.8485,,-2.068482165971071,"Nil upto 10% of units and 1% for remaining units on or before 12M, Nil after 12M",Financials,,,,Unrated,,,Equity : Flexi Cap,15.5101
DSP US Specific Equity Omni FoF-Reg(G),Growth,DSP US Specific Equity Omni FoF-Reg(G),235,NEQ,400009,49,1009,17236,Open ended scheme,2.34,Kaivalya Nadkarni,0.81,,0.0,94.0214,2026-09-25,0.0,2012-08-03,17.16,100.0,1270.0626,DSP Mutual Fund,Russell 1000 Index,5,2026-08-31,1.5544,2.4121,34.4179,28.2067,18.5157,21.382956155979507,Nil,-,,,,Unrated,,,FoFs : Overseas,93.2686
Aditya Birla SL Bal Bhavishya Yojna-Reg(G),Growth,Aditya Birla SL Bal Bhavishya Yojna-Reg(G),312,EQ,400004,50,788,41375,Open ended scheme,2.27,Harshil Suvarnkar,0.0,36.0,0.0,20.49,2026-09-25,5.0,2019-02-11,9.87,1000.0,1266.4472,Aditya Birla Sun Life Mutual Fund,NIFTY 500 - TRI,3,2026-08-31,-3.8931,0.2937,3.6943,9.529,7.7682,-0.7748184019370468,Nil,Financials,,,,2,,,Equity : Flexi Cap,20.49
Baroda BNP Paribas Aggressive Hybrid Fund-Reg(G),Growth,Baroda BNP Paribas Aggressive Hybrid Fund-Reg(G),301,EQ,400001,54,85,33800,Open ended scheme,2.24,Jitendra Sriram,0.12,93.0,1.0,27.3857,2026-09-25,0.0,2017-04-07,11.22,5000.0,1259.4899,Baroda BNP Paribas Mutual Fund,CRISIL Hybrid 35+65 - Aggressive Index,3,2026-08-31,-3.7142,-1.6929,-1.1796,9.1173,8.0224,-3.664083469059668,"Nil upto 10% of units and 1 % for in excess of limits on or before 12M, Nil after 12M",Financials,,,,4,,,Hybrid : Aggressive Hybrid,27.3857
Navi Nasdaq100 US Specific Equity Passive FOF-Reg(G),Growth,Navi Nasdaq100 US Specific Equity Passive FOF-Reg(G),104,NEQ,400041,49,959,45870,Open ended scheme,0.35,Ashutosh Shirwaikar,0.31,,0.0,25.9541,2026-09-25,0.0,2022-03-23,23.54,100.0,1251.611418,Navi Mutual Fund,Nasdaq-100,5,2026-08-31,5.2247,5.4993,35.5589,33.6283,,27.659448498394053,Nil,-,,,,Unrated,,,FoFs : Overseas,25.8744
Aditya Birla SL Infrastructure Fund(G),Growth,Aditya Birla SL Infrastructure Fund(G),319,EQ,400004,11,896,413,Open ended scheme,2.37,Jonas Bhutta,0.09,55.0,1.0,108.43,2026-09-25,0.0,2006-03-17,12.3,1000.0,1250.8881,Aditya Birla Sun Life Mutual Fund,Nifty Infrastructure - TRI,3,2026-08-31,-0.95,1.2418,13.706,16.8973,16.8274,14.365573251766694,"1% on or before 30D, Nil after 30D",Capital Goods,,,,4,,,Equity : Sectoral - Infrastructure,108.43
Bandhan Medium Term Fund-Reg(G),Growth,Bandhan Medium Term Fund-Reg(G),430,NEQ,400028,26,200,1084,Open ended scheme,1.36,Suyash Choudhary,-0.04,0.0,0.0,48.5166,2026-09-25,0.0,2003-07-08,7.03,1000.0,1249.762659666,Bandhan Mutual Fund,NIFTY Medium Duration Debt Index,1,2026-08-31,0.1648,0.7011,5.0152,6.648,5.2473,3.9872428803827034,Nil,-,,,,3,,,Debt : Medium Duration,48.5166
ICICI Pru BSE Liquid Rate ETF(G),Growth,ICICI Pru BSE Liquid Rate ETF(G),496,NEQ,400015,45,893,49518,Open ended scheme,0.26,Darshil Dedhia,0.01,0.0,,1080.9731,2026-09-25,0.0,2025-03-12,5.19,1000.0,1247.3778106969999,ICICI Prudential Mutual Fund,BSE Liquid Rate Index,1,2026-08-31,0.395,1.22,5.0026,,,3.6008169812960804,null,-,,,,Unrated,,,Debt : ETFs,1080.9731
Franklin India Dynamic Asset Allocation Active FOFs(G),Growth,Franklin India Dynamic Asset Allocation Active FOFs(G),415,NEQ,400012,48,815,1001,Open ended scheme,1.83,Rajasa Kakulavarapu,0.06,74.54,1.0,163.391,2026-09-25,0.0,2003-10-31,12.96,5000.0,1242.329041165,Franklin Templeton Mutual Fund,CRISIL Hybrid 50+50 - Moderate Index,3,2026-08-31,-2.8411,-1.824,-0.8156,7.4125,9.0599,-2.6905447472672166,Nil for 10% of units on or before 1Y and For remaining investment 1% on or before 1Y and Nil after 1Y,-,,,,Unrated,,,FoFs : Domestic,163.2985
ICICI Pru Nifty 100 Low Volatility 30 ETF FOF(G),Growth,ICICI Pru Nifty 100 Low Volatility 30 ETF FOF(G),360,EQ,400015,44,763,45443,Open ended scheme,0.58,Nishit Patel,-0.1,,0.0,17.2498,2026-09-25,0.0,2021-04-12,10.51,1000.0,1240.9115160835,ICICI Prudential Mutual Fund,Nifty100 Low Volatility 30 - TRI,3,2026-08-31,-5.2401,-2.9394,-5.1417,8.4944,7.144,-9.202977124148603,Nil,-,,,,Unrated,,,Equity : ETFs,17.2498
Union Balanced Advantage Fund-Reg(G),Growth,Union Balanced Advantage Fund-Reg(G),450,EQ,400045,41,717,38378,Open ended scheme,2.56,Sanjay Bembalkar,0.15,168.0,1.0,20.34,2026-09-25,0.0,2017-12-29,8.46,1000.0,1240.1241,Union Mutual Fund,NIFTY 50 Hybrid Composite Debt 50:50 Index,3,2026-08-31,-2.2115,0.0,0.2959,7.1516,6.2306,-1.6441005802707922,"1% on or before 15D, Nil after 15D",Financials,,,,4,,,Hybrid : Dynamic Asset Allocation,20.34
Aditya Birla SL Gilt Fund(G),Growth,Aditya Birla SL Gilt Fund(G),447,NEQ,400004,29,747,399,Open ended scheme,1.14,Bhupesh Bameta,-0.04,193.0,0.0,81.4916,2026-09-25,0.0,1999-10-11,8.09,1000.0,1237.8139999999999,Aditya Birla Sun Life Mutual Fund,Nifty All Duration G-Sec Index,5,2026-08-31,-0.8394,-0.9348,1.4839,4.8944,4.4376,0.9590237556911503,Nil,-,,,,3,,,Debt : Gilt,81.4916
SBI Comma Fund-Reg(G),Growth,SBI Comma Fund-Reg(G),328,EQ,400027,13,469,2750,Open ended scheme,2.28,Dinesh Balachandran,0.09,21.0,0.5,116.0495,2026-09-25,0.0,2005-08-08,12.29,5000.0,1236.5067999999999,SBI Mutual Fund,NIFTY COMMODITIES - TRI,3,2026-08-31,-1.599,1.8731,9.4603,15.5174,10.1576,5.137585421825045,"0.50% on or before 30D, Nil after 30D",Energy,,,,5,,,Equity : Thematic,116.0495
Mahindra Manulife Multi Asset Allocation Fund-Reg(G),Growth,Mahindra Manulife Multi Asset Allocation Fund-Reg(G),312,NEQ,400054,42,945,48449,Open ended scheme,1.91,Renjith Sivaram,0.36,71.0,0.5,13.7651,2026-09-25,0.0,2024-03-13,13.42,1000.0,1234.8143,Mahindra Manulife Mutual Fund,NIFTY 500 - TRI,3,2026-08-31,-2.4616,1.2274,10.0732,,,2.9512733256048804,"0.50% on or before 3M, Nil after 3M",Financials,,,,Unrated,,,Hybrid : Multi Asset Allocation,13.7651
Invesco India Multi Asset Allocation Fund-Reg(G),Growth,Invesco India Multi Asset Allocation Fund-Reg(G),326,NEQ,400021,42,478,49224,Open ended scheme,1.68,Taher Badshah,0.25,14.0,0.0,12.27,2026-09-25,0.0,2024-12-17,12.23,100.0,1233.7229,Invesco Mutual Fund,NIFTY 200 - TRI,3,2026-08-31,-3.7647,0.4092,9.4558,,,1.741293532338301,"Nil upto 10% of units and 1% for remaining units on or before 1Y, Nil after 1Y",Financials,,,,Unrated,,,Hybrid : Multi Asset Allocation,12.27
Edelweiss Recently Listed IPO Fund-Reg(G),Growth,Edelweiss Recently Listed IPO Fund-Reg(G),559,EQ,400035,13,490,38375,Open ended scheme,2.34,Bhavesh Jain,-0.3,124.0,2.0,32.8139,2026-09-25,0.0,2018-02-22,14.83,100.0,1230.3628999999999,Edelweiss Mutual Fund,India Recent 100 IPO Index,3,2026-08-31,-0.5175,6.8081,18.5602,16.9978,10.4164,21.344205310258097,"2% upto 180D, Nil after 180D",Financials,,,,4,,,Equity : Thematic,32.8139
HSBC Business Cycles Fund-Reg(G),Growth,HSBC Business Cycles Fund-Reg(G),312,EQ,400014,13,562,29553,Open ended scheme,2.32,Gautam Bhupal,-0.12,33.0,1.0,43.1975,2026-09-25,0.0,2014-08-20,12.85,5000.0,1229.2782,HSBC Mutual Fund,NIFTY 500 - TRI,3,2026-08-31,-3.0318,0.7842,1.5704,14.9167,13.7541,2.9190680520247905,"Nil upto 10% of units and 1% for above the limits on or before 1Y, Nil after 1Y",Financials,,,,2,,,Equity : Thematic,43.1975
Aditya Birla SL CRISIL-IBX Financial Services 9-12 Months Debt Index Fund-Reg(G),Growth,Aditya Birla SL CRISIL-IBX Financial Services 9-12 Months Debt Index Fund-Reg(G),789,NEQ,400004,23,750,49730,Open ended scheme,0.36,Sanjay Pawar,-0.02,0.0,0.0,11.0439,2026-09-25,0.0,2025-03-21,6.77,1000.0,1228.1253,Aditya Birla Sun Life Mutual Fund,CRISIL-IBX Financial Services 9-12 Months Debt Index,3,2026-08-31,0.4091,1.5765,6.0466,,,4.412320841054354,NIL,-,,,,Unrated,,,Debt : Low Duration,11.0439
SBI US Specific Equity Active FoF-Reg(G),Growth,SBI US Specific Equity Active FoF-Reg(G),107,NEQ,400027,49,824,44224,Open ended scheme,1.64,Rohit Shimpi,0.47,8.0,1.0,24.2418,2026-09-25,0.0,2021-03-22,17.42,5000.0,1227.4056,SBI Mutual Fund,S&P 500 ,5,2026-08-31,0.0297,2.177,23.8912,26.7384,16.4998,14.493008071442457,"1% on or before 1Y, Nil after 1Y",-,,,,Unrated,,,FoFs : Overseas,24.1286
Mirae Asset Silver ETF,Growth,Mirae Asset Silver ETF,199,NEQ,400033,56,898,46195,Open ended scheme,0.36,Ritesh Patel,1.51,,,223.5542,2026-09-25,0.0,2023-06-09,39.82,5000.0,1219.0955000000001,Mirae Asset Mutual Fund,Silver,3,2026-08-31,-4.1242,5.7601,66.5413,45.2144,,0.6594182440698579,null,-,,,,Unrated,,,Metal : ETFs,223.5542
DSP Gilt Fund-Reg(G),Growth,DSP Gilt Fund-Reg(G),422,NEQ,400009,29,937,693,Open ended scheme,1.2,Shantanu Godambe,-0.01,0.0,0.0,98.7969,2026-09-25,0.0,1999-09-30,8.85,100.0,1213.0294999999999,DSP Mutual Fund,CRISIL Dynamic Gilt Index,3,2026-08-31,-0.3062,-0.0432,3.0452,6.0824,5.3816,2.4234055192189814,Nil,-,,,,4,,,Debt : Gilt,98.7969
Zerodha Silver ETF,Growth,Zerodha Silver ETF,199,NEQ,400062,56,1015,49713,Open ended scheme,0.39,Shyam Agarwal,1.51,,,23.2756,2026-09-25,0.0,2025-03-20,73.4,1000.0,1205.244951077,Zerodha Mutual Fund,Silver,1,2026-08-31,-4.2617,5.7554,66.4826,,,-1.0405472475777364,null,-,,,,Unrated,,,Metal : ETFs,22.9294
TRUSTMF Liquid Fund-Reg(G),Growth,TRUSTMF Liquid Fund-Reg(G),42,NEQ,400057,21,523,45451,Open ended scheme,0.25,Jalpan Shah,0.02,0.0,0.007,1366.7318,2026-09-27,0.0,2021-04-23,5.92,1000.0,1202.7305999999999,Trust Mutual Fund,CRISIL Liquid Debt Index,1,2026-08-31,0.4958,1.555,6.2827,6.7148,6.1595,4.68807863906467,"0.007% for Day 1, 0.0065% on Day 2, 0.0060% on Day 3, 0.0055% on Day 4, 0.0050% on Day 5, 0.0045% on Day 6, NIL on or after 7D",-,,,,Unrated,,,Debt : Liquid,1366.5205
Motilal Oswal Consumption Fund-Reg(G),Growth,Motilal Oswal Consumption Fund-Reg(G),323,EQ,400042,14,559,50356,Open ended scheme,2.46,Varun Sharma,-0.02,87.0,1.0,11.2423,2026-09-25,0.0,2025-10-23,12.42,500.0,1184.7277000000001,Motilal Oswal Mutual Fund,Nifty India Consumption - TRI,3,2026-08-31,-1.5293,16.5754,,,,14.821623719500362,"1% on or before 90D, Nil after 90D",Retail and Other Services,,,,Unrated,,,Equity : Thematic - Consumption,11.2423
LIC MF Infra Fund-Reg(G),Growth,LIC MF Infra Fund-Reg(G),319,EQ,400020,11,1039,4324,Open ended scheme,2.69,Mahesh Bendre,0.15,107.0,0.0,54.5872,2026-09-25,0.0,2008-03-24,9.6,5000.0,1174.0225,LIC Mutual Fund,Nifty Infrastructure - TRI,3,2026-08-31,-0.9964,-1.0246,9.7559,22.7128,20.4206,10.683458270053919,"Nil upto 12% of units and 1% on remaining units on or before 90D, Nil after 90D",Automobile and Ancillaries,,,,Unrated,,,Equity : Sectoral - Infrastructure,54.5872
HDFC Housing Opp Fund-Reg(G),Growth,HDFC Housing Opp Fund-Reg(G),599,EQ,400013,11,658,38242,Open ended scheme,2.25,Srinivasan Ramamurthy,0.59,4.89,1.0,20.894,2026-09-25,0.0,2017-12-06,8.73,100.0,1166.9935,HDFC Mutual Fund,Nifty Housing - TRI,3,2026-08-31,-3.7586,-4.2614,-6.3007,8.7139,10.1374,-6.481067048608005,"1% on or before 30D, Nil after 30D",Financials,,,,1,,,Equity : Sectoral - Infrastructure,20.894
Bandhan Overnight Fund-Reg(G),Growth,Bandhan Overnight Fund-Reg(G),293,NEQ,400028,20,680,41901,Open ended scheme,0.16,Brijesh Shah,0.01,0.0,0.0,1460.2189,2026-09-25,0.0,2019-01-18,5.05,1000.0,1160.029309386,Bandhan Mutual Fund,Nifty 1D Rate Index,1,2026-08-31,0.4046,1.248,5.1567,5.9539,5.614,3.7095610213348986,Nil,-,,,,3,,,Debt : Overnight,1460.2189
Kotak Nifty 50 Index Fund-Reg(G),Growth,Kotak Nifty 50 Index Fund-Reg(G),154,EQ,400019,18,699,45556,Open ended scheme,0.38,Satish Dondapati,0.34,12.24,0.0,15.148,2026-09-25,0.0,2021-06-21,8.21,100.0,1156.6575,Kotak Mahindra Mutual Fund,NIFTY 50 - TRI,3,2026-08-31,-4.903,-3.5344,-6.3493,6.2049,5.9642,-10.836423568191188,Nil,Financials,,,,Unrated,,,Equity : Index Funds,15.148
Tata Dividend Yield Fund-Reg(G),Growth,Tata Dividend Yield Fund-Reg(G),312,EQ,400030,15,164,45374,Open ended scheme,2.29,Sailesh Jain,0.34,34.0,0.5,19.4141,2026-09-25,0.0,2021-05-20,13.19,5000.0,1156.4671321782,Tata Mutual Fund,NIFTY 500 - TRI,3,2026-08-31,-3.9367,-0.6875,7.9011,12.4548,11.5652,2.8327321457893064,"0.50% on or before 30D, Nil after 30D",Financials,,,,Unrated,,,Equity : Thematic - Dividend Yield,19.4141
Motilal Oswal Active Momentum Fund-Reg(G),Growth,Motilal Oswal Active Momentum Fund-Reg(G),312,EQ,400042,13,627,49517,Open ended scheme,3.46,Ajay Khandelwal,-0.58,285.0,1.0,14.4355,2026-09-25,0.0,2025-03-17,27.2,500.0,1154.9491,Motilal Oswal Mutual Fund,NIFTY 500 - TRI,3,2026-08-31,1.5676,6.159,26.7918,,,17.515609863317028,"1% on or before 90D, Nil after 90D",Capital Goods,,,,Unrated,,,Equity : Thematic,14.4355
Kotak Gold Silver Passive FOF-Reg(G),Growth,Kotak Gold Silver Passive FOF-Reg(G),65,NEQ,400019,48,1005,50159,Open ended scheme,0.53,Rohit Tandon,1.08,,0.0,15.09,2026-09-25,0.0,2025-10-28,50.9,100.0,1141.9164,Kotak Mahindra Mutual Fund,Gold-India,3,2026-08-31,-5.3087,6.5302,,,,7.963082206482073,NIL,-,,,,Unrated,,,FoFs : Domestic,15.09
Mirae Asset Nifty 1D Rate Liquid ETF(G),Growth,Mirae Asset Nifty 1D Rate Liquid ETF(G),293,NEQ,400033,45,833,49344,Open ended scheme,0.21,Pranavi Kulkarni,0.01,0.0,,1104.6482,2026-09-25,0.0,2024-11-07,5.43,5000.0,1140.7772,Mirae Asset Mutual Fund,Nifty 1D Rate Index,1,2026-08-31,0.3897,1.2147,5.0123,,,3.5988866653624383,null,-,,,,Unrated,,,Debt : ETFs,1104.6482
DSP Nifty Top 10 Equal Weight Index Fund-Reg(G),Growth,DSP Nifty Top 10 Equal Weight Index Fund-Reg(G),751,EQ,400009,18,597,49011,Open ended scheme,1.04,Anil Ghelani,0.19,24.0,0.0,8.4607,2026-09-25,0.0,2024-09-05,-7.81,100.0,1139.6925999999999,DSP Mutual Fund,Nifty Top 10 Equal Weight - TRI,3,2026-08-31,-5.3136,-5.5019,-12.3316,,,-18.303045518626526,Nil,Financials,,,,Unrated,,,Equity : Index Funds,8.4607
UTI Childrens Equity Fund(G),Growth,UTI Childrens Equity Fund(G),312,EQ,400032,50,404,3450,Open ended scheme,2.23,Sachin Trivedi,0.33,20.0,0.0,78.0893,2026-09-25,0.0,2004-03-08,9.53,1000.0,1132.8410000000001,UTI Mutual Fund,NIFTY 500 - TRI,3,2026-08-31,-5.0423,-3.0712,-7.6155,5.9588,4.9882,-8.998178548828996,Nil,Financials,,,,5,,,Equity : Flexi Cap,78.0893
Aditya Birla SL Equity Savings Fund-Reg(G),Growth,Aditya Birla SL Equity Savings Fund-Reg(G),560,EQ,400004,55,537,30757,Open ended scheme,1.7,Lovelish Solanki,0.09,697.0,0.25,23.27,2026-09-25,0.0,2014-11-28,7.4,1000.0,1129.8364,Aditya Birla Sun Life Mutual Fund,NIFTY 50 Equity Savings Index - TRI,3,2026-08-31,-0.9787,0.6488,4.4903,7.3622,5.6182,1.8826619964973719,"0.25% on or before 7D, Nil after 7D",Financials,,,,2,,,Hybrid : Equity Savings,23.27
Nippon India Taiwan Equity Fund-Reg(G),Growth,Nippon India Taiwan Equity Fund-Reg(G),121,NEQ,400025,19,643,45690,Open ended scheme,2.4,Kinjal Desai,-0.45,71.0,1.0,36.0203,2026-09-24,0.0,2021-12-11,30.68,500.0,1128.285287836,Nippon India Mutual Fund,Taiwan Capitalization Weighted Stock Index,5,2026-08-31,8.9369,-1.7246,121.1286,61.6581,,100.03609727382279,"1% on or before 3M, Nil after 3M",-,,,,Unrated,,,Equity : International,36.0203
Mirae Asset S&P 500 Top 50 ETF,Growth,Mirae Asset S&P 500 Top 50 ETF,563,NEQ,400033,44,779,45835,Open ended scheme,0.65,Siddharth Srivastava,0.53,,,69.1628,2026-09-25,0.0,2021-09-20,20.27,5000.0,1127.2613000000001,Mirae Asset Mutual Fund,S&P 500 Top 50 TRI,3,2026-08-31,3.7873,9.5574,22.1321,29.2905,19.7599,15.117314173078148,null,-,,,,Unrated,,,Equity : ETFs,68.7971
LIC MF Flexi Cap Fund-Reg(G),Growth,LIC MF Flexi Cap Fund-Reg(G),312,EQ,400020,50,195,2090,Open ended scheme,3.05,Sudhanshu Asthana,0.12,137.0,0.0,103.1343,2026-09-25,0.0,1998-03-31,9.33,5000.0,1125.3923,LIC Mutual Fund,NIFTY 500 - TRI,3,2026-08-31,-5.3449,0.8681,2.7119,10.1221,8.6902,0.7016502352666584,"Nil upto 12% on units and 1% on remaining units on or before 3M, Nil after 3M",Financials,,,,2,,,Equity : Flexi Cap,103.1343
Bandhan Financial Services Fund-Reg(G),Growth,Bandhan Financial Services Fund-Reg(G),330,EQ,400028,8,720,47389,Open ended scheme,2.47,Ritu Modi,0.03,67.0,0.5,14.551,2026-09-25,0.0,2023-07-28,12.58,1000.0,1122.38423553001,Bandhan Mutual Fund,Nifty Financial Services - TRI,3,2026-08-31,-4.2508,-2.8249,-0.1098,12.7925,,-5.402418411129889,"0.50% on or before 30D, Nil after 30D",Financials,,,,Unrated,,,Equity : Sectoral - Financial Services,14.551
Quantum Value Fund-Reg(G),Growth,Quantum Value Fund-Reg(G),379,EQ,400024,17,866,19759,Open ended scheme,2.17,George Thomas,0.05,18.78,2.0,113.89,2026-09-25,0.0,2006-03-13,12.42,500.0,1121.90618340007,Quantum Mutual Fund,BSE 500 - TRI,5,2026-08-31,-4.6387,-3.7278,-8.4265,7.8969,8.0862,-10.83535582870117,"Nil upto 10% of units on or before 730D, For remaining units 2% on or before 365D and 1% after 365D but before 730D, Nil after 730D",Financials,,,,2,,,Equity : Value / Contra,113.89
Canara Rob Ultra Short to Short Term Fund-Reg(G),Growth,Canara Rob Ultra Short to Short Term Fund-Reg(G),368,NEQ,400006,23,51,535,Open ended scheme,0.46,Bhupesh Kalyani,-0.04,0.0,0.0,45.3494,2026-09-25,0.0,2005-03-04,7.26,5000.0,1110.9301,Canara Robeco Mutual Fund,CRISIL Low Duration Debt Index,3,2026-08-31,0.4196,1.4546,5.9504,6.8835,6.1365,4.337602757218028,Nil,-,,,,2,,,Debt : Low Duration,45.3494
DSP NIFTY 50 Index Fund-Reg(G),Growth,DSP NIFTY 50 Index Fund-Reg(G),154,EQ,400009,18,597,41642,Open ended scheme,0.44,Anil Ghelani,0.33,7.0,0.0,22.5242,2026-09-25,0.0,2019-02-21,11.28,100.0,1108.8024,DSP Mutual Fund,NIFTY 50 - TRI,3,2026-08-31,-4.9022,-3.5614,-6.3381,6.3591,6.1196,-10.834092078698385,Nil,Financials,,,,3,,,Equity : Index Funds,22.5242
Aditya Birla SL Pharma & Healthcare Fund-Reg(G),Growth,Aditya Birla SL Pharma & Healthcare Fund-Reg(G),391,EQ,400004,7,593,37591,Open ended scheme,2.28,Dhaval Shah,-0.25,18.0,1.0,36.53,2026-09-25,0.0,2019-07-10,19.67,1000.0,1102.73,Aditya Birla Sun Life Mutual Fund,BSE Health Care - TRI,3,2026-08-31,-0.0274,6.5015,18.3733,20.6104,13.0499,19.067796610169495,"1% on or before 30D, Nil after 30D",Healthcare,,,,Unrated,,,Equity : Sectoral - Pharma,36.53
Bandhan Business Cycle Fund-Reg(G),Growth,Bandhan Business Cycle Fund-Reg(G),312,EQ,400028,13,944,49014,Open ended scheme,2.43,Vishal Biraia,0.14,45.0,0.5,9.549,2026-09-25,0.0,2024-09-30,-2.3,1000.0,1099.81819274189,Bandhan Mutual Fund,NIFTY 500 - TRI,3,2026-08-31,-3.8659,-1.9409,-4.2707,,,-6.3915302421331335,"0.50% on or before 30D, Nil after 30D",Financials,,,,Unrated,,,Equity : Thematic,9.549
Sundaram Focused Fund(G),Growth,Sundaram Focused Fund(G),312,EQ,400029,51,511,2390,Open ended scheme,2.28,Ashwin Jain,0.39,25.92,0.25,162.5748,2026-09-25,0.0,2005-11-11,14.28,300.0,1096.802456,Sundaram Mutual Fund,NIFTY 500 - TRI,3,2026-08-31,-3.3654,0.9328,1.8837,9.3364,8.1507,-0.63235975439063,"0.25% before 7D, Nil after 7D",Financials,,,,4,,,Equity : Focused,162.5748
SBI CRISIL-IBX Financial Services 3-6 Months Debt Index Fund-Reg(G),Growth,SBI CRISIL-IBX Financial Services 3-6 Months Debt Index Fund-Reg(G),779,NEQ,400027,22,154,50809,Open ended scheme,0.22,Rajeev Radhakrishnan,0.0,,0.0,10.2914,2026-09-25,0.0,2026-04-21,2.91,5000.0,1096.0451,SBI Mutual Fund,CRISIL-IBX Financial Services 3-6 Months Debt Index,3,2026-08-31,0.5059,1.7279,,,,,NIL,-,,,,Unrated,,,Debt : Ultra Short Duration,10.2914
Tata Silver ETF FoF-Reg(G),Growth,Tata Silver ETF FoF-Reg(G),199,NEQ,400030,48,952,48441,Open ended scheme,0.58,Tapan Patel,1.32,20.24,0.5,29.6001,2026-09-25,0.0,2024-01-19,49.81,5000.0,1094.1977056031,Tata Mutual Fund,Silver,3,2026-08-31,-4.4147,5.4567,60.864,,,1.1747856879178638,"0.50% on or before 7D, Nil after 7D",-,,,,Unrated,,,FoFs : Domestic,29.6001
Navi Total Stock Market US Specific Equity Passive FoF-Reg(G),Growth,Navi Total Stock Market US Specific Equity Passive FoF-Reg(G),587,NEQ,400041,49,959,45871,Open ended scheme,0.07,Ashutosh Shirwaikar,0.29,,0.0,23.1238,2026-09-25,0.0,2022-02-24,20.05,100.0,1091.983586,Navi Mutual Fund,CRSP US Total Market Index,5,2026-08-31,0.8443,6.0467,26.9318,27.6091,,20.574623080101038,Nil,-,,,,Unrated,,,FoFs : Overseas,23.0564
Nippon India ETF Hang Seng BeES,Growth,Nippon India ETF Hang Seng BeES,115,NEQ,400025,44,643,8564,Open ended scheme,0.96,Kinjal Desai,-1.16,12.0,0.0,446.0006,2026-09-25,0.0,2010-03-09,8.04,10000.0,1086.338052734,Nippon India Mutual Fund,Hang Seng,5,2026-08-31,-3.2126,8.5575,1.1845,19.6219,8.1989,3.0648582120628305,Nil,-,,,,Unrated,,,Equity : ETFs,446.0006
Motilal Oswal Silver ETF,Growth,Motilal Oswal Silver ETF,199,NEQ,400042,56,1057,50142,Open ended scheme,0.59,Dishant Mehta,1.5,41.0,,226.9683,2026-09-25,0.0,2025-08-11,84.6,500.0,1082.6616402529999,Motilal Oswal Mutual Fund,Silver,1,2026-08-31,-4.1218,5.6771,65.9183,,,0.6797944248429038,null,-,,,,Unrated,,,Metal : ETFs,226.9683
Canara Rob Balanced Advantage Fund-Reg(G),Growth,Canara Rob Balanced Advantage Fund-Reg(G),415,EQ,400006,41,650,48747,Open ended scheme,2.38,Ennettee Fernandes,0.2,114.0,0.0,10.05,2026-09-25,0.0,2024-08-02,0.23,5000.0,1079.2582,Canara Robeco Mutual Fund,CRISIL Hybrid 50+50 - Moderate Index,3,2026-08-31,-3.2724,-1.1799,-2.2374,,,-4.103053435114501,"Nil upto 12% of units and 1% for remaining units on or before 365D, Nil after 365D",Financials,,,,Unrated,,,Hybrid : Dynamic Asset Allocation,10.05
ICICI Pru BSE Liquid Rate ETF(IDCW),IDCW,ICICI Pru BSE Liquid Rate ETF(IDCW),496,NEQ,400015,45,893,35122,Open ended scheme,0.26,Darshil Dedhia,0.0,0.0,,1000.0,2026-09-25,0.0,2018-09-25,4.58,5000.0,1075.943180897,ICICI Prudential Mutual Fund,BSE Liquid Rate Index,1,2026-08-31,0.3881,1.2075,4.9853,5.7792,5.4656,3.601531345954794,null,-,,,,Unrated,,,Debt : ETFs,1000.0
Axis ESG Integration Strategy Fund-Reg(G),Growth,Axis ESG Integration Strategy Fund-Reg(G),427,EQ,400040,13,1049,44495,Open ended scheme,2.66,Vishal Agarwal,0.2,99.0,1.0,20.36,2026-09-25,0.0,2020-02-12,11.33,100.0,1073.1547,Axis Mutual Fund,NIFTY100 ESG - TRI,3,2026-08-31,-3.9623,-2.5837,-4.0075,7.5563,3.73,-7.159142726858186,"Nil for 10% of investment and 1% for remaining investment on or before 12M, Nil after 12M",Financials,,,,Unrated,,,Equity : Thematic,20.36
RedHex Hybrid Long-Short Fund-Reg(G),Growth,RedHex Hybrid Long-Short Fund-Reg(G),450,EQ,400085,58,206,75136,Open ended scheme,2.17,Venugopal Manghat,0.05,0.0,2.0,10.2258,2026-09-25,0.0,2026-06-19,2.26,1000000.0,1072.8421,HSBC RedHex SIF,NIFTY 50 Hybrid Composite Debt 50:50 Index,3,2026-08-31,0.4509,2.0539,,,,,"2% on or before 1Y, NIL after 1Y",Financials,,,,Unrated,,,Hybrid : Long - Short,10.2258
Axis NIFTY 50 ETF,Growth,Axis NIFTY 50 ETF,154,EQ,400040,44,397,33980,Open ended scheme,0.16,Nandik Mallik,0.34,,,256.4226,2026-09-25,0.0,2017-07-03,11.34,5000.0,1066.2985,Axis Mutual Fund,NIFTY 50 - TRI,3,2026-08-31,-4.88,-3.4892,-6.0652,6.7388,6.5139,-10.62272415633231,null,Financials,,,,Unrated,,,Equity : ETFs,256.4226
SBI Nifty50 Equal Weight Index Fund-Reg(G),Growth,SBI Nifty50 Equal Weight Index Fund-Reg(G),359,EQ,400027,18,1000,48498,Open ended scheme,0.96,Viral Chhadva,0.26,32.0,0.25,11.693,2026-09-25,0.0,2024-01-31,6.07,5000.0,1064.3478,SBI Mutual Fund,NIFTY50 Equal Weight - TRI,3,2026-08-31,-4.7607,-2.6338,-0.7798,,,-4.818884818884823,"0.25% on or before 15D, Nil after 15D",Financials,,,,Unrated,,,Equity : Index Funds,11.693
Kotak CRISIL-IBX Financial Services 9 to 12 Months Debt Index Fund-Reg(G),Growth,Kotak CRISIL-IBX Financial Services 9 to 12 Months Debt Index Fund-Reg(G),789,NEQ,400019,23,900,50232,Open ended scheme,0.3,Manu Sharma,-0.01,0.0,0.0,10.6112,2026-09-25,0.0,2025-09-24,6.09,100.0,1055.6492,Kotak Mahindra Mutual Fund,CRISIL-IBX Financial Services 9-12 Months Debt Index,3,2026-08-31,0.4002,1.5961,6.112,,,4.4522536888836495,NIL,-,,,,Unrated,,,Debt : Low Duration,10.6112
Baroda BNP Paribas Arbitrage Fund-Reg(G),Growth,Baroda BNP Paribas Arbitrage Fund-Reg(G),277,EQ,400001,38,859,35820,Open ended scheme,2.35,Neeraj Saxena,0.09,1261.0,0.25,17.1664,2026-09-25,0.0,2016-12-28,5.7,5000.0,1055.2925,Baroda BNP Paribas Mutual Fund,Nifty 50 Arbitrage,3,2026-08-31,0.4153,1.2773,5.6426,6.4919,5.8416,3.964437553749431,"0.25% on or before 15D, Nil after 15D",Financials,,,,4,,,Hybrid : Arbitrage,17.1664
Edelweiss Focused Fund-Reg(G),Growth,Edelweiss Focused Fund-Reg(G),312,EQ,400035,51,820,46055,Open ended scheme,2.29,Trideep Bhattacharya,-0.14,30.0,1.0,16.05,2026-09-25,0.0,2022-08-01,12.07,100.0,1050.8143,Edelweiss Mutual Fund,NIFTY 500 - TRI,3,2026-08-31,-6.2883,-2.7391,-1.3219,10.6813,,-5.309734513274328,"1% on or before 90D, Nil after 90D",Financials,,,,Unrated,,,Equity : Focused,16.05
Aditya Birla SL Income Plus Arbitrage Active FOF-Reg(G),Growth,Aditya Birla SL Income Plus Arbitrage Active FOF-Reg(G),44,NEQ,400004,48,287,2277,Open ended scheme,0.42,Kaustubh Gupta,0.0,0.0,0.0,39.8349,2026-09-25,0.0,2006-12-28,7.25,100.0,1050.4642999999999,Aditya Birla Sun Life Mutual Fund,CRISIL Short Term Bond Index,3,2026-08-31,0.1947,0.9682,5.1022,6.8065,5.8148,3.46791683440905,NIL,-,,,,Unrated,,,FoFs : Domestic,39.8367
ICICI Pru Nifty Metal ETF,Growth,ICICI Pru Nifty Metal ETF,325,EQ,400015,44,763,33835,Open ended scheme,0.49,Nishit Patel,0.35,74.0,,13.1705,2026-09-25,0.0,2024-08-14,20.66,1000.0,1045.408609916,ICICI Prudential Mutual Fund,NIFTY METAL - TRI,3,2026-08-31,-2.1377,5.2874,30.124,,,17.52344579581858,null,Metals,,,,Unrated,,,Equity : ETFs,13.1705
TRUSTMF Flexi Cap Fund-Reg(G),Growth,TRUSTMF Flexi Cap Fund-Reg(G),312,EQ,400057,50,105,48451,Open ended scheme,3.26,Mihir Vora,0.33,276.0,1.0,12.2,2026-09-25,0.0,2024-04-26,8.58,1000.0,1041.5765,Trust Mutual Fund,NIFTY 500 - TRI,3,2026-08-31,-2.9435,4.9914,7.1115,,,5.627705627705614,"1% on or before 180D, Nil after 180D",Financials,,,,Unrated,,,Equity : Flexi Cap,12.2
Axis Nifty 50 Index Fund-Reg(G),Growth,Axis Nifty 50 Index Fund-Reg(G),154,EQ,400040,18,397,45701,Open ended scheme,0.48,Nandik Mallik,0.33,,0.0,13.8869,2026-09-25,0.0,2021-12-03,7.06,100.0,1031.3886,Axis Mutual Fund,NIFTY 50 - TRI,3,2026-08-31,-4.9136,-3.592,-6.4345,6.2894,,-10.883153220217162,Nil,Financials,,,,Unrated,,,Equity : Index Funds,13.8869
PGIM India Liquid Fund(G),Growth,PGIM India Liquid Fund(G),42,NEQ,400044,21,1203,818,Open ended scheme,0.22,Akhil Dhar,0.02,0.0,0.007,366.6956,2026-09-27,0.0,2007-09-04,7.05,5000.0,1030.9213,PGIM India Mutual Fund,CRISIL Liquid Debt Index,1,2026-08-31,0.4956,1.5648,6.4213,6.8438,6.2688,4.806212718784838,"0.007% for Day 1, 0.0065% on Day 2, 0.0060% on Day 3, 0.0055% on Day 4, 0.0050% on Day 5, 0.0045% on Day 6, NIL on or after 7D",-,,,,3,,,Debt : Liquid,366.6376
Mahindra Manulife Value Fund-Reg(G),Growth,Mahindra Manulife Value Fund-Reg(G),312,EQ,400054,17,95,49460,Open ended scheme,2.53,Krishna Sanghavi,0.42,,0.5,12.3564,2026-09-25,0.0,2025-03-03,14.48,1000.0,1028.617,Mahindra Manulife Mutual Fund,NIFTY 500 - TRI,3,2026-08-31,-3.6012,-0.7598,8.9053,,,3.0009002700810345,"0.50% on or before 3M, Nil after 3M",Financials,,,,Unrated,,,Equity : Value / Contra,12.3564
HDFC Consumption Fund-Reg(G),Growth,HDFC Consumption Fund-Reg(G),323,EQ,400013,14,943,46357,Open ended scheme,2.39,Amit Sinha,0.44,46.26,1.0,13.487,2026-09-25,0.0,2023-07-12,9.77,100.0,1022.1063,HDFC Mutual Fund,Nifty India Consumption - TRI,3,2026-08-31,-5.1013,1.0565,-7.541,9.0243,,-4.799887061480904,"1% on or before 30D, Nil after 30D",FMCG,,,,Unrated,,,Equity : Thematic - Consumption,13.487
LIC MF ELSS Tax Saver Fund-Reg(G),Growth,LIC MF ELSS Tax Saver Fund-Reg(G),312,EQ,400020,6,420,2153,Open ended scheme,2.43,Sumit Bhatnagar,0.29,26.0,0.0,146.1832,2026-09-25,3.0,1998-03-31,9.74,500.0,1021.434,LIC Mutual Fund,NIFTY 500 - TRI,3,2026-08-31,-2.1479,-0.6217,-4.0155,8.6828,7.4342,-5.2041878365978445,Nil,Financials,,,,2,,,Equity : Tax Saving (ELSS),146.1832
Union Multi Asset Allocation Fund-Reg(G),Growth,Union Multi Asset Allocation Fund-Reg(G),154,EQ,400045,42,717,48944,Open ended scheme,2.39,Sanjay Bembalkar,0.33,113.0,1.0,12.04,2026-09-25,0.0,2024-09-10,9.52,1000.0,1020.1257,Union Mutual Fund,NIFTY 50 - TRI,3,2026-08-31,-3.1376,0.0831,8.7624,,,1.176470588235284,"1% on or before 15D, Nil after 15D",Financials,,,,Unrated,,,Hybrid : Multi Asset Allocation,12.04
Union Large & Midcap Fund-Reg(G),Growth,Union Large & Midcap Fund-Reg(G),366,EQ,400045,2,920,44300,Open ended scheme,2.55,Vinod Malviya,0.11,95.0,1.0,26.86,2026-09-25,0.0,2019-12-06,15.62,1000.0,1017.7655,Union Mutual Fund,NIFTY LargeMidcap 250 - TRI,3,2026-08-31,-2.9274,2.0517,4.3107,11.675,9.8807,2.793723689246079,"1% on or before 15D, Nil after 15D",Financials,,,,Unrated,,,Equity : Large & Mid Cap,26.86
Motilal Oswal Liquid Fund-Reg(G),Growth,Motilal Oswal Liquid Fund-Reg(G),42,NEQ,400042,21,908,41872,Open ended scheme,0.41,Rakesh Shetty,0.03,0.0,0.007,14.8008,2026-09-27,0.0,2018-12-19,5.17,500.0,1014.9857000000001,Motilal Oswal Mutual Fund,CRISIL Liquid Debt Index,1,2026-08-31,0.4541,1.4601,5.9182,6.3655,5.8124,4.3639261934318965,"0.007% for Day 1, 0.0065% on Day 2, 0.0060% on Day 3, 0.0055% on Day 4, 0.0050% on Day 5, 0.0045% on Day 6, NIL on or after 7D",-,,,,1,,,Debt : Liquid,14.7963
SBI Nifty Private Bank ETF,Growth,SBI Nifty Private Bank ETF,348,EQ,400027,44,1000,36351,Open ended scheme,0.18,Viral Chhadva,0.44,84.0,,275.0651,2026-09-25,0.0,2020-10-19,12.83,5000.0,1012.3465,SBI Mutual Fund,Nifty Private Bank - TRI,3,2026-08-31,-2.0539,-4.8433,0.8161,5.5873,6.7381,-5.925624959172842,null,Financials,,,,Unrated,,,Equity : ETFs,275.0651
LIC MF Multi Asset Allocation Fund-Reg(G),Growth,LIC MF Multi Asset Allocation Fund-Reg(G),312,NEQ,400020,42,420,49465,Open ended scheme,2.39,Sumit Bhatnagar,0.3,75.0,1.0,12.1748,2026-09-25,0.0,2025-02-14,12.99,5000.0,1004.9839,LIC Mutual Fund,NIFTY 500 - TRI,3,2026-08-31,-2.3759,1.8488,5.1828,,,-0.6017063313875213,"1% on or before 3M, Nil after 3M",Financials,,,,Unrated,,,Hybrid : Multi Asset Allocation,12.1748
Kotak Silver ETF FoF-Reg(G),Growth,Kotak Silver ETF FoF-Reg(G),199,NEQ,400019,48,851,46628,Open ended scheme,0.65,Jeetu Valechha Sonar,1.26,20.84,0.5,30.0662,2026-09-25,0.0,2023-03-31,37.08,100.0,1004.1672,Kotak Mahindra Mutual Fund,Silver,3,2026-08-31,-4.5624,5.1189,64.1437,43.9398,,0.5501359454479068,"0.5% on or before 30D, Nil after 30D",-,,,,Unrated,,,FoFs : Domestic,30.0662
Sundaram Equity Savings Fund(G),Growth,Sundaram Equity Savings Fund(G),436,EQ,400029,55,1056,2393,Open ended scheme,2.78,Clyton Richard Fernandes,-0.02,0.0,0.5,70.4826,2026-09-25,0.0,2002-05-23,8.35,100.0,1002.4892299999999,Sundaram Mutual Fund,NIFTY 50 Equity Savings Index,3,2026-08-31,-2.2142,-0.4846,-0.2664,7.2468,7.3023,-2.190637957735917,0.50% on or before 7D,Financials,,,,3,,,Hybrid : Equity Savings,70.4826
Franklin Asian Equity Fund(G),Growth,Franklin Asian Equity Fund(G),61,NEQ,400012,19,1052,3813,Open ended scheme,2.56,Shyam Sundar Sriram,-0.02,55.06,1.0,45.5358,2026-09-25,0.0,2008-01-16,8.44,5000.0,995.9718710340001,Franklin Templeton Mutual Fund,MSCI Asia (ex-Japan) Standard Index,5,2026-08-31,0.0169,-0.8667,35.7325,23.5026,8.8308,28.091253041533637,1% on or before 1Y,Financials,,,,Unrated,,,Equity : International,45.5358
Baroda BNP Paribas Value Fund-Reg(G),Growth,Baroda BNP Paribas Value Fund-Reg(G),312,EQ,400001,17,778,47940,Open ended scheme,2.37,Rohan Korde,0.23,44.0,0.0,13.445,2026-09-25,0.0,2023-06-07,9.37,5000.0,992.9836,Baroda BNP Paribas Mutual Fund,NIFTY 500 - TRI,3,2026-08-31,-2.8105,-1.7638,-1.4982,7.8321,,-5.387527620227148,"Nil upto 10% of units and 1% for remaining units on or before 1Y, Nil after 1Y",Financials,,,,Unrated,,,Equity : Value / Contra,13.445
Axis Dynamic Term Fund-Reg(G),Growth,Axis Dynamic Term Fund-Reg(G),433,NEQ,400040,31,298,12380,Open ended scheme,0.65,Devang Shah,-0.01,0.0,0.0,31.5365,2026-09-25,0.0,2011-04-27,7.73,5000.0,992.7044999999999,Axis Mutual Fund,NIFTY Composite Debt Index,3,2026-08-31,-0.1659,0.5022,5.8389,7.034,5.7505,4.117625696202948,Nil,-,,,,5,,,Debt : Dynamic Bond,31.5365
Mirae Asset Nifty Smallcap 250 Momentum Quality 100 ETF,Growth,Mirae Asset Nifty Smallcap 250 Momentum Quality 100 ETF,720,EQ,400033,44,760,48496,Open ended scheme,0.83,Ekta Gala,0.38,,,48.6698,2026-09-25,0.0,2024-02-23,3.17,5000.0,988.7623,Mirae Asset Mutual Fund,Nifty Smallcap250 Momentum Quality 100 - TRI,3,2026-08-31,-0.2552,4.7266,6.714,,,10.67405254708272,null,Financials,,,,Unrated,,,Equity : ETFs,48.6698
Canara Rob Infrastructure Fund-Reg(G),Growth,Canara Rob Infrastructure Fund-Reg(G),166,EQ,400006,11,489,547,Open ended scheme,2.37,Vishal Mishra,0.24,19.0,1.0,162.99,2026-09-25,0.0,2005-12-02,14.34,5000.0,987.2122,Canara Robeco Mutual Fund,BSE India Infrastructure Index - TRI,5,2026-08-31,-4.0389,-4.6508,0.3386,17.6321,17.6585,3.3086138049058746,"1% on or before 1Y, Nil after 1Y",Capital Goods,,,,3,,,Equity : Sectoral - Infrastructure,162.99
Quant Business Cycle Fund-Reg(G),Growth,Quant Business Cycle Fund-Reg(G),312,EQ,400010,13,791,47951,Open ended scheme,3.0,Sandeep Tandon,0.42,623.0,1.0,16.1119,2026-09-25,0.0,2023-05-30,15.42,5000.0,984.6495,Quant Mutual Fund,NIFTY 500 - TRI,3,2026-08-31,-2.4573,-3.8538,4.3497,10.6482,,3.109560988096756,"1% on or before 15D, Nil after 15D",Healthcare,,,,Unrated,,,Equity : Thematic,16.1119
Nippon India Conservative Hybrid Fund(G),Growth,Nippon India Conservative Hybrid Fund(G),302,NEQ,400025,52,728,2649,Open ended scheme,1.79,Sushil Budhia,0.03,0.0,0.0,62.037,2026-09-25,0.0,2004-01-12,8.37,5000.0,983.9190867210001,Nippon India Mutual Fund,CRISIL Hybrid 85+15 - Conservative Index,3,2026-08-31,-0.4199,0.997,5.6679,7.7638,7.3536,3.108358762639856,"Nil upto 10% of units and 1% for remaining units on or before 12M, Nil after 12M",Financials,,,,1,,,Hybrid : Conservative Hybrid,62.037
iSIF Active Asset Allocator Long-Short Fund-Reg(G),Growth,iSIF Active Asset Allocator Long-Short Fund-Reg(G),312,EQ,400077,58,862,75091,Open ended scheme,3.09,Sharmila Dsilva,0.15,0.0,1.0,10.3491,2026-09-25,0.0,2026-06-05,3.49,1000000.0,983.8303814999999,ICICI Pru iSIF,NIFTY 500 - TRI,3,2026-08-31,-0.9873,2.3741,,,,,"1% on or before 12M, Nil after 12M",Financials,,,,Unrated,,,Hybrid : Long - Short,10.3331
Tata Nifty Capital Markets Index Fund-Reg(G),Growth,Tata Nifty Capital Markets Index Fund-Reg(G),773,EQ,400030,18,1116,49234,Open ended scheme,1.26,Nitin Sharma,-0.73,25.35,0.25,14.1432,2026-09-25,0.0,2024-10-24,19.78,5000.0,979.597990847,Tata Mutual Fund,Nifty Capital Markets Index - TRI,3,2026-08-31,-4.5732,-3.3472,23.8459,,,12.479720057261018,0.25% on or before 15D,Financials,,,,Unrated,,,Equity : Index Funds,14.1432
Sundaram Infra Advantage Fund(G),Growth,Sundaram Infra Advantage Fund(G),319,EQ,400029,11,660,2945,Open ended scheme,2.3,Siddarth Mohta,0.13,12.84,0.5,98.1833,2026-09-25,0.0,2005-09-29,11.49,100.0,971.126554,Sundaram Mutual Fund,Nifty Infrastructure - TRI,3,2026-08-31,-4.1166,-5.4543,3.3416,14.9836,14.558,1.4373073835571268,"0.50% on or before 30D, Nil after 30D",Capital Goods,,,,3,,,Equity : Sectoral - Infrastructure,98.1833
Mirae Asset Diversified Equity Allocator Passive FOF-Reg(G),Growth,Mirae Asset Diversified Equity Allocator Passive FOF-Reg(G),326,NEQ,400033,48,779,45064,Open ended scheme,0.1,Siddharth Srivastava,0.16,,0.05,24.343,2026-09-25,0.0,2020-09-21,15.94,5000.0,966.5133000000001,Mirae Asset Mutual Fund,NIFTY 200 - TRI,3,2026-08-31,-4.5485,-2.5773,-2.1151,9.4397,8.5134,-6.069609507640069,"0.05% on or before 5D, Nil after 5D",-,,,,Unrated,,,FoFs : Domestic,24.343
HSBC Financial Services Fund-Reg(G),Growth,HSBC Financial Services Fund-Reg(G),388,EQ,400014,8,562,49575,Open ended scheme,2.41,Gautam Bhupal,-0.08,15.0,0.0,12.0996,2026-09-25,0.0,2025-02-27,12.86,5000.0,962.9164999999999,HSBC Mutual Fund,BSE Financial Services - TRI,3,2026-08-31,-5.7553,-3.9242,6.2879,,,-0.7505475305755831,"Nil upto 10% of units and 1% for remaining units on or before 90D, Nil after 90D",Financials,,,,Unrated,,,Equity : Sectoral - Financial Services,12.0996
HDFC CRISIL-IBX Financial Services 9-12 Months Debt Index Fund-Reg(G),Growth,HDFC CRISIL-IBX Financial Services 9-12 Months Debt Index Fund-Reg(G),789,NEQ,400013,23,32,50798,Open ended scheme,0.3,Anupam Joshi,-0.02,0.0,0.0,10.3697,2026-09-25,0.0,2026-03-24,3.68,100.0,957.9762,HDFC Mutual Fund,CRISIL-IBX Financial Services 9-12 Months Debt Index,3,2026-08-31,0.4631,1.6448,,,,,NIL,-,,,,Unrated,,,Debt : Low Duration,10.3697
Motilal Oswal Nifty 200 Momentum 30 Index Fund-Reg(G),Growth,Motilal Oswal Nifty 200 Momentum 30 Index Fund-Reg(G),554,EQ,400042,18,549,46320,Open ended scheme,1.68,Swapnil P Mayekar,-0.08,151.0,1.0,14.6156,2026-09-25,0.0,2022-02-10,8.55,500.0,957.6047,Motilal Oswal Mutual Fund,Nifty200 Momentum 30 - TRI,3,2026-08-31,-3.542,-3.2701,-1.3093,9.063,,-3.3327821687225088,"1% on or before 15D, Nil after 15D",Financials,,,,Unrated,,,Equity : Index Funds,14.6156
ICICI Pru Diversified Equity All Cap Active FOF-Reg(G),Growth,ICICI Pru Diversified Equity All Cap Active FOF-Reg(G),312,NEQ,400015,48,645,50739,Open ended scheme,1.45,Dharmesh Kakkad,0.2,,1.0,10.5777,2026-09-25,0.0,2026-03-20,5.78,100.0,954.993466815,ICICI Prudential Mutual Fund,NIFTY 500 - TRI,3,2026-08-31,-4.2222,-1.3044,,,,,"1% on or before 1Y, Nil after 1Y",-,,,,Unrated,,,FoFs : Domestic,10.5777
Bank of India Mfg & Infra Fund-Reg(G),Growth,Bank of India Mfg & Infra Fund-Reg(G),166,EQ,400034,11,639,8484,Open ended scheme,2.63,Nitin Gosar,0.42,62.0,0.0,66.98,2026-09-25,0.0,2010-03-05,12.16,5000.0,948.6525,Bank of India Mutual Fund,BSE India Infrastructure Index - TRI,3,2026-08-31,-0.7557,2.8247,17.0979,20.956,19.257,12.609280430396785,"NIL for 10% of investments and 1% for remaining investments on or before 3M, NIL after 3M",Energy,,,,Unrated,,,Equity : Sectoral - Infrastructure,66.98
Baroda BNP Paribas Conservative Hybrid Fund-Reg(G),Growth,Baroda BNP Paribas Conservative Hybrid Fund-Reg(G),302,NEQ,400001,52,1254,210,Open ended scheme,2.11,Paresh Jain,0.06,197.0,1.0,46.3374,2026-09-25,0.0,2004-09-23,7.21,1000.0,943.9630000000001,Baroda BNP Paribas Mutual Fund,CRISIL Hybrid 85+15 - Conservative Index,3,2026-08-31,-0.9076,0.1519,3.4693,6.8782,5.7925,1.3880926853817022,"1% on or before 6M, Nil after 6M",Financials,,,,2,,,Hybrid : Conservative Hybrid,46.3374
Invesco India Balanced Advantage Fund-Reg(G),Growth,Invesco India Balanced Advantage Fund-Reg(G),450,EQ,400021,41,651,2171,Open ended scheme,2.39,Amey Sathe,0.19,193.0,0.25,51.89,2026-09-25,0.0,2007-10-04,9.06,1000.0,937.4762,Invesco Mutual Fund,NIFTY 50 Hybrid Composite Debt 50:50 Index,3,2026-08-31,-2.1866,-1.0865,-3.2805,7.4838,6.8579,-5.067691181851439,"Nil upto 10% of units and 0.25% for above the limits on or before 3M, Nil after 3M",Financials,,,,2,,,Hybrid : Dynamic Asset Allocation,51.89
Kotak Nifty Alpha 50 ETF,Growth,Kotak Nifty Alpha 50 ETF,332,EQ,400019,44,699,45687,Open ended scheme,0.57,Satish Dondapati,-0.08,169.21,,52.7074,2026-09-25,0.0,2021-12-22,10.26,5000.0,933.7655,Kotak Mahindra Mutual Fund,Nifty Alpha 50 - TRI,1,2026-08-31,-3.5142,2.7204,8.8787,15.0628,,9.382542340872813,null,Financials,,,,Unrated,,,Equity : ETFs,52.7074
HDFC Nifty G-Sec Dec 2026 Index Fund-Reg(G),Growth,HDFC Nifty G-Sec Dec 2026 Index Fund-Reg(G),661,NEQ,400013,29,32,46871,Open ended scheme,0.35,Anupam Joshi,0.02,0.0,0.0,13.0001,2026-09-25,0.0,2022-11-10,7.0,100.0,931.8937,HDFC Mutual Fund,Nifty G-sec Dec 2026 Index,3,2026-08-31,0.4163,1.2816,5.5023,6.9741,,3.9085292260472615,Nil,-,,,,Unrated,,,Debt : Gilt,13.0001
Nippon India Index Fund-BSE Sensex Plan(G),Growth,Nippon India Index Fund-BSE Sensex Plan(G),174,EQ,400025,18,987,12865,Open ended scheme,0.51,Himanshu Mange,0.43,10.0,0.0,37.8233,2026-09-25,0.0,2010-09-28,8.67,5000.0,929.760967754,Nippon India Mutual Fund,BSE SENSEX - TRI,3,2026-08-31,-4.8667,-3.983,-8.4716,4.4671,4.8602,-12.846928594635312,Nil,Financials,,,,2,,,Equity : Index Funds,37.8233
Baroda BNP Paribas ELSS Tax Saver Fund-Reg(G),Growth,Baroda BNP Paribas ELSS Tax Saver Fund-Reg(G),312,EQ,400001,6,821,226,Open ended scheme,2.5,Silky Jain,0.32,39.0,0.0,97.2167,2026-09-25,3.0,2006-01-05,11.59,500.0,929.7366999999999,Baroda BNP Paribas Mutual Fund,NIFTY 500 - TRI,3,2026-08-31,-5.2704,-0.8699,2.8215,13.616,9.8688,-2.513848276636625,Nil,Financials,,,,2,,,Equity : Tax Saving (ELSS),97.2167
Motilal Oswal Digital India Fund-Reg(G),Growth,Motilal Oswal Digital India Fund-Reg(G),408,EQ,400042,10,559,48960,Open ended scheme,2.52,Varun Sharma,-1.38,92.0,1.0,10.9472,2026-09-25,0.0,2024-11-04,4.9,500.0,929.6914,Motilal Oswal Mutual Fund,BSE TECk Index - TRI,3,2026-08-31,8.5117,22.8849,6.7967,,,5.759829968119018,"1% on or before 90D, Nil after 90D",Technology,,,,Unrated,,,Equity : Sectoral - Technology,10.9472
JM Small Cap Fund-Reg(G),Growth,JM Small Cap Fund-Reg(G),350,EQ,400017,5,44,48452,Open ended scheme,2.53,Asit Bhandarkar,0.47,64.36,1.0,11.5861,2026-09-25,0.0,2024-06-18,6.7,1000.0,929.4965058810001,JM Financial Mutual Fund,Nifty Smallcap 250 - TRI,3,2026-08-31,0.1218,4.4809,14.6821,,,19.740595287308803,"1% on or before 180D, Nil after 180D",Financials,,,,Unrated,,,Equity : Small Cap,11.5861
Axis Global Innovation FoF-Reg(G),Growth,Axis Global Innovation FoF-Reg(G),719,NEQ,400040,49,1014,45539,Open ended scheme,1.59,Krishnaa N,1.34,,0.0,19.63,2026-09-25,0.0,2021-05-28,13.49,100.0,925.8211,Axis Mutual Fund,MSCI ACWI Net TRI,5,2026-08-31,2.2929,7.5027,26.2379,27.119,12.9307,20.610211706102135,"Nil upto 10% of investment and 1% for remaining investment on or before 12M, Nil after 12M",-,,,,Unrated,,,FoFs : Overseas,19.37
Mahindra Manulife Balanced Advantage Fund-Reg(G),Growth,Mahindra Manulife Balanced Advantage Fund-Reg(G),450,EQ,400054,41,379,45993,Open ended scheme,2.42,Neelesh Dhamnaskar,0.02,83.0,0.0,14.7161,2026-09-25,0.0,2021-12-30,8.49,1000.0,922.9939999999999,Mahindra Manulife Mutual Fund,NIFTY 50 Hybrid Composite Debt 50:50 Index,3,2026-08-31,-2.5908,0.6511,2.2022,9.1806,,0.37035016164455486,"Nil upto 10% of units and 1% for remaining units on or before 3M, Nil after 3M",Financials,,,,Unrated,,,Hybrid : Dynamic Asset Allocation,14.7161
Quant BFSI Fund-Reg(G),Growth,Quant BFSI Fund-Reg(G),330,EQ,400010,8,791,47989,Open ended scheme,3.43,Sandeep Tandon,0.22,789.0,1.0,20.5111,2026-09-25,0.0,2023-06-20,24.58,5000.0,922.0188,Quant Mutual Fund,Nifty Financial Services - TRI,3,2026-08-31,-0.9829,1.2949,15.1074,20.2219,,5.8927087151581965,"1% on or before 15D, Nil after 15D",Financials,,,,Unrated,,,Equity : Sectoral - Financial Services,20.5111
Axis Momentum Fund-Reg(G),Growth,Axis Momentum Fund-Reg(G),312,EQ,400040,13,397,49376,Open ended scheme,4.06,Nandik Mallik,0.23,374.0,0.0,8.83,2026-09-25,0.0,2024-12-12,-6.73,100.0,919.1411,Axis Mutual Fund,NIFTY 500 - TRI,3,2026-08-31,-1.8889,1.2615,-2.2148,,,-5.46038543897216,"Nil for 10% of investments and 1% for remaining investments on or before 12M, Nil after 12M",Financials,,,,Unrated,,,Equity : Thematic,8.83
Baroda BNP Paribas Innovation Fund-Reg(G),Growth,Baroda BNP Paribas Innovation Fund-Reg(G),312,EQ,400001,13,85,48463,Open ended scheme,2.6,Jitendra Sriram,-0.25,61.0,0.0,13.5198,2026-09-25,0.0,2024-03-05,12.51,5000.0,917.8276,Baroda BNP Paribas Mutual Fund,NIFTY 500 - TRI,3,2026-08-31,-3.0616,4.1178,9.2474,,,7.438988532784473,"Nil upto 10% of units and 1% for remaining units on or before 1Y, Nil after 1Y",Financials,,,,Unrated,,,Equity : Thematic,13.5198
Motilal Oswal Nifty Midcap 100 ETF,Growth,Motilal Oswal Nifty Midcap 100 ETF,299,EQ,400042,44,549,13595,Open ended scheme,0.28,Swapnil P Mayekar,-0.14,31.0,0.0,65.7765,2026-09-25,0.0,2011-01-31,14.47,10000.0,917.3394999999999,Motilal Oswal Mutual Fund,Nifty Midcap 100 - TRI,3,2026-08-31,-5.0522,-1.2526,6.33,15.2085,15.6937,1.1322245814505256,Nil,Financials,,,,Unrated,,,Equity : ETFs,65.7765
ICICI Pru Nifty SDL Dec 2028 Index Fund-Reg(G),Growth,ICICI Pru Nifty SDL Dec 2028 Index Fund-Reg(G),654,NEQ,400015,27,893,46359,Open ended scheme,0.35,Darshil Dedhia,0.1,0.0,0.0,13.3316,2026-09-25,0.0,2022-10-12,7.54,1000.0,908.6222924998,ICICI Prudential Mutual Fund,Nifty SDL Dec 2028 Index,3,2026-08-31,0.1525,0.8793,5.1131,7.2638,,3.097184307599502,Nil,-,,,,Unrated,,,Debt : Medium to Long Duration,13.3316
Axis Childrens Fund-No Lock in-Reg(G),Growth,Axis Childrens Fund-No Lock in-Reg(G),370,EQ,400040,54,966,34004,Open ended scheme,2.38,Jayesh Sundar,0.14,0.0,3.0,25.8467,2026-09-25,0.0,2015-12-08,9.19,5000.0,906.8942999999999,Axis Mutual Fund,NIFTY 50 Hybrid Composite Debt 65:35 Index,3,2026-08-31,-3.1251,-0.5169,-0.6106,7.4046,4.6039,-2.562352976657219,"3% on or before 1Y, 2% after 1Y but on or before 2Y, 1% after 2Y but on or before 3Y, Nil after 3Y",Financials,,,,3,,,Hybrid : Aggressive Hybrid,25.8467
Axis Childrens Fund-Compulsory Lock in-Reg(G),Growth,Axis Childrens Fund-Compulsory Lock in-Reg(G),370,EQ,400040,54,966,34008,Open ended scheme,2.38,Jayesh Sundar,0.14,0.0,0.0,25.8499,2026-09-25,5.0,2015-12-08,9.19,5000.0,906.8942999999999,Axis Mutual Fund,NIFTY 50 Hybrid Composite Debt 65:35 Index,3,2026-08-31,-3.1251,-0.5169,-0.6109,7.4045,4.604,-2.562043905675159,NIL,Financials,,,,4,,,Hybrid : Aggressive Hybrid,25.8499
WOC Pharma and Healthcare Fund-Reg(G),Growth,WOC Pharma and Healthcare Fund-Reg(G),391,EQ,400055,7,864,48472,Open ended scheme,2.8,Ramesh Mantri,-0.12,185.0,0.0,17.015,2026-09-25,0.0,2024-02-06,22.34,500.0,902.2363,WhiteOak Capital Mutual Fund,BSE Health Care - TRI,3,2026-08-31,1.2436,8.7637,23.2792,,,23.880597014925385,NIL,Healthcare,,,,Unrated,,,Equity : Sectoral - Pharma,17.015
Edelweiss Ultra Short Term Fund-Reg(G),Growth,Edelweiss Ultra Short Term Fund-Reg(G),367,NEQ,400035,22,566,51134,Open ended scheme,0.59,Rahul Dedhia,-0.01,0.0,0.0,1005.256,2026-09-25,0.0,2026-08-25,0.53,100.0,896.9036,Edelweiss Mutual Fund,CRISIL Ultra Short Term Debt Index,3,2026-08-31,0.5256,,,,,,NIL,-,,,,Unrated,,,Debt : Ultra Short Duration,1005.256
Mahindra Manulife ELSS Tax Saver Fund-Reg(G),Growth,Mahindra Manulife ELSS Tax Saver Fund-Reg(G),312,EQ,400054,6,379,36058,Open ended scheme,2.55,Neelesh Dhamnaskar,0.21,65.0,0.0,26.5036,2026-09-25,3.0,2016-10-18,10.3,500.0,894.7351,Mahindra Manulife Mutual Fund,NIFTY 500 - TRI,3,2026-08-31,-5.105,-2.6962,-6.8765,6.1291,6.9464,-9.328023756252101,Nil,Financials,,,,4,,,Equity : Tax Saving (ELSS),26.5036
Motilal Oswal Nifty 50 Index Fund-Reg(G),Growth,Motilal Oswal Nifty 50 Index Fund-Reg(G),154,EQ,400042,18,549,44366,Open ended scheme,0.62,Swapnil P Mayekar,0.33,9.0,0.0,19.6559,2026-09-25,0.0,2019-12-23,10.51,500.0,892.6292,Motilal Oswal Mutual Fund,NIFTY 50 - TRI,3,2026-08-31,-4.9291,-3.6159,-6.522,6.1847,5.9386,-10.972665715515092,Nil,Financials,,,,Unrated,,,Equity : Index Funds,19.6559
Edelweiss CRISIL IBX 50:50 Gilt Plus SDL April 2037 Index Fund-Reg(G),Growth,Edelweiss CRISIL IBX 50:50 Gilt Plus SDL April 2037 Index Fund-Reg(G),648,NEQ,400035,28,65,46863,Open ended scheme,0.46,Dhawal Dalal,-0.12,0.0,0.1,13.2137,2026-09-25,0.0,2022-10-11,7.29,100.0,890.9338,Edelweiss Mutual Fund,CRISIL IBX 50:50 Gilt Plus SDL Index - April 2037,3,2026-08-31,-1.2562,-0.5404,3.2659,6.5395,,2.3239065791103855,"0.10% on or before 30D, Nil after 30D",-,,,,Unrated,,,Debt : Long Duration,13.2137
Axis Equity Savings Fund-Reg(G),Growth,Axis Equity Savings Fund-Reg(G),436,EQ,400040,55,951,33370,Open ended scheme,2.67,Mayank Hyanki,0.09,0.0,0.0,23.03,2026-09-25,0.0,2015-08-14,7.79,500.0,885.9555,Axis Mutual Fund,NIFTY 50 Equity Savings Index,3,2026-08-31,-1.3704,0.7877,3.5987,8.0948,6.2278,1.2752858399296514,"Nil upto 10% of investments and 1% for remaining investments on or before 1M, Nil after 1M",Financials,,,,2,,,Hybrid : Equity Savings,23.03
DSP Multi Asset Omni FoF-Reg(G),Growth,DSP Multi Asset Omni FoF-Reg(G),312,NEQ,400009,48,597,50617,Open ended scheme,1.26,Anil Ghelani,0.15,,1.0,9.8372,2026-09-25,0.0,2026-02-25,-1.63,100.0,882.8883000000001,DSP Mutual Fund,NIFTY 500 - TRI,3,2026-08-31,-3.6324,-0.4896,,,,,"1% on or before 1M, Nil after 1M",-,,,,Unrated,,,FoFs : Domestic,9.8223
Quant Arbitrage Fund-Reg(G),Growth,Quant Arbitrage Fund-Reg(G),717,EQ,400010,38,1076,49743,Open ended scheme,2.34,Sameer Kate,0.05,1371.0,0.25,11.0159,2026-09-25,0.0,2025-04-04,6.77,5000.0,881.2572,Quant Mutual Fund,Nifty 50 Arbitrage - TRI,3,2026-08-31,0.4761,1.5721,7.095,,,5.037377474350659,"0.25% on or before 1M, Nil after 1M",Financials,,,,Unrated,,,Hybrid : Arbitrage,11.0159
HSBC Ultra Short to Short Term Fund-Reg(G),Growth,HSBC Ultra Short to Short Term Fund-Reg(G),435,NEQ,400014,23,303,13350,Open ended scheme,0.96,Shriram Ramanathan,-0.03,0.0,0.0,30.8237,2026-09-25,0.0,2010-12-04,7.38,5000.0,875.4531,HSBC Mutual Fund,NIFTY Low Duration Debt Index,3,2026-08-31,0.4013,1.3094,5.871,7.3309,6.4024,4.30326204656199,Nil,-,,,,2,,,Debt : Low Duration,30.8237
Union ELSS Tax Saver Fund(G),Growth,Union ELSS Tax Saver Fund(G),379,EQ,400045,6,920,14893,Open ended scheme,2.63,Vinod Malviya,0.39,75.0,0.0,64.43,2026-09-25,3.0,2011-12-23,13.45,500.0,871.9112,Union Mutual Fund,BSE 500 - TRI,3,2026-08-31,-3.6633,-0.4481,-1.3323,9.4711,8.837,-2.835168149600355,Nil,Financials,,,,4,,,Equity : Tax Saving (ELSS),64.43
Sundaram Multi-Factor Fund-Reg(G),Growth,Sundaram Multi-Factor Fund-Reg(G),298,EQ,400029,13,628,49873,Open ended scheme,2.92,Rohit Seksaria,0.11,219.92,1.0,9.5296,2026-09-25,0.0,2025-07-22,-4.01,100.0,870.778033,Sundaram Mutual Fund,BSE 200 - TRI,3,2026-08-31,-3.571,-1.8275,-5.4894,,,-9.491019954601144,"1% on or before 365D, Nil after 365D",Financials,,,,Unrated,,,Equity : Thematic,9.5296
LIC MF Nifty 50 ETF,Growth,LIC MF Nifty 50 ETF,154,EQ,400020,44,1212,33580,Open ended scheme,0.08,Nikhil Kapoor,0.34,4.0,,259.8685,2026-09-25,0.0,2015-11-20,11.65,5000.0,867.6967999999999,LIC Mutual Fund,NIFTY 50 - TRI,1,2026-08-31,-4.8791,-3.5018,-6.1161,6.6864,6.4567,-10.679539904344383,null,Financials,,,,Unrated,,,Equity : ETFs,259.8685
Parag Parikh Large Cap Fund-Reg(G),Growth,Parag Parikh Large Cap Fund-Reg(G),314,EQ,400049,1,474,50488,Open ended scheme,0.76,Rajeev Thakkar,0.38,,0.0,9.2984,2026-09-25,0.0,2026-02-04,-7.02,1000.0,860.0978,PPFAS Mutual Fund,NIFTY 100 - TRI,3,2026-08-31,-4.6787,-2.9141,,,,,NIL,Financials,,,,Unrated,,,Equity : Large Cap,9.2984
HDFC NIFTY G-Sec Jun 2036 Index Fund-Reg(G),Growth,HDFC NIFTY G-Sec Jun 2036 Index Fund-Reg(G),667,NEQ,400013,28,32,47714,Open ended scheme,0.35,Anupam Joshi,-0.16,0.0,0.0,12.9366,2026-09-25,0.0,2023-03-15,7.56,100.0,859.3881,HDFC Mutual Fund,Nifty G-Sec Jun 2036 Index,3,2026-08-31,-1.4009,-0.7907,3.3688,7.035,,2.0985423062656383,Nil,-,,,,Unrated,,,Debt : Long Duration,12.9366
Infinity Hybrid Long-Short Fund-Reg(G),Growth,Infinity Hybrid Long-Short Fund-Reg(G),450,EQ,400086,58,1248,75147,Open ended scheme,3.23,Kalpesh Jain,0.16,141.16,0.0,10.371,2026-09-25,0.0,2026-07-06,3.71,1000000.0,859.0227,Kotak Infinity SIF,NIFTY 50 Hybrid Composite Debt 50:50 Index,3,2026-07-31,0.4455,,,,,,NIL,Energy,,,,Unrated,,,Hybrid : Long - Short,10.371
LIC MF Gold ETF FoF(G),Growth,LIC MF Gold ETF FoF(G),65,NEQ,400020,48,420,17242,Open ended scheme,0.61,Sumit Bhatnagar,0.89,,1.0,38.7754,2026-09-25,0.0,2012-08-14,10.07,5000.0,858.3074,LIC Mutual Fund,Gold-India,3,2026-08-31,-6.4639,7.6583,31.2272,34.682,25.1739,7.935208923108602,"1% on or before 15D, Nil after 15D",-,,,,Unrated,,,FoFs : Domestic,38.7754
Canara Rob Conservative Hybrid Fund-Reg(G),Growth,Canara Rob Conservative Hybrid Fund-Reg(G),302,NEQ,400006,52,273,520,Open ended scheme,1.86,Avnish Jain,-0.04,125.0,1.0,99.0525,2026-09-25,0.0,1996-03-31,8.15,5000.0,852.4901,Canara Robeco Mutual Fund,CRISIL Hybrid 85+15 - Conservative Index,5,2026-08-31,-1.2027,0.1984,1.6784,6.4441,5.6702,1.3807900196089005,"Nil upto 10% of units on or before 1Y, 1% for more than 10% of units on or before 1Y, Nil after 1Y",Financials,,,,4,,,Hybrid : Conservative Hybrid,99.0525
Quant Dynamic Asset Allocation Fund-Reg(G),Growth,Quant Dynamic Asset Allocation Fund-Reg(G),450,EQ,400010,41,791,47895,Open ended scheme,3.02,Sandeep Tandon,0.05,536.0,1.0,16.0953,2026-09-25,0.0,2023-04-12,14.76,5000.0,852.3928999999999,Quant Mutual Fund,NIFTY 50 Hybrid Composite Debt 50:50 Index,3,2026-08-31,-2.4462,-3.418,-1.9106,12.0269,,-3.151212467657489,"1% on or before 15D, Nil after 15D",Media and Communications,,,,Unrated,,,Hybrid : Dynamic Asset Allocation,16.0953
Baroda BNP Paribas Overnight Fund-Reg(G),Growth,Baroda BNP Paribas Overnight Fund-Reg(G),500,NEQ,400001,20,527,43376,Open ended scheme,0.12,Vikram Pamnani,0.01,0.0,0.0,1443.5758,2026-09-27,0.0,2019-04-25,5.06,5000.0,852.1561999999999,Baroda BNP Paribas Mutual Fund,CRISIL Liquid Overnight Index,1,2026-08-31,0.4108,1.2634,5.2148,5.9849,5.6537,3.7698918665813563,Nil,-,,,,4,,,Debt : Overnight,1443.376
Baroda BNP Paribas Manufacturing Fund-Reg(G),Growth,Baroda BNP Paribas Manufacturing Fund-Reg(G),584,EQ,400001,13,1060,48904,Open ended scheme,2.43,Kushant Arora,0.3,52.0,0.0,10.8344,2026-09-25,0.0,2024-06-28,3.64,1000.0,850.3234,Baroda BNP Paribas Mutual Fund,Nifty India Manufacturing - TRI,3,2026-08-31,-4.2813,0.9626,10.5799,,,7.13233331026096,"Nil upto 10% of units and 1% for remaining units on or before 1Y, Nil after 1Y",Automobile and Ancillaries,,,,Unrated,,,Equity : Thematic,10.8344
Quant Focused Fund(G),Growth,Quant Focused Fund(G),312,EQ,400010,51,791,5742,Open ended scheme,3.39,Sandeep Tandon,0.52,696.0,1.0,91.2,2026-09-25,0.0,2008-08-01,12.94,5000.0,850.2004,Quant Mutual Fund,NIFTY 500 - TRI,3,2026-08-31,-3.8776,-0.0503,7.9084,12.0122,11.2718,6.191969930905363,"1% on or before 15D, Nil after 15D",Energy,,,,Unrated,,,Equity : Focused,91.2
Mirae Asset S&P 500 Top 50 ETF FoF-Reg(G),Growth,Mirae Asset S&P 500 Top 50 ETF FoF-Reg(G),563,NEQ,400033,49,760,45836,Open ended scheme,0.42,Ekta Gala,1.77,,0.5,34.372,2026-09-25,0.0,2021-09-22,27.94,5000.0,846.5866000000001,Mirae Asset Mutual Fund,S&P 500 Top 50 TRI,5,2026-08-31,23.0604,28.4983,43.0379,44.0026,27.7179,34.89495966131479,"0.50% on or before 3M, Nil after 3M",-,,,,Unrated,,,FoFs : Overseas,33.775
UTI Nifty 500 Value 50 Index Fund-Reg(G),Growth,UTI Nifty 500 Value 50 Index Fund-Reg(G),506,EQ,400032,18,620,47577,Open ended scheme,1.25,Sharwan Kumar Goyal,-0.07,41.0,0.0,21.4237,2026-09-25,0.0,2023-05-10,25.28,1000.0,846.2191,UTI Mutual Fund,NIFTY500 Value 50 - TRI,3,2026-08-31,-2.7601,-3.1443,9.1381,20.5336,,1.035648766040529,Nil,Energy,,,,Unrated,,,Equity : Index Funds,21.4237
360 ONE Quant Fund-Reg(G),Growth,360 ONE Quant Fund-Reg(G),298,EQ,400047,13,1224,46015,Open ended scheme,2.64,Pranav Mise,0.35,106.0,1.0,18.5155,2026-09-25,0.0,2021-11-29,13.62,1000.0,845.696391494388,360 ONE Mutual Fund,BSE 200 - TRI,3,2026-08-31,-4.1809,1.1163,-4.0722,13.4142,,-6.582678277716675,"1% on or before 12M, Nil after 12M",Financials,,,,Unrated,,,Equity : Thematic,18.5155
Kotak Global Innovation Overseas Equity Active FOF-Reg(G),Growth,Kotak Global Innovation Overseas Equity Active FOF-Reg(G),262,NEQ,400019,49,679,45334,Open ended scheme,1.53,Arjun Khanna,0.18,1.95,1.0,15.2352,2026-09-24,0.0,2021-07-29,8.5,100.0,840.3925999999999,Kotak Mahindra Mutual Fund,MSCI AC World Index,5,2026-08-31,0.8987,5.5925,27.2612,25.5308,8.8879,21.699537491912096,"1% on or before 1Y, Nil after 1Y",-,,,,Unrated,,,FoFs : Overseas,15.2352
Nippon India Nifty Next 50 Junior BeES FoF-Reg(G),Growth,Nippon India Nifty Next 50 Junior BeES FoF-Reg(G),33,NEQ,400025,48,987,40664,Open ended scheme,0.3,Himanshu Mange,0.38,5.0,0.0,26.6587,2026-09-25,0.0,2019-03-08,13.86,100.0,840.3658307029999,Nippon India Mutual Fund,NIFTY NEXT 50,3,2026-08-31,-3.436,-0.4615,5.3849,17.129,11.1037,4.0388232814805,Nil,-,,,,Unrated,,,FoFs : Domestic,26.6587
UTI Innovation Fund-Reg(G),Growth,UTI Innovation Fund-Reg(G),312,EQ,400032,13,1054,48238,Open ended scheme,2.36,Nitin Jain,-0.58,27.0,1.0,11.1767,2026-09-25,0.0,2023-10-13,3.84,5000.0,837.3697999999999,UTI Mutual Fund,NIFTY 500 - TRI,3,2026-08-31,-6.8888,3.5522,-4.7397,,,-2.6877601128389084,"1% on or before 12M, Nil after 12M",Technology,,,,Unrated,,,Equity : Thematic,11.1767
ICICI Pru Long Term Fund(G),Growth,ICICI Pru Long Term Fund(G),697,NEQ,400015,28,297,1617,Open ended scheme,0.94,Manish Banthia,-0.13,0.0,0.0,91.477,2026-09-25,0.0,1998-07-09,8.16,5000.0,832.1046500132001,ICICI Prudential Mutual Fund,CRISIL Long Duration Debt Index,3,2026-08-31,-1.2958,-0.7956,1.7697,5.8561,4.7383,1.1269368190179758,Nil,-,,,,Unrated,,,Debt : Long Duration,91.477
LIC MF Small Cap Fund-Reg(G),Growth,LIC MF Small Cap Fund-Reg(G),350,EQ,400020,5,817,36914,Open ended scheme,2.65,Dikshit Mittal,0.04,80.0,0.0,35.3486,2026-09-25,0.0,2017-06-21,14.59,5000.0,831.5518,LIC Mutual Fund,Nifty Smallcap 250 - TRI,3,2026-08-31,1.0477,6.071,15.264,17.8126,16.3564,20.055699899808097,"Nil upto 12% of units and 1% for remaining units on or before 12M, Nil after 12M",Capital Goods,,,,2,,,Equity : Small Cap,35.3486
PGIM India Large and Mid Cap Fund(G),Growth,PGIM India Large and Mid Cap Fund(G),366,EQ,400044,2,252,48543,Open ended scheme,2.5,Vinay Paharia,0.0,36.0,0.5,12.41,2026-09-25,0.0,2024-02-12,8.59,5000.0,830.8380999999999,PGIM India Mutual Fund,NIFTY LargeMidcap 250 - TRI,3,2026-08-31,-4.3177,0.8123,-0.9577,,,-0.957701516360728,"0.50% on or before 90D, Nil after 90D",Financials,,,,Unrated,,,Equity : Large & Mid Cap,12.41
HDFC Medium to Long Term Fund(G),Growth,HDFC Medium to Long Term Fund(G),418,NEQ,400013,27,32,1281,Open ended scheme,1.37,Anupam Joshi,-0.07,0.0,0.0,60.3195,2026-09-25,0.0,2000-09-11,7.14,100.0,830.2048,HDFC Mutual Fund,CRISIL Medium to Long Term Debt Index,3,2026-08-31,-0.5934,-0.0977,3.3759,6.107,4.7694,2.465163763859327,Nil,-,,,,2,,,Debt : Medium to Long Duration,60.3195
Axis Quant Fund-Reg(G),Growth,Axis Quant Fund-Reg(G),298,EQ,400040,13,397,44329,Open ended scheme,4.41,Nandik Mallik,0.13,777.0,0.0,15.36,2026-09-25,0.0,2021-07-01,8.54,100.0,827.21,Axis Mutual Fund,BSE 200 - TRI,3,2026-08-31,-6.055,-4.1797,-0.5181,7.1311,6.8976,-5.766871165644179,"Nil for 10% of investment and 1% for remaining investments on or before 3M, Nil after 3M",Financials,,,,Unrated,,,Equity : Thematic,15.36
Motilal Oswal Nifty 500 Momentum 50 Index Fund-Reg(G),Growth,Motilal Oswal Nifty 500 Momentum 50 Index Fund-Reg(G),767,EQ,400042,18,549,48961,Open ended scheme,1.6,Swapnil P Mayekar,-0.04,151.0,1.0,8.25,2026-09-25,0.0,2024-09-24,-9.16,500.0,826.5385000000001,Motilal Oswal Mutual Fund,Nifty500 Momentum 50 - TRI,3,2026-08-31,-2.5652,-0.7471,3.7018,,,1.9160211985323983,"1% on or before 15D, Nil after 15D",Financials,,,,Unrated,,,Equity : Index Funds,8.25
The Wealth Company Liquid Fund-Reg(G),Growth,The Wealth Company Liquid Fund-Reg(G),446,NEQ,400068,21,205,50296,Open ended scheme,0.27,Umesh Sharma,0.0,0.0,0.007,1061.2705,2026-09-25,0.0,2025-10-14,6.13,100.0,817.922387438,The Wealth Company Mutual Fund,Nifty Liquid Fund Index,1,2026-08-31,0.5096,1.5488,,,,4.764265952068899,"0.007% for Day 1, 0.0065% on Day 2, 0.0060% on Day 3, 0.0055% on Day 4, 0.0050% on Day 5, 0.0045% on Day 6, NIL on or after 7D",-,,,,Unrated,,,Debt : Liquid,1061.2705
JM Value Fund-Reg(G),Growth,JM Value Fund-Reg(G),379,EQ,400017,17,184,1849,Open ended scheme,2.74,Satish Ramanathan,0.08,79.98,1.0,96.4562,2026-09-25,0.0,1997-06-02,16.0,1000.0,817.272959647,JM Financial Mutual Fund,BSE 500 - TRI,3,2026-08-31,-1.634,1.8189,-0.9583,11.4636,13.4663,0.13153379552292885,"1% on or before 30D, Nil after 30D",Financials,,,,3,,,Equity : Value / Contra,96.4562
ICICI Pru Conglomerate Fund-Reg(G),Growth,ICICI Pru Conglomerate Fund-Reg(G),776,EQ,400015,13,869,49928,Open ended scheme,2.39,Sri Sharma,0.5,41.0,1.0,10.14,2026-09-25,0.0,2025-10-24,1.4,1000.0,817.0461386704,ICICI Prudential Mutual Fund,BSE Select Business Groups Index - TRI,3,2026-08-31,-3.7951,0.2967,,,,0.8955223880597,"1% on or before 1M, NIL after 1M",Automobile and Ancillaries,,,,Unrated,,,Equity : Thematic,10.14
UTI Equity Savings Fund-Reg(G),Growth,UTI Equity Savings Fund-Reg(G),471,EQ,400032,55,292,35818,Open ended scheme,2.06,V. Srivatsa,0.18,408.0,1.0,18.7265,2026-09-25,0.0,2018-08-30,8.08,5000.0,816.2103999999999,UTI Mutual Fund,Crisil Equity Savings Index,3,2026-08-31,-1.6233,-0.5512,2.2194,7.1895,7.4785,-1.502201229743157,"1% on or before 30D, Nil after 30D",Financials,,,,2,,,Hybrid : Equity Savings,18.7265
Nippon India Nifty 50 Value 20 Index Fund-Reg(G),Growth,Nippon India Nifty 50 Value 20 Index Fund-Reg(G),339,EQ,400025,18,1074,45289,Open ended scheme,1.09,Jitendra Tolani,0.23,68.0,0.0,16.4592,2026-09-25,0.0,2021-02-19,9.31,5000.0,815.929812577,Nippon India Mutual Fund,Nifty50 Value 20 - TRI,3,2026-08-31,-4.2602,-5.2463,-9.544,3.8186,5.2672,-14.109930021760576,Nil,Financials,,,,Unrated,,,Equity : Index Funds,16.4592
ICICI Pru Nifty G-Sec Dec 2030 Index Fund-Reg(G),Growth,ICICI Pru Nifty G-Sec Dec 2030 Index Fund-Reg(G),655,NEQ,400015,27,893,46358,Open ended scheme,0.37,Darshil Dedhia,-0.01,0.0,0.0,13.2857,2026-09-25,0.0,2022-10-11,7.44,1000.0,813.857830375,ICICI Prudential Mutual Fund,Nifty G-Sec Dec 2030 Index,3,2026-08-31,-0.8974,0.1591,3.9017,7.1628,,2.6898134908059452,Nil,-,,,,Unrated,,,Debt : Medium to Long Duration,13.2857
Edelweiss Technology Fund-Reg(G),Growth,Edelweiss Technology Fund-Reg(G),408,EQ,400035,10,1016,43844,Open ended scheme,2.35,Sumanta Khan,0.07,4.0,1.0,12.3662,2026-09-25,0.0,2024-03-05,8.65,100.0,810.4302,Edelweiss Mutual Fund,BSE TECk Index - TRI,3,2026-08-31,-3.0908,7.2775,4.8383,,,0.7369605269593769,"1% on or before 90D, Nil after 90D",Technology,,,,Unrated,,,Equity : Sectoral - Technology,12.357
Nippon India US Equity Opp Fund(G),Growth,Nippon India US Equity Opp Fund(G),521,NEQ,400025,19,643,19246,Open ended scheme,2.38,Kinjal Desai,0.18,7.0,1.0,42.7129,2026-09-25,0.0,2015-07-23,13.86,100.0,810.393330913,Nippon India Mutual Fund,S&P 500 - TRI,5,2026-08-31,-0.6025,9.3333,16.686,19.4612,10.8622,12.256632624852895,"1% on or before 1M, Nil after 1M",-,,,,Unrated,,,Equity : International,42.6381
TRUSTMF Multi Cap Fund-Reg(G),Growth,TRUSTMF Multi Cap Fund-Reg(G),534,EQ,400057,3,105,49976,Open ended scheme,3.57,Mihir Vora,0.17,261.0,1.0,11.7,2026-09-25,0.0,2025-07-21,14.22,1000.0,809.5386,Trust Mutual Fund,Nifty500 Multicap 50:25:25 - TRI,3,2026-08-31,-2.6622,4.8387,15.727,,,11.747851002865316,"1% on or before 180D, Nil after 180D",Financials,,,,Unrated,,,Equity : Multi Cap,11.7
Sundaram Dividend Yield Fund(G),Growth,Sundaram Dividend Yield Fund(G),312,EQ,400029,15,660,2337,Open ended scheme,2.4,Siddarth Mohta,0.32,16.96,1.0,127.9835,2026-09-25,0.0,2004-10-15,12.31,5000.0,806.548852,Sundaram Mutual Fund,NIFTY 500 - TRI,3,2026-08-31,-3.2109,-1.7788,-5.0528,8.2046,8.0041,-8.533887918127268,"Nil upto 24% of units and 1% for remaining units on or before 365D, Nil after 365D",Energy,,,,Unrated,,,Equity : Thematic - Dividend Yield,127.9835
ICICI Pru Nifty Alpha Low - Volatility 30 ETF FOF(G),Growth,ICICI Pru Nifty Alpha Low - Volatility 30 ETF FOF(G),361,NEQ,400015,48,763,45389,Open ended scheme,0.55,Nishit Patel,0.19,,0.0,14.3122,2026-09-25,0.0,2021-09-20,7.41,1000.0,797.4953429450001,ICICI Prudential Mutual Fund,NIFTY Alpha Low-Volatility 30 - TRI,3,2026-08-31,-4.4828,-1.6709,-1.8482,9.3483,7.1495,-4.029343329019448,Nil,-,,,,Unrated,,,FoFs : Domestic,14.3122
ICICI Pru Nifty Bank Index Fund-Reg(G),Growth,ICICI Pru Nifty Bank Index Fund-Reg(G),311,EQ,400015,18,763,45994,Open ended scheme,0.83,Nishit Patel,0.25,29.0,0.0,15.5855,2026-09-25,0.0,2022-03-02,10.2,1000.0,793.5739616619,ICICI Prudential Mutual Fund,NIFTY BANK - TRI,3,2026-08-31,-3.4158,-4.4696,0.9241,7.4226,,-6.668063955925516,Nil,Financials,,,,Unrated,,,Equity : Index Funds,15.5855
Motilal Oswal Innovation Opportunities Fund-Reg(G),Growth,Motilal Oswal Innovation Opportunities Fund-Reg(G),312,EQ,400042,13,995,49313,Open ended scheme,2.79,Atul Mehra,-0.69,104.0,1.0,14.7944,2026-09-25,0.0,2025-02-18,27.74,500.0,793.0805,Motilal Oswal Mutual Fund,NIFTY 500 - TRI,3,2026-08-31,0.9292,5.4746,13.9231,,,19.067701123523157,"1% on or before 90D, Nil after 90D",Capital Goods,,,,Unrated,,,Equity : Thematic,14.7944
ICICI Pru Nifty Midcap 150 ETF,Growth,ICICI Pru Nifty Midcap 150 ETF,349,EQ,400015,44,763,44494,Open ended scheme,0.18,Nishit Patel,-0.15,27.0,,23.2419,2026-09-25,0.0,2020-01-24,20.36,5000.0,790.840269932,ICICI Prudential Mutual Fund,Nifty Midcap 150 - TRI,3,2026-08-31,-4.6048,-1.1698,5.5236,14.7421,15.2587,1.2211745748317844,null,Financials,,,,Unrated,,,Equity : ETFs,23.2419
Quantum Gold ETF,Growth,Quantum Gold ETF,65,NEQ,400024,56,275,4326,Open ended scheme,0.55,Chirag Mehta,0.83,3.17,0.0,124.765,2026-09-25,0.0,2008-02-22,13.49,5000.0,789.1264854297671,Quantum Mutual Fund,Gold-India,1,2026-08-31,-6.1211,7.992,33.2988,35.6077,25.6119,13.515913518097127,Nil,-,,,,Unrated,,,Metal : ETFs,124.765
ICICI Pru Nifty Smallcap 250 Index Fund(G),Growth,ICICI Pru Nifty Smallcap 250 Index Fund(G),350,EQ,400015,18,763,45684,Open ended scheme,0.98,Nishit Patel,0.02,38.0,0.0,18.1156,2026-09-25,0.0,2021-11-02,12.9,100.0,788.9556240741,ICICI Prudential Mutual Fund,Nifty Smallcap 250 - TRI,3,2026-08-31,-1.0514,2.6147,6.0006,13.9867,,8.516284391304616,Nil,Financials,,,,Unrated,,,Equity : Index Funds,18.1156
Tata Gilt Fund-Reg(G),Growth,Tata Gilt Fund-Reg(G),422,NEQ,400030,29,253,3230,Open ended scheme,1.32,Akhil Mittal,-0.14,0.0,0.0,79.5374,2026-09-25,0.0,1999-09-04,7.96,5000.0,787.5693159708,Tata Mutual Fund,CRISIL Dynamic Gilt Index,3,2026-08-31,-1.274,-0.722,1.8692,5.1536,4.7889,1.3415387751721783,Nil,-,,,,1,,,Debt : Gilt,79.5374
Invesco India Gold ETF,Growth,Invesco India Gold ETF,65,NEQ,400021,56,564,8505,Open ended scheme,0.5,Abhisek Bahinipati,0.83,2.0,0.0,130.9269,2026-09-25,0.0,2010-03-12,13.21,1000.0,786.3442,Invesco Mutual Fund,Gold-India,3,2026-08-31,-6.0927,7.9612,32.5764,35.6146,25.7034,14.35233020333763,Nil,-,,,,Unrated,,,Metal : ETFs,130.9269
JioBlackRock Overnight Fund-Reg(G),Growth,JioBlackRock Overnight Fund-Reg(G),293,NEQ,400066,20,291,51177,Open ended scheme,0.15,Vikrant Mehta,0.01,0.0,,1004.4996,2026-09-26,0.0,2026-08-17,0.45,500.0,786.245259295,Jio BlackRock Mutual Fund,Nifty 1D Rate Index,1,2026-08-31,0.4094,,,,,,null,-,,,,Unrated,,,Debt : Overnight,1004.4996
Axis Nifty Smallcap 50 Index Fund-Reg(G),Growth,Axis Nifty Smallcap 50 Index Fund-Reg(G),352,EQ,400040,18,397,45856,Open ended scheme,1.13,Nandik Mallik,0.44,,0.0,20.3574,2026-09-25,0.0,2022-03-10,16.92,100.0,783.4843,Axis Mutual Fund,Nifty Smallcap 50 - TRI,3,2026-08-31,-0.7518,6.3261,13.4452,18.6721,,14.467092130788028,Nil,Financials,,,,Unrated,,,Equity : Index Funds,20.3574
DSP Nifty Private Bank ETF,Growth,DSP Nifty Private Bank ETF,348,EQ,400009,44,597,47907,Open ended scheme,0.41,Anil Ghelani,0.44,31.0,,27.3402,2026-09-25,0.0,2023-07-27,5.05,5000.0,782.7826,DSP Mutual Fund,Nifty Private Bank - TRI,3,2026-08-31,-2.0693,-4.8553,0.7945,5.6104,,-5.944640535017653,null,Financials,,,,Unrated,,,Equity : ETFs,27.3402
LIC MF Manufacturing Fund-Reg(G),Growth,LIC MF Manufacturing Fund-Reg(G),584,EQ,400020,13,1039,49120,Open ended scheme,2.86,Mahesh Bendre,0.23,113.0,0.0,11.5795,2026-09-25,0.0,2024-10-11,7.78,5000.0,781.0616,LIC Mutual Fund,Nifty India Manufacturing - TRI,3,2026-08-31,0.5549,2.1958,14.6417,,,16.333624682278952,"Nil upto 12% of units and 1% for remaining units on or before 90D, Nil after 90D",Automobile and Ancillaries,,,,Unrated,,,Equity : Thematic,11.5795
SBI Nifty 500 Index Fund-Reg(G),Growth,SBI Nifty 500 Index Fund-Reg(G),312,EQ,400027,18,1000,49019,Open ended scheme,0.8,Viral Chhadva,0.22,11.0,0.25,9.3432,2026-09-25,0.0,2024-09-30,-3.36,5000.0,779.9264,SBI Mutual Fund,NIFTY 500 - TRI,3,2026-08-31,-4.2989,-2.1091,-1.7519,,,-5.153843811225369,"0.25% on or before 15D, Nil after 15D",Financials,,,,Unrated,,,Equity : Index Funds,9.3432
Union Aggressive Hybrid Fund-Reg(G),Growth,Union Aggressive Hybrid Fund-Reg(G),301,EQ,400045,54,717,44512,Open ended scheme,2.79,Sanjay Bembalkar,0.11,128.0,1.0,18.37,2026-09-25,0.0,2020-12-18,11.11,1000.0,776.7847999999999,Union Mutual Fund,CRISIL Hybrid 35+65 - Aggressive Index,3,2026-08-31,-2.4947,0.7127,1.9989,9.391,7.5012,-0.3796095444685481,"1% on or before 15D, Nil after 15D",Financials,,,,Unrated,,,Hybrid : Aggressive Hybrid,18.37
Invesco India Aggressive Hybrid Fund-Reg(G),Growth,Invesco India Aggressive Hybrid Fund-Reg(G),301,EQ,400021,54,736,39893,Open ended scheme,2.4,Hiten Jain,-0.01,76.0,1.0,20.9136,2026-09-25,0.0,2018-06-30,9.36,1000.0,776.6105,Invesco Mutual Fund,CRISIL Hybrid 35+65 - Aggressive Index,3,2026-08-31,-2.826,-1.9016,-7.174,8.9886,7.4336,-7.671931977714403,"Nil upto 10% of units and 1% for above the limits on or before 1Y, Nil after 1Y",Financials,,,,3,,,Hybrid : Aggressive Hybrid,20.9136
HDFC NIFTY Smallcap 250 Index Fund-Reg(G),Growth,HDFC NIFTY Smallcap 250 Index Fund-Reg(G),350,EQ,400013,18,37,47916,Open ended scheme,0.8,Arun Agarwal,0.02,33.28,0.0,19.4456,2026-09-25,0.0,2023-04-21,21.38,100.0,774.7948999999991,HDFC Mutual Fund,Nifty Smallcap 250 - TRI,3,2026-08-31,-1.0286,2.663,6.1244,14.0241,,8.64252711090748,Nil,Financials,,,,Unrated,,,Equity : Index Funds,19.4456
Kotak Credit Risk Fund(G),Growth,Kotak Credit Risk Fund(G),727,NEQ,400019,35,1102,8472,Open ended scheme,1.73,Vihag Mishra,-0.07,0.0,1.0,31.9317,2026-09-25,0.0,2010-05-11,7.34,100.0,773.1650999999999,Kotak Mahindra Mutual Fund,CRISIL Credit Risk Debt Index,3,2026-08-31,0.1531,1.583,6.2421,7.5587,5.7005,4.350255714775899,"Nil upto 6% of investment and 1% for remaining investment on or before 1Y, Nil after 1Y",-,,,,3,,,Debt : Credit Risk,31.9317
Axis Nifty Midcap 50 Index Fund-Reg(G),Growth,Axis Nifty Midcap 50 Index Fund-Reg(G),313,EQ,400040,18,397,46459,Open ended scheme,1.1,Nandik Mallik,-0.25,,0.25,20.5626,2026-09-25,0.0,2022-03-28,17.38,100.0,771.5067999999999,Axis Mutual Fund,Nifty Midcap 50 - TRI,3,2026-08-31,-5.1597,-0.7074,7.1895,13.9164,,0.899937190861265,"0.25% on or before 7D, Nil after 7D",Financials,,,,Unrated,,,Equity : Index Funds,20.5626
Bandhan Transportation and Logistics Fund-Reg(G),Growth,Bandhan Transportation and Logistics Fund-Reg(G),632,EQ,400028,9,520,46986,Open ended scheme,2.53,Daylynn Pinto,0.45,46.0,0.5,20.107,2026-09-25,0.0,2022-10-25,19.5,1000.0,771.254112240887,Bandhan Mutual Fund,Nifty Transportation & Logistics - TRI,3,2026-08-31,-5.1959,2.8649,3.4843,17.4216,,1.2845053395123867,"0.50% on or before 30D, Nil after 30D",Automobile and Ancillaries,,,,Unrated,,,Equity : Sectoral - Auto,20.107
Nippon India Equity Savings Fund(G),Growth,Nippon India Equity Savings Fund(G),436,EQ,400025,55,728,30963,Open ended scheme,1.98,Sushil Budhia,0.17,571.0,0.0,16.2792,2026-09-25,0.0,2015-05-30,4.39,5000.0,771.074843029,Nippon India Mutual Fund,NIFTY 50 Equity Savings Index,3,2026-08-31,-1.4308,-0.7644,1.4634,5.6902,5.5757,-0.6408613176108716,Nil upto 10% of units and for remaining units 1% on or before 15D and Nil after 15D,Financials,,,,1,,,Hybrid : Equity Savings,16.2792
Kotak Healthcare Fund-Reg(G),Growth,Kotak Healthcare Fund-Reg(G),544,EQ,400019,7,978,47949,Open ended scheme,2.6,Dhananjay Tikariha,-0.35,28.81,0.5,17.226,2026-09-25,0.0,2023-12-11,21.51,100.0,767.6998,Kotak Mahindra Mutual Fund,Nifty Healthcare Index - TRI,3,2026-08-31,1.9712,9.8177,28.6194,,,30.01735980073967,"0.50% on or before 30D, Nil after 30D",Healthcare,,,,Unrated,,,Equity : Sectoral - Pharma,17.226
DSP Quant Fund-Reg(G),Growth,DSP Quant Fund-Reg(G),298,EQ,400009,13,867,42237,Open ended scheme,1.8,Aparna Karnik,0.08,58.0,0.0,20.759,2026-09-25,0.0,2019-06-10,10.53,100.0,767.2348,DSP Mutual Fund,BSE 200 - TRI,3,2026-08-31,-4.6834,-0.7269,-3.5676,5.935,3.2746,-8.526482770776411,Nil,Financials,,,,Unrated,,,Equity : Thematic,20.759
Bank of India Mid Cap Fund-Reg(G),Growth,Bank of India Mid Cap Fund-Reg(G),349,EQ,400034,4,14,50004,Open ended scheme,2.56,Alok Singh,-0.57,75.0,0.0,10.38,2026-09-25,0.0,2025-08-22,3.47,5000.0,766.5986,Bank of India Mutual Fund,Nifty Midcap 150 - TRI,3,2026-08-31,-2.2599,1.3672,3.4895,,,5.918367346938775,"NIL for 10% of investments and 1% for remaining investments on or before 3M, NIL after 3M",Financials,,,,Unrated,,,Equity : Mid Cap,10.38
Groww Small Cap Fund-Reg(G),Growth,Groww Small Cap Fund-Reg(G),350,EQ,400048,5,406,50392,Open ended scheme,2.72,Anupam Tiwari,-0.17,28.0,1.0,12.8682,2026-09-25,0.0,2026-01-29,28.68,500.0,764.03050974,Groww Mutual Fund,Nifty Smallcap 250 - TRI,3,2026-08-31,2.1983,11.4526,,,,,"1% on or before 1Y, Nil after 1Y",Financials,,,,Unrated,,,Equity : Small Cap,12.8682
LIC MF Dividend Yield Fund-Reg(G),Growth,LIC MF Dividend Yield Fund-Reg(G),312,EQ,400020,15,817,41332,Open ended scheme,2.43,Dikshit Mittal,0.42,48.0,0.0,32.2095,2026-09-25,0.0,2018-12-21,16.25,5000.0,759.2130000000001,LIC Mutual Fund,NIFTY 500 - TRI,3,2026-08-31,-2.5576,0.503,5.1056,16.9129,13.6178,3.8537061935945673,"Nil upto 12% of units and 1% for remaining units on or before 12M, Nil after 12M",Financials,,,,Unrated,,,Equity : Thematic - Dividend Yield,32.2095
Qsif Equity Long-Short Fund-Reg(G),Growth,Qsif Equity Long-Short Fund-Reg(G),312,EQ,400069,58,791,75001,Open ended scheme,4.41,Sandeep Tandon,0.24,150.0,1.0,10.9807,2026-09-25,0.0,2025-10-07,9.81,1000000.0,758.2099000000001,Quant QSIF,NIFTY 500 - TRI,3,2026-07-31,-1.0373,4.1526,,,,9.537537657362899,"1% on or before 15D, Nil after 15D",Energy,,,,Unrated,,,Hybrid : Long - Short,10.9807
Kotak Rural Opportunities Fund-Reg(G),Growth,Kotak Rural Opportunities Fund-Reg(G),759,EQ,400019,13,679,50404,Open ended scheme,2.46,Arjun Khanna,0.25,20.02,0.5,9.356,2026-09-25,0.0,2025-11-27,-6.44,1000.0,758.1066999999999,Kotak Mahindra Mutual Fund,Nifty Rural - TRI,3,2026-08-31,-5.0731,-2.0724,,,,-8.319451249387557,"0.50% on or before 90D, Nil after 90D",Automobile and Ancillaries,,,,Unrated,,,Equity : Thematic,9.356
Invesco India Manufacturing Fund-Reg(G),Growth,Invesco India Manufacturing Fund-Reg(G),584,EQ,400021,13,1184,47579,Open ended scheme,2.55,Nikhil Kale,0.34,80.0,0.5,11.84,2026-09-25,0.0,2024-08-14,8.31,1000.0,757.7617999999999,Invesco Mutual Fund,Nifty India Manufacturing - TRI,3,2026-08-31,-0.6711,7.9307,13.8462,,,18.75626880641925,"0.50% on or before 3M, Nil after 3M",Automobile and Ancillaries,,,,Unrated,,,Equity : Thematic,11.84
Kotak Services Fund-Reg(G),Growth,Kotak Services Fund-Reg(G),329,EQ,400019,13,1005,50374,Open ended scheme,2.63,Rohit Tandon,0.42,50.31,0.5,10.18,2026-09-25,0.0,2026-02-25,1.8,1000.0,756.5308,Kotak Mahindra Mutual Fund,Nifty Services Sector - TRI,3,2026-08-31,-4.1882,-1.3088,,,,,"0.50% on or before 90D, Nil after 90D",Financials,,,,Unrated,,,Equity : Thematic,10.18
Samco Active Momentum Fund-Reg(G),Growth,Samco Active Momentum Fund-Reg(G),312,EQ,400059,13,949,47753,Open ended scheme,3.37,Umeshkumar Mehta,0.39,735.0,1.0,15.43,2026-09-25,0.0,2023-07-05,14.38,5000.0,751.8422999999999,Samco Mutual Fund,NIFTY 500 - TRI,3,2026-08-31,2.5249,7.5261,14.4659,14.5563,,18.419033000767463,"1% on or before 30D, NIL after 30D",Capital Goods,,,,Unrated,,,Equity : Thematic,15.43
Motilal Oswal Balanced Advantage Fund-Reg(G),Growth,Motilal Oswal Balanced Advantage Fund-Reg(G),415,EQ,400042,41,713,35831,Open ended scheme,2.85,Ankit Agarwal,0.19,168.0,1.0,19.4399,2026-09-25,0.0,2016-09-27,6.87,500.0,743.5081,Motilal Oswal Mutual Fund,CRISIL Hybrid 50+50 - Moderate Index,3,2026-08-31,-1.034,5.2791,-1.5806,1.7079,4.4909,1.0011845878881194,"1% on or before 365D, Nil after 365D",Financials,,,,2,,,Hybrid : Dynamic Asset Allocation,19.4399
WOC Liquid Fund-Reg(G),Growth,WOC Liquid Fund-Reg(G),42,NEQ,400055,21,426,42211,Open ended scheme,0.23,Piyush Baranwal,0.03,0.0,0.007,1512.8776,2026-09-27,0.0,2019-01-16,5.52,500.0,742.5856,WhiteOak Capital Mutual Fund,CRISIL Liquid Debt Index,1,2026-08-31,0.4962,1.6024,6.3153,6.7386,6.0869,4.703049945917451,"0.007% for Day 1, 0.0065% on Day 2, 0.0060% on Day 3, 0.0055% on Day 4, 0.0050% on Day 5, 0.0045% on Day 6, NIL on or after 7D",-,,,,Unrated,,,Debt : Liquid,1512.392
LIC MF Nifty 100 ETF,Growth,LIC MF Nifty 100 ETF,314,EQ,400020,44,1212,33578,Open ended scheme,0.29,Nikhil Kapoor,0.38,6.0,,266.6833,2026-09-25,0.0,2016-03-17,12.66,5000.0,741.7777000000001,LIC Mutual Fund,NIFTY 100 - TRI,1,2026-08-31,-4.664,-2.9522,-4.1731,8.2912,6.9742,-8.26934659400678,null,Financials,,,,Unrated,,,Equity : ETFs,266.6833
Kotak ESG Exclusionary Strategy Fund-Reg(G),Growth,Kotak ESG Exclusionary Strategy Fund-Reg(G),427,EQ,400019,13,1004,44147,Open ended scheme,2.5,Mandar Pawar,0.35,22.35,0.5,16.222,2026-09-25,0.0,2020-12-11,8.71,100.0,740.5988000000001,Kotak Mahindra Mutual Fund,NIFTY100 ESG - TRI,3,2026-08-31,-5.3117,-2.23,-5.7189,6.9476,5.2929,-8.42271649542733,"0.50% on or before 90D, Nil after 90D",Financials,,,,Unrated,,,Equity : Thematic,16.222
PGIM India Balanced Advantage Fund-Reg(G),Growth,PGIM India Balanced Advantage Fund-Reg(G),415,EQ,400044,41,976,45262,Open ended scheme,2.53,Utsav Mehta,0.14,27.0,0.5,14.71,2026-09-25,0.0,2021-02-04,7.08,5000.0,738.6416,PGIM India Mutual Fund,CRISIL Hybrid 50+50 - Moderate Index,3,2026-08-31,-3.7304,-1.8679,-3.919,5.3194,5.3356,-5.3410553410553305,"0.50% on or before 90D, Nil after 90D",Financials,,,,Unrated,,,Hybrid : Dynamic Asset Allocation,14.71
Quant Manufacturing Fund-Reg(G),Growth,Quant Manufacturing Fund-Reg(G),584,EQ,400010,13,791,48120,Open ended scheme,2.92,Sandeep Tandon,0.57,467.0,1.0,16.4826,2026-09-25,0.0,2023-08-14,17.38,5000.0,737.4017,Quant Mutual Fund,Nifty India Manufacturing - TRI,3,2026-08-31,-1.4181,0.2805,12.032,15.3787,,13.83639980109399,"1% on or before 15D, Nil after 15D",Capital Goods,,,,Unrated,,,Equity : Thematic,16.4826
Canara Rob Overnight Fund-Reg(G),Growth,Canara Rob Overnight Fund-Reg(G),500,NEQ,400006,20,227,43350,Open ended scheme,0.11,Suman Prasad,0.01,0.0,0.0,1423.3025,2026-09-25,0.0,2019-07-24,5.04,5000.0,736.5203,Canara Robeco Mutual Fund,CRISIL Liquid Overnight Index,1,2026-08-31,0.4046,1.2708,5.1968,5.9662,5.6458,3.7435139462001166,Nil,-,,,,3,,,Debt : Overnight,1423.3025
ICICI Pru Nifty FMCG ETF,Growth,ICICI Pru Nifty FMCG ETF,315,EQ,400015,44,763,45651,Open ended scheme,0.2,Nishit Patel,0.4,41.0,,49.3919,2026-09-25,0.0,2021-08-05,5.92,1000.0,735.1759540859999,ICICI Prudential Mutual Fund,NIFTY FMCG - TRI,3,2026-08-31,-3.7137,-6.8047,-15.9936,-2.454,3.7449,-16.684968616794272,null,FMCG,,,,Unrated,,,Equity : ETFs,49.3919
UTI India Consumer Fund-Reg(G),Growth,UTI India Consumer Fund-Reg(G),323,EQ,400032,14,1105,3581,Open ended scheme,2.41,Vicky Punjabi,0.38,33.0,1.0,56.1686,2026-09-25,0.0,2007-07-30,9.42,5000.0,733.4414,UTI Mutual Fund,Nifty India Consumption - TRI,3,2026-08-31,-6.4356,0.1605,-5.4722,9.0035,7.2268,-5.510059888298239,"1% on or before 30D, Nil after 30D",Retail and Other Services,,,,2,,,Equity : Thematic - Consumption,56.1686
LIC MF Overnight Fund-Reg(G),Growth,LIC MF Overnight Fund-Reg(G),293,NEQ,400020,20,553,43784,Open ended scheme,0.13,Rahul Singh,0.01,0.0,0.0,1419.3411,2026-09-27,0.0,2019-07-18,4.98,5000.0,732.2460000000001,LIC Mutual Fund,Nifty 1D Rate Index,1,2026-08-31,0.4102,1.2608,5.2012,5.9501,5.6099,3.7601354140078946,Nil,-,,,,2,,,Debt : Overnight,1419.1447
ITI Large & Mid Cap Fund-Reg(G),Growth,ITI Large & Mid Cap Fund-Reg(G),366,EQ,400056,2,718,48956,Open ended scheme,2.64,Alok Ranjan,-0.14,121.0,0.5,10.0839,2026-09-25,0.0,2024-09-11,0.41,5000.0,728.5917,ITI Mutual Fund,NIFTY LargeMidcap 250 - TRI,3,2026-08-31,0.1142,4.2684,5.0187,,,4.809171413129338,"0.50% on or before 3M, Nil after 3M",Financials,,,,Unrated,,,Equity : Large & Mid Cap,10.0839
HDFC NIFTY Midcap 150 Index Fund-Reg(G),Growth,HDFC NIFTY Midcap 150 Index Fund-Reg(G),349,EQ,400013,18,37,46619,Open ended scheme,0.82,Arun Agarwal,-0.15,26.41,0.0,18.8126,2026-09-25,0.0,2023-04-21,20.21,100.0,725.984699999999,HDFC Mutual Fund,Nifty Midcap 150 - TRI,3,2026-08-31,-4.6778,-1.3689,4.6243,13.709,,0.5811622175054342,Nil,Financials,,,,Unrated,,,Equity : Index Funds,18.8126
PGIM India ELSS Tax Saver Fund-Reg(G),Growth,PGIM India ELSS Tax Saver Fund-Reg(G),312,EQ,400044,6,880,26780,Open ended scheme,2.67,Sharma Vivek,0.09,38.0,0.0,34.11,2026-09-25,3.0,2015-12-11,12.03,500.0,722.0503,PGIM India Mutual Fund,NIFTY 500 - TRI,3,2026-08-31,-3.3985,0.294,-1.7852,7.7381,8.0139,-2.5428571428571445,Nil,Financials,,,,4,,,Equity : Tax Saving (ELSS),34.11
LIC MF BSE Sensex ETF,Growth,LIC MF BSE Sensex ETF,174,EQ,400020,44,1212,33579,Open ended scheme,0.11,Nikhil Kapoor,0.43,5.0,,835.4866,2026-09-25,0.0,2015-11-30,11.33,5000.0,717.5500999999999,LIC Mutual Fund,BSE SENSEX - TRI,1,2026-08-31,-4.8277,-3.8903,-8.0882,4.9014,5.3776,-12.578964016380384,null,Financials,,,,Unrated,,,Equity : ETFs,835.4866
360 ONE Balanced Hybrid Fund-Reg(G),Growth,360 ONE Balanced Hybrid Fund-Reg(G),450,NEQ,400047,53,575,48144,Open ended scheme,2.19,Mayur Patel,-0.06,54.0,0.0,13.0792,2026-09-25,0.0,2023-09-25,9.35,1000.0,716.593646441445,360 ONE Mutual Fund,NIFTY 50 Hybrid Composite Debt 50:50 Index,3,2026-08-31,-1.4987,-0.2851,3.0004,9.3516,,2.135767665961254,"Nil upto 10% of units and 1% for remaining units on or before 12M, Nil after 12M",Financials,,,,Unrated,,,Hybrid : Balanced Hybrid,13.0792
Tata Nifty 50 ETF,Growth,Tata Nifty 50 ETF,154,EQ,400030,44,1116,41017,Open ended scheme,0.09,Nitin Sharma,0.34,3.93,,252.1394,2026-09-25,0.0,2019-01-01,11.44,5000.0,716.582986289,Tata Mutual Fund,NIFTY 50 - TRI,3,2026-08-31,-4.8813,-3.5005,-6.1064,6.6829,6.4787,-10.72534150807047,null,Financials,,,,Unrated,,,Equity : ETFs,252.1394
DSP Silver ETF FoF-Reg(G),Growth,DSP Silver ETF FoF-Reg(G),199,NEQ,400009,48,597,49808,Open ended scheme,0.99,Anil Ghelani,1.38,,0.0,23.6296,2026-09-25,0.0,2025-05-15,87.81,100.0,715.7651,DSP Mutual Fund,Silver,3,2026-08-31,-4.5859,4.7537,63.7306,,,0.8420001450988528,NIL,-,,,,Unrated,,,FoFs : Domestic,23.6296
Franklin India NSE Nifty 50 Index Fund(G),Growth,Franklin India NSE Nifty 50 Index Fund(G),62,EQ,400012,18,1052,942,Open ended scheme,0.67,Shyam Sundar Sriram,0.33,8.61,0.0,187.7085,2026-09-25,0.0,2000-08-04,11.86,5000.0,715.2702152300001,Franklin Templeton Mutual Fund,NIFTY 50,3,2026-08-31,-4.9215,-3.6332,-6.5342,6.1427,5.8689,-11.015978948196778,NIL,Financials,,,,2,,,Equity : Index Funds,187.7085
Nippon India Nifty G-Sec Jun 2036 Maturity Index Fund-Reg(G),Growth,Nippon India Nifty G-Sec Jun 2036 Maturity Index Fund-Reg(G),667,NEQ,400025,29,322,47190,Open ended scheme,0.42,Vivek Sharma,-0.12,0.0,0.0,13.0259,2026-09-25,0.0,2022-12-19,7.26,1000.0,713.276322328197,Nippon India Mutual Fund,Nifty G-Sec Jun 2036 Index,3,2026-08-31,-1.3526,-0.7074,3.299,7.0149,,2.046268224086744,Nil,-,,,,Unrated,,,Debt : Gilt,13.0259
Axis Retirement Fund-Aggressive Plan-Reg(G),Growth,Axis Retirement Fund-Aggressive Plan-Reg(G),421,EQ,400040,54,966,43841,Open ended scheme,2.47,Jayesh Sundar,0.17,0.0,0.0,18.0,2026-09-25,5.0,2019-12-20,9.07,5000.0,705.8191,Axis Mutual Fund,CRISIL Hybrid 25+75 - Aggressive Index,3,2026-08-31,-3.6403,-0.9901,-2.1739,9.4372,5.0741,-3.84615384615384,Nil,Financials,,,,Unrated,,,Hybrid : Aggressive Hybrid,18.0
HSBC Gold ETF,Growth,HSBC Gold ETF,65,NEQ,400014,56,1003,50748,Open ended scheme,0.62,Dipan Parikh,0.82,3.0,,130.9925,2026-09-25,0.0,2026-03-23,9.92,5000.0,700.0917999999999,HSBC Mutual Fund,Gold-India,1,2026-08-31,-6.0212,7.842,,,,,null,-,,,,Unrated,,,Metal : ETFs,130.9925
JM Aggressive Hybrid Fund-Reg(G),Growth,JM Aggressive Hybrid Fund-Reg(G),301,EQ,400017,54,44,1847,Open ended scheme,2.68,Asit Bhandarkar,0.08,65.82,1.0,119.2031,2026-09-25,0.0,1995-04-01,11.99,1000.0,699.772023334,JM Financial Mutual Fund,CRISIL Hybrid 35+65 - Aggressive Index,3,2026-08-31,-2.7989,2.8199,-1.0347,11.2085,11.1022,-0.5335406656589625,"1% on or before 60D, Nil after 60D",Financials,,,,Unrated,,,Hybrid : Aggressive Hybrid,119.2031
Motilal Oswal Manufacturing Fund-Reg(G),Growth,Motilal Oswal Manufacturing Fund-Reg(G),584,EQ,400042,13,627,48962,Open ended scheme,3.37,Ajay Khandelwal,0.55,228.0,1.0,11.4613,2026-09-25,0.0,2024-08-08,6.61,500.0,699.7228,Motilal Oswal Mutual Fund,Nifty India Manufacturing - TRI,3,2026-08-31,-2.3115,1.2554,-2.7434,,,2.57573723542309,"1% on or before 90D, Nil after 90D",Capital Goods,,,,Unrated,,,Equity : Thematic,11.4613
LIC MF Balanced Advantage Fund-Reg(G),Growth,LIC MF Balanced Advantage Fund-Reg(G),62,EQ,400020,41,1255,45941,Open ended scheme,3.02,Manoj Bajpai,0.23,87.0,0.0,13.6723,2026-09-25,0.0,2021-11-12,6.63,5000.0,695.7428,LIC Mutual Fund,NIFTY 50,3,2026-08-31,-2.8728,1.3454,0.633,6.728,,-0.24296637870651816,"Nil upto 12% of units and 1% on remaining units on or before 3M, Nil after 3M",Financials,,,,Unrated,,,Hybrid : Dynamic Asset Allocation,13.6723
DSP Nifty Top 10 Equal Weight ETF,Growth,DSP Nifty Top 10 Equal Weight ETF,751,EQ,400009,44,597,49012,Open ended scheme,0.25,Anil Ghelani,0.19,62.0,,83.6862,2026-09-25,0.0,2024-09-05,-6.88,5000.0,695.6805,DSP Mutual Fund,Nifty Top 10 Equal Weight - TRI,3,2026-08-31,-5.2498,-5.3026,-11.5933,,,-17.80231782648027,null,Financials,,,,Unrated,,,Equity : ETFs,83.6862
Mahindra Manulife Large Cap Fund-Reg(G),Growth,Mahindra Manulife Large Cap Fund-Reg(G),314,EQ,400054,1,1067,38073,Open ended scheme,2.63,Kirti Dalvi,0.3,65.0,1.0,21.247,2026-09-25,0.0,2019-03-15,10.52,1000.0,695.0578,Mahindra Manulife Mutual Fund,NIFTY 100 - TRI,3,2026-08-31,-5.4954,-3.6242,-6.7664,6.3525,6.0828,-11.184031769254885,"1% on or before 3M, Nil after 3M",Financials,,,,3,,,Equity : Large Cap,21.247
SBI Floating Interest Rates Fund-Reg(G),Growth,SBI Floating Interest Rates Fund-Reg(G),443,NEQ,400027,32,803,45111,Open ended scheme,0.42,Ardhendu Bhattacharya,-0.06,0.0,0.1,14.3193,2026-09-25,0.0,2020-10-27,6.26,5000.0,688.4381,SBI Mutual Fund,Nifty Short Duration Debt Index,3,2026-08-31,0.0566,1.4445,6.227,7.2126,6.493,4.936353576584569,"0.10% on or before 3D, Nil after 3D",-,,,,2,,,Debt : Floater,14.3193
Franklin India Overnight Fund(G),Growth,Franklin India Overnight Fund(G),293,NEQ,400012,20,130,43438,Open ended scheme,0.1,Pallab Roy,0.01,0.0,0.0,1435.5717,2026-09-27,0.0,2019-05-08,5.01,5000.0,685.368093431,Franklin Templeton Mutual Fund,Nifty 1D Rate Index,1,2026-08-31,0.4093,1.2713,5.2818,6.0074,5.6493,3.8200125086949392,Nil,-,,,,2,,,Debt : Overnight,1435.3722
Mahindra Manulife Manufacturing Fund-Reg(G),Growth,Mahindra Manulife Manufacturing Fund-Reg(G),584,EQ,400054,13,945,48881,Open ended scheme,2.62,Renjith Sivaram,0.51,41.0,0.5,10.6832,2026-09-25,0.0,2024-06-24,2.97,1000.0,684.4298,Mahindra Manulife Mutual Fund,Nifty India Manufacturing - TRI,3,2026-08-31,-1.7194,1.9292,8.1591,,,6.949644609069962,"0.50% on or before 3M, Nil after 3M",Automobile and Ancillaries,,,,Unrated,,,Equity : Thematic,10.6832
HSBC Medium Term Fund-Reg(G),Growth,HSBC Medium Term Fund-Reg(G),430,NEQ,400014,26,303,31014,Open ended scheme,1.12,Shriram Ramanathan,-0.05,0.0,0.0,21.6763,2026-09-25,0.0,2015-02-02,6.86,5000.0,683.9331,HSBC Mutual Fund,NIFTY Medium Duration Debt Index,3,2026-08-31,-0.2435,0.2896,4.6093,6.8971,5.868,3.1021541944720608,Nil,-,,,,3,,,Debt : Medium Duration,21.6763
LIC MF Nifty Midcap 100 ETF,Growth,LIC MF Nifty Midcap 100 ETF,299,EQ,400020,44,1212,48473,Open ended scheme,0.16,Nikhil Kapoor,-0.14,30.0,,61.3468,2026-09-25,0.0,2024-02-14,9.55,5000.0,683.4152,LIC Mutual Fund,Nifty Midcap 100 - TRI,1,2026-08-31,-5.0556,-1.2736,6.1692,,,1.0307818230625723,null,Financials,,,,Unrated,,,Equity : ETFs,61.3468
Bajaj Finserv Nifty 1D Rate Liquid ETF(G),Growth,Bajaj Finserv Nifty 1D Rate Liquid ETF(G),293,NEQ,400060,45,419,48746,Open ended scheme,0.21,Siddharth Chaudhary,0.01,0.0,,1100.4838,2026-09-27,0.0,2024-05-28,5.43,5000.0,680.2967,Bajaj Finserv Mutual Fund,Nifty 1D Rate Index,1,2026-08-31,0.3817,1.1827,4.8417,,,3.5035712370705268,null,-,,,,Unrated,,,Debt : ETFs,1100.3365
Motilal Oswal Nifty Capital Market Index Fund-Reg(G),Growth,Motilal Oswal Nifty Capital Market Index Fund-Reg(G),773,EQ,400042,18,549,49214,Open ended scheme,1.24,Swapnil P Mayekar,-0.73,25.0,1.0,12.3704,2026-09-25,0.0,2024-12-16,12.73,500.0,679.1466,Motilal Oswal Mutual Fund,Nifty Capital Markets Index - TRI,3,2026-08-31,-4.5671,-3.3087,24.1186,,,12.694840984248735,"1% on or before 15D, Nil after 15D",Financials,,,,Unrated,,,Equity : Index Funds,12.3704
LIC MF Ultra Short Term Fund-Reg(G),Growth,LIC MF Ultra Short Term Fund-Reg(G),367,NEQ,400020,22,553,44073,Open ended scheme,1.38,Rahul Singh,0.0,0.0,0.0,1416.9755,2026-09-25,0.0,2019-11-27,5.23,5000.0,677.5697,LIC Mutual Fund,CRISIL Ultra Short Term Debt Index,3,2026-08-31,0.4805,1.4589,5.7864,6.397,5.7167,4.328661434239824,Nil,-,,,,Unrated,,,Debt : Ultra Short Duration,1416.9755
Motilal Oswal Nifty Bank Index Fund-Reg(G),Growth,Motilal Oswal Nifty Bank Index Fund-Reg(G),311,EQ,400042,18,549,43789,Open ended scheme,1.1,Swapnil P Mayekar,0.25,27.0,1.0,19.6669,2026-09-25,0.0,2019-09-06,10.06,500.0,676.2583,Motilal Oswal Mutual Fund,NIFTY BANK - TRI,3,2026-08-31,-3.4479,-4.5393,0.6402,7.2139,7.7742,-6.874476175143367,"1% on or before 15D, Nil after 15D",Financials,,,,Unrated,,,Equity : Index Funds,19.6669
Baroda BNP Paribas Ultra Short Term Fund-Reg(G),Growth,Baroda BNP Paribas Ultra Short Term Fund-Reg(G),367,NEQ,400001,22,527,39448,Open ended scheme,0.44,Vikram Pamnani,-0.01,0.0,0.0,1665.984,2026-09-25,0.0,2018-06-01,6.32,5000.0,665.5341999999999,Baroda BNP Paribas Mutual Fund,CRISIL Ultra Short Term Debt Index,3,2026-08-31,0.5353,1.682,6.4246,7.0359,6.4747,4.799030203357992,Nil,-,,,,3,,,Debt : Ultra Short Duration,1665.984
WOC Banking & Financial Services Fund-Reg(G),Growth,WOC Banking & Financial Services Fund-Reg(G),330,EQ,400055,8,891,48332,Open ended scheme,2.74,Trupti Agrawal,0.03,188.0,0.0,12.501,2026-09-25,0.0,2024-02-06,8.84,500.0,665.4492,WhiteOak Capital Mutual Fund,Nifty Financial Services - TRI,3,2026-08-31,-4.892,-3.2355,0.8552,,,-4.000921517432044,NIL,Financials,,,,Unrated,,,Equity : Sectoral - Financial Services,12.501
Baroda BNP Paribas Focused Fund-Reg(G),Growth,Baroda BNP Paribas Focused Fund-Reg(G),312,EQ,400001,51,85,32452,Open ended scheme,3.02,Jitendra Sriram,0.26,154.0,1.0,20.4327,2026-09-25,0.0,2017-10-06,8.29,5000.0,659.9749,Baroda BNP Paribas Mutual Fund,NIFTY 500 - TRI,3,2026-08-31,-5.7254,-1.9845,-4.209,6.5228,6.499,-8.89200023186441,"Nil upto 10% of units within 12M, In excess of limit - 1% on or before 12M and Nil after 12M",Financials,,,,2,,,Equity : Focused,20.4327
Canara Rob Banking & Financial Services Fund-Reg(G),Growth,Canara Rob Banking & Financial Services Fund-Reg(G),330,EQ,400006,8,822,50688,Open ended scheme,2.7,Amit Kadam,0.29,7.0,0.0,10.54,2026-09-25,0.0,2026-03-20,5.4,5000.0,656.845,Canara Robeco Mutual Fund,Nifty Financial Services - TRI,3,2026-08-31,-5.301,-2.8571,,,,,"NIL upto 12% of units and 1% for remaining units on or before 365D, Nil after 365D",Financials,,,,Unrated,,,Equity : Sectoral - Financial Services,10.54
UTI Silver ETF FoF-Reg(G),Growth,UTI Silver ETF FoF-Reg(G),199,NEQ,400032,48,620,46882,Open ended scheme,0.46,Sharwan Kumar Goyal,1.33,,1.0,28.8848,2026-09-25,0.0,2023-04-21,36.21,100.0,654.5178,UTI Mutual Fund,Silver,3,2026-08-31,-4.4499,5.7443,63.1136,44.2006,,0.9961573292214196,"1% on or before 15D, Nil after 15D",-,,,,Unrated,,,FoFs : Domestic,28.8848
Bajaj Finserv Overnight Fund-Reg(G),Growth,Bajaj Finserv Overnight Fund-Reg(G),500,NEQ,400060,20,419,48051,Open ended scheme,0.16,Siddharth Chaudhary,0.01,0.0,0.0,1209.8159,2026-09-27,0.0,2023-07-05,6.06,100.0,653.0372,Bajaj Finserv Mutual Fund,CRISIL Liquid Overnight Index,1,2026-08-31,0.413,1.271,5.2664,6.0223,,3.7848225813204635,Nil,-,,,,Unrated,,,Debt : Overnight,1209.6503
JioBlackRock Ultra Short to Short Term Fund-Reg(G),Growth,JioBlackRock Ultra Short to Short Term Fund-Reg(G),435,NEQ,400066,23,291,51170,Open ended scheme,,Vikrant Mehta,-0.04,0.0,,1002.4327,2026-09-25,0.0,2026-08-17,0.24,500.0,648.974624357,Jio BlackRock Mutual Fund,NIFTY Low Duration Debt Index,3,2026-08-31,0.2433,,,,,,null,-,,,,Unrated,,,Debt : Low Duration,1002.4327
Navi Nifty Bank Index Fund-Reg(G),Growth,Navi Nifty Bank Index Fund-Reg(G),311,EQ,400041,18,959,45873,Open ended scheme,1.12,Ashutosh Shirwaikar,0.25,33.0,0.0,14.175,2026-09-25,0.0,2022-02-04,7.81,100.0,648.840606,Navi Mutual Fund,NIFTY BANK - TRI,3,2026-08-31,-3.4506,-4.5487,0.609,7.2242,,-6.8989977274817065,Nil,Financials,,,,Unrated,,,Equity : Index Funds,14.175
Baroda BNP Paribas Business Conglomerates Fund-Reg(G),Growth,Baroda BNP Paribas Business Conglomerates Fund-Reg(G),823,EQ,400001,13,778,50243,Open ended scheme,2.51,Rohan Korde,0.59,35.0,0.0,9.7384,2026-09-25,0.0,2025-09-22,-2.6,1000.0,646.7073,Baroda BNP Paribas Mutual Fund,Nifty Conglomerate 50 - TRI,3,2026-08-31,-5.4414,-0.837,-2.7405,,,-5.9872955804838375,"NIL upto 10% of units and 1% for remaining units on or before 1Y, Nil after 1Y",Financials,,,,Unrated,,,Equity : Thematic,9.7384
Bandhan Multi-Factor Fund-Reg(G),Growth,Bandhan Multi-Factor Fund-Reg(G),298,EQ,400028,13,819,50021,Open ended scheme,3.88,Rishi Sharma,0.2,651.0,0.5,9.356,2026-09-25,0.0,2025-07-30,-5.6,1000.0,646.6281589889239,Bandhan Mutual Fund,BSE 200 - TRI,3,2026-08-31,-5.5617,-4.6182,-5.0538,,,-11.610769957487019,"0.50% on or before 30D, Nil after 30D",Financials,,,,Unrated,,,Equity : Thematic,9.356
Tata Nifty SDL Plus AAA PSU Bond Dec 2027 60:40 Index Fund-Reg(G),Growth,Tata Nifty SDL Plus AAA PSU Bond Dec 2027 60:40 Index Fund-Reg(G),600,NEQ,400030,27,111,46351,Open ended scheme,0.45,Murthy Nagarajan,-0.01,0.0,0.0,13.2325,2026-09-25,0.0,2022-03-30,6.43,5000.0,645.7838507872,Tata Mutual Fund,Nifty SDL Plus AAA PSU Bond Dec 2027 60: 40 Index - TRI,3,2026-08-31,0.1385,1.227,5.2655,7.1166,,3.67535296237679,Nil,-,,,,Unrated,,,Debt : Medium to Long Duration,13.2325
DSP Dynamic Term Fund-Reg(G),Growth,DSP Dynamic Term Fund-Reg(G),419,NEQ,400009,31,863,742,Open ended scheme,1.19,Sandeep Yadav,-0.04,0.0,0.0,3422.994,2026-09-25,0.0,2007-05-09,6.55,100.0,638.5168,DSP Mutual Fund,CRISIL Dynamic Bond Index,3,2026-08-31,-1.0852,-0.7356,1.894,5.3701,4.9551,1.0988307337085481,Nil,-,,,,5,,,Debt : Dynamic Bond,3422.994
HDFC Nifty G-Sec Jul 2031 Index Fund-Reg(G),Growth,HDFC Nifty G-Sec Jul 2031 Index Fund-Reg(G),662,NEQ,400013,29,32,46620,Open ended scheme,0.33,Anupam Joshi,-0.07,0.0,0.0,13.1939,2026-09-25,0.0,2022-11-10,7.41,100.0,637.5763,HDFC Mutual Fund,Nifty G-Sec July 2031 Index,3,2026-08-31,-1.1848,-0.1725,4.0135,7.1795,,2.640320510327119,Nil,-,,,,Unrated,,,Debt : Gilt,13.1939
Nippon India Income Plus Arbitrage Active FoF-Reg(G),Growth,Nippon India Income Plus Arbitrage Active FoF-Reg(G),44,NEQ,400025,48,728,49936,Open ended scheme,0.31,Sushil Budhia,-0.01,0.0,0.0,10.6896,2026-09-25,0.0,2025-06-17,5.37,500.0,636.3328381619999,Nippon India Mutual Fund,CRISIL Short Term Bond Index,3,2026-08-31,0.1931,1.0254,5.4752,,,3.8773249373214482,NIL,-,,,,Unrated,,,FoFs : Domestic,10.6896
SBI FMP-67-1467D-Reg(G),Growth,SBI FMP-67-1467D-Reg(G),418,NEQ,400027,36,583,46703,Close ended scheme,0.27,Ranjana Gupta,0.04,,,13.097,2026-08-03,0.0,2022-07-29,6.95,5000.0,629.5798,SBI Mutual Fund,CRISIL Medium to Long Term Debt Index,3,2026-07-31,0.4194,1.3072,5.4449,7.0226,,3.1178647350602233,null,-,,,,Unrated,,,Debt : FTP/FMP,13.097
Bandhan Nifty Alpha 50 Index Fund-Reg(G),Growth,Bandhan Nifty Alpha 50 Index Fund-Reg(G),332,EQ,400028,18,992,48314,Open ended scheme,1.32,Abhishek Jain,-0.08,152.0,0.0,14.2077,2026-09-25,0.0,2023-11-09,12.97,1000.0,628.847101638606,Bandhan Mutual Fund,Nifty Alpha 50 - TRI,3,2026-08-31,-3.5818,2.5686,7.8768,,,8.684709770202877,Nil,Financials,,,,Unrated,,,Equity : Index Funds,14.2077
360 ONE Liquid Fund-Reg(G),Growth,360 ONE Liquid Fund-Reg(G),42,NEQ,400047,21,692,15687,Open ended scheme,0.35,Milan Mody,0.03,0.0,0.007,2162.3287,2026-09-27,0.0,2013-11-13,6.17,5000.0,628.6655145391429,360 ONE Mutual Fund,CRISIL Liquid Debt Index,1,2026-08-31,0.496,1.5435,6.1671,6.6476,6.1117,4.570783739773831,"0.007% for Day 1, 0.0065% on Day 2, 0.0060% on Day 3, 0.0055% on Day 4, 0.0050% on Day 5, 0.0045% on Day 6, NIL on or after 7D",-,,,,1,,,Debt : Liquid,2161.6474
ITI Focused Fund-Reg(G),Growth,ITI Focused Fund-Reg(G),312,EQ,400056,51,67,45722,Open ended scheme,2.56,Dhimant Shah,-0.37,108.0,0.5,16.0634,2026-09-25,0.0,2023-06-19,15.59,5000.0,628.5962000000001,ITI Mutual Fund,NIFTY 500 - TRI,3,2026-08-31,-4.0854,-0.815,5.4292,15.6638,,1.1154335209175315,"0.50% on or before 3M, NIL after 3M",Financials,,,,Unrated,,,Equity : Focused,16.0634
Mirae Asset Gold ETF FoF-Reg(G),Growth,Mirae Asset Gold ETF FoF-Reg(G),65,NEQ,400033,48,898,49290,Open ended scheme,0.69,Ritesh Patel,0.7,,0.05,18.788,2026-09-25,0.0,2024-10-25,38.93,5000.0,628.2558,Mirae Asset Mutual Fund,Gold-India,3,2026-08-31,-6.341,8.1822,30.7628,,,11.946612643746642,"0.05% on or before 15D, Nil after 15D",-,,,,Unrated,,,FoFs : Domestic,18.788
Baroda BNP Paribas Energy Opportunities Fund-Reg(G),Growth,Baroda BNP Paribas Energy Opportunities Fund-Reg(G),317,EQ,400001,12,1070,49558,Open ended scheme,2.63,Kirtan Mehta,0.18,64.0,1.0,11.3323,2026-09-25,0.0,2025-02-10,8.02,1000.0,627.2927999999999,Baroda BNP Paribas Mutual Fund,NIFTY ENERGY - TRI,3,2026-08-31,-2.5237,-4.8178,0.2025,,,-1.3948105737605019,"1% if redeemed more than 10% of units on or before 1Y, Nil thereafter",Energy,,,,Unrated,,,Equity : Sectoral - Energy / Power,11.3323
Edelweiss Nifty500 Multicap Momentum Quality 50 Index Fund-Reg(G),Growth,Edelweiss Nifty500 Multicap Momentum Quality 50 Index Fund-Reg(G),772,EQ,400035,18,490,49278,Open ended scheme,1.5,Bhavesh Jain,0.2,119.0,0.1,8.9114,2026-09-25,0.0,2024-10-31,-5.88,100.0,625.9899,Edelweiss Mutual Fund,Nifty500 Multicap Momentum Quality 50 - TRI,3,2026-08-31,-2.8073,-2.5246,-1.2817,,,-0.5723721646378821,"0.10% on or before 30D, Nil after 30D",Capital Goods,,,,Unrated,,,Equity : Index Funds,8.9114
HDFC Nifty G-Sec Sep 2032 Index Fund-Reg(G),Growth,HDFC Nifty G-Sec Sep 2032 Index Fund-Reg(G),671,NEQ,400013,29,32,46872,Open ended scheme,0.34,Anupam Joshi,-0.13,0.0,0.0,13.0379,2026-09-25,0.0,2022-12-09,7.24,100.0,625.8993,HDFC Mutual Fund,Nifty G-Sec Sep 2032 Index,3,2026-08-31,-1.5629,-0.6735,3.4385,6.9891,,2.508078528803598,Nil,-,,,,Unrated,,,Debt : Gilt,13.0379
Baroda BNP Paribas Services Fund-Reg(G),Growth,Baroda BNP Paribas Services Fund-Reg(G),329,EQ,400001,13,778,50959,Open ended scheme,2.43,Rohan Korde,0.01,,0.0,9.4921,2026-09-25,0.0,2026-08-03,-5.08,1000.0,622.6922,Baroda BNP Paribas Mutual Fund,Nifty Services Sector - TRI,3,2026-08-31,-5.5005,,,,,,"NIL upto 10% of units and 1% for remaining units on or before 1Y, NIL after 1Y",Financials,,,,Unrated,,,Equity : Thematic,9.4921
WOC Quality Equity Fund-Reg(G),Growth,WOC Quality Equity Fund-Reg(G),620,EQ,400055,13,864,49192,Open ended scheme,2.69,Ramesh Mantri,0.13,164.0,0.0,9.98,2026-09-25,0.0,2025-01-29,-0.12,500.0,620.8944,WhiteOak Capital Mutual Fund,BSE Quality Index - TRI,3,2026-08-31,-5.2412,-0.02,-4.3695,,,-6.2294465846096045,NIL,Financials,,,,Unrated,,,Equity : Thematic,9.98
Baroda BNP Paribas ESG Best-in-class Strategy Fund-Reg(G),Growth,Baroda BNP Paribas ESG Best-in-class Strategy Fund-Reg(G),427,EQ,400001,13,778,43916,Open ended scheme,2.76,Rohan Korde,0.22,14.0,0.0,10.053,2026-09-25,0.0,2026-03-05,0.53,1000.0,618.2707,Baroda BNP Paribas Mutual Fund,NIFTY100 ESG - TRI,3,2026-08-31,-5.7004,-2.0261,,,,,"NIL upto 10% of units and 1% for remaining units on or before 1Y, Nil after 1Y",Financials,,,,Unrated,,,Equity : Thematic,10.053
Sundaram Corp Bond Fund(G),Growth,Sundaram Corp Bond Fund(G),278,NEQ,400029,34,450,2955,Open ended scheme,0.55,Sandeep Agarwal,-0.04,0.0,0.0,42.5296,2026-09-25,0.0,2004-12-30,6.88,5000.0,617.0224245777999,Sundaram Mutual Fund,NIFTY Corporate Bond Index,3,2026-08-31,0.0485,0.6968,4.4122,6.7347,5.7683,2.9879624270807996,Nil,-,,,,4,,,Debt : Corporate Bond,42.5296
Franklin India Multi-Factor Fund(G),Growth,Franklin India Multi-Factor Fund(G),298,EQ,400012,13,1166,50269,Open ended scheme,2.7,Arihant Jain,0.33,72.29,0.0,9.1433,2026-09-25,0.0,2025-11-28,-8.57,5000.0,615.86193304,Franklin Templeton Mutual Fund,BSE 200 - TRI,3,2026-08-31,-4.7989,-4.111,,,,-9.260251677186293,"NIL upto 10% of units and 0.50% for remaining units on or before 1Y, Nil after 1Y",Financials,,,,Unrated,,,Equity : Thematic,9.1433
Bajaj Finserv Consumption Fund-Reg(G),Growth,Bajaj Finserv Consumption Fund-Reg(G),323,EQ,400060,14,1108,49345,Open ended scheme,2.89,Sayan Das Sharma,0.22,152.0,1.0,9.134,2026-09-25,0.0,2024-11-29,-4.85,500.0,610.998,Bajaj Finserv Mutual Fund,Nifty India Consumption - TRI,3,2026-08-31,-4.2256,1.6583,-6.6626,,,-2.9639859768405383,"1% on or before 3M, Nil after 3M",Automobile and Ancillaries,,,,Unrated,,,Equity : Thematic - Consumption,9.134
Aditya Birla SL CRISIL IBX Gilt Apr 2029 Index Fund-Reg(G),Growth,Aditya Birla SL CRISIL IBX Gilt Apr 2029 Index Fund-Reg(G),652,NEQ,400004,29,788,46950,Open ended scheme,0.38,Harshil Suvarnkar,-0.04,0.0,0.0,13.3293,2026-09-25,0.0,2022-10-19,7.57,500.0,610.1766,Aditya Birla Sun Life Mutual Fund,CRISIL IBX Gilt Index - April 2029,3,2026-08-31,-0.3864,0.403,4.3202,7.2229,,2.810665720522332,Nil,-,,,,Unrated,,,Debt : Gilt,13.3293
HDFC NIFTY200 Momentum 30 Index Fund-Reg(G),Growth,HDFC NIFTY200 Momentum 30 Index Fund-Reg(G),554,EQ,400013,18,37,48466,Open ended scheme,1.4,Arun Agarwal,-0.08,144.27,0.0,10.0045,2026-09-25,0.0,2024-02-28,0.04,100.0,608.841,HDFC Mutual Fund,Nifty200 Momentum 30 - TRI,3,2026-08-31,-3.5292,-3.2035,-0.9269,,,-3.2194093235177523,Nil,Financials,,,,Unrated,,,Equity : Index Funds,10.0045
ICICI Pru Nifty 10 yr Benchmark G-Sec ETF,Growth,ICICI Pru Nifty 10 yr Benchmark G-Sec ETF,275,NEQ,400015,30,893,47331,Open ended scheme,0.15,Darshil Dedhia,0.01,231.0,,261.7462,2026-09-25,0.0,2022-12-13,6.43,1000.0,603.013603083,ICICI Prudential Mutual Fund,Nifty 10 yr Benchmark G-Sec,3,2026-08-31,-1.1674,-0.6106,1.5617,6.1949,,1.1504460345357852,null,-,,,,Unrated,,,Debt : Gilt (10 Yr Constant Duration),261.7462
Kotak Nifty 200 Momentum 30 Index Fund-Reg(G),Growth,Kotak Nifty 200 Momentum 30 Index Fund-Reg(G),554,EQ,400019,18,699,47977,Open ended scheme,1.38,Satish Dondapati,-0.08,168.79,0.0,14.217,2026-09-25,0.0,2023-06-15,11.32,100.0,601.4315,Kotak Mahindra Mutual Fund,Nifty200 Momentum 30 - TRI,3,2026-08-31,-3.5154,-3.1077,-0.7054,9.4117,,-3.041669508286161,Nil,Financials,,,,Unrated,,,Equity : Index Funds,14.217
Invesco India Consumption Fund-Reg(G),Growth,Invesco India Consumption Fund-Reg(G),323,EQ,400021,14,1114,50227,Open ended scheme,2.64,Manish Poddar,-0.09,,0.5,11.01,2026-09-25,0.0,2025-10-27,10.1,1000.0,599.4672,Invesco Mutual Fund,Nifty India Consumption - TRI,3,2026-08-31,0.7319,7.6246,,,,13.155190133607391,"0.50% on or before 3M, Nil after 3M",Automobile and Ancillaries,,,,Unrated,,,Equity : Thematic - Consumption,11.01
iSIF Equity Long-Short Fund-Reg(G),Growth,iSIF Equity Long-Short Fund-Reg(G),312,EQ,400077,58,433,75125,Open ended scheme,4.19,Mittul Kalawadia,0.0,171.0,1.0,10.71,2026-09-25,0.0,2026-06-05,7.1,1000000.0,599.338060329,ICICI Pru iSIF,NIFTY 500 - TRI,3,2026-08-31,-1.6529,4.6921,,,,,"1% on or before 12M, Nil after 12M",Financials,,,,Unrated,,,Hybrid : Long - Short,10.71
TRUSTMF Mid Cap Fund-Reg(G),Growth,TRUSTMF Mid Cap Fund-Reg(G),349,EQ,400057,4,105,50597,Open ended scheme,3.64,Mihir Vora,-0.25,,1.0,11.95,2026-09-25,0.0,2026-03-20,19.5,1000.0,588.3619,Trust Mutual Fund,Nifty Midcap 150 - TRI,3,2026-08-31,-4.0931,3.7326,,,,,"1% on or before 180D, Nil after 180D",Financials,,,,Unrated,,,Equity : Mid Cap,11.95
Franklin India Equity Savings Fund(G),Growth,Franklin India Equity Savings Fund(G),436,EQ,400012,55,815,39645,Open ended scheme,1.61,Rajasa Kakulavarapu,0.03,637.13,0.0,16.9397,2026-09-25,0.0,2018-08-27,6.74,5000.0,587.24298289,Franklin Templeton Mutual Fund,NIFTY 50 Equity Savings Index,3,2026-08-31,-0.8296,0.3459,2.6114,6.3768,5.9854,0.9354871385414746,Nil,Financials,,,,2,,,Hybrid : Equity Savings,16.9397
JioBlackRock Arbitrage Fund-Reg(G),Growth,JioBlackRock Arbitrage Fund-Reg(G),717,EQ,400066,38,1123,51166,Open ended scheme,1.06,Anand Shah,0.06,949.47,,10.0458,2026-09-25,0.0,2026-08-17,0.46,500.0,586.536224473,Jio BlackRock Mutual Fund,Nifty 50 Arbitrage - TRI,3,2026-08-31,0.4871,,,,,,null,Financials,,,,Unrated,,,Hybrid : Arbitrage,10.0458
Baroda BNP Paribas Dividend Yield Fund-Reg(G),Growth,Baroda BNP Paribas Dividend Yield Fund-Reg(G),312,EQ,400001,15,1059,49067,Open ended scheme,2.52,Himanshu Singh,0.2,38.0,0.0,9.5422,2026-09-25,0.0,2024-09-11,-2.27,1000.0,585.1925,Baroda BNP Paribas Mutual Fund,NIFTY 500 - TRI,3,2026-08-31,-3.4884,0.2027,0.7464,,,-3.3877369188401105,"Nil upto 10% of units and 1% for remaining units on or before 1Y, Nil after 1Y",Financials,,,,Unrated,,,Equity : Thematic - Dividend Yield,9.5422
WOC Ultra Short Term Fund-Reg(G),Growth,WOC Ultra Short Term Fund-Reg(G),367,NEQ,400055,22,426,42221,Open ended scheme,0.82,Piyush Baranwal,-0.01,0.0,0.0,1460.5086,2026-09-25,0.0,2019-06-06,5.32,500.0,584.1098000000001,WhiteOak Capital Mutual Fund,CRISIL Ultra Short Term Debt Index,3,2026-08-31,0.4996,1.544,5.8483,6.4337,5.7024,4.376818320299936,Nil,-,,,,Unrated,,,Debt : Ultra Short Duration,1460.5086
Canara Rob Ultra Short Term Fund-Reg(G),Growth,Canara Rob Ultra Short Term Fund-Reg(G),367,NEQ,400006,22,51,5902,Open ended scheme,0.93,Bhupesh Kalyani,-0.01,0.0,0.0,4077.6434,2026-09-25,0.0,2008-07-11,6.75,500.0,581.7138,Canara Robeco Mutual Fund,CRISIL Ultra Short Term Debt Index,5,2026-08-31,0.4858,1.51,5.9011,6.442,5.7203,4.425452670018188,Nil,-,,,,2,,,Debt : Ultra Short Duration,4077.6434
Aditya Birla SL ESG Integration Strategy Fund-Reg(G),Growth,Aditya Birla SL ESG Integration Strategy Fund-Reg(G),427,EQ,400004,13,896,44736,Open ended scheme,2.43,Jonas Bhutta,0.23,7.0,1.0,17.46,2026-09-25,0.0,2020-12-24,10.17,500.0,579.6526,Aditya Birla Sun Life Mutual Fund,NIFTY100 ESG - TRI,3,2026-08-31,-4.7983,-0.9643,-1.0765,9.2411,5.149,-5.672609400324152,"1% on or before 30D, Nil after 30D",Financials,,,,Unrated,,,Equity : Thematic,17.46
Quantum Gold ETF FOF-Reg(G),Growth,Quantum Gold ETF FOF-Reg(G),65,NEQ,400024,57,275,19961,Open ended scheme,0.51,Chirag Mehta,0.93,9.27,0.0,56.7154,2026-09-25,0.0,2011-05-19,11.92,500.0,579.228651517243,Quantum Mutual Fund,Gold-India,3,2026-08-31,-6.3698,8.2983,31.6694,35.1126,25.2607,12.649463322395862,Nil,-,,,,Unrated,,,Metal : MFs,56.7154
Axis Gold and Silver Passive FoF-Reg(G),Growth,Axis Gold and Silver Passive FoF-Reg(G),65,NEQ,400040,48,881,50530,Open ended scheme,0.59,Pratik Tibrewal,1.02,,0.25,10.8764,2026-09-25,0.0,2025-12-29,8.76,100.0,576.0052,Axis Mutual Fund,Gold-India,3,2026-08-31,-5.5786,7.1588,,,,8.764000000000003,"0.25% on or before 15D, Nil after 15D",-,,,,Unrated,,,FoFs : Domestic,10.8764
Invesco India Short Term Fund-Reg(G),Growth,Invesco India Short Term Fund-Reg(G),443,NEQ,400021,25,606,2262,Open ended scheme,1.08,Vikas Garg,-0.08,0.0,0.0,3769.7366,2026-09-25,0.0,2007-03-24,7.03,1000.0,575.3121,Invesco Mutual Fund,Nifty Short Duration Debt Index,3,2026-08-31,-0.0473,0.433,4.1922,6.6105,5.4412,2.799118341887621,Nil,-,,,,3,,,Debt : Short Duration,3769.7366
Baroda BNP Paribas Gilt Fund-Reg(G),Growth,Baroda BNP Paribas Gilt Fund-Reg(G),422,NEQ,400001,29,141,497,Open ended scheme,0.44,Prashant Pimple,-0.03,0.0,0.0,43.8482,2026-09-25,0.0,2002-03-21,6.21,5000.0,574.9738,Baroda BNP Paribas Mutual Fund,CRISIL Dynamic Gilt Index,3,2026-08-31,-0.4843,-0.2911,2.6378,6.0838,5.1408,2.0154995474839303,Nil,-,,,,Unrated,,,Debt : Gilt,43.8482
ICICI Pru Nifty IT ETF,Growth,ICICI Pru Nifty IT ETF,310,EQ,400015,44,763,44401,Open ended scheme,0.28,Nishit Patel,-0.17,55.0,,31.3268,2026-09-25,0.0,2020-08-17,9.25,5000.0,574.645389518,ICICI Prudential Mutual Fund,NIFTY IT - TRI,3,2026-08-31,-8.4852,3.3236,-16.7713,-2.9126,-3.6062,-24.650453514466523,null,Technology,,,,Unrated,,,Equity : ETFs,31.3268
Baroda BNP Paribas Business Cycle Fund-Reg(G),Growth,Baroda BNP Paribas Business Cycle Fund-Reg(G),379,EQ,400001,13,778,45686,Open ended scheme,2.48,Rohan Korde,0.29,51.0,0.0,15.7516,2026-09-25,0.0,2021-09-15,9.45,5000.0,573.509,Baroda BNP Paribas Mutual Fund,BSE 500 - TRI,3,2026-08-31,-3.8816,-0.5549,2.1856,11.3049,9.4582,-2.094042328371197,"Nil upto 10% of units and 1% for remaining units on or beofre 1Y, Nil after 1Y",Financials,,,,Unrated,,,Equity : Thematic,15.7516
ICICI Pru Nifty 200 Momentum 30 Index Fund-Reg(G),Growth,ICICI Pru Nifty 200 Momentum 30 Index Fund-Reg(G),554,EQ,400015,18,763,46683,Open ended scheme,1.6,Nishit Patel,-0.08,150.0,0.0,16.0312,2026-09-25,0.0,2022-08-05,12.07,5000.0,568.2539494853,ICICI Prudential Mutual Fund,Nifty200 Momentum 30 - TRI,3,2026-08-31,-3.5392,-3.2236,-1.0041,9.0062,,-3.24406863543912,Nil,Financials,,,,Unrated,,,Equity : Index Funds,16.0312
HDFC Nifty G-Sec Jun 2027 Index Fund-Reg(G),Growth,HDFC Nifty G-Sec Jun 2027 Index Fund-Reg(G),595,NEQ,400013,29,32,46618,Open ended scheme,0.35,Anupam Joshi,0.01,0.0,0.0,12.9637,2026-09-25,0.0,2022-12-09,7.07,100.0,567.5311,HDFC Mutual Fund,Nifty G-Sec Jun 2027 Index,3,2026-08-31,0.2397,1.0665,5.2958,7.1123,,3.685544953570764,Nil,-,,,,Unrated,,,Debt : Gilt,12.9637
Franklin India Banking & PSU Debt Fund(G),Growth,Franklin India Banking & PSU Debt Fund(G),449,NEQ,400012,33,539,28458,Open ended scheme,0.49,Chandni Gupta,-0.05,0.0,0.0,24.1241,2026-09-25,0.0,2014-04-25,7.34,5000.0,567.016074765,Franklin Templeton Mutual Fund,NIFTY Banking and PSU Debt Index,3,2026-08-31,0.2643,1.3286,5.925,7.103,6.0578,3.9988791412497497,Nil,-,,,,3,,,Debt : Banking & PSU,24.1241
HDFC MNC Fund-Reg(G),Growth,HDFC MNC Fund-Reg(G),316,EQ,400013,16,956,47648,Open ended scheme,2.95,Nikhil Mathur,0.41,85.46,1.0,13.877,2026-09-25,0.0,2023-03-09,9.67,100.0,566.3186000000001,HDFC Mutual Fund,NIFTY MNC - TRI,3,2026-08-31,-2.9377,2.4284,1.8645,6.4879,,2.4284027162680886,"1% on or before 1Y, Nil after 1Y",Automobile and Ancillaries,,,,Unrated,,,Equity : Thematic - MNC,13.877
Nippon India Active Momentum Fund-Reg(G),Growth,Nippon India Active Momentum Fund-Reg(G),312,EQ,400025,13,1200,49115,Open ended scheme,2.21,Shirish Guthe,0.05,126.0,1.0,12.6329,2026-09-25,0.0,2025-02-28,16.02,500.0,565.459385068846,Nippon India Mutual Fund,NIFTY 500 - TRI,3,2026-08-31,-5.0272,0.3097,8.5487,,,4.526800046335357,"1% on or before 1Y, Nil after 1Y",Financials,,,,Unrated,,,Equity : Thematic,12.6329
DSP Financial Services Sectoral Debt Fund-Reg(G),Growth,DSP Financial Services Sectoral Debt Fund-Reg(G),884,NEQ,400009,34,795,51103,Open ended scheme,0.4,Karan Mundhra,-0.06,0.0,0.0,10.0358,2026-09-25,0.0,2026-08-27,0.36,100.0,563.7712,DSP Mutual Fund,CRISIL Financial Services Short Term Debt Index,3,2026-08-31,,,,,,,NIL,-,,,,Unrated,,,Debt : Corporate Bond,10.0358
Kotak Diversified Equity All Cap Omni FOF-Reg(G),Growth,Kotak Diversified Equity All Cap Omni FOF-Reg(G),312,NEQ,400019,48,551,50898,Open ended scheme,1.19,Devender Singhal,0.16,,0.0,9.737,2026-09-25,0.0,2026-08-24,-2.63,1000.0,562.554,Kotak Mahindra Mutual Fund,NIFTY 500 - TRI,3,2026-08-31,-2.63,,,,,,NIL,-,,,,Unrated,,,FoFs : Domestic,9.721
LIC MF Aggressive Hybrid Fund(G),Growth,LIC MF Aggressive Hybrid Fund(G),301,EQ,400020,54,1255,2085,Open ended scheme,2.79,Manoj Bajpai,0.16,66.0,0.0,204.2551,2026-09-25,0.0,1991-01-01,8.8,5000.0,561.8968,LIC Mutual Fund,CRISIL Hybrid 35+65 - Aggressive Index,3,2026-08-31,0.1574,3.7245,3.9992,10.8779,7.8645,1.5468543136076363,"Nil upto 12% on units and 1% on remaining units on or before 3M, Nil after 3M",Capital Goods,,,,3,,,Hybrid : Aggressive Hybrid,204.2551
360 ONE Dynamic Term Fund-Reg(G),Growth,360 ONE Dynamic Term Fund-Reg(G),419,NEQ,400047,31,692,17578,Open ended scheme,0.59,Milan Mody,-0.09,0.0,0.0,24.0972,2026-09-25,0.0,2013-06-24,6.86,10000.0,559.347855043979,360 ONE Mutual Fund,CRISIL Dynamic Bond Index,3,2026-08-31,-0.5226,0.4841,4.9799,7.6534,6.5172,3.3575815804824565,Nil,-,,,,2,,,Debt : Dynamic Bond,24.0972
Abakkus Liquid Fund-Reg(G),Growth,Abakkus Liquid Fund-Reg(G),42,NEQ,400075,21,1210,50550,Open ended scheme,0.31,Abhishek Srinivas,0.02,0.0,0.007,104.64,2026-09-27,0.0,2025-12-12,4.64,1000.0,559.0953,Abakkus Mutual Fund,CRISIL Liquid Debt Index,1,2026-08-31,0.4823,1.4912,,,,4.317939800504924,"0.007% for Day 1, 0.0065% on Day 2, 0.0060% on Day 3, 0.0055% on Day 4, 0.0050% on Day 5, 0.0045% on Day 6, NIL on or after 7D",-,,,,Unrated,,,Debt : Liquid,104.6238
DSP Gold ETF FoF-Reg(G),Growth,DSP Gold ETF FoF-Reg(G),65,NEQ,400009,48,597,48322,Open ended scheme,0.99,Anil Ghelani,0.82,,0.0,23.4423,2026-09-25,0.0,2023-11-17,34.74,100.0,556.8397,DSP Mutual Fund,Gold-India,3,2026-08-31,-6.3413,8.4574,31.3522,,,12.261873976381352,NIL,-,,,,Unrated,,,FoFs : Domestic,23.4423
ICICI Pru Nifty 200 Momentum 30 ETF,Growth,ICICI Pru Nifty 200 Momentum 30 ETF,554,EQ,400015,44,763,46682,Open ended scheme,0.86,Nishit Patel,-0.08,193.0,,30.7858,2026-09-25,0.0,2022-08-04,13.31,1000.0,556.743356683,ICICI Prudential Mutual Fund,Nifty200 Momentum 30 - TRI,3,2026-08-31,-3.4798,-3.0292,-0.264,9.8578,,-2.720039435515983,null,Financials,,,,Unrated,,,Equity : ETFs,30.7858
Quantum Liquid Fund-Reg(G),Growth,Quantum Liquid Fund-Reg(G),42,NEQ,400024,21,1092,19756,Open ended scheme,0.27,Sneha Pandey,0.01,0.0,0.007,37.4999,2026-09-27,0.0,2006-04-07,6.64,5000.0,556.2769000000001,Quantum Mutual Fund,CRISIL Liquid Debt Index,1,2026-08-31,0.4608,1.4528,5.8064,6.4035,5.915,4.307572469815837,"0.007% for Day 1, 0.0065% on Day 2, 0.0060% on Day 3, 0.0055% on Day 4, 0.0050% on Day 5, 0.0045% on Day 6, NIL on or after 7D",-,,,,2,,,Debt : Liquid,37.4944
Sundaram Arbitrage Fund(G),Growth,Sundaram Arbitrage Fund(G),717,EQ,400029,38,628,32098,Open ended scheme,1.77,Rohit Seksaria,0.06,94.1,0.0,15.4894,2026-09-25,0.0,2016-04-21,4.28,100.0,553.902028,Sundaram Mutual Fund,Nifty 50 Arbitrage - TRI,3,2026-08-31,0.3739,1.3565,6.1092,6.4891,5.675,4.34999359997844,"Nil upto 25% of units and 0.25% for remaining units on or before 15D, Nil after 15D",Financials,,,,Unrated,,,Hybrid : Arbitrage,15.4894
Bajaj Finserv Ultra Short to Short Term Fund-Reg(G),Growth,Bajaj Finserv Ultra Short to Short Term Fund-Reg(G),435,NEQ,400060,23,120,50590,Open ended scheme,1.01,Nimesh Chandan,-0.01,0.0,0.0,1032.9799,2026-09-25,0.0,2026-02-20,3.3,5000.0,552.6681,Bajaj Finserv Mutual Fund,NIFTY Low Duration Debt Index,3,2026-08-31,0.3948,1.2768,,,,,NIL,-,,,,Unrated,,,Debt : Low Duration,1032.9799
UTI Nifty200 Quality 30 Index Fund-Reg(G),Growth,UTI Nifty200 Quality 30 Index Fund-Reg(G),504,EQ,400032,18,620,49144,Open ended scheme,1.12,Sharwan Kumar Goyal,0.43,28.0,0.0,8.4892,2026-09-25,0.0,2024-09-20,-7.81,1000.0,552.5477,UTI Mutual Fund,NIFTY200 Quality 30 - TRI,3,2026-08-31,-5.8544,-1.3113,-5.2576,,,-8.583612418293619,Nil,Technology,,,,Unrated,,,Equity : Index Funds,8.4892
Titanium Hybrid Long-Short Fund-Reg(G),Growth,Titanium Hybrid Long-Short Fund-Reg(G),415,EQ,400074,58,1182,75027,Open ended scheme,2.73,Suraj Nanda,0.07,0.0,1.0,10.0037,2026-09-25,0.0,2025-12-11,0.04,1000000.0,548.7242902827,Tata Titanium SIF,CRISIL Hybrid 50+50 - Moderate Index,3,2026-05-31,-1.6594,-0.8966,,,,-0.5260227114531679,"1% on or before 1M, NIL after 1M",Financials,,,,Unrated,,,Hybrid : Long - Short,10.0037
Axis Nifty Next 50 Index Fund-Reg(G),Growth,Axis Nifty Next 50 Index Fund-Reg(G),165,EQ,400040,18,397,45702,Open ended scheme,1.13,Nandik Mallik,0.55,,0.0,17.2718,2026-09-25,0.0,2022-01-28,12.44,100.0,548.7136,Axis Mutual Fund,NIFTY NEXT 50 - TRI,3,2026-08-31,-3.7134,-0.5126,4.93,16.4591,,3.472280466325585,Nil,Financials,,,,Unrated,,,Equity : Index Funds,17.2718
Mirae Asset Nifty Metal ETF,Growth,Mirae Asset Nifty Metal ETF,325,EQ,400033,44,760,49100,Open ended scheme,0.52,Ekta Gala,0.35,,,13.2178,2026-09-25,0.0,2024-10-03,14.25,5000.0,542.4196,Mirae Asset Mutual Fund,NIFTY METAL - TRI,3,2026-08-31,-2.1368,5.2976,30.4676,,,17.856123831942377,null,Metals,,,,Unrated,,,Equity : ETFs,13.2178
WOC Aggressive Hybrid Fund-Reg(G),Growth,WOC Aggressive Hybrid Fund-Reg(G),301,EQ,400055,54,864,50887,Open ended scheme,3.7,Ramesh Mantri,0.14,0.0,0.0,10.209,2026-09-25,0.0,2026-06-30,2.09,100.0,542.3430000000001,WhiteOak Capital Mutual Fund,CRISIL Hybrid 35+65 - Aggressive Index,3,2026-08-31,-2.827,,,,,,NIL,Financials,,,,Unrated,,,Hybrid : Aggressive Hybrid,10.209
Kotak Transportation & Logistics Fund-Reg(G),Growth,Kotak Transportation & Logistics Fund-Reg(G),632,EQ,400019,9,963,48943,Open ended scheme,2.55,Nalin Rasik Bhatt,0.54,43.95,0.5,12.186,2026-09-25,0.0,2024-12-16,11.78,100.0,539.857,Kotak Mahindra Mutual Fund,Nifty Transportation & Logistics - TRI,3,2026-08-31,0.5529,8.8813,5.2877,,,4.870912220309817,"0.50% on or before 90D, Nil after 90D",Automobile and Ancillaries,,,,Unrated,,,Equity : Sectoral - Auto,12.186
HDFC BSE Sensex ETF,Growth,HDFC BSE Sensex ETF,174,EQ,400013,44,37,34084,Open ended scheme,0.05,Arun Agarwal,0.43,9.29,,83.9154,2026-09-25,0.0,2015-12-09,11.85,5000.0,538.5745,HDFC Mutual Fund,BSE SENSEX - TRI,3,2026-08-31,-4.8311,-3.8698,-8.0436,4.9648,5.453,-12.553237385331844,null,Financials,,,,Unrated,,,Equity : ETFs,83.9154
PGIM India Large Cap Fund(G),Growth,PGIM India Large Cap Fund(G),314,EQ,400044,1,769,758,Open ended scheme,2.61,Anandha Padmanabhan Anjeneyan,0.29,37.0,0.5,322.4,2026-09-25,0.0,2003-01-30,15.81,5000.0,538.2877,PGIM India Mutual Fund,NIFTY 100 - TRI,3,2026-08-31,-4.3437,-2.0745,-5.2684,5.8595,4.5872,-7.761851629330815,"0.50% on or before 90D, Nil after 90D",Financials,,,,1,,,Equity : Large Cap,322.4
Union Active Momentum Fund-Reg(G),Growth,Union Active Momentum Fund-Reg(G),312,EQ,400045,13,921,49020,Open ended scheme,3.87,Gaurav Chopra,0.6,440.0,1.0,10.14,2026-09-25,0.0,2024-12-19,0.79,1000.0,535.7787999999999,Union Mutual Fund,NIFTY 500 - TRI,3,2026-08-31,2.7356,5.7351,19.4346,,,17.77003484320559,"1% on or before 1Y, Nil after 1Y",Healthcare,,,,Unrated,,,Equity : Thematic,10.14
Aditya Birla SL Nifty 50 Equal Weight Index Fund-Reg(G),Growth,Aditya Birla SL Nifty 50 Equal Weight Index Fund-Reg(G),359,EQ,400004,18,671,44741,Open ended scheme,1.05,Mehul Dama,0.26,35.0,0.0,17.7994,2026-09-25,0.0,2021-06-08,11.49,100.0,534.8422,Aditya Birla Sun Life Mutual Fund,NIFTY50 Equal Weight - TRI,3,2026-08-31,-4.7615,-2.636,-0.8219,10.2733,9.8519,-4.815533772907882,Nil,Financials,,,,Unrated,,,Equity : Index Funds,17.7994
Nippon India CRISIL-IBX Financial Services 9-12 Months Debt Index Fund-Reg(G),Growth,Nippon India CRISIL-IBX Financial Services 9-12 Months Debt Index Fund-Reg(G),789,NEQ,400025,23,876,50727,Open ended scheme,0.27,Vikash Agarwal,-0.02,0.0,0.0,10.3705,2026-09-25,0.0,2026-03-02,3.7,1000.0,534.709580842414,Nippon India Mutual Fund,CRISIL-IBX Financial Services 9-12 Months Debt Index,3,2026-08-31,0.4066,1.5819,,,,,NIL,-,,,,Unrated,,,Debt : Low Duration,10.3705
Mahindra Manulife Ultra Short to Short Term Fund-Reg(G),Growth,Mahindra Manulife Ultra Short to Short Term Fund-Reg(G),368,NEQ,400054,23,365,36894,Open ended scheme,1.08,Rahul Pal,-0.03,0.0,0.0,1751.3894,2026-09-25,0.0,2017-02-15,6.0,1000.0,534.5793,Mahindra Manulife Mutual Fund,CRISIL Low Duration Debt Index,3,2026-08-31,0.3601,1.283,5.5499,6.58,5.8292,4.0614823248001075,Nil,-,,,,2,,,Debt : Low Duration,1751.3894
HDFC NIFTY 100 Equal Weight Index Fund-Reg(G),Growth,HDFC NIFTY 100 Equal Weight Index Fund-Reg(G),355,EQ,400013,18,37,45997,Open ended scheme,1.0,Arun Agarwal,0.41,50.79,0.0,16.8032,2026-09-25,0.0,2022-02-23,12.0,100.0,534.4033000000001,HDFC Mutual Fund,Nifty100 Equal Weight - TRI,3,2026-08-31,-4.4692,-1.5514,1.8154,13.2443,,-0.4732543194081569,Nil,Financials,,,,Unrated,,,Equity : Index Funds,16.8032
ICICI Pru CRISIL-IBX Financial Services 3-6 Months Debt Index Fund-Reg(G),Growth,ICICI Pru CRISIL-IBX Financial Services 3-6 Months Debt Index Fund-Reg(G),779,NEQ,400015,22,893,49708,Open ended scheme,0.22,Darshil Dedhia,0.0,0.0,0.0,11.0866,2026-09-25,0.0,2025-03-19,7.02,1000.0,533.410654127,ICICI Prudential Mutual Fund,CRISIL-IBX Financial Services 3-6 Months Debt Index,3,2026-08-31,0.5049,1.7138,6.8413,,,5.095221393294228,NIL,-,,,,Unrated,,,Debt : Ultra Short Duration,11.0866
Kotak Technology Fund-Reg(G),Growth,Kotak Technology Fund-Reg(G),408,EQ,400019,10,697,48587,Open ended scheme,2.54,Shibani Kurian,-0.23,29.07,0.5,10.053,2026-09-25,0.0,2024-03-04,0.21,100.0,532.4413,Kotak Mahindra Mutual Fund,BSE TECk Index - TRI,3,2026-08-31,-5.9148,7.4498,-10.3931,,,-14.905835655772307,"0.50% on or before 30D, Nil after 30D",Technology,,,,Unrated,,,Equity : Sectoral - Technology,10.076
Edelweiss Multi Asset Omni FoF-Reg(G),Growth,Edelweiss Multi Asset Omni FoF-Reg(G),312,NEQ,400035,48,490,50130,Open ended scheme,1.48,Bhavesh Jain,0.46,10.0,1.0,11.3433,2026-09-25,0.0,2025-09-03,12.62,100.0,532.408,Edelweiss Mutual Fund,NIFTY 500 - TRI,3,2026-08-31,-3.6932,1.3609,10.6901,,,0.2663943524397226,"1% on or before 90D, Nil after 90D",-,,,,Unrated,,,FoFs : Domestic,11.2915
Mahindra Manulife Equity Savings Fund-Reg(G),Growth,Mahindra Manulife Equity Savings Fund-Reg(G),560,EQ,400054,55,945,36671,Open ended scheme,2.8,Renjith Sivaram,0.1,404.0,0.0,21.5407,2026-09-25,0.0,2017-02-01,8.27,1000.0,530.3088,Mahindra Manulife Mutual Fund,NIFTY 50 Equity Savings Index - TRI,3,2026-08-31,-0.9204,0.579,3.983,7.673,6.721,1.5826381389382718,"Nil upto 10% of units and 1% for remaining units on or before 15D, Nil after 15D",Financials,,,,3,,,Hybrid : Equity Savings,21.5407
HSBC Income Plus Arbitrage Active FOF-Reg(G),Growth,HSBC Income Plus Arbitrage Active FOF-Reg(G),443,NEQ,400014,48,1001,28311,Open ended scheme,0.51,Mohd Asif Rizwi,-0.01,0.0,0.0,22.7328,2026-09-25,0.0,2014-04-30,6.84,5000.0,530.2037,HSBC Mutual Fund,Nifty Short Duration Debt Index,3,2026-08-31,0.197,0.9373,4.8822,6.7296,5.473,3.473511742217357,NIL,-,,,,Unrated,,,FoFs : Domestic,22.7352
Nippon India Nifty 500 Equal Weight Index Fund-Reg(G),Growth,Nippon India Nifty 500 Equal Weight Index Fund-Reg(G),753,EQ,400025,18,1074,49022,Open ended scheme,1.11,Jitendra Tolani,0.03,55.0,0.0,9.6066,2026-09-25,0.0,2024-09-10,-1.95,1000.0,529.489322934071,Nippon India Mutual Fund,NIFTY500 Equal Weight - TRI,3,2026-08-31,-3.0674,-0.3279,1.7778,,,2.5590109854914744,NIL,Financials,,,,Unrated,,,Equity : Index Funds,9.6066
Bank of India Large & Mid Cap Fund-Reg(G),Growth,Bank of India Large & Mid Cap Fund-Reg(G),376,EQ,400034,2,639,6434,Open ended scheme,2.86,Nitin Gosar,0.0,66.0,0.0,91.0,2026-09-25,0.0,2008-10-21,13.1,5000.0,529.0896,Bank of India Mutual Fund,BSE 250 LargeMidCap Index - TRI,3,2026-08-31,-3.6119,-1.2051,4.9717,12.0069,10.2327,-1.0654490106544945,"NIL for 10% of investments and 1% for remaining investments on or before 3M, NIL after 3M",Financials,,,,3,,,Equity : Large & Mid Cap,91.0
Motilal Oswal Ultra Short Term Fund-Reg(G),Growth,Motilal Oswal Ultra Short Term Fund-Reg(G),367,NEQ,400042,22,908,22532,Open ended scheme,1.17,Rakesh Shetty,-0.01,66.0,0.0,17.5526,2026-09-25,0.0,2013-09-06,4.4,500.0,524.3318,Motilal Oswal Mutual Fund,CRISIL Ultra Short Term Debt Index,3,2026-08-31,0.4194,1.3266,5.2775,5.6559,5.0744,3.9353387020369492,Nil,-,,,,Unrated,,,Debt : Ultra Short Duration,17.5526
Aditya Birla SL US Equity Passive FOF-Reg(G),Growth,Aditya Birla SL US Equity Passive FOF-Reg(G),535,NEQ,400004,49,671,45711,Open ended scheme,0.67,Mehul Dama,0.83,,0.0,23.5873,2026-09-25,0.0,2021-11-01,19.13,100.0,523.1722,Aditya Birla Sun Life Mutual Fund,Nasdaq-100 - TRI,5,2026-08-31,4.9986,5.5469,34.4105,33.022,,26.60053468411424,Nil,-,,,,Unrated,,,FoFs : Overseas,23.3935
Motilal Oswal Nifty Next 50 Index Fund-Reg(G),Growth,Motilal Oswal Nifty Next 50 Index Fund-Reg(G),165,EQ,400042,18,549,44368,Open ended scheme,1.15,Swapnil P Mayekar,0.55,30.0,1.0,24.6473,2026-09-25,0.0,2019-12-23,14.27,500.0,521.7356,Motilal Oswal Mutual Fund,NIFTY NEXT 50 - TRI,3,2026-08-31,-3.7046,-0.4781,4.8911,16.4941,10.5645,3.453587693340892,"1% on or before 15D, Nil after 15D",Financials,,,,Unrated,,,Equity : Index Funds,24.6473
WOC Digital Bharat Fund-Reg(G),Growth,WOC Digital Bharat Fund-Reg(G),408,EQ,400055,10,864,49129,Open ended scheme,3.28,Ramesh Mantri,-0.26,304.0,0.0,9.752,2026-09-25,0.0,2024-10-11,-1.28,500.0,520.8312000000001,WhiteOak Capital Mutual Fund,BSE TECk Index - TRI,3,2026-08-31,-6.8933,4.9844,-5.09,,,-8.672035961790598,NIL,Technology,,,,Unrated,,,Equity : Sectoral - Technology,9.752
HSBC Global Emerging Markets Fund(G),Growth,HSBC Global Emerging Markets Fund(G),55,NEQ,400014,49,1172,4314,Open ended scheme,1.44,Prakriti Banka,-0.07,3.0,1.0,34.9954,2026-09-25,0.0,2008-03-17,6.99,5000.0,519.1855,HSBC Mutual Fund,MSCI Emerging Market Index,5,2026-08-31,1.1925,-2.2688,42.2467,29.2211,12.1932,32.338825485602,"1% on or before 1Y, Nil after 1Y",-,,,,Unrated,,,FoFs : Overseas,35.0195
Mirae Asset Short Term Fund-Reg(G),Growth,Mirae Asset Short Term Fund-Reg(G),728,NEQ,400033,25,916,38870,Open ended scheme,1.07,Basant Bafna,-0.1,0.0,0.0,16.6164,2026-09-25,0.0,2018-03-16,6.13,5000.0,518.1445,Mirae Asset Mutual Fund,CRISIL Short Duration Debt Index,3,2026-08-31,-0.0331,0.5872,4.1637,6.3827,5.4978,2.7721082124169665,Nil,-,,,,2,,,Debt : Short Duration,16.6164
HDFC Nifty500 Multicap 50:25:25 Index Fund-Reg(G),Growth,HDFC Nifty500 Multicap 50:25:25 Index Fund-Reg(G),534,EQ,400013,18,37,48970,Open ended scheme,0.8,Arun Agarwal,0.15,25.75,0.0,9.8171,2026-09-25,0.0,2024-08-23,-0.86,100.0,517.990099999999,HDFC Mutual Fund,Nifty500 Multicap 50:25:25 - TRI,3,2026-08-31,-3.7784,-1.2136,0.4132,,,-2.1294625499715827,Nil,Financials,,,,Unrated,,,Equity : Index Funds,9.8171
Union Business Cycle Fund-Reg(G),Growth,Union Business Cycle Fund-Reg(G),312,EQ,400045,13,76,48599,Open ended scheme,3.11,Harshad Patwardhan,0.09,153.0,1.0,11.53,2026-09-25,0.0,2024-03-05,5.72,1000.0,517.903,Union Mutual Fund,NIFTY 500 - TRI,3,2026-08-31,-3.5146,-1.6212,2.3979,,,1.4072119613016723,"1% on or before 1Y, Nil after 1Y",Financials,,,,Unrated,,,Equity : Thematic,11.53
Invesco India Gold ETF FoF-Reg(G),Growth,Invesco India Gold ETF FoF-Reg(G),65,NEQ,400021,48,564,14593,Open ended scheme,0.55,Abhisek Bahinipati,0.99,,1.0,42.0871,2026-09-25,0.0,2011-12-05,10.19,1000.0,510.75190000000003,Invesco Mutual Fund,Gold-India,3,2026-08-31,-6.2126,8.4342,31.8588,34.4304,24.938,13.172351667854315,"1% on or before 15D, Nil after 15D",-,,,,Unrated,,,FoFs : Domestic,42.0871
360 ONE Multi Asset Allocation Fund-Reg(G),Growth,360 ONE Multi Asset Allocation Fund-Reg(G),433,NEQ,400047,42,575,49121,Open ended scheme,2.16,Mayur Patel,0.25,56.0,0.0,12.1491,2026-09-25,0.0,2025-08-20,19.39,1000.0,510.536721711358,360 ONE Mutual Fund,NIFTY Composite Debt Index,3,2026-08-31,-3.0097,1.2408,15.2425,,,5.423417013042233,"Nil upto 10% of units and 1% for remaining units on or before 12M, Nil after 12M",Financials,,,,Unrated,,,Hybrid : Multi Asset Allocation,12.1491
HDFC FMP-Sr 46-1861D-Mar 2022-Reg(G),Growth,HDFC FMP-Sr 46-1861D-Mar 2022-Reg(G),437,NEQ,400013,36,32,46453,Close ended scheme,0.25,Anupam Joshi,-0.01,0.0,,13.2973,2026-09-25,0.0,2022-03-09,6.42,5000.0,508.89910000000003,HDFC Mutual Fund,NIFTY Medium to Long Duration Debt Index,3,2026-08-31,0.3646,1.2564,5.9073,7.3438,,4.142257448074936,null,-,,,,Unrated,,,Debt : FTP/FMP,13.2973
Baroda BNP Paribas Health and Wellness Fund-Reg(G),Growth,Baroda BNP Paribas Health and Wellness Fund-Reg(G),391,EQ,400001,7,174,49985,Open ended scheme,2.79,Sanjay Chawla,-0.45,71.0,0.0,10.7656,2026-09-25,0.0,2025-06-27,6.1,1000.0,507.4231,Baroda BNP Paribas Mutual Fund,BSE Health Care - TRI,3,2026-08-31,0.1125,6.3154,11.7297,,,13.802471484899417,"NIL upto 10% of units and 1% for remaining units on or before 1Y, Nil after 1Y",Healthcare,,,,Unrated,,,Equity : Sectoral - Pharma,10.7656
WOC ELSS Tax Saver Fund-Reg(G),Growth,WOC ELSS Tax Saver Fund-Reg(G),379,EQ,400055,6,864,46773,Open ended scheme,2.6,Ramesh Mantri,0.37,37.0,0.0,17.645,2026-09-25,3.0,2022-10-14,15.46,500.0,507.2249,WhiteOak Capital Mutual Fund,BSE 500 - TRI,3,2026-08-31,-3.9467,1.5306,1.4605,14.0754,,-0.4906383938641989,Nil,Financials,,,,Unrated,,,Equity : Tax Saving (ELSS),17.645
HDFC NIFTY Private Bank ETF,Growth,HDFC NIFTY Private Bank ETF,348,EQ,400013,44,37,46045,Open ended scheme,0.16,Arun Agarwal,0.45,15.59,,27.4374,2026-09-25,0.0,2022-11-16,6.33,500.0,505.0368,HDFC Mutual Fund,Nifty Private Bank - TRI,3,2026-08-31,-2.0687,-4.8565,0.7909,5.5849,,-5.949659103763403,null,Financials,,,,Unrated,,,Equity : ETFs,27.4374
Aditya Birla SL Nifty Midcap 150 Index Fund-Reg(G),Growth,Aditya Birla SL Nifty Midcap 150 Index Fund-Reg(G),349,EQ,400004,18,671,44738,Open ended scheme,0.99,Mehul Dama,-0.15,,0.25,24.556,2026-09-25,0.0,2021-04-05,17.83,100.0,503.1828,Aditya Birla Sun Life Mutual Fund,Nifty Midcap 150 - TRI,3,2026-08-31,-4.688,-1.393,4.5933,13.8922,14.4062,0.5783377295738704,"0.25% on or before 15D, Nil after 15D",Financials,,,,Unrated,,,Equity : Index Funds,24.556
Edelweiss Ultra Short to Short term Fund-Reg(G),Growth,Edelweiss Ultra Short to Short term Fund-Reg(G),368,NEQ,400035,23,1036,49709,Open ended scheme,0.96,Hetul Raval,-0.03,0.0,0.0,1094.2392,2026-09-25,0.0,2025-03-20,6.11,100.0,500.8329,Edelweiss Mutual Fund,CRISIL Low Duration Debt Index,3,2026-08-31,0.4127,1.3242,5.4889,,,3.985232383273819,NIL,-,,,,Unrated,,,Debt : Low Duration,1094.2392
Bajaj Finserv Banking and Financial Services Fund-Reg(G),Growth,Bajaj Finserv Banking and Financial Services Fund-Reg(G),330,EQ,400060,8,1236,50372,Open ended scheme,2.82,Kishore Agarwal,-0.05,,1.0,9.5,2026-09-25,0.0,2025-12-01,-5.0,500.0,499.4266,Bajaj Finserv Mutual Fund,Nifty Financial Services - TRI,3,2026-08-31,-4.2339,-5.1896,,,,-5.519641969169565,"1% on or before 3M, Nil after 3M",Financials,,,,Unrated,,,Equity : Sectoral - Financial Services,9.5
Kotak Quant Fund-Reg(G),Growth,Kotak Quant Fund-Reg(G),326,EQ,400019,13,75,48083,Open ended scheme,2.36,Harsha Upadhyaya,0.26,147.2,0.5,14.906,2026-09-25,0.0,2023-08-02,13.51,5000.0,496.9446,Kotak Mahindra Mutual Fund,NIFTY 200 - TRI,3,2026-08-31,-3.7577,-0.4741,0.1478,13.2494,,-2.721399203811263,"0.50% on or before 90D, Nil after 90D",Healthcare,,,,Unrated,,,Equity : Thematic,14.906
Shriram Liquid Fund-Reg(G),Growth,Shriram Liquid Fund-Reg(G),446,NEQ,400052,21,667,48954,Open ended scheme,0.29,Amit Modani,0.02,0.0,0.007,1121.049,2026-09-27,0.0,2024-11-14,6.31,1000.0,496.8153,Shriram Mutual Fund,Nifty Liquid Fund Index,1,2026-08-31,0.4835,1.5235,6.1726,,,4.632321813221558,"0.007% for Day 1, 0.0065% on Day 2, 0.0060% on Day 3, 0.0055% on Day 4, 0.0050% on Day 5, 0.0045% on Day 6, NIL on or after 7D",-,,,,Unrated,,,Debt : Liquid,1120.8659
Nippon India Nifty Auto ETF,Growth,Nippon India Nifty Auto ETF,324,EQ,400025,44,1074,45713,Open ended scheme,0.22,Jitendra Tolani,0.89,79.0,,279.135,2026-09-25,0.0,2022-01-24,21.44,1000.0,496.709056819,Nippon India Mutual Fund,NIFTY AUTO - TRI,3,2026-08-31,-7.7051,0.4882,1.5452,19.1908,,-3.5147875897759993,null,Automobile and Ancillaries,,,,Unrated,,,Equity : ETFs,279.135
ICICI Pru FMP-85-10Y-I(G),Growth,ICICI Pru FMP-85-10Y-I(G),40,NEQ,400015,36,893,43023,Close ended scheme,0.35,Darshil Dedhia,0.12,,,17.8465,2026-09-25,0.0,2019-03-15,7.99,5000.0,495.6091446969,ICICI Prudential Mutual Fund,CRISIL Composite Bond Index,3,2026-08-31,-0.0034,0.875,5.1873,7.4216,6.3147,3.565438919226327,null,-,,,,Unrated,,,Debt : FTP/FMP,17.8465
Kotak Nifty SDL Plus AAA PSU Bond Jul 2028 60:40 Index Fund-Reg(G),Growth,Kotak Nifty SDL Plus AAA PSU Bond Jul 2028 60:40 Index Fund-Reg(G),651,NEQ,400019,27,8,46730,Open ended scheme,0.4,Abhishek Bisen,0.0,0.0,0.0,13.199,2026-09-25,0.0,2022-10-13,7.27,100.0,495.245,Kotak Mahindra Mutual Fund,Nifty SDL Plus AAA PSU Bond Jul 2028 60:40 Index,3,2026-08-31,0.2255,1.1077,5.3316,7.1843,,3.4469245720734842,Nil,-,,,,Unrated,,,Debt : Medium to Long Duration,13.199
HDFC Dynamic Term Fund(G),Growth,HDFC Dynamic Term Fund(G),433,NEQ,400013,31,27,1274,Open ended scheme,1.4,Anil Bamboli,-0.04,0.0,0.0,92.8864,2026-09-25,0.0,1997-04-28,7.87,100.0,494.82480000000004,HDFC Mutual Fund,NIFTY Composite Debt Index,3,2026-08-31,-0.8172,0.2534,3.8051,5.8776,4.882,2.90981608686017,Nil,-,,,,4,,,Debt : Dynamic Bond,92.8864
Mirae Asset Nifty MidSmallcap400 Momentum Quality 100 ETF,Growth,Mirae Asset Nifty MidSmallcap400 Momentum Quality 100 ETF,735,EQ,400033,44,760,48681,Open ended scheme,0.74,Ekta Gala,0.11,,,51.0597,2026-09-25,0.0,2024-05-22,1.97,5000.0,493.9581,Mirae Asset Mutual Fund,Nifty MidSmallcap400 Momentum Quality 100 - TRI,3,2026-08-31,-2.5022,0.173,5.9899,,,7.098854123623761,null,Financials,,,,Unrated,,,Equity : ETFs,51.0597
Franklin India Retirement Fund(G),Growth,Franklin India Retirement Fund(G),304,NEQ,400012,53,496,3396,Open ended scheme,2.23,Anuj Tagra,0.05,0.0,3.0,216.5311,2026-09-25,5.0,1997-03-31,10.98,500.0,492.59281168499996,Franklin Templeton Mutual Fund,CRISIL Short Term Debt Hybrid 60+40 Index,3,2026-08-31,-1.6061,-0.9198,-1.0116,6.7293,6.1289,-2.2137170159822537,"3% on or beofre the 58Y of age, Nil after age of 58Y",Financials,,,,2,,,Hybrid : Balanced Hybrid,216.5311
Edelweiss Consumption Fund-Reg(G),Growth,Edelweiss Consumption Fund-Reg(G),323,EQ,400035,14,705,49329,Open ended scheme,2.54,Dhruv Bhatia,0.36,27.0,1.0,10.8137,2026-09-25,0.0,2025-02-20,5.03,100.0,492.57730000000004,Edelweiss Mutual Fund,Nifty India Consumption - TRI,3,2026-08-31,-4.6865,-0.2389,-5.6421,,,-5.953923623492165,"1% on or before 90D, Nil after 90D",FMCG,,,,Unrated,,,Equity : Thematic - Consumption,10.8137
Mahindra Manulife Consumption Fund-Reg(G),Growth,Mahindra Manulife Consumption Fund-Reg(G),323,EQ,400054,14,1062,38749,Open ended scheme,2.65,Navin Matta,0.26,46.0,1.0,21.5281,2026-09-25,0.0,2018-11-13,10.23,1000.0,489.3897,Mahindra Manulife Mutual Fund,Nifty India Consumption - TRI,3,2026-08-31,-4.9972,0.5183,-7.2069,8.2736,9.2976,-6.2707894324376126,"1% on or before 3M, Nil after 3M",FMCG,,,,Unrated,,,Equity : Thematic - Consumption,21.5281
Mirae Asset Infrastructure Fund-Reg(G),Growth,Mirae Asset Infrastructure Fund-Reg(G),166,EQ,400033,11,524,50400,Open ended scheme,2.65,Bharti Sawant,0.33,,1.0,11.258,2026-09-25,0.0,2025-12-05,12.58,5000.0,488.9035,Mirae Asset Mutual Fund,BSE India Infrastructure Index - TRI,3,2026-08-31,-1.874,2.1504,,,,11.964196916956732,"1% on or before 30D, NIL after 30D",Capital Goods,,,,Unrated,,,Equity : Sectoral - Infrastructure,11.258
Invesco India - Invesco Global Consumer Trends FoF-Reg(G),Growth,Invesco India - Invesco Global Consumer Trends FoF-Reg(G),529,NEQ,400021,49,1088,45201,Open ended scheme,1.46,Sagar Gandhi,2.41,,0.0,12.6067,2026-09-25,0.0,2020-12-24,4.11,1000.0,487.3164,Invesco Mutual Fund,MSCI World Consumer Discretionary Index - Net Dividend,5,2026-08-31,2.4635,-9.8124,-5.1058,24.016,3.8515,6.879917254476402,"Nil upto 10% of units and 1% for above the limits on or before 1Y, Nil after 1Y",-,,,,Unrated,,,FoFs : Overseas,12.6067
Aditya Birla SL Retirement Fund-30-Reg(G),Growth,Aditya Birla SL Retirement Fund-30-Reg(G),312,EQ,400004,50,896,32078,Open ended scheme,2.64,Jonas Bhutta,0.09,49.0,0.0,22.372,2026-09-25,5.0,2019-03-11,11.26,1000.0,486.73940000000005,Aditya Birla Sun Life Mutual Fund,NIFTY 500 - TRI,3,2026-08-31,-2.6881,1.6032,11.9104,14.7183,10.3839,7.926093878141738,Nil,Financials,,,,3,,,Equity : Flexi Cap,22.372
DSP NIFTY 1D Rate Liquid ETF,IDCW,DSP NIFTY 1D Rate Liquid ETF,293,NEQ,400009,45,597,38904,Open ended scheme,0.32,Anil Ghelani,0.0,0.0,,1000.0,2026-09-25,0.0,2018-03-14,4.51,500.0,482.6843,DSP Mutual Fund,Nifty 1D Rate Index,3,2026-08-31,0.3864,1.2001,4.8322,5.6933,5.3022,3.4748712154826147,null,-,,,,Unrated,,,Debt : ETFs,1000.0
JM Arbitrage Fund(G),Growth,JM Arbitrage Fund(G),277,EQ,400017,38,44,1843,Open ended scheme,2.07,Asit Bhandarkar,0.09,1086.0,0.5,34.8577,2026-09-25,0.0,2006-07-18,6.38,1000.0,482.49842349,JM Financial Mutual Fund,Nifty 50 Arbitrage,3,2026-08-31,0.4218,1.3529,5.7749,6.2916,5.6855,4.067747020468618,0.50% on or before 30D,Financials,,,,Unrated,,,Hybrid : Arbitrage,34.8577
Mirae Asset Global X Artificial Intelligence & Technology ETF FoF-Reg(G),Growth,Mirae Asset Global X Artificial Intelligence & Technology ETF FoF-Reg(G),637,NEQ,400033,49,779,45380,Open ended scheme,0.26,Siddharth Srivastava,-0.04,,1.0,36.902,2026-09-25,0.0,2022-09-07,38.02,5000.0,479.8919,Mirae Asset Mutual Fund,Indxx Artificial Intelligence & Big Data Index - TRI,5,2026-08-31,4.743,4.2665,45.398,40.967,,37.98452509998878,"1% on or before 1Y(365D), Nil after 1Y(365D)",-,,,,Unrated,,,FoFs : Overseas,36.915
Tata Housing Opportunities Fund-Reg(G),Growth,Tata Housing Opportunities Fund-Reg(G),599,EQ,400030,13,111,46764,Open ended scheme,2.71,Murthy Nagarajan,0.14,74.86,1.0,14.4851,2026-09-25,0.0,2022-09-02,9.54,5000.0,478.3683868631,Tata Mutual Fund,Nifty Housing - TRI,3,2026-08-31,-3.2488,-2.6866,-3.1382,5.9285,,-3.319227894062373,"1% on or before 30D, Nil after 30D",Financials,,,,Unrated,,,Equity : Thematic,14.4851
Aditya Birla SL Multi-Asset Omni FOF-Reg(G),Growth,Aditya Birla SL Multi-Asset Omni FOF-Reg(G),312,NEQ,400004,48,1222,2279,Open ended scheme,1.25,Kartikeya Singh,0.18,,1.0,75.901,2026-09-25,0.0,2006-08-17,10.6,1000.0,477.57480000000004,Aditya Birla Sun Life Mutual Fund,NIFTY 500 - TRI,3,2026-08-31,-3.1985,2.0427,11.1402,15.4965,11.9909,1.8557205503171212,"1% on or before 365D, Nil after 365D",-,,,,Unrated,,,FoFs : Domestic,75.7666
Mahindra Manulife Banking & Financial Services Fund-Reg(G),Growth,Mahindra Manulife Banking & Financial Services Fund-Reg(G),330,EQ,400054,8,929,49983,Open ended scheme,2.84,Vishal Jajoo,0.28,,0.5,10.3855,2026-09-25,0.0,2025-07-18,3.23,1000.0,477.4218,Mahindra Manulife Mutual Fund,Nifty Financial Services - TRI,3,2026-08-31,-5.4678,-3.0036,4.5945,,,-2.440513653912997,"0.50% on or before 3M, Nil after 3M",Financials,,,,Unrated,,,Equity : Sectoral - Financial Services,10.3855
Capitalmind Flexi Cap Fund-Reg(G),Growth,Capitalmind Flexi Cap Fund-Reg(G),312,EQ,400067,50,1118,50096,Open ended scheme,3.23,Anoop Vijaykumar,0.49,14.0,1.0,10.266,2026-09-25,0.0,2025-08-04,2.32,5000.0,476.2793,Capitalmind Mutual Fund,NIFTY 500 - TRI,3,2026-08-31,-0.4171,4.5386,4.8418,,,0.47762596406060326,"1% on or before 1M, Nil after 1M",Healthcare,,,,Unrated,,,Equity : Flexi Cap,10.266
Mirae Asset Nifty SDL Jun 2027 Index Fund-Reg(G),Growth,Mirae Asset Nifty SDL Jun 2027 Index Fund-Reg(G),603,NEQ,400033,27,833,46134,Open ended scheme,0.38,Pranavi Kulkarni,-0.02,0.0,0.0,13.1918,2026-09-25,0.0,2022-03-30,6.36,5000.0,474.9236,Mirae Asset Mutual Fund,Nifty SDL Jun 2027 Index,3,2026-08-31,0.3179,1.248,5.9276,7.3235,,4.196516725247816,Nil,-,,,,Unrated,,,Debt : Medium to Long Duration,13.1918
Mirae Asset Nifty 1D Rate Liquid ETF(IDCW),IDCW,Mirae Asset Nifty 1D Rate Liquid ETF(IDCW),293,NEQ,400033,45,833,48119,Open ended scheme,0.36,Pranavi Kulkarni,0.0,0.0,,1000.0,2026-09-25,0.0,2023-07-27,5.75,5000.0,474.27279999999996,Mirae Asset Mutual Fund,Nifty 1D Rate Index,1,2026-08-31,0.3777,1.1791,4.8889,5.7138,,3.5055128047180224,null,-,,,,Unrated,,,Debt : ETFs,1000.0
Kotak NIFTY Midcap 150 Momentum 50 Index Fund-Reg(G),Growth,Kotak NIFTY Midcap 150 Momentum 50 Index Fund-Reg(G),646,EQ,400019,18,699,49180,Open ended scheme,1.49,Satish Dondapati,-0.32,121.2,0.0,9.32,2026-09-25,0.0,2024-10-08,-3.52,100.0,473.9433,Kotak Mahindra Mutual Fund,Nifty Midcap150 Momentum 50 - TRI,3,2026-08-31,-3.3696,-2.1111,3.3603,,,0.4743423889607642,NIL,Financials,,,,Unrated,,,Equity : Index Funds,9.32
HDFC NIFTY 100 Index Fund-Reg(G),Growth,HDFC NIFTY 100 Index Fund-Reg(G),314,EQ,400013,18,37,45996,Open ended scheme,0.81,Arun Agarwal,0.37,9.53,0.0,14.2023,2026-09-25,0.0,2022-02-23,7.97,100.0,473.62160000000006,HDFC Mutual Fund,NIFTY 100 - TRI,3,2026-08-31,-4.7011,-3.0639,-4.6563,7.7275,,-8.61104855056144,Nil,Financials,,,,Unrated,,,Equity : Index Funds,14.2023
Invesco India - Invesco EQQQ NASDAQ-100 ETF FoF-Reg(G),Growth,Invesco India - Invesco EQQQ NASDAQ-100 ETF FoF-Reg(G),535,NEQ,400021,49,564,45943,Open ended scheme,0.69,Abhisek Bahinipati,0.81,,0.0,27.1036,2026-09-25,0.0,2022-04-21,25.22,1000.0,468.6825,Invesco Mutual Fund,Nasdaq-100 - TRI,5,2026-08-31,4.9685,5.4512,34.5626,33.2151,,27.046536918288517,Nil,-,,,,Unrated,,,FoFs : Overseas,27.1036
Kotak CRISIL-IBX AAA Financial Services Index - Sep 2027 Fund-Reg(G),Growth,Kotak CRISIL-IBX AAA Financial Services Index - Sep 2027 Fund-Reg(G),754,NEQ,400019,27,8,49109,Open ended scheme,0.35,Abhishek Bisen,-0.03,0.0,0.25,11.564,2026-09-25,0.0,2024-09-13,7.41,100.0,467.92269999999996,Kotak Mahindra Mutual Fund,CRISIL IBX AAA Financial Services Index - Sep 2027,3,2026-08-31,0.4247,1.4778,5.8344,,,4.180180180180184,"0.25% on or before 30D, Nil after 30D",-,,,,Unrated,,,Debt : Medium to Long Duration,11.564
PGIM India Multi Cap Fund-Reg(G),Growth,PGIM India Multi Cap Fund-Reg(G),534,EQ,400044,3,880,48968,Open ended scheme,2.56,Sharma Vivek,-0.09,27.0,0.5,10.59,2026-09-25,0.0,2024-09-10,2.85,5000.0,467.8465,PGIM India Mutual Fund,Nifty500 Multicap 50:25:25 - TRI,3,2026-08-31,-2.2161,3.9254,6.4322,,,6.754032258064516,"0.50% on or before 90D, Nil after 90D",Financials,,,,Unrated,,,Equity : Multi Cap,10.59
ICICI Pru Nifty IT Index Fund-Reg(G),Growth,ICICI Pru Nifty IT Index Fund-Reg(G),310,EQ,400015,18,763,46707,Open ended scheme,1.05,Nishit Patel,-0.17,48.0,0.0,9.7899,2026-09-25,0.0,2022-08-18,-0.52,1000.0,467.6492834512,ICICI Prudential Mutual Fund,NIFTY IT - TRI,3,2026-08-31,-8.5415,3.0917,-17.4475,-3.6353,,-25.123329789593647,Nil,Technology,,,,Unrated,,,Equity : Index Funds,9.7899
HDFC Nifty LargeMidcap 250 Index Fund-Reg(G),Growth,HDFC Nifty LargeMidcap 250 Index Fund-Reg(G),366,EQ,400013,18,37,48969,Open ended scheme,0.71,Arun Agarwal,0.11,28.07,0.0,9.7994,2026-09-25,0.0,2024-10-09,-1.02,100.0,466.18120000000005,HDFC Mutual Fund,NIFTY LargeMidcap 250 - TRI,3,2026-08-31,-4.6844,-2.1996,0.0143,,,-4.021547502448584,NIL,Financials,,,,Unrated,,,Equity : Index Funds,9.7994
Groww Gold ETF,Growth,Groww Gold ETF,65,NEQ,400048,56,1055,49188,Open ended scheme,0.71,Wilfred Gonsalves,0.83,36.0,,14.7045,2026-09-25,0.0,2024-10-22,39.09,500.0,465.192725025,Groww Mutual Fund,Gold-India,3,2026-08-31,-6.0679,7.8122,32.1546,,,-88.68039999076234,null,-,,,,Unrated,,,Metal : ETFs,14.7045
JM Large & Mid Cap Fund-Reg(G),Growth,JM Large & Mid Cap Fund-Reg(G),366,EQ,400017,2,44,49975,Open ended scheme,2.68,Asit Bhandarkar,0.19,67.15,1.0,10.4797,2026-09-25,0.0,2025-07-25,4.09,1000.0,464.46331735,JM Financial Mutual Fund,NIFTY LargeMidcap 250 - TRI,3,2026-08-31,-3.8074,1.641,3.0858,,,0.8633301251202963,"1% on or before 180D, Nil after 180D",Financials,,,,Unrated,,,Equity : Large & Mid Cap,10.4797
Bank of India Business Cycle Fund-Reg(G),Growth,Bank of India Business Cycle Fund-Reg(G),312,EQ,400034,13,14,48964,Open ended scheme,2.64,Alok Singh,0.42,57.0,0.0,9.61,2026-09-25,0.0,2024-08-30,-1.9,5000.0,463.159,Bank of India Mutual Fund,NIFTY 500 - TRI,3,2026-08-31,-2.4365,3.0011,3.6677,,,7.015590200445423,"Nil upto 10% of units and 1% for remaining units on or before 3M, Nil after 3M",Financials,,,,Unrated,,,Equity : Thematic,9.61
ITI ELSS Tax Saver Fund-Reg(G),Growth,ITI ELSS Tax Saver Fund-Reg(G),312,EQ,400056,6,718,44014,Open ended scheme,2.57,Alok Ranjan,0.67,51.0,0.0,25.1069,2026-09-25,3.0,2019-10-18,14.18,500.0,462.8742,ITI Mutual Fund,NIFTY 500 - TRI,3,2026-08-31,-2.2313,1.0847,2.7952,15.3049,10.9677,2.414440138690593,Nil,Financials,,,,Unrated,,,Equity : Tax Saving (ELSS),25.1069
Edelweiss ELSS Tax saver Fund-Reg(G),Growth,Edelweiss ELSS Tax saver Fund-Reg(G),312,EQ,400035,6,793,7545,Open ended scheme,2.54,Ashwani Agarwalla,-0.01,27.0,0.0,111.88,2026-09-25,3.0,2008-12-30,14.58,500.0,462.32660000000004,Edelweiss Mutual Fund,NIFTY 500 - TRI,3,2026-08-31,-5.1704,-1.1486,2.3417,11.3788,9.4274,-3.560037927764856,Nil,Financials,,,,3,,,Equity : Tax Saving (ELSS),111.88
Union Focused Fund-Reg(G),Growth,Union Focused Fund-Reg(G),379,EQ,400045,51,695,22068,Open ended scheme,2.56,Pratik Dharmshi,0.07,38.0,1.0,27.05,2026-09-25,0.0,2019-08-05,14.94,1000.0,462.18379999999996,Union Mutual Fund,BSE 500 - TRI,3,2026-08-31,-3.8051,0.2595,4.2791,10.3042,8.0141,7.854864433811811,"1% on or before 15D, Nil after 15D",Financials,,,,Unrated,,,Equity : Focused,27.05
LIC MF Consumption Fund-Reg(G),Growth,LIC MF Consumption Fund-Reg(G),323,EQ,400020,14,420,50393,Open ended scheme,2.69,Sumit Bhatnagar,-0.04,,0.0,9.4935,2026-09-25,0.0,2025-11-21,-5.07,5000.0,460.7349,LIC Mutual Fund,Nifty India Consumption - TRI,3,2026-08-31,-4.969,-1.2041,,,,-4.667463322052964,"Nil upto 12% of units and 1% for remaining units on or before 90D, Nil after 90D",Retail and Other Services,,,,Unrated,,,Equity : Thematic - Consumption,9.4935
Baroda BNP Paribas Banking and Fin Serv Fund-Reg(G),Growth,Baroda BNP Paribas Banking and Fin Serv Fund-Reg(G),330,EQ,400001,8,821,16955,Open ended scheme,2.68,Silky Jain,0.04,66.0,1.0,47.7921,2026-09-25,0.0,2012-06-22,11.59,5000.0,459.6597,Baroda BNP Paribas Mutual Fund,Nifty Financial Services - TRI,3,2026-08-31,-5.6108,-2.1157,1.4096,12.01,9.6402,-4.3628170006183415,"1% on or before 30D, Nil after 30D",Financials,,,,Unrated,,,Equity : Sectoral - Financial Services,47.7921
HSBC Credit Risk Fund-Reg(G),Growth,HSBC Credit Risk Fund-Reg(G),451,NEQ,400014,35,303,8016,Open ended scheme,1.66,Shriram Ramanathan,-0.05,0.0,0.0,34.5543,2026-09-25,0.0,2009-10-08,7.58,5000.0,456.9194,HSBC Mutual Fund,NIFTY Credit Risk Bond Index,3,2026-08-31,0.1304,1.1528,5.6161,10.8152,8.5651,4.069812968707631,"NIL upto 10% of units and 1% for remaining units on or before 1Y, Nil after 1Y",-,,,,3,,,Debt : Credit Risk,34.5543
UTI BSE Low Volatility Index Fund-Reg(G),Growth,UTI BSE Low Volatility Index Fund-Reg(G),468,EQ,400032,18,620,46409,Open ended scheme,0.95,Sharwan Kumar Goyal,0.15,51.0,0.0,15.2625,2026-09-25,0.0,2022-03-03,9.7,1000.0,452.64029999999997,UTI Mutual Fund,BSE Low Volatility Index - TRI,3,2026-08-31,-4.903,-4.7653,-7.2583,6.344,,-10.716374953201054,Nil,FMCG,,,,Unrated,,,Equity : Index Funds,15.2625
Sundaram Ultra Short to Short Term Fund(G),Growth,Sundaram Ultra Short to Short Term Fund(G),435,NEQ,400029,23,450,2343,Open ended scheme,1.14,Sandeep Agarwal,-0.02,0.0,0.0,3694.0175,2026-09-25,0.0,2004-09-14,6.11,1000.0,446.35418813418,Sundaram Mutual Fund,NIFTY Low Duration Debt Index,3,2026-08-31,0.3905,1.327,5.2062,6.502,5.8301,3.7515996249793377,Nil,-,,,,2,,,Debt : Low Duration,3694.0175
LIC MF ULIS,IDCW,LIC MF ULIS,301,EQ,400020,54,1257,2154,Open ended scheme,2.75,Siddharth Panjwani,0.16,46.0,0.0,36.2458,2026-09-25,0.0,1989-06-19,9.17,10000.0,445.8024,LIC Mutual Fund,CRISIL Hybrid 35+65 - Aggressive Index,3,2026-08-31,-2.2492,0.1188,-0.4903,6.707,5.7496,-0.524764843626332,Nil,Healthcare,,,,3,,,Hybrid : Aggressive Hybrid,36.2458
Motilal Oswal Contra Fund-Reg(G),Growth,Motilal Oswal Contra Fund-Reg(G),312,EQ,400042,17,1069,49501,Open ended scheme,4.09,Bhalchandra Shinde,-0.54,44.0,1.0,10.5192,2026-09-25,0.0,2026-05-29,5.19,500.0,445.63550000000004,Motilal Oswal Mutual Fund,NIFTY 500 - TRI,3,2026-08-31,1.1773,2.2165,,,,,"1% on or before 365D, Nil after 365D",Financials,,,,Unrated,,,Equity : Value / Contra,10.5192
DSP Nifty Bank ETF,Growth,DSP Nifty Bank ETF,311,EQ,400009,44,597,46468,Open ended scheme,0.32,Anil Ghelani,0.26,39.0,,56.9779,2026-09-25,0.0,2023-01-03,7.56,5000.0,445.39209999999997,DSP Mutual Fund,NIFTY BANK - TRI,3,2026-08-31,-3.3719,-4.3168,1.543,8.1024,,-6.250575877637525,null,Financials,,,,Unrated,,,Equity : ETFs,56.9779
Bank of India Money Market Fund-Reg(G),Growth,Bank of India Money Market Fund-Reg(G),420,NEQ,400034,24,814,49468,Open ended scheme,0.55,Mithraem Bharucha,-0.01,0.0,0.0,11.1228,2026-09-25,0.0,2025-02-04,6.71,5000.0,442.63919999999996,Bank of India Mutual Fund,CRISIL Money Market Index,3,2026-08-31,0.5269,1.618,6.1924,,,4.596577017114909,NIL,-,,,,Unrated,,,Debt : Money Market,11.1228
Taurus Ethical Fund-Reg(G),Growth,Taurus Ethical Fund-Reg(G),307,EQ,400031,3,911,7615,Open ended scheme,2.74,Anuj Kapil,0.29,82.0,1.0,122.68,2026-09-25,0.0,2009-04-06,15.42,500.0,441.654,Taurus Mutual Fund,BSE 500 Shariah - TRI,3,2026-08-31,-5.1712,-1.5725,-1.9031,7.512,7.1391,-5.075827917053545,"1% on or before 365D, Nil after 365D",Technology,,,,Unrated,,,Equity : Multi Cap,122.68
SBI FMP-81-1157D-Reg(G),Growth,SBI FMP-81-1157D-Reg(G),417,NEQ,400027,36,583,47876,Close ended scheme,,Ranjana Gupta,0.01,,,12.4317,2026-06-01,0.0,2023-03-31,7.1,5000.0,437.63480000000004,SBI Mutual Fund,CRISIL Medium Duration Debt Index,3,2026-05-31,0.4338,1.2956,5.7018,6.9144,,2.193195176285871,null,-,,,,Unrated,,,Debt : FTP/FMP,12.4317
Union Largecap Fund-Reg(G),Growth,Union Largecap Fund-Reg(G),300,EQ,400045,1,695,33066,Open ended scheme,2.56,Pratik Dharmshi,0.22,31.0,1.0,22.42,2026-09-25,0.0,2017-05-11,8.99,1000.0,437.2657,Union Mutual Fund,BSE 100 - TRI,3,2026-08-31,-4.5957,-2.7754,-4.7579,6.4755,5.7716,-6.310071040534885,"1% on or before 15D, Nil after 15D",Financials,,,,3,,,Equity : Large Cap,22.42
Abakkus Large & Mid Cap Fund-Reg(G),Growth,Abakkus Large & Mid Cap Fund-Reg(G),366,EQ,400075,2,714,50968,Open ended scheme,2.44,Pratish Krishnan,0.03,,1.0,9.651,2026-09-25,0.0,2026-08-04,-3.49,500.0,437.1563,Abakkus Mutual Fund,NIFTY LargeMidcap 250 - TRI,3,2026-08-31,-4.237,,,,,,"1% on or before 6M, NIL after 6M",Financials,,,,Unrated,,,Equity : Large & Mid Cap,9.651
Nippon India MNC Fund-Reg(G),Growth,Nippon India MNC Fund-Reg(G),316,EQ,400025,16,631,49503,Open ended scheme,2.54,Dhrumil Shah,0.23,27.0,1.0,10.3872,2026-09-25,0.0,2025-07-22,3.28,500.0,435.282677424,Nippon India Mutual Fund,NIFTY MNC - TRI,3,2026-08-31,-5.2954,-2.386,-1.7787,,,-3.943182658874004,"1% on or before 1Y, Nil after 1Y",Automobile and Ancillaries,,,,Unrated,,,Equity : Thematic - MNC,10.3872
DSP Nifty Midcap 150 Quality 50 Index Fund-Reg(G),Growth,DSP Nifty Midcap 150 Quality 50 Index Fund-Reg(G),556,EQ,400009,18,597,46467,Open ended scheme,1.13,Anil Ghelani,0.22,49.0,0.0,14.0236,2026-09-25,0.0,2022-08-04,8.5,100.0,433.9602,DSP Mutual Fund,NIFTY Midcap150 Quality 50 - TRI,3,2026-08-31,-4.9621,-2.7038,-3.0535,7.5505,,-2.2963520329961207,Nil,Financials,,,,Unrated,,,Equity : Index Funds,14.0236
Quant PSU Fund-Reg(G),Growth,Quant PSU Fund-Reg(G),322,EQ,400010,13,791,48341,Open ended scheme,3.57,Sandeep Tandon,0.17,753.0,1.0,10.3431,2026-09-25,0.0,2024-02-20,1.31,5000.0,430.9792,Quant Mutual Fund,NIFTY PSE - TRI,3,2026-08-31,-2.0836,-2.7228,2.9492,,,0.21509752056506481,"1% on or before 15D, Nil after 15D",Energy,,,,Unrated,,,Equity : Thematic,10.3431
Baroda BNP Paribas Short Term Fund-Reg(G),Growth,Baroda BNP Paribas Short Term Fund-Reg(G),728,NEQ,400001,25,141,8374,Open ended scheme,1.04,Prashant Pimple,-0.06,0.0,0.0,31.0471,2026-09-25,0.0,2010-06-30,7.22,5000.0,430.51,Baroda BNP Paribas Mutual Fund,CRISIL Short Duration Debt Index,3,2026-08-31,0.2224,0.9747,4.6918,6.6938,5.792,3.2923563170589683,Nil,-,,,,2,,,Debt : Short Duration,31.0471
Bandhan Medium to Long Term Fund-Reg(G),Growth,Bandhan Medium to Long Term Fund-Reg(G),437,NEQ,400028,28,200,1090,Open ended scheme,2.01,Suyash Choudhary,-0.05,0.0,1.0,67.8796,2026-09-25,0.0,2000-07-14,7.58,1000.0,428.75881095299997,Bandhan Mutual Fund,NIFTY Medium to Long Duration Debt Index,1,2026-08-31,-0.0487,-0.0166,4.8458,5.758,4.5524,4.0568299577515745,"Nil for 10% of investment and 1% for remaining investment on or before 365D, Nil after 365D",-,,,,Unrated,,,Debt : Long Duration,67.8796
Quant Healthcare Fund-Reg(G),Growth,Quant Healthcare Fund-Reg(G),544,EQ,400010,7,791,48035,Open ended scheme,3.12,Sandeep Tandon,-0.39,475.0,1.0,18.3263,2026-09-25,0.0,2023-07-17,20.88,5000.0,428.29519999999997,Quant Mutual Fund,Nifty Healthcare Index - TRI,3,2026-08-31,1.2111,9.4931,19.1404,20.077,,22.398915352043065,"1% on or before 15D, Nil after 15D",Healthcare,,,,Unrated,,,Equity : Sectoral - Pharma,18.3263
Mirae Asset Nifty 200 Alpha 30 ETF,Growth,Mirae Asset Nifty 200 Alpha 30 ETF,636,EQ,400033,44,760,48243,Open ended scheme,0.77,Ekta Gala,-0.22,,,25.9809,2026-09-25,0.0,2023-10-20,15.35,5000.0,424.7718,Mirae Asset Mutual Fund,Nifty200 Alpha 30 - TRI,3,2026-08-31,-4.6481,-0.563,5.1152,,,4.055959180077053,null,Financials,,,,Unrated,,,Equity : ETFs,25.9809
Qsif Equity Ex-Top 100 Long-Short Fund-Reg(G),Growth,Qsif Equity Ex-Top 100 Long-Short Fund-Reg(G),312,EQ,400069,58,791,75018,Open ended scheme,4.14,Sandeep Tandon,0.1,107.0,1.0,11.4568,2026-09-25,0.0,2025-11-12,14.57,1000000.0,419.9892,Quant QSIF,NIFTY 500 - TRI,3,2026-07-31,0.6501,9.1103,,,,16.395407904094274,"1% on or before 15D, Nil after 15D",Miscellaneous,,,,Unrated,,,Hybrid : Long - Short,11.4568
UTI Gilt Fund-Reg(G),Growth,UTI Gilt Fund-Reg(G),422,NEQ,400032,29,600,3560,Open ended scheme,1.01,Pankaj Pathak,-0.1,0.0,0.0,65.6883,2026-09-25,0.0,2002-01-21,7.92,500.0,419.5111,UTI Mutual Fund,CRISIL Dynamic Gilt Index,3,2026-08-31,-0.4007,0.1425,4.7071,6.2823,5.4114,3.520480849239767,Nil,-,,,,2,,,Debt : Gilt,65.6883
ICICI Pru Global Advantage Fund(FOF)(G),Growth,ICICI Pru Global Advantage Fund(FOF)(G),63,NEQ,400015,49,862,43240,Open ended scheme,1.34,Sharmila Dsilva,0.26,,1.0,22.0779,2026-09-25,0.0,2019-10-07,12.03,100.0,415.6377483152,ICICI Prudential Mutual Fund,S&P Global 1200,5,2026-08-31,-2.6208,2.3542,14.8778,19.8909,9.8478,11.163218019455122,"1% on or before 1M, Nil after 1M",-,,,,Unrated,,,FoFs : Overseas,22.0211
Bandhan CRISIL IBX Gilt April 2032 Index Fund-Reg(G),Growth,Bandhan CRISIL IBX Gilt April 2032 Index Fund-Reg(G),686,NEQ,400028,28,317,47601,Open ended scheme,0.46,Gautam Kaul,-0.05,0.0,0.0,12.9066,2026-09-25,0.0,2023-02-15,7.32,1000.0,413.776528307,Bandhan Mutual Fund,CRISIL IBX Gilt Index - April 2032,3,2026-08-31,-1.3559,-0.4151,3.6891,7.0439,,2.622288658482275,Nil,-,,,,Unrated,,,Debt : Long Duration,12.9066
SBI FMP-44-1855D-Reg(G),Growth,SBI FMP-44-1855D-Reg(G),418,NEQ,400027,36,583,45552,Close ended scheme,,Ranjana Gupta,0.01,,,13.4565,2026-06-30,0.0,2021-06-02,6.02,5000.0,412.30330000000004,SBI Mutual Fund,CRISIL Medium to Long Term Debt Index,3,2026-06-30,0.4389,1.3329,5.4775,6.9821,6.0326,2.6156251191520186,null,-,,,,Unrated,,,Debt : FTP/FMP,13.4565
Union Overnight Fund-Reg(G),Growth,Union Overnight Fund-Reg(G),500,NEQ,400045,20,688,43213,Open ended scheme,0.24,Tarun Singh,0.01,0.0,0.0,1442.6963,2026-09-26,0.0,2019-03-27,5.0,5000.0,411.3474,Union Mutual Fund,CRISIL Liquid Overnight Index,1,2026-08-31,0.4049,1.2492,5.1598,5.9493,5.6142,3.7326298449758757,Nil,-,,,,3,,,Debt : Overnight,1442.6963
Bandhan Equity Savings Fund-Reg(G),Growth,Bandhan Equity Savings Fund-Reg(G),42,EQ,400028,55,1107,5300,Open ended scheme,1.57,Kapil Kankonkar,0.13,669.0,0.0,32.354,2026-09-25,0.0,2008-06-09,6.62,1000.0,409.385478537516,Bandhan Mutual Fund,CRISIL Liquid Debt Index,3,2026-08-31,-0.8853,0.3847,3.0448,6.0973,5.5323,1.258137205808705,"Nil upto 10% of investments and 0.25% for remaining investment on or before 7D, Nil after 7D",Financials,,,,Unrated,,,Hybrid : Equity Savings,32.354
Navi Nifty Midcap 150 Index Fund-Reg(G),Growth,Navi Nifty Midcap 150 Index Fund-Reg(G),349,EQ,400041,18,959,45861,Open ended scheme,1.1,Ashutosh Shirwaikar,-0.15,27.0,0.0,20.4617,2026-09-25,0.0,2022-03-11,17.06,100.0,407.97707799999995,Navi Mutual Fund,Nifty Midcap 150 - TRI,3,2026-08-31,-4.6994,-1.4497,4.2815,13.4232,,0.39004621679700646,Nil,Financials,,,,Unrated,,,Equity : Index Funds,20.4617
Kotak Quality Overseas Equity Active FOF-Reg(G),Growth,Kotak Quality Overseas Equity Active FOF-Reg(G),57,NEQ,400019,49,679,50746,Open ended scheme,1.12,Arjun Khanna,0.43,,1.0,11.582,2026-09-25,0.0,2026-03-25,15.82,1000.0,407.7771,Kotak Mahindra Mutual Fund,MSCI World,3,2026-08-31,-0.0863,8.7512,,,,,"1% on or before 90D, NIL after 90D",-,,,,Unrated,,,FoFs : Overseas,11.532
Bajaj Finserv Healthcare Fund-Reg(G),Growth,Bajaj Finserv Healthcare Fund-Reg(G),391,EQ,400060,7,1040,49421,Open ended scheme,2.59,Vinay Bafna,-0.3,80.0,1.0,11.8,2026-09-25,0.0,2024-12-27,9.95,500.0,405.9106,Bajaj Finserv Mutual Fund,BSE Health Care - TRI,3,2026-08-31,0.4512,9.3909,21.9134,,,22.47016087182149,"1% on or before 3M, Nil after 3M",Healthcare,,,,Unrated,,,Equity : Sectoral - Pharma,11.8
Aditya Birla SL CRISIL IBX 50:50 Gilt Plus SDL Apr 2028 Index Fund-Reg(G),Growth,Aditya Birla SL CRISIL IBX 50:50 Gilt Plus SDL Apr 2028 Index Fund-Reg(G),596,NEQ,400004,27,586,46897,Open ended scheme,0.35,Mohit Sharma,-0.03,0.0,0.0,13.2951,2026-09-25,0.0,2022-10-13,7.47,500.0,405.4457,Aditya Birla Sun Life Mutual Fund,CRISIL IBX 50:50 Gilt Plus SDL Index - April 2028,3,2026-08-31,0.1039,1.0489,5.1295,7.2231,,3.26932935638719,Nil,-,,,,Unrated,,,Debt : Medium to Long Duration,13.2951
Baroda BNP Paribas Retirement Fund-Reg(G),Growth,Baroda BNP Paribas Retirement Fund-Reg(G),301,EQ,400001,54,821,48794,Open ended scheme,2.6,Silky Jain,0.02,44.0,0.0,11.4037,2026-09-25,5.0,2024-05-28,5.8,1000.0,404.85,Baroda BNP Paribas Mutual Fund,CRISIL Hybrid 35+65 - Aggressive Index,3,2026-08-31,-3.365,-0.3469,2.7027,,,-1.3418347925390104,Nil,Financials,,,,Unrated,,,Hybrid : Aggressive Hybrid,11.4037
Bajaj Finserv Nifty Bank ETF,Growth,Bajaj Finserv Nifty Bank ETF,311,EQ,400060,44,961,48462,Open ended scheme,0.16,Ilesh Savla,0.26,24.0,,56.5754,2026-09-25,0.0,2024-01-19,8.27,500.0,404.60339999999997,Bajaj Finserv Mutual Fund,NIFTY BANK - TRI,1,2026-08-31,-3.371,-4.3176,1.5667,,,-6.242397526109417,null,Financials,,,,Unrated,,,Equity : ETFs,56.5754
JioBlackRock Nifty Smallcap 250 Index Fund-Reg(G),Growth,JioBlackRock Nifty Smallcap 250 Index Fund-Reg(G),350,EQ,400066,18,1123,51176,Open ended scheme,0.85,Anand Shah,0.02,43.21,,9.8937,2026-09-25,0.0,2026-08-17,-1.06,500.0,404.176378241,Jio BlackRock Mutual Fund,Nifty Smallcap 250 - TRI,3,2026-08-31,-1.0482,,,,,,null,Financials,,,,Unrated,,,Equity : Index Funds,9.8937
UTI Dynamic Term Fund-Reg(G),Growth,UTI Dynamic Term Fund-Reg(G),419,NEQ,400032,31,600,11896,Open ended scheme,1.69,Pankaj Pathak,-0.08,0.0,0.0,32.4899,2026-09-25,0.0,2010-06-23,7.51,500.0,401.13660000000004,UTI Mutual Fund,CRISIL Dynamic Bond Index,3,2026-08-31,0.0376,0.7139,4.4483,6.3737,7.7097,3.1900398596179205,NIL,-,,,,2,,,Debt : Dynamic Bond,32.4899
Samco Multi Asset Allocation Fund-Reg(G),Growth,Samco Multi Asset Allocation Fund-Reg(G),154,NEQ,400059,42,949,49316,Open ended scheme,4.17,Umeshkumar Mehta,0.41,1155.0,0.0,12.11,2026-09-25,0.0,2024-12-24,11.54,5000.0,400.19699999999995,Samco Mutual Fund,NIFTY 50 - TRI,3,2026-08-31,-1.7843,-0.1649,3.8593,,,1.7721518987341847,"Nil upto 10% of units and 1% for remaining units on or before 12M, Nil after 12M",Capital Goods,,,,Unrated,,,Hybrid : Multi Asset Allocation,12.06
Union Value Fund-Reg(G),Growth,Union Value Fund-Reg(G),379,EQ,400045,17,920,41740,Open ended scheme,2.73,Vinod Malviya,0.39,58.0,1.0,27.99,2026-09-25,0.0,2018-12-05,14.08,1000.0,398.9314,Union Mutual Fund,BSE 500 - TRI,3,2026-08-31,-4.111,-2.8799,-0.3915,10.6413,10.7495,-3.880494505494514,"1% on or before 15D, Nil after 15D",Financials,,,,3,,,Equity : Value / Contra,27.99
Motilal Oswal Nifty 500 Momentum 50 ETF,Growth,Motilal Oswal Nifty 500 Momentum 50 ETF,767,EQ,400042,44,549,49151,Open ended scheme,1.07,Swapnil P Mayekar,-0.04,165.0,,53.4093,2026-09-25,0.0,2024-09-24,-8.75,500.0,397.838,Motilal Oswal Mutual Fund,Nifty500 Momentum 50 - TRI,3,2026-08-31,-2.5168,-0.5489,4.4585,,,2.4739111164833405,null,Financials,,,,Unrated,,,Equity : ETFs,53.4093
Old Bridge Flexi Cap Fund-Reg(G),Growth,Old Bridge Flexi Cap Fund-Reg(G),379,EQ,400063,50,92,50499,Open ended scheme,3.04,Kenneth Andrade,0.18,,1.0,11.16,2026-09-25,0.0,2026-03-02,11.6,5000.0,396.9711,Old Bridge Mutual Fund,BSE 500 - TRI,3,2026-08-31,-2.9565,1.4545,,,,,"1% on or before 365D, Nil after 365D",Financials,,,,Unrated,,,Equity : Flexi Cap,11.16
Mirae Asset Nifty Financial Services ETF,Growth,Mirae Asset Nifty Financial Services ETF,330,EQ,400033,44,760,45669,Open ended scheme,0.2,Ekta Gala,0.56,,,26.1162,2026-09-25,0.0,2021-07-30,9.35,5000.0,396.50129999999996,Mirae Asset Mutual Fund,Nifty Financial Services - TRI,3,2026-08-31,-4.3814,-6.0,-3.7091,9.0024,6.9961,-8.425260352747289,null,Financials,,,,Unrated,,,Equity : ETFs,26.1162
Invesco India ESG Integration Strategy Fund-Reg(G),Growth,Invesco India ESG Integration Strategy Fund-Reg(G),427,EQ,400021,13,478,45348,Open ended scheme,2.58,Taher Badshah,0.3,45.0,0.0,16.7,2026-09-25,0.0,2021-03-20,9.73,1000.0,394.91290000000004,Invesco Mutual Fund,NIFTY100 ESG - TRI,3,2026-08-31,-4.298,0.9063,-3.2445,7.5005,4.795,-3.579676674364902,"Nil upto 10% of units and 1% for remaining units on or before 1Y, Nil after 1Y",Financials,,,,Unrated,,,Equity : Thematic,16.7
HSBC Gold ETF FOF-Reg(G),Growth,HSBC Gold ETF FOF-Reg(G),65,NEQ,400014,48,1003,50789,Open ended scheme,0.44,Dipan Parikh,0.26,2.0,1.0,10.2945,2026-09-25,0.0,2026-03-30,2.94,5000.0,394.6854,HSBC Mutual Fund,Gold-India,3,2026-08-31,-6.3251,6.8193,,,,,"1% on or before 15D, Nil after 15D",-,,,,Unrated,,,FoFs : Domestic,10.2682
Axis Credit Risk Fund-Reg(G),Growth,Axis Credit Risk Fund-Reg(G),727,NEQ,400040,35,298,23018,Open ended scheme,1.61,Devang Shah,-0.03,0.0,0.0,23.4055,2026-09-25,0.0,2014-07-15,7.22,5000.0,394.5843,Axis Mutual Fund,CRISIL Credit Risk Debt Index,3,2026-08-31,0.0316,1.3322,7.2761,7.8949,6.7775,5.145057097420503,"NIL for 10% of investments and 1% for remaining investments on or before 1M, NIL after 1M",-,,,,4,,,Debt : Credit Risk,23.4055
JM Large Cap Fund-Reg(G),Growth,JM Large Cap Fund-Reg(G),300,EQ,400017,1,1159,1858,Open ended scheme,2.67,Deepak Gupta.,0.33,42.97,1.0,149.8019,2026-09-25,0.0,1995-04-01,8.97,1000.0,393.721776083,JM Financial Mutual Fund,BSE 100 - TRI,3,2026-08-31,-4.6401,-0.8372,-2.0157,8.876,8.6744,-5.70158265736872,"1% on or before 30D, Nil after 30D",Financials,,,,Unrated,,,Equity : Large Cap,149.8019
Bandhan CRISIL IBX 90:10 SDL Plus Gilt - April 2032 Index Fund-Reg(G),Growth,Bandhan CRISIL IBX 90:10 SDL Plus Gilt - April 2032 Index Fund-Reg(G),665,NEQ,400028,28,317,46814,Open ended scheme,0.27,Gautam Kaul,-0.07,0.0,0.0,13.066,2026-09-25,0.0,2022-11-29,7.24,1000.0,392.418527194,Bandhan Mutual Fund,CRISIL IBX 90:10 SDL Plus Gilt Index - April 2032,3,2026-08-31,-1.0137,0.1234,4.4077,6.9238,,3.292620261670429,Nil,-,,,,Unrated,,,Debt : Long Duration,13.066
HSBC Nifty 50 Index Fund-Reg(G),Growth,HSBC Nifty 50 Index Fund-Reg(G),154,EQ,400014,18,518,44938,Open ended scheme,0.39,Praveen Ayathan,0.33,10.0,1.0,26.9009,2026-09-25,0.0,2020-04-15,16.58,5000.0,392.17330000000004,HSBC Mutual Fund,NIFTY 50 - TRI,3,2026-08-31,-4.9136,-3.5769,-6.3261,6.3227,6.0554,-10.808696026975326,"Nil upto 10% of units and 1% for remaining units on or before 1M, Nil after 1M",Financials,,,,Unrated,,,Equity : Index Funds,26.9009
LIC MF Midcap Fund-Reg(G),Growth,LIC MF Midcap Fund-Reg(G),349,EQ,400020,4,1255,36348,Open ended scheme,2.87,Manoj Bajpai,-0.29,64.0,0.0,30.319,2026-09-25,0.0,2017-01-25,12.15,5000.0,392.12489999999997,LIC Mutual Fund,Nifty Midcap 150 - TRI,3,2026-08-31,-4.1163,0.2533,4.8067,14.6675,11.4526,3.7966449845943107,"Nil upto 12% of units and 1% for remaining units on or before 12M, Nil after 12M",Capital Goods,,,,2,,,Equity : Mid Cap,30.319
Franklin India Ultra Short to Short Term Fund-Reg(G),Growth,Franklin India Ultra Short to Short Term Fund-Reg(G),435,NEQ,400012,23,539,49676,Open ended scheme,0.72,Chandni Gupta,-0.05,0.0,0.0,11.0698,2026-09-25,0.0,2025-03-06,6.75,5000.0,392.10351617,Franklin Templeton Mutual Fund,NIFTY Low Duration Debt Index,3,2026-08-31,0.41,1.3245,5.9291,,,4.268786617184416,Nil,-,,,,Unrated,,,Debt : Low Duration,11.0698
Groww Multi Asset Allocation Fund-Reg(G),Growth,Groww Multi Asset Allocation Fund-Reg(G),312,NEQ,400048,42,935,50195,Open ended scheme,2.68,Paras Matalia,0.14,392.0,1.0,10.0389,2026-09-25,0.0,2025-09-30,0.39,500.0,389.90875627300005,Groww Mutual Fund,NIFTY 500 - TRI,3,2026-08-31,-3.8999,-0.0826,,,,-2.9598553904747216,"1% on or before 30D, Nil after 30D",Financials,,,,Unrated,,,Hybrid : Multi Asset Allocation,10.0389
SBI BSE PSU Bank ETF,Growth,SBI BSE PSU Bank ETF,788,EQ,400027,44,1000,49725,Open ended scheme,0.26,Viral Chhadva,0.25,100.0,,48.2137,2026-09-25,0.0,2025-03-24,20.33,5000.0,388.7215,SBI Mutual Fund,BSE PSU Bank - TRI,1,2026-08-31,-3.3484,-3.7712,12.2559,,,-2.9006726547710167,null,Financials,,,,Unrated,,,Equity : ETFs,48.2137
ITI Banking & Financial Services Fund-Reg(G),Growth,ITI Banking & Financial Services Fund-Reg(G),330,EQ,400056,8,930,45720,Open ended scheme,2.82,Nilay Dalal,0.04,178.0,0.5,15.3822,2026-09-25,0.0,2021-12-06,9.37,5000.0,388.1771,ITI Mutual Fund,Nifty Financial Services - TRI,3,2026-08-31,-5.1489,-4.28,3.5845,9.16,,-4.882573368456213,"0.50% on or before 3M, NIL after 3M",Financials,,,,Unrated,,,Equity : Sectoral - Financial Services,15.3822
Tata BSE Sensex Index Fund-Reg(G),Growth,Tata BSE Sensex Index Fund-Reg(G),174,EQ,400030,18,1116,3249,Open ended scheme,0.58,Nitin Sharma,0.43,10.2,0.25,186.4322,2026-09-25,0.0,2003-02-25,13.95,5000.0,387.14746878799997,Tata Mutual Fund,BSE SENSEX - TRI,3,2026-08-31,-4.8665,-3.9988,-8.5586,4.3451,4.8137,-12.985724799173253,"0.25% on or before 7D, Nil after 7D",Financials,,,,1,,,Equity : Index Funds,186.4322
Axis FMP-129-108D-Reg(G),Growth,Axis FMP-129-108D-Reg(G),367,NEQ,400040,36,752,48652,Close ended scheme,,Sachin Jain,0.01,,,10.2032,2026-06-11,0.0,2026-02-24,2.03,5000.0,385.4469,Axis Mutual Fund,CRISIL Ultra Short Term Debt Index,3,2026-05-31,0.5132,1.7704,,,,,null,-,,,,Unrated,,,Debt : FTP/FMP,10.2032
Taurus Flexi Cap Fund-Reg(G),Growth,Taurus Flexi Cap Fund-Reg(G),379,EQ,400031,50,911,3317,Open ended scheme,2.76,Anuj Kapil,0.17,91.0,1.0,243.42,2026-09-25,0.0,1994-01-29,10.26,500.0,382.2129,Taurus Mutual Fund,BSE 500 - TRI,3,2026-08-31,1.6622,8.757,8.9176,11.5912,10.1352,8.124194909607779,"1% on or before 365D, Nil after 365D",Financials,,,,1,,,Equity : Flexi Cap,243.42
Baroda BNP Paribas Ultra Short to Short Term Fund(G),Growth,Baroda BNP Paribas Ultra Short to Short Term Fund(G),368,NEQ,400001,23,527,205,Open ended scheme,1.05,Vikram Pamnani,-0.03,0.0,0.0,42.924,2026-09-25,0.0,2005-10-21,7.2,5000.0,381.8185,Baroda BNP Paribas Mutual Fund,CRISIL Low Duration Debt Index,3,2026-08-31,0.3718,1.3444,5.5391,6.5336,5.7981,4.032457428708542,Nil,-,,,,3,,,Debt : Low Duration,42.924
Groww Liquid Fund-Reg(G),Growth,Groww Liquid Fund-Reg(G),42,NEQ,400048,21,751,15502,Open ended scheme,0.21,Kaustubh Sule,0.02,0.0,0.007,2723.4238,2026-09-27,0.0,2011-10-25,6.94,500.0,381.39145536999996,Groww Mutual Fund,CRISIL Liquid Debt Index,1,2026-08-31,0.4962,1.5641,6.4145,6.8567,6.1699,4.771401342072292,"0.007% for Day 1, 0.0065% on Day 2, 0.0060% on Day 3, 0.0055% on Day 4, 0.0050% on Day 5, 0.0045% on Day 6, NIL on or after 7D",-,,,,4,,,Debt : Liquid,2722.9885
SBI LT Advantage Fund-V-Reg(G),Growth,SBI LT Advantage Fund-V-Reg(G),22,EQ,400027,6,418,38291,Close ended scheme,1.34,Nidhi Chawla,-0.14,29.0,,32.117,2026-09-25,3.0,2018-03-27,14.71,500.0,380.793,SBI Mutual Fund,BSE 500,3,2026-08-31,-1.4362,2.0592,1.8944,20.2435,14.6584,2.645969363132836,null,Financials,,,,Unrated,,,Equity : Tax Saving (ELSS),32.117
Bank of India Multi Asset Allocation Fund-Reg(G),Growth,Bank of India Multi Asset Allocation Fund-Reg(G),312,NEQ,400034,42,814,48027,Open ended scheme,2.24,Mithraem Bharucha,0.08,66.0,0.0,12.7047,2026-09-25,0.0,2024-02-28,9.74,5000.0,379.31059999999997,Bank of India Mutual Fund,NIFTY 500 - TRI,3,2026-08-31,-2.2354,1.7662,9.7655,,,5.799322135522934,"NIL for 10% of investments and 1% for remaining investments on or before 3M, NIL after 3M",Financials,,,,Unrated,,,Hybrid : Multi Asset Allocation,12.7047
Aditya Birla SL BSE Top 10 Banks ETF,Growth,Aditya Birla SL BSE Top 10 Banks ETF,300,EQ,400004,44,671,50674,Open ended scheme,0.16,Mehul Dama,0.38,,,164.106,2026-09-25,0.0,2026-02-26,-10.06,500.0,378.7307,Aditya Birla Sun Life Mutual Fund,BSE 100 - TRI,1,2026-08-31,-3.0574,-5.3543,,,,,null,Financials,,,,Unrated,,,Equity : ETFs,164.106
Bandhan FTP-179-3652D-Reg(G),Growth,Bandhan FTP-179-3652D-Reg(G),40,NEQ,400028,36,491,42924,Close ended scheme,0.29,Harshal Joshi,0.12,,,17.83,2026-09-25,0.0,2019-03-13,7.97,5000.0,375.219966351,Bandhan Mutual Fund,CRISIL Composite Bond Index,3,2026-08-31,0.0067,0.8712,5.1508,7.319,6.255,3.458880462344564,null,-,,,,Unrated,,,Debt : FTP/FMP,17.83
Groww Nifty Total Market Index Fund-Reg(G),Growth,Groww Nifty Total Market Index Fund-Reg(G),625,EQ,400048,18,1097,48247,Open ended scheme,1.07,Aakash Chauhan,0.23,22.0,0.25,13.4007,2026-09-25,0.0,2023-10-23,10.52,500.0,373.92727743399996,Groww Mutual Fund,Nifty Total Market - TRI,3,2026-08-31,-4.0985,-1.8062,-1.4401,,,-4.48947300899462,"0.25% on or before 7D, Nil after 7D",Financials,,,,Unrated,,,Equity : Index Funds,13.4007
DynaSIF Equity Long-Short Fund-Reg(G),Growth,DynaSIF Equity Long-Short Fund-Reg(G),379,EQ,400078,58,1224,75055,Open ended scheme,4.04,Pranav Mise,0.1,471.0,0.5,10.3095,2026-09-25,0.0,2026-02-25,3.1,1000000.0,370.39824569483795,360 ONE DynaSIF,BSE 500 - TRI,3,2026-07-31,-4.1191,-1.9161,,,,,"0.50% on or before 3M, Nil after 3M",Financials,,,,Unrated,,,Hybrid : Long - Short,10.3095
ITI Bharat Consumption Fund-Reg(G),Growth,ITI Bharat Consumption Fund-Reg(G),323,EQ,400056,14,1219,49324,Open ended scheme,2.57,Animesh Singh,0.41,71.0,0.5,11.6605,2026-09-25,0.0,2025-02-27,10.24,5000.0,370.31489999999997,ITI Mutual Fund,Nifty India Consumption - TRI,3,2026-08-31,-2.4618,4.2671,0.7561,,,0.9165180966887655,"0.50% on or before 3M, Nil after 3M",Automobile and Ancillaries,,,,Unrated,,,Equity : Thematic - Consumption,11.6605
Bank of India Consumption Fund-Reg(G),Growth,Bank of India Consumption Fund-Reg(G),323,EQ,400034,14,639,49323,Open ended scheme,2.76,Nitin Gosar,0.0,53.0,0.0,10.91,2026-09-25,0.0,2024-12-20,5.06,5000.0,369.8117,Bank of India Mutual Fund,Nifty India Consumption - TRI,3,2026-08-31,-4.7162,2.4413,-1.8002,,,-2.1524663677130063,"Nil for 10% of investments and 1% for remaining investments or or before 12M, Nil after 12M",FMCG,,,,Unrated,,,Equity : Thematic - Consumption,10.91
Platinum Hybrid Long-Short Fund-Reg(G),Growth,Platinum Hybrid Long-Short Fund-Reg(G),450,EQ,400083,58,1225,75127,Open ended scheme,3.84,Gaurik Shah,0.17,0.0,1.0,10.117,2026-09-25,0.0,2026-06-10,1.17,1000000.0,369.6591,Mirae Platinum SIF,NIFTY 50 Hybrid Composite Debt 50:50 Index,3,2026-08-31,-0.9691,0.2378,,,,,"1% on or before 30D, Nil after 30D",Financials,,,,Unrated,,,Hybrid : Long - Short,10.117
Bajaj Finserv Banking and PSU Debt Fund-Reg(G),Growth,Bajaj Finserv Banking and PSU Debt Fund-Reg(G),449,NEQ,400060,33,419,48214,Open ended scheme,0.88,Siddharth Chaudhary,-0.05,0.0,0.0,12.04,2026-09-25,0.0,2023-11-13,6.69,1000.0,368.3208,Bajaj Finserv Mutual Fund,NIFTY Banking and PSU Debt Index,3,2026-08-31,0.1206,0.6596,4.2361,,,2.854994959763529,Nil,-,,,,Unrated,,,Debt : Banking & PSU,12.04
Groww Nifty India Defence ETF,Growth,Groww Nifty India Defence ETF,634,EQ,400048,44,1097,49018,Open ended scheme,0.64,Aakash Chauhan,0.43,51.0,,93.8787,2026-09-25,0.0,2024-10-08,20.4,500.0,367.970176753,Groww Mutual Fund,Nifty India Defence - TRI,3,2026-08-31,-3.7244,0.0474,15.5126,,,21.44549042639754,null,Capital Goods,,,,Unrated,,,Equity : ETFs,93.8787
SBI CRISIL-IBX Financial Services 9-12 Months Debt Index Fund-Reg(G),Growth,SBI CRISIL-IBX Financial Services 9-12 Months Debt Index Fund-Reg(G),789,NEQ,400027,23,154,50810,Open ended scheme,0.29,Rajeev Radhakrishnan,-0.02,,0.0,10.262,2026-09-25,0.0,2026-04-21,2.62,5000.0,367.07959999999997,SBI Mutual Fund,CRISIL-IBX Financial Services 9-12 Months Debt Index,3,2026-08-31,0.3589,1.5346,,,,,NIL,-,,,,Unrated,,,Debt : Low Duration,10.262
Aditya Birla SL Nifty Smallcap 50 Index Fund-Reg(G),Growth,Aditya Birla SL Nifty Smallcap 50 Index Fund-Reg(G),352,EQ,400004,18,671,44737,Open ended scheme,1.12,Mehul Dama,0.44,,0.25,23.4245,2026-09-25,0.0,2021-04-05,16.82,100.0,367.00160000000005,Aditya Birla Sun Life Mutual Fund,Nifty Smallcap 50 - TRI,3,2026-08-31,-0.7411,6.357,13.5486,18.9671,12.29,14.568201937796802,"0.25% on or before 15D, Nil after 15D",Financials,,,,Unrated,,,Equity : Index Funds,23.4245
LIC MF Nifty 50 Index Fund(G),Growth,LIC MF Nifty 50 Index Fund(G),154,EQ,400020,18,1212,2129,Open ended scheme,1.06,Nikhil Kapoor,0.33,7.0,0.25,127.9143,2026-09-25,0.0,2002-11-28,11.74,5000.0,366.1369,LIC Mutual Fund,NIFTY 50 - TRI,3,2026-08-31,-4.953,-3.7372,-7.0342,5.6459,5.4121,-11.295158543446984,"0.25% on or before 7D, Nil after 7D",Financials,,,,Unrated,,,Equity : Index Funds,127.9143
ICICI Pru BSE 500 ETF,Growth,ICICI Pru BSE 500 ETF,379,EQ,400015,44,763,38531,Open ended scheme,0.33,Nishit Patel,0.17,9.0,,38.2493,2026-09-25,0.0,2018-05-09,11.86,5000.0,365.861391924,ICICI Prudential Mutual Fund,BSE 500 - TRI,3,2026-08-31,-4.1714,-1.9211,-1.6239,9.7072,8.8383,-5.083875130279428,null,Financials,,,,Unrated,,,Equity : ETFs,38.2493
Mirae Asset Hang Seng TECH ETF,Growth,Mirae Asset Hang Seng TECH ETF,574,NEQ,400033,44,779,45737,Open ended scheme,0.65,Siddharth Srivastava,-1.28,,,17.7339,2026-09-25,0.0,2021-12-07,-1.62,5000.0,365.7858,Mirae Asset Mutual Fund,Hang Seng TECH TRI,5,2026-08-31,-5.7099,-0.3758,-27.2157,8.8875,,-16.85467536851582,null,-,,,,Unrated,,,Equity : ETFs,17.7339
TRUSTMF Large & Mid Cap Fund-Reg(G),Growth,TRUSTMF Large & Mid Cap Fund-Reg(G),366,EQ,400057,2,105,50926,Open ended scheme,5.83,Mihir Vora,0.1,,1.0,9.92,2026-09-25,0.0,2026-07-24,-0.8,1000.0,365.69010000000003,Trust Mutual Fund,NIFTY LargeMidcap 250 - TRI,3,2026-08-31,-4.3394,,,,,,"1% on or before 180D, NIL after 180D",Financials,,,,Unrated,,,Equity : Large & Mid Cap,9.92
SBI FMP-61-1927D-Reg(G),Growth,SBI FMP-61-1927D-Reg(G),418,NEQ,400027,36,583,46511,Close ended scheme,0.32,Ranjana Gupta,-0.01,,,13.296,2026-09-25,0.0,2022-03-22,6.51,5000.0,365.1768,SBI Mutual Fund,CRISIL Medium to Long Term Debt Index,3,2026-08-31,0.3033,1.2088,5.8321,7.344,,4.090499862997605,null,-,,,,Unrated,,,Debt : FTP/FMP,13.296
ITI Large Cap Fund-Reg(G),Growth,ITI Large Cap Fund-Reg(G),314,EQ,400056,1,718,44400,Open ended scheme,2.63,Alok Ranjan,0.08,52.0,0.5,17.4434,2026-09-25,0.0,2020-12-24,10.15,5000.0,363.9724,ITI Mutual Fund,NIFTY 100 - TRI,3,2026-08-31,-0.7302,1.493,0.0482,9.1162,6.6329,-3.518883161131877,"0.50% on or before 3M, NIL after 3M",Financials,,,,Unrated,,,Equity : Large Cap,17.4434
ITI Value Fund-Reg(G),Growth,ITI Value Fund-Reg(G),312,EQ,400056,17,930,45382,Open ended scheme,3.2,Nilay Dalal,-0.12,170.0,0.5,16.6721,2026-09-25,0.0,2021-06-14,10.15,5000.0,363.95959999999997,ITI Mutual Fund,NIFTY 500 - TRI,3,2026-08-31,-3.5246,-1.93,1.5044,10.837,10.1346,-3.86675661805832,"0.50% on or before 3M, NIL after 3M",Financials,,,,Unrated,,,Equity : Value / Contra,16.6721
Nippon India CRISIL-IBX Financial Services 3-6 Months Debt Index Fund-Reg(G),Growth,Nippon India CRISIL-IBX Financial Services 3-6 Months Debt Index Fund-Reg(G),779,NEQ,400025,22,876,50741,Open ended scheme,0.25,Vikash Agarwal,-0.01,0.0,0.0,10.3985,2026-09-25,0.0,2026-03-12,3.98,1000.0,363.844225787957,Nippon India Mutual Fund,CRISIL-IBX Financial Services 3-6 Months Debt Index,3,2026-08-31,0.4968,1.7008,,,,,NIL,-,,,,Unrated,,,Debt : Ultra Short Duration,10.3985
Union Ultra Short to Short Term Fund-Reg(G),Growth,Union Ultra Short to Short Term Fund-Reg(G),435,NEQ,400045,23,668,49982,Open ended scheme,0.98,Anindya Sarkar,-0.05,0.0,0.0,10.6061,2026-09-25,0.0,2025-07-16,5.05,1000.0,360.6425,Union Mutual Fund,NIFTY Low Duration Debt Index,3,2026-08-31,0.3188,1.1917,5.0577,,,3.5873344532562426,NIL,-,,,,Unrated,,,Debt : Low Duration,10.6061
Bandhan US Specific Equity Active FOF-Reg(G),Growth,Bandhan US Specific Equity Active FOF-Reg(G),235,NEQ,400028,49,979,45674,Open ended scheme,1.59,Ritika Behera,1.0,,1.0,20.251,2026-09-25,0.0,2021-08-20,14.83,1000.0,358.458189194108,Bandhan Mutual Fund,Russell 1000 Index,5,2026-08-31,4.4135,4.4782,12.4431,25.9925,15.1159,10.089698287578155,"1% on or before 1Y, Nil after 1Y",-,,,,Unrated,,,FoFs : Overseas,20.251
Nippon India Nifty G-Sec Sep 2027 Maturity Index Fund-Reg(G),Growth,Nippon India Nifty G-Sec Sep 2027 Maturity Index Fund-Reg(G),666,NEQ,400025,29,322,47186,Open ended scheme,0.4,Vivek Sharma,0.01,0.0,0.0,12.9034,2026-09-25,0.0,2022-12-06,6.93,1000.0,355.365310525582,Nippon India Mutual Fund,Nifty G-Sec Sep 2027 Index,3,2026-08-31,0.2151,1.0415,5.2128,7.0544,,3.6159671085914384,Nil,-,,,,Unrated,,,Debt : Gilt,12.9034
SBI BSE PSU Bank Index Fund-Reg(G),Growth,SBI BSE PSU Bank Index Fund-Reg(G),788,EQ,400027,18,1000,49726,Open ended scheme,0.84,Viral Chhadva,0.25,32.0,0.25,13.2708,2026-09-25,0.0,2025-03-25,20.7,5000.0,354.8287,SBI Mutual Fund,BSE PSU Bank - TRI,3,2026-08-31,-3.3888,-3.8961,11.5709,,,-3.2803970585019995,"0.25% on or before 15D, Nil after 15D",Financials,,,,Unrated,,,Equity : Index Funds,13.2708
Edelweiss NIFTY Large Mid Cap 250 Index Fund-Reg(G),Growth,Edelweiss NIFTY Large Mid Cap 250 Index Fund-Reg(G),366,EQ,400035,18,490,45864,Open ended scheme,1.06,Bhavesh Jain,0.11,30.0,0.0,16.3622,2026-09-25,0.0,2021-12-01,10.76,100.0,354.0275,Edelweiss Mutual Fund,NIFTY LargeMidcap 250 - TRI,3,2026-08-31,-4.7047,-2.2464,-0.2098,10.7021,,-4.198649827569037,Nil,Financials,,,,Unrated,,,Equity : Index Funds,16.3622
Bandhan CRISIL-IBX Financial Services 3-6 Months Debt Index Fund-Reg(G),Growth,Bandhan CRISIL-IBX Financial Services 3-6 Months Debt Index Fund-Reg(G),779,NEQ,400028,22,680,49706,Open ended scheme,1.02,Brijesh Shah,-0.01,0.0,0.0,11.0086,2026-09-25,0.0,2025-03-13,6.45,1000.0,353.77301836191504,Bandhan Mutual Fund,CRISIL-IBX Financial Services 3-6 Months Debt Index,3,2026-08-31,0.4801,1.561,5.9589,,,4.484581581420072,NIL,-,,,,Unrated,,,Debt : Ultra Short Duration,11.0086
Nippon India Japan Equity Fund(G),Growth,Nippon India Japan Equity Fund(G),579,NEQ,400025,19,643,24620,Open ended scheme,2.52,Kinjal Desai,0.88,54.0,1.0,28.0165,2026-09-25,0.0,2014-08-26,8.89,5000.0,352.539277352,Nippon India Mutual Fund,S&P Japan 500 - TRI,5,2026-08-31,-0.1052,4.5419,26.3707,20.3616,8.8861,24.379578246392906,"1% on or before 1Y, Nil after 1Y",-,,,,Unrated,,,Equity : International,28.0165
Nippon India ETF Nifty 100,Growth,Nippon India ETF Nifty 100,314,EQ,400025,44,987,17643,Open ended scheme,0.51,Himanshu Mange,0.38,20.0,0.0,258.0884,2026-09-25,0.0,2013-03-25,12.09,5000.0,351.98205639699995,Nippon India Mutual Fund,NIFTY 100 - TRI,3,2026-08-31,-4.6766,-3.0006,-4.3963,8.0383,6.7197,-8.428374358508577,Nil,Financials,,,,Unrated,,,Equity : ETFs,258.0884
NJ ELSS Tax Saver Fund-Reg(G),Growth,NJ ELSS Tax Saver Fund-Reg(G),312,EQ,400058,6,725,46058,Open ended scheme,2.57,Viral Shah,0.22,65.0,0.0,13.82,2026-09-25,3.0,2023-06-16,10.37,500.0,349.02979500000004,NJ Mutual Fund,NIFTY 500 - TRI,3,2026-08-31,-3.6262,0.5091,-3.2213,7.4433,,-1.566951566951559,Nil,Healthcare,,,,Unrated,,,Equity : Tax Saving (ELSS),13.82
ITI Balanced Advantage Fund-Reg(G),Growth,ITI Balanced Advantage Fund-Reg(G),450,EQ,400056,41,930,44362,Open ended scheme,3.33,Nilay Dalal,-0.09,458.0,0.0,14.3646,2026-09-25,0.0,2019-12-31,5.52,5000.0,348.3446,ITI Mutual Fund,NIFTY 50 Hybrid Composite Debt 50:50 Index,3,2026-08-31,-1.2749,1.0332,-0.9843,7.7584,6.2417,-3.038853038853043,"NIL upto 10% of units and 0.50% for remaining units on or before 3M, NIL after 3M",Financials,,,,Unrated,,,Hybrid : Dynamic Asset Allocation,14.3646
ICICI Pru Diversified Equity All Cap Omni FOF(G),Growth,ICICI Pru Diversified Equity All Cap Omni FOF(G),379,NEQ,400015,48,645,44626,Open ended scheme,1.07,Dharmesh Kakkad,0.1,,1.0,30.7856,2026-09-25,0.0,2020-02-25,18.62,500.0,347.6650962857,ICICI Prudential Mutual Fund,BSE 500 - TRI,3,2026-08-31,-3.8097,-0.7998,0.4388,13.8553,13.3027,-3.7718787742254447,"1% on or before 12M, Nil after 12M",-,,,,Unrated,,,FoFs : Domestic,30.7547
HDFC FMP-Sr 46-1359D-Sep 2022-Reg(G),Growth,HDFC FMP-Sr 46-1359D-Sep 2022-Reg(G),430,NEQ,400013,36,32,46945,Close ended scheme,,Anupam Joshi,0.01,0.0,,12.8784,2026-06-30,0.0,2022-10-11,7.04,5000.0,346.7597,HDFC Mutual Fund,NIFTY Medium Duration Debt Index,3,2026-05-31,0.4297,1.2867,5.3198,6.7478,,2.5448291238016325,null,-,,,,Unrated,,,Debt : FTP/FMP,12.8784
Axis Nifty India Defence Index Fund-Reg(G),Growth,Axis Nifty India Defence Index Fund-Reg(G),634,EQ,400040,18,397,50817,Open ended scheme,1.64,Nandik Mallik,0.42,,0.25,10.3926,2026-09-25,0.0,2026-04-29,3.93,100.0,345.69089999999994,Axis Mutual Fund,Nifty India Defence - TRI,3,2026-08-31,-3.7704,-0.0798,,,,,"0.25% on or before 15D, Nil after 15D",Capital Goods,,,,Unrated,,,Equity : Index Funds,10.3926
Invesco India Overnight Fund-Reg(G),Growth,Invesco India Overnight Fund-Reg(G),293,NEQ,400021,20,465,44317,Open ended scheme,0.14,Krishna Cheemalapati,0.01,0.0,0.0,1389.8035,2026-09-26,0.0,2020-01-08,5.02,1000.0,343.2274,Invesco Mutual Fund,Nifty 1D Rate Index,1,2026-08-31,0.4084,1.2651,5.2065,6.0031,5.658,3.766029918557541,Nil,-,,,,1,,,Debt : Overnight,1389.8035
NJ Momentum Fund-Reg(G),Growth,NJ Momentum Fund-Reg(G),312,EQ,400058,13,725,50924,Open ended scheme,2.5,Viral Shah,0.4,5.0,0.0,10.13,2026-09-25,0.0,2026-07-30,1.3,500.0,342.678927,NJ Mutual Fund,NIFTY 500 - TRI,3,2026-08-31,-0.7835,,,,,,NIL,Financials,,,,Unrated,,,Equity : Thematic,10.13
Quant Commodities Fund-Reg(G),Growth,Quant Commodities Fund-Reg(G),328,EQ,400010,13,791,48343,Open ended scheme,3.32,Sandeep Tandon,0.43,619.0,1.0,14.1011,2026-09-25,0.0,2023-12-27,13.32,5000.0,342.4965,Quant Mutual Fund,NIFTY COMMODITIES - TRI,3,2026-08-31,-4.7641,-4.8887,8.1058,,,5.313825655732814,"1% on or before 15D, Nil after 15D",Energy,,,,Unrated,,,Equity : Thematic,14.1011
Invesco India Technology Fund-Reg(G),Growth,Invesco India Technology Fund-Reg(G),310,EQ,400021,10,736,49047,Open ended scheme,2.53,Hiten Jain,-0.42,40.0,0.5,9.47,2026-09-25,0.0,2024-09-23,-2.68,1000.0,342.0574,Invesco Mutual Fund,NIFTY IT - TRI,3,2026-08-31,-5.6773,4.5254,-1.6615,,,-4.149797570850203,"0.50% on or before 3M, Nil after 3M",Technology,,,,Unrated,,,Equity : Sectoral - Technology,9.47
Nippon India Nifty AAA PSU Bond Plus SDL - Sep 2026 Maturity 50:50 Index Fund-Reg(G),Growth,Nippon India Nifty AAA PSU Bond Plus SDL - Sep 2026 Maturity 50:50 Index Fund-Reg(G),658,NEQ,400025,33,322,47034,Open ended scheme,0.39,Vivek Sharma,0.01,0.0,0.0,12.9997,2026-09-02,0.0,2022-10-27,7.05,1000.0,341.212814543925,Nippon India Mutual Fund,Nifty AAA PSU Bond Plus SDL Sep 2026 50:50 Index,3,2026-08-31,0.4614,1.4627,5.8573,6.9926,,3.862993560345801,Nil,-,,,,Unrated,,,Debt : Banking & PSU,12.9997
Axis Gilt Fund-Reg(G),Growth,Axis Gilt Fund-Reg(G),422,NEQ,400040,29,298,15652,Open ended scheme,0.86,Devang Shah,0.02,0.0,0.0,26.5854,2026-09-25,0.0,2012-01-23,6.89,5000.0,340.5468,Axis Mutual Fund,CRISIL Dynamic Gilt Index,3,2026-08-31,-0.5726,-0.4061,3.8095,6.6917,5.4794,2.9276942375296167,Nil,-,,,,4,,,Debt : Gilt,26.5854
Mirae Asset Nifty Bank ETF,Growth,Mirae Asset Nifty Bank ETF,311,EQ,400033,44,760,47993,Open ended scheme,0.16,Ekta Gala,0.26,,,567.0955,2026-09-25,0.0,2023-07-20,6.65,5000.0,340.33660000000003,Mirae Asset Mutual Fund,NIFTY BANK - TRI,3,2026-08-31,-3.3708,-4.3128,1.5994,8.1685,,-6.214143700719039,null,Financials,,,,Unrated,,,Equity : ETFs,567.0955
HSBC Brazil Fund(G),Growth,HSBC Brazil Fund(G),195,NEQ,400014,49,1172,8587,Open ended scheme,1.44,Prakriti Banka,-1.47,14.0,1.0,10.5419,2026-09-25,0.0,2011-05-06,0.34,5000.0,337.5345,HSBC Mutual Fund,MSCI Brazil 10/40 Index,5,2026-08-31,3.6752,6.4935,26.701,15.0682,9.3262,19.799563294328426,"1% on or before 1Y, Nil after 1Y",-,,,,Unrated,,,FoFs : Overseas,10.6987
Axis CRISIL IBX 50:50 Gilt Plus SDL June 2028 Index Fund-Reg(G),Growth,Axis CRISIL IBX 50:50 Gilt Plus SDL June 2028 Index Fund-Reg(G),676,NEQ,400040,27,729,47409,Open ended scheme,0.37,Hardik Shah,-0.04,0.0,0.0,12.8798,2026-09-25,0.0,2023-01-24,7.14,5000.0,337.3338,Axis Mutual Fund,CRISIL IBX 50:50 Gilt Plus SDL Index - June 2028,3,2026-08-31,0.0793,1.0434,5.2263,7.1861,,3.3036838601528666,Nil,-,,,,Unrated,,,Debt : Medium to Long Duration,12.8798
Baroda BNP Paribas Gold ETF,Growth,Baroda BNP Paribas Gold ETF,65,NEQ,400001,56,527,48145,Open ended scheme,0.59,Vikram Pamnani,0.83,11.0,,145.7448,2026-09-25,0.0,2023-12-13,36.75,5000.0,337.1706,Baroda BNP Paribas Mutual Fund,Gold-India,3,2026-08-31,-6.0738,7.9031,32.3319,,,13.383724440101691,null,-,,,,Unrated,,,Metal : ETFs,145.7448
Quant ESG Integration Strategy Fund-Reg(G),Growth,Quant ESG Integration Strategy Fund-Reg(G),427,EQ,400010,13,791,45130,Open ended scheme,3.4,Sandeep Tandon,0.5,757.0,1.0,38.2091,2026-09-25,0.0,2020-11-05,25.55,5000.0,336.8564,Quant Mutual Fund,NIFTY100 ESG - TRI,3,2026-08-31,-3.4168,-1.4208,18.1646,15.3095,15.5875,14.093797403341982,"1% on or before 15D, Nil after 15D",Media and Communications,,,,Unrated,,,Equity : Thematic,38.2091
Aditya Birla SL FTP-TI-1837D-Reg(G),Growth,Aditya Birla SL FTP-TI-1837D-Reg(G),418,NEQ,400004,36,586,45593,Close ended scheme,,Mohit Sharma,0.01,,,13.5041,2026-07-09,0.0,2021-06-29,6.15,1000.0,336.4986,Aditya Birla Sun Life Mutual Fund,CRISIL Medium to Long Term Debt Index,3,2026-06-30,0.4127,1.3053,5.5874,7.1153,6.2386,2.822574504697941,null,-,,,,Unrated,,,Debt : FTP/FMP,13.5041
Union Consumption Fund-Reg(G),Growth,Union Consumption Fund-Reg(G),323,EQ,400045,14,920,50460,Open ended scheme,2.79,Vinod Malviya,0.1,54.0,1.0,9.65,2026-09-25,0.0,2025-12-22,-3.5,1000.0,336.4249,Union Mutual Fund,Nifty India Consumption - TRI,3,2026-08-31,-3.8845,2.5505,,,,-3.692614770459074,"1% on or before 1Y, Nil after 1Y",Retail and Other Services,,,,Unrated,,,Equity : Thematic - Consumption,9.65
SBI FMP-53-1839D-Reg(G),Growth,SBI FMP-53-1839D-Reg(G),418,NEQ,400027,36,583,45972,Close ended scheme,0.2,Ranjana Gupta,0.0,,,13.3645,2026-09-25,0.0,2021-10-25,6.07,5000.0,335.4593,SBI Mutual Fund,CRISIL Medium to Long Term Debt Index,3,2026-08-31,0.4412,1.3276,5.7644,7.2175,,4.063818852880262,null,-,,,,Unrated,,,Debt : FTP/FMP,13.3645
Axis NIFTY Bank ETF,Growth,Axis NIFTY Bank ETF,311,EQ,400040,44,397,14654,Open ended scheme,0.25,Nandik Mallik,0.26,,,573.8106,2026-09-25,0.0,2020-11-03,15.14,5000.0,334.2104,Axis Mutual Fund,NIFTY BANK - TRI,3,2026-08-31,-3.3794,-4.3372,1.4617,8.0703,8.6105,-6.312216200895023,null,Financials,,,,Unrated,,,Equity : ETFs,573.8106
Nippon India Nifty SDL Plus G-Sec-Jun 2028 Maturity 70:30 Index Fund-Reg(G),Growth,Nippon India Nifty SDL Plus G-Sec-Jun 2028 Maturity 70:30 Index Fund-Reg(G),594,NEQ,400025,27,322,46822,Open ended scheme,0.4,Vivek Sharma,0.0,0.0,0.0,13.0672,2026-09-25,0.0,2022-11-24,7.22,1000.0,332.93644439772305,Nippon India Mutual Fund,Nifty SDL Plus G-Sec Jun 2028 70:30 Index,3,2026-08-31,0.1395,1.1182,5.3467,7.2219,,3.455865470639003,Nil,-,,,,Unrated,,,Debt : Medium to Long Duration,13.0672
Tata Nifty Midcap 150 Index Fund-Reg(G),Growth,Tata Nifty Midcap 150 Index Fund-Reg(G),349,EQ,400030,18,1116,49937,Open ended scheme,1.05,Nitin Sharma,-0.15,38.42,0.5,10.5577,2026-09-25,0.0,2025-06-19,4.37,5000.0,332.438300407,Tata Mutual Fund,Nifty Midcap 150 - TRI,3,2026-08-31,-4.6933,-1.4598,4.1871,,,0.2887729997245277,"0.50% on or before 30D, Nil after 30D",Financials,,,,Unrated,,,Equity : Index Funds,10.5577
Bandhan Healthcare Fund-Reg(G),Growth,Bandhan Healthcare Fund-Reg(G),391,EQ,400028,7,806,50217,Open ended scheme,2.75,Viraj Kulkarni,-0.34,55.0,0.5,11.304,2026-09-25,0.0,2025-11-28,13.04,1000.0,331.57479660603605,Bandhan Mutual Fund,BSE Health Care - TRI,3,2026-08-31,0.4532,6.7523,,,,15.511955855303503,"0.50% on or before 30D, Nil after 30D",Healthcare,,,,Unrated,,,Equity : Sectoral - Pharma,11.304
Tata Childrens Fund-Reg(G),Growth,Tata Childrens Fund-Reg(G),312,EQ,400030,50,757,3304,Open ended scheme,2.45,Rahul Singh (Tata),0.17,3.36,1.0,54.1639,2026-09-25,0.0,1995-10-14,11.9,500.0,331.180561799,Tata Mutual Fund,NIFTY 500 - TRI,3,2026-08-31,-3.6478,-4.6477,-10.1032,3.6183,5.1157,-11.615310363997695,Compulsory Lock-in Option 5Y or till the child attains age of majority (whichever is earlier). 1% - If redeemed before child attains 18Y of age,Financials,,,,4,,,Equity : Flexi Cap,54.1639
Groww Silver ETF,Growth,Groww Silver ETF,199,NEQ,400048,56,1055,49846,Open ended scheme,0.53,Wilfred Gonsalves,1.51,163.0,,22.5054,2026-09-25,0.0,2025-05-21,86.08,500.0,330.693153113,Groww Mutual Fund,Silver,1,2026-08-31,-4.1467,5.6949,65.9038,,,-89.94425539216037,null,-,,,,Unrated,,,Metal : ETFs,22.5054
Nippon India Medium to Long Term Fund(G),Growth,Nippon India Medium to Long Term Fund(G),437,NEQ,400025,27,322,2580,Open ended scheme,1.5,Vivek Sharma,-0.04,0.0,0.25,92.7998,2026-09-25,0.0,1998-01-01,8.07,5000.0,328.984154543,Nippon India Mutual Fund,NIFTY Medium to Long Duration Debt Index,3,2026-08-31,-0.4625,0.0016,3.6531,5.7043,5.0624,2.565695237758417,"0.25% on or before 15D, Nil after 15D",-,,,,3,,,Debt : Medium to Long Duration,92.7998
ICICI Pru Strategic Metal and Energy Equity FoF-Reg(G),Growth,ICICI Pru Strategic Metal and Energy Equity FoF-Reg(G),581,NEQ,400015,49,862,46205,Open ended scheme,0.98,Sharmila Dsilva,-0.55,,1.0,31.7753,2026-09-25,0.0,2022-02-02,28.25,1000.0,328.405996066,ICICI Prudential Mutual Fund,NYSE Arca Gold Miners Index,5,2026-08-31,-7.3396,20.8476,50.8269,33.6355,,37.29278206990194,"1% on or before 1Y, Nil after 1Y",-,,,,Unrated,,,FoFs : Overseas,31.9516
Aditya Birla SL Intl. Equity Fund(G),Growth,Aditya Birla SL Intl. Equity Fund(G),63,NEQ,400004,19,914,460,Open ended scheme,2.55,Dhaval Joshi,0.31,107.0,1.0,53.3878,2026-09-25,0.0,2007-10-31,9.26,1000.0,328.35220000000004,Aditya Birla Sun Life Mutual Fund,S&P Global 1200,5,2026-08-31,0.6066,3.1571,19.8955,21.9481,12.1071,13.969468754617262,"1% on or before 30D, Nil after 30D",-,,,,Unrated,,,Equity : International,53.2234
SBI Nifty200 Quality 30 Index Fund-Reg(G),Growth,SBI Nifty200 Quality 30 Index Fund-Reg(G),504,EQ,400027,18,1000,49729,Open ended scheme,0.88,Viral Chhadva,0.43,38.0,0.25,9.5705,2026-09-25,0.0,2025-06-05,-3.3,5000.0,327.0294,SBI Mutual Fund,NIFTY200 Quality 30 - TRI,3,2026-08-31,-5.8772,-1.3574,-5.1609,,,-8.534429206288534,"0.25% on or before 15D, Nil after 15D",Technology,,,,Unrated,,,Equity : Index Funds,9.5705
HDFC BSE 500 Index Fund-Reg(G),Growth,HDFC BSE 500 Index Fund-Reg(G),379,EQ,400013,18,37,47913,Open ended scheme,0.85,Arun Agarwal,0.17,13.04,0.0,14.9947,2026-09-25,0.0,2023-04-21,12.53,100.0,326.8437,HDFC Mutual Fund,BSE 500 - TRI,3,2026-08-31,-4.2129,-2.0441,-2.1259,8.8968,,-5.442747417674579,Nil,Financials,,,,Unrated,,,Equity : Index Funds,14.9947
Kotak Nifty IT ETF,Growth,Kotak Nifty IT ETF,310,EQ,400019,44,699,45377,Open ended scheme,0.15,Satish Dondapati,-0.17,85.81,,31.3015,2026-09-25,0.0,2021-03-02,3.84,5000.0,326.79990000000004,Kotak Mahindra Mutual Fund,NIFTY IT - TRI,1,2026-08-31,-8.4834,3.2859,-16.5576,-2.7888,-3.4892,-24.535420845548526,null,Technology,,,,Unrated,,,Equity : ETFs,31.3015
SBI FMP-51-1846D-Reg(G),Growth,SBI FMP-51-1846D-Reg(G),418,NEQ,400027,36,583,45889,Close ended scheme,0.2,Ranjana Gupta,0.01,,,13.3476,2026-09-25,0.0,2021-09-16,5.91,5000.0,324.0771,SBI Mutual Fund,CRISIL Medium to Long Term Debt Index,3,2026-08-31,0.4311,1.3062,5.6349,7.1381,5.9241,4.01240580703982,null,-,,,,Unrated,,,Debt : FTP/FMP,13.3476
DSP BSE Top 10 Banks ETF,Growth,DSP BSE Top 10 Banks ETF,838,EQ,400009,44,597,50745,Open ended scheme,0.94,Anil Ghelani,0.38,42.0,,16.4187,2026-09-25,0.0,2026-03-06,-4.81,5000.0,323.6084,DSP Mutual Fund,BSE Top 10 Banks Index - TRI,1,2026-08-31,-3.0556,-5.3492,,,,,null,Financials,,,,Unrated,,,Equity : ETFs,16.4187
Nippon India Nifty SDL Plus G-Sec - Jun 2029 Maturity 70:30 Index Fund-Reg(G),Growth,Nippon India Nifty SDL Plus G-Sec - Jun 2029 Maturity 70:30 Index Fund-Reg(G),684,NEQ,400025,27,322,46821,Open ended scheme,0.39,Vivek Sharma,0.07,0.0,0.0,12.8992,2026-09-25,0.0,2023-02-20,7.33,1000.0,323.548319846124,Nippon India Mutual Fund,Nifty SDL Plus G-Sec Jun 2029 70:30 Index,3,2026-08-31,-0.1486,0.6948,4.771,7.1955,,3.2068104717403854,Nil,-,,,,Unrated,,,Debt : Medium to Long Duration,12.8992
Axis Nifty 500 Index Fund-Reg(G),Growth,Axis Nifty 500 Index Fund-Reg(G),312,EQ,400040,18,397,48963,Open ended scheme,1.12,Nandik Mallik,0.22,,0.25,9.7453,2026-09-25,0.0,2024-07-12,-1.16,100.0,322.09069999999997,Axis Mutual Fund,NIFTY 500 - TRI,3,2026-08-31,-4.3228,-2.1704,-2.1271,,,-5.474456094745717,"0.25% on or before 15D, Nil after 15D",Financials,,,,Unrated,,,Equity : Index Funds,9.7453
DSP Floating Interest Rates Fund-Reg(G),Growth,DSP Floating Interest Rates Fund-Reg(G),728,NEQ,400009,32,937,45396,Open ended scheme,0.57,Shantanu Godambe,-0.05,0.0,0.0,14.0937,2026-09-25,0.0,2021-03-19,6.41,100.0,321.1753,DSP Mutual Fund,CRISIL Short Duration Debt Index,3,2026-08-31,0.0802,0.6341,5.1494,7.3245,6.36,3.7323539369673018,Nil,-,,,,Unrated,,,Debt : Floater,14.0937
DSP Nifty Smallcap250 Quality 50 Index Fund-Reg(G),Growth,DSP Nifty Smallcap250 Quality 50 Index Fund-Reg(G),707,EQ,400009,18,597,48377,Open ended scheme,1.22,Anil Ghelani,0.14,67.0,0.0,10.8241,2026-09-25,0.0,2023-12-26,2.92,100.0,316.41,DSP Mutual Fund,Nifty Smallcap250 Quality 50 - TRI,3,2026-08-31,-2.3043,-0.4598,-5.7668,,,-2.360677623626632,Nil,Financials,,,,Unrated,,,Equity : Index Funds,10.8241
Navi Large & Midcap Fund-Reg(G),Growth,Navi Large & Midcap Fund-Reg(G),366,EQ,400041,2,959,31897,Open ended scheme,2.54,Ashutosh Shirwaikar,0.42,47.0,0.0,35.7339,2026-09-25,0.0,2015-12-07,12.51,100.0,314.870361,Navi Mutual Fund,NIFTY LargeMidcap 250 - TRI,3,2026-08-31,-4.1511,-1.595,1.957,7.9031,8.1981,-0.43022377766570874,Nil,Financials,,,,2,,,Equity : Large & Mid Cap,35.7339
Invesco India - Invesco Global Equity Income FoF-Reg(G),Growth,Invesco India - Invesco Global Equity Income FoF-Reg(G),243,NEQ,400021,49,1088,24405,Open ended scheme,1.31,Sagar Gandhi,-0.26,,1.0,37.0859,2026-09-25,0.0,2014-05-05,11.15,1000.0,311.7249,Invesco Mutual Fund,MSCI World Index-Net Dividend,5,2026-08-31,-5.2694,1.347,18.0106,22.4498,16.4886,15.068539904559206,"Nil upto 10% of units and 1% for above the limits on or before 1Y, Nil after 1Y",-,,,,Unrated,,,FoFs : Overseas,37.0859
LIC MF Arbitrage Fund-Reg(G),Growth,LIC MF Arbitrage Fund-Reg(G),277,EQ,400020,38,420,39948,Open ended scheme,1.75,Sumit Bhatnagar,0.12,122.0,0.25,14.8151,2026-09-25,0.0,2019-01-25,5.26,5000.0,310.1177,LIC Mutual Fund,Nifty 50 Arbitrage,3,2026-08-31,0.3495,1.4309,6.0934,6.4334,5.8272,4.405214940098659,"0.25% on or before 1M, Nil after 1M",Financials,,,,Unrated,,,Hybrid : Arbitrage,14.8151
DSP Credit Risk Fund-Reg(G),Growth,DSP Credit Risk Fund-Reg(G),727,NEQ,400009,35,808,685,Open ended scheme,1.23,Vivekanand Ramakrishnan,-0.04,0.0,3.0,55.2155,2026-09-25,0.0,2003-05-13,7.58,100.0,309.742,DSP Mutual Fund,CRISIL Credit Risk Debt Index,3,2026-08-31,0.1678,1.024,10.0886,15.7865,12.4206,8.668398575111686,"3% on or before 12M, Nil after 3M",-,,,,3,,,Debt : Credit Risk,55.2155
PGIM India Multi Asset Allocation Fund-Reg(G),Growth,PGIM India Multi Asset Allocation Fund-Reg(G),312,NEQ,400044,42,976,50266,Open ended scheme,2.55,Utsav Mehta,0.29,11.0,0.5,10.42,2026-09-25,0.0,2025-11-28,4.2,5000.0,306.506,PGIM India Mutual Fund,NIFTY 500 - TRI,3,2026-08-31,-3.4291,1.7578,,,,1.857282502443788,"0.50% on or before 90D, Nil after 90D",Financials,,,,Unrated,,,Hybrid : Multi Asset Allocation,10.42
Groww Nifty EV & New Age Automotive ETF,Growth,Groww Nifty EV & New Age Automotive ETF,748,EQ,400048,44,1097,48978,Open ended scheme,0.64,Aakash Chauhan,0.37,55.0,,31.3722,2026-09-25,0.0,2024-08-07,-1.13,500.0,305.395700404,Groww Mutual Fund,Nifty EV and New Age Automotive - TRI,3,2026-08-31,-6.2318,-0.5046,0.6917,,,-0.3816793893129788,null,Automobile and Ancillaries,,,,Unrated,,,Equity : ETFs,31.3722
UTI Medium to Long Term Fund-Reg(G),Growth,UTI Medium to Long Term Fund-Reg(G),418,NEQ,400032,27,619,3441,Open ended scheme,1.64,Amit Sharma,-0.08,0.0,0.0,76.0029,2026-09-25,0.0,1998-06-17,7.43,500.0,305.01779999999997,UTI Mutual Fund,CRISIL Medium to Long Term Debt Index,3,2026-08-31,-0.4053,0.2588,3.167,5.8331,7.2696,2.261507680757124,NIL,-,,,,1,,,Debt : Medium to Long Duration,76.0029
ICICI Pru Nifty Oil & Gas ETF,Growth,ICICI Pru Nifty Oil & Gas ETF,553,EQ,400015,44,763,33836,Open ended scheme,0.43,Nishit Patel,-0.07,47.0,,11.0398,2026-09-25,0.0,2024-07-19,-6.34,100.0,303.467617374,ICICI Prudential Mutual Fund,NIFTY OIL & GAS - TRI,1,2026-08-31,-3.0687,-2.4063,-2.8084,,,-10.87591830144507,null,Energy,,,,Unrated,,,Equity : ETFs,11.0398
Edelweiss Nifty Next 50 Index Fund-Reg(G),Growth,Edelweiss Nifty Next 50 Index Fund-Reg(G),165,EQ,400035,18,490,47171,Open ended scheme,0.91,Bhavesh Jain,0.55,38.0,0.0,16.3291,2026-09-25,0.0,2022-11-30,13.69,100.0,302.8396,Edelweiss Mutual Fund,NIFTY NEXT 50 - TRI,3,2026-08-31,-3.6836,-0.3898,5.0745,16.5321,,3.62156056452432,Nil,Financials,,,,Unrated,,,Equity : Index Funds,16.3291
SBI BSE Sensex Index Fund-Reg(G),Growth,SBI BSE Sensex Index Fund-Reg(G),174,EQ,400027,18,1000,47966,Open ended scheme,0.44,Viral Chhadva,0.43,52.0,0.2,12.11,2026-09-25,0.0,2023-05-26,5.9,5000.0,301.66200000000003,SBI Mutual Fund,BSE SENSEX - TRI,3,2026-08-31,-4.8577,-3.9621,-8.4919,4.4779,,-12.818113098880529,"0.20% on or before 15D, Nil after 15D",Financials,,,,Unrated,,,Equity : Index Funds,12.11
ICICI Pru Nifty LargeMidcap 250 Index Fund-Reg(G),Growth,ICICI Pru Nifty LargeMidcap 250 Index Fund-Reg(G),366,EQ,400015,18,763,48643,Open ended scheme,0.81,Nishit Patel,0.11,19.0,0.0,11.9908,2026-09-25,0.0,2024-03-13,7.42,100.0,301.6131658327,ICICI Prudential Mutual Fund,NIFTY LargeMidcap 250 - TRI,3,2026-08-31,-4.6897,-2.2157,-0.02,,,-4.045965237988536,Nil,Financials,,,,Unrated,,,Equity : Index Funds,11.9908
LIC MF Value Fund-Reg(G),Growth,LIC MF Value Fund-Reg(G),312,EQ,400020,17,1039,39956,Open ended scheme,3.28,Mahesh Bendre,-0.02,194.0,0.0,29.0052,2026-09-25,0.0,2018-08-20,14.04,5000.0,301.53,LIC Mutual Fund,NIFTY 500 - TRI,3,2026-08-31,1.1752,5.0502,21.282,16.5551,12.8746,18.64426191956543,"Nil upto 12% of units and 1% for remaining units on or before 12M, Nil after 12M",Automobile and Ancillaries,,,,2,,,Equity : Value / Contra,29.0052
WOC Balanced Hybrid Fund-Reg(G),Growth,WOC Balanced Hybrid Fund-Reg(G),415,EQ,400055,41,864,48213,Open ended scheme,2.26,Ramesh Mantri,-0.02,88.0,0.0,13.197,2026-09-25,0.0,2023-10-27,9.98,500.0,301.35470000000004,WhiteOak Capital Mutual Fund,CRISIL Hybrid 50+50 - Moderate Index,3,2026-08-31,-2.0485,0.7943,1.6718,,,-0.3699229956213292,NIL,Financials,,,,Unrated,,,Hybrid : Dynamic Asset Allocation,13.197
Motilal Oswal Nifty Capital Market ETF,Growth,Motilal Oswal Nifty Capital Market ETF,773,EQ,400042,44,549,49686,Open ended scheme,0.96,Swapnil P Mayekar,-0.73,106.0,,52.8508,2026-09-25,0.0,2025-03-07,42.01,500.0,300.6596,Motilal Oswal Mutual Fund,Nifty Capital Markets Index - TRI,1,2026-08-31,-4.5239,-3.1707,24.8947,,,13.187116781208436,null,Financials,,,,Unrated,,,Equity : ETFs,52.8508
Motilal Oswal Nifty 500 ETF,Growth,Motilal Oswal Nifty 500 ETF,312,EQ,400042,44,549,48267,Open ended scheme,0.45,Swapnil P Mayekar,0.23,37.0,,23.1402,2026-09-25,0.0,2023-09-29,10.17,500.0,298.35630000000003,Motilal Oswal Mutual Fund,NIFTY 500 - TRI,3,2026-08-31,-4.2476,-1.9387,-1.0933,,,-4.703425952236811,null,Financials,,,,Unrated,,,Equity : ETFs,23.1402
Navi Flexi Cap Fund-Reg(G),Growth,Navi Flexi Cap Fund-Reg(G),312,EQ,400041,50,959,39516,Open ended scheme,2.58,Ashutosh Shirwaikar,0.65,42.0,0.0,24.7589,2026-09-25,0.0,2018-07-09,11.66,100.0,297.30942899999997,Navi Mutual Fund,NIFTY 500 - TRI,3,2026-08-31,-2.0571,0.4369,8.6894,9.7626,9.0817,5.02095422308189,Nil,Financials,,,,2,,,Equity : Flexi Cap,24.7589
Prism Hybrid Long-Short Fund-Reg(G),Growth,Prism Hybrid Long-Short Fund-Reg(G),450,EQ,400084,58,440,75134,Open ended scheme,3.56,Arun Ramachandran,-0.09,89.0,0.0,10.2253,2026-09-25,0.0,2026-07-17,2.25,1000000.0,297.048781092,Jio BlackRock Prism SIF,NIFTY 50 Hybrid Composite Debt 50:50 Index,3,2026-08-31,0.9198,,,,,,NIL,Financials,,,,Unrated,,,Hybrid : Long - Short,10.2253
Union Gold ETF,Growth,Union Gold ETF,65,NEQ,400045,56,920,49576,Open ended scheme,0.49,Vinod Malviya,0.82,19.0,,147.3661,2026-09-25,0.0,2025-02-18,40.65,1000.0,296.7492,Union Mutual Fund,Gold-India,1,2026-08-31,-6.0202,7.8673,32.2853,,,13.328985749100813,null,-,,,,Unrated,,,Metal : ETFs,147.3661
Kotak Nifty Commodities Index Fund-Reg(G),Growth,Kotak Nifty Commodities Index Fund-Reg(G),328,EQ,400019,13,699,49317,Open ended scheme,0.55,Satish Dondapati,0.26,20.33,0.0,11.921,2026-09-25,0.0,2025-03-10,12.04,100.0,296.3438,Kotak Mahindra Mutual Fund,NIFTY COMMODITIES - TRI,3,2026-08-31,-3.1758,-2.9235,6.3236,,,0.7777495984444902,Nil,Energy,,,,Unrated,,,Equity : Thematic,11.921
Angel One Nifty 1D Rate Liquid ETF(G),Growth,Angel One Nifty 1D Rate Liquid ETF(G),293,NEQ,400064,45,999,49740,Open ended scheme,0.34,Kewal Shah,0.03,0.0,,1078.585,2026-09-27,0.0,2025-03-25,5.14,1000.0,295.986570641,Angel One Mutual Fund,Nifty 1D Rate Index,1,2026-08-31,0.3962,1.2469,5.0124,,,3.5981212155683076,null,-,,,,Unrated,,,Debt : ETFs,1078.294
Helios Overnight Fund-Reg(G),Growth,Helios Overnight Fund-Reg(G),500,NEQ,400061,20,972,48295,Open ended scheme,0.21,Alok Bahl,0.01,0.0,0.0,1181.9938,2026-09-27,0.0,2023-10-25,5.86,5000.0,293.8365,Helios Mutual Fund,CRISIL Liquid Overnight Index,1,2026-08-31,0.3953,1.2279,5.0515,,,3.652897151638664,Nil,-,,,,Unrated,,,Debt : Overnight,1181.8352
Mirae Asset Nifty MidSmallcap400 Momentum Quality 100 ETF FoF-Reg(G),Growth,Mirae Asset Nifty MidSmallcap400 Momentum Quality 100 ETF FoF-Reg(G),735,NEQ,400033,48,760,48822,Open ended scheme,0.62,Ekta Gala,0.02,,0.05,10.159,2026-09-25,0.0,2024-05-30,0.68,5000.0,293.41270000000003,Mirae Asset Mutual Fund,Nifty MidSmallcap400 Momentum Quality 100 - TRI,3,2026-08-31,-2.4393,-0.2846,4.9267,,,6.466149654160562,"0.05% on or before 15D, Nil after 15D",-,,,,Unrated,,,FoFs : Domestic,10.159
JM Focused Fund-Reg(G),Growth,JM Focused Fund-Reg(G),379,EQ,400017,51,44,4282,Open ended scheme,2.92,Asit Bhandarkar,0.3,82.52,1.0,19.9093,2026-09-25,0.0,2008-03-05,3.78,1000.0,292.797314187,JM Financial Mutual Fund,BSE 500 - TRI,3,2026-08-31,-4.7074,1.3841,-0.1645,10.5409,10.9703,-0.8476306680943136,"1% on or before 30D, Nil after 30D",Financials,,,,Unrated,,,Equity : Focused,19.9093
Bandhan 10 year Constant Maturity Gilt Fund-Reg(G),Growth,Bandhan 10 year Constant Maturity Gilt Fund-Reg(G),232,NEQ,400028,30,491,1079,Open ended scheme,0.48,Harshal Joshi,-0.02,0.0,0.0,48.0481,2026-09-25,0.0,2002-03-09,6.6,1000.0,292.547092366,Bandhan Mutual Fund,CRISIL 10 Year Gilt Index,1,2026-08-31,-1.1748,-0.3395,4.0574,7.2155,5.5086,2.8156114721509446,Nil,-,,,,Unrated,,,Debt : Gilt (10 Yr Constant Duration),48.0481
Diviniti Equity Long Short Fund-Reg(G),Growth,Diviniti Equity Long Short Fund-Reg(G),154,EQ,400073,58,718,75022,Open ended scheme,4.51,Alok Ranjan,0.13,,0.0,890.7768,2026-09-25,0.0,2025-12-01,-10.92,1000000.0,291.4713,ITI Diviniti SIF,NIFTY 50 - TRI,3,2026-08-31,-5.2,-4.755,,,,-11.117364056314823,"Nil upto 10% of units and 0.50% for remaining units on or before 6M, Nil after 6M",Financials,,,,Unrated,,,Hybrid : Long - Short,890.7768
Summit Equity Long-Short Fund-Reg(G),Growth,Summit Equity Long-Short Fund-Reg(G),379,EQ,400088,58,736,75152,Open ended scheme,5.23,Hiten Jain,-0.1,,0.5,10.37,2026-09-25,0.0,2026-07-22,3.7,1000000.0,290.9388,Invesco Summit SIF,BSE 500 - TRI,3,2026-08-31,-2.0774,,,,,,"0.50% on or before 3M, NIL after 3M",Financials,,,,Unrated,,,Hybrid : Long - Short,10.37
Kotak Nifty 100 Low Volatility 30 ETF,Growth,Kotak Nifty 100 Low Volatility 30 ETF,360,EQ,400019,44,551,45688,Open ended scheme,0.22,Devender Singhal,0.33,47.88,,20.2821,2026-09-25,0.0,2022-03-23,11.16,5000.0,290.8488,Kotak Mahindra Mutual Fund,Nifty100 Low Volatility 30 - TRI,1,2026-08-31,-5.1786,-2.4482,-3.6182,9.6639,,-7.963007501055046,null,Financials,,,,Unrated,,,Equity : ETFs,20.2821
Mirae Asset Nifty Energy ETF,Growth,Mirae Asset Nifty Energy ETF,317,EQ,400033,44,760,50238,Open ended scheme,0.51,Ekta Gala,0.21,,,37.751,2026-09-25,0.0,2025-11-07,5.48,5000.0,290.5658,Mirae Asset Mutual Fund,NIFTY ENERGY - TRI,1,2026-08-31,-2.0533,-5.1397,,,,6.850718640498607,null,Energy,,,,Unrated,,,Equity : ETFs,37.751
Union Corporate Bond Fund-Reg(G),Growth,Union Corporate Bond Fund-Reg(G),444,NEQ,400045,34,231,39478,Open ended scheme,0.73,Parijat Agrawal,-0.07,0.0,0.0,16.0809,2026-09-25,0.0,2018-05-25,5.86,1000.0,289.1222,Union Mutual Fund,CRISIL Corporate Bond Index,3,2026-08-31,-0.2104,0.2437,3.8,6.5415,5.4429,2.4378591176058393,NIL,-,,,,2,,,Debt : Corporate Bond,16.0809
Edelweiss Financial Services Fund-Reg(G),Growth,Edelweiss Financial Services Fund-Reg(G),330,EQ,400035,8,820,50500,Open ended scheme,2.56,Trideep Bhattacharya,0.23,8.0,1.0,9.0754,2026-09-25,0.0,2026-02-16,-9.25,100.0,288.89209999999997,Edelweiss Mutual Fund,Nifty Financial Services - TRI,3,2026-08-31,-5.1534,-5.7581,,,,,"1% on or before 90D, Nil after 90D",Financials,,,,Unrated,,,Equity : Sectoral - Financial Services,9.0754
Baroda BNP Paribas Equity Savings Fund-Reg(G),Growth,Baroda BNP Paribas Equity Savings Fund-Reg(G),560,EQ,400001,55,85,42783,Open ended scheme,2.81,Jitendra Sriram,0.12,410.0,1.0,17.2063,2026-09-25,0.0,2019-07-25,7.86,5000.0,288.71389999999997,Baroda BNP Paribas Mutual Fund,NIFTY 50 Equity Savings Index - TRI,3,2026-08-31,-1.9651,0.1449,3.5744,8.0961,6.9188,0.6245796660721061,"1% on or before 30D, Nil after 30D",Financials,,,,Unrated,,,Hybrid : Equity Savings,17.2063
Helios Balanced Advantage Fund-Reg(G),Growth,Helios Balanced Advantage Fund-Reg(G),415,EQ,400061,41,972,48678,Open ended scheme,2.85,Alok Bahl,0.0,269.0,0.0,11.39,2026-09-25,0.0,2024-03-27,5.35,5000.0,288.3454,Helios Mutual Fund,CRISIL Hybrid 50+50 - Moderate Index,3,2026-08-31,-2.8986,-0.2627,1.0648,,,-2.7327070879590116,NIL,Financials,,,,Unrated,,,Hybrid : Dynamic Asset Allocation,11.39
Aditya Birla SL Nifty Next 50 Index Fund-Reg(G),Growth,Aditya Birla SL Nifty Next 50 Index Fund-Reg(G),165,EQ,400004,18,671,46360,Open ended scheme,1.01,Mehul Dama,0.55,,0.0,17.3796,2026-09-25,0.0,2022-02-18,12.76,100.0,287.2014,Aditya Birla Sun Life Mutual Fund,NIFTY NEXT 50 - TRI,3,2026-08-31,-3.6912,-0.4605,5.1429,16.4652,,3.704941314063733,Nil,Financials,,,,Unrated,,,Equity : Index Funds,17.3796
Edelweiss Nifty 50 Index Fund-Reg(G),Growth,Edelweiss Nifty 50 Index Fund-Reg(G),154,EQ,400035,18,490,45957,Open ended scheme,0.52,Bhavesh Jain,0.33,20.0,0.0,13.2431,2026-09-25,0.0,2021-10-08,5.82,100.0,286.5915,Edelweiss Mutual Fund,NIFTY 50 - TRI,3,2026-08-31,-4.9167,-3.5764,-6.4548,6.1075,,-10.908467096322804,Nil,Financials,,,,Unrated,,,Equity : Index Funds,13.2431
Axis Retirement Fund-Dynamic Plan-Reg(G),Growth,Axis Retirement Fund-Dynamic Plan-Reg(G),301,EQ,400040,41,966,43842,Open ended scheme,2.55,Jayesh Sundar,0.16,0.0,0.0,19.24,2026-09-25,5.0,2019-12-20,10.15,5000.0,284.66790000000003,Axis Mutual Fund,CRISIL Hybrid 35+65 - Aggressive Index,3,2026-08-31,-3.268,-0.7224,-1.9368,10.3868,6.1371,-3.267973856209161,Nil,Financials,,,,Unrated,,,Hybrid : Dynamic Asset Allocation,19.24
Edelweiss Nifty Smallcap 250 Index Fund-Reg(G),Growth,Edelweiss Nifty Smallcap 250 Index Fund-Reg(G),350,EQ,400035,18,490,47167,Open ended scheme,0.94,Bhavesh Jain,0.02,40.0,0.0,18.4606,2026-09-25,0.0,2022-11-30,17.4,100.0,284.5892,Edelweiss Mutual Fund,Nifty Smallcap 250 - TRI,3,2026-08-31,-1.0511,2.637,6.157,14.147,,8.683826299924629,Nil,Financials,,,,Unrated,,,Equity : Index Funds,18.4606
Canara Rob Short Term Fund-Reg(G),Growth,Canara Rob Short Term Fund-Reg(G),728,NEQ,400006,25,227,12382,Open ended scheme,0.99,Suman Prasad,-0.04,0.0,0.0,26.919,2026-09-25,0.0,2011-04-25,6.63,5000.0,284.3482,Canara Robeco Mutual Fund,CRISIL Short Duration Debt Index,3,2026-08-31,0.0993,0.9806,4.6219,6.314,5.3784,3.3303392524010205,Nil,-,,,,2,,,Debt : Short Duration,26.919
ICICI Pru Nifty Infrastructure ETF,Growth,ICICI Pru Nifty Infrastructure ETF,319,EQ,400015,44,763,45998,Open ended scheme,0.51,Nishit Patel,0.14,49.0,,92.2723,2026-09-25,0.0,2022-08-17,15.51,1000.0,283.559456974,ICICI Prudential Mutual Fund,Nifty Infrastructure - TRI,3,2026-08-31,-4.7006,-5.1224,-1.0304,13.582,,-6.534614352205908,null,Energy,,,,Unrated,,,Equity : ETFs,92.2723
Edelweiss Europe Dynamic Equity Off-shore Fund-Reg(G),Growth,Edelweiss Europe Dynamic Equity Off-shore Fund-Reg(G),244,NEQ,400035,49,490,24618,Open ended scheme,1.38,Bhavesh Jain,0.21,,1.0,30.8984,2026-09-25,0.0,2014-02-07,9.34,100.0,282.8007,Edelweiss Mutual Fund,MSCI Europe Index (Total Return Net),5,2026-08-31,-3.3664,2.1847,22.6964,24.949,14.8569,11.704736889774486,"1% on or before 90D, Nil after 90D",-,,,,Unrated,,,FoFs : Overseas,30.8333
Groww BSE Power ETF,Growth,Groww BSE Power ETF,401,EQ,400048,44,1097,50007,Open ended scheme,0.48,Aakash Chauhan,0.53,81.0,,11.0682,2026-09-25,0.0,2025-08-05,9.31,500.0,282.595427004,Groww Mutual Fund,BSE Power Index - TRI,1,2026-08-31,-2.7997,-8.6164,8.88,,,13.356069683841831,null,Energy,,,,Unrated,,,Equity : ETFs,11.0682
Aditya Birla SL Global Emerging Opp Fund(G),Growth,Aditya Birla SL Global Emerging Opp Fund(G),63,NEQ,400004,49,914,6063,Open ended scheme,1.09,Dhaval Joshi,0.14,0.2,0.25,33.4837,2026-09-24,0.0,2008-09-17,6.93,100.0,281.9978,Aditya Birla Sun Life Mutual Fund,S&P Global 1200,5,2026-08-31,1.5556,-0.787,18.8752,20.5288,9.788,17.989675282344027,"0.25% on or before 28D, Nil after 28D",-,,,,Unrated,,,FoFs : Overseas,33.4837
Franklin India Ultra Short Term Fund-Reg(G),Growth,Franklin India Ultra Short Term Fund-Reg(G),434,NEQ,400012,22,492,49073,Open ended scheme,0.72,Rohan Maru,-0.02,0.0,0.0,11.4394,2026-09-25,0.0,2024-08-29,6.7,5000.0,281.493639378,Franklin Templeton Mutual Fund,NIFTY Ultra Short Duration Debt Index,3,2026-08-31,0.4919,1.5193,6.0539,,,4.4474676551957115,Nil,-,,,,Unrated,,,Debt : Ultra Short Duration,11.4394
Franklin India Floating Interest Rates Fund(G),Growth,Franklin India Floating Interest Rates Fund(G),443,NEQ,400012,32,130,3392,Open ended scheme,0.95,Pallab Roy,-0.05,0.0,0.0,43.7612,2026-09-25,0.0,2001-04-23,5.97,1000.0,281.346454952,Franklin Templeton Mutual Fund,Nifty Short Duration Debt Index,3,2026-08-31,0.2633,1.3549,5.8555,7.2373,6.4167,4.110540665280473,Nil,-,,,,2,,,Debt : Floater,43.7612
Invesco India Equity Savings Fund-Reg(G),Growth,Invesco India Equity Savings Fund-Reg(G),436,EQ,400021,55,651,41505,Open ended scheme,2.97,Amey Sathe,0.1,464.0,0.25,16.6281,2026-09-25,0.0,2019-03-07,6.96,1000.0,280.0535,Invesco Mutual Fund,NIFTY 50 Equity Savings Index,3,2026-08-31,-1.3427,0.1168,-1.8487,6.9926,5.6739,-1.1790925028972126,"0.25% on or before 1M, Nil after 1M",Financials,,,,1,,,Hybrid : Equity Savings,16.6281
SBI FMP-57-1835D-Reg(G),Growth,SBI FMP-57-1835D-Reg(G),418,NEQ,400027,36,583,46158,Close ended scheme,0.22,Ranjana Gupta,0.01,,,13.2325,2026-09-25,0.0,2021-12-13,6.03,5000.0,279.215,SBI Mutual Fund,CRISIL Medium to Long Term Debt Index,3,2026-08-31,0.4448,1.3325,5.8744,7.2538,,4.032359508160635,null,-,,,,Unrated,,,Debt : FTP/FMP,13.2325
DSP CRISIL-IBX 50:50 Gilt Plus SDL - April 2033 Index Fund-Reg(G),Growth,DSP CRISIL-IBX 50:50 Gilt Plus SDL - April 2033 Index Fund-Reg(G),678,NEQ,400009,28,937,47476,Open ended scheme,0.4,Shantanu Godambe,-0.06,0.0,0.0,12.9078,2026-09-25,0.0,2023-01-25,7.21,100.0,276.9613,DSP Mutual Fund,CRISIL-IBX 50:50 Gilt Plus SDL Index - April 2033,3,2026-08-31,-1.1533,-0.2411,3.7579,6.804,,2.8960899198852137,Nil,-,,,,Unrated,,,Debt : Long Duration,12.9078
ITI Pharma & Healthcare Fund-Reg(G),Growth,ITI Pharma & Healthcare Fund-Reg(G),544,EQ,400056,7,1219,45724,Open ended scheme,2.63,Animesh Singh,-0.36,47.0,0.5,18.2447,2026-09-25,0.0,2021-11-08,13.11,5000.0,276.2275,ITI Mutual Fund,Nifty Healthcare Index - TRI,3,2026-08-31,1.0574,6.5253,13.1517,19.0764,,16.26307941322662,"0.50% on or before 3M, NIL after 3M",Healthcare,,,,Unrated,,,Equity : Sectoral - Pharma,18.2447
SBI FMP-55-1849D-Reg(G),Growth,SBI FMP-55-1849D-Reg(G),418,NEQ,400027,36,583,46075,Close ended scheme,0.23,Ranjana Gupta,0.01,,,13.3169,2026-09-25,0.0,2021-11-23,6.1,5000.0,275.74240000000003,SBI Mutual Fund,CRISIL Medium to Long Term Debt Index,3,2026-08-31,0.4503,1.3416,5.9032,7.2227,,4.061857764649804,null,-,,,,Unrated,,,Debt : FTP/FMP,13.3169
Edelweiss Emerging Markets Opp Eq. Offshore Fund-Reg(G),Growth,Edelweiss Emerging Markets Opp Eq. Offshore Fund-Reg(G),55,NEQ,400035,49,490,20281,Open ended scheme,1.38,Bhavesh Jain,-0.66,,1.0,28.6108,2026-09-24,0.0,2014-07-07,8.98,100.0,275.4599,Edelweiss Mutual Fund,MSCI Emerging Market Index,5,2026-08-31,2.446,-0.103,44.4122,28.7147,11.4994,34.81034726475995,"1% on or before 90D, Nil after 90D",-,,,,Unrated,,,FoFs : Overseas,28.6108
Zerodha Nifty Midcap 150 ETF,Growth,Zerodha Nifty Midcap 150 ETF,349,EQ,400062,44,811,48886,Open ended scheme,0.22,Kedarnath Mirajkar,-0.14,33.0,,11.3076,2026-09-25,0.0,2024-06-12,5.52,1000.0,275.241669524,Zerodha Mutual Fund,Nifty Midcap 150 - TRI,3,2026-08-31,-4.5571,-1.0128,6.1408,,,1.705342687533733,null,Financials,,,,Unrated,,,Equity : ETFs,11.3076
Baroda BNP Paribas Corp Bond Fund(G),Growth,Baroda BNP Paribas Corp Bond Fund(G),444,NEQ,400001,34,141,6932,Open ended scheme,0.49,Prashant Pimple,-0.05,0.0,0.0,29.4606,2026-09-25,0.0,2008-11-08,6.23,5000.0,274.77299999999997,Baroda BNP Paribas Mutual Fund,CRISIL Corporate Bond Index,3,2026-08-31,0.1509,1.0277,5.4673,7.3658,5.885,3.948993345424006,Nil,-,,,,Unrated,,,Debt : Corporate Bond,29.4606
Kotak Energy Opportunities Fund-Reg(G),Growth,Kotak Energy Opportunities Fund-Reg(G),317,EQ,400019,12,1004,49185,Open ended scheme,2.59,Mandar Pawar,0.01,26.69,0.5,10.469,2026-09-25,0.0,2025-04-25,3.28,100.0,274.5534,Kotak Mahindra Mutual Fund,NIFTY ENERGY - TRI,3,2026-08-31,-2.0124,-2.6502,2.8187,,,2.5066092235386295,"0.50% on or before 90D, Nil after 90D",Energy,,,,Unrated,,,Equity : Sectoral - Energy / Power,10.469
LIC MF Banking & Financial Services Fund-Reg(G),Growth,LIC MF Banking & Financial Services Fund-Reg(G),330,EQ,400020,8,195,19955,Open ended scheme,2.85,Sudhanshu Asthana,0.26,77.0,0.0,20.5171,2026-09-25,0.0,2015-03-27,6.44,5000.0,274.5112,LIC Mutual Fund,Nifty Financial Services - TRI,3,2026-08-31,-6.8243,-4.4957,-1.0776,5.5706,7.8795,-7.97360819563306,"Nil upto 12% of units and 1% on remaining units on or before 90D, Nil after 90D",Financials,,,,Unrated,,,Equity : Sectoral - Financial Services,20.5171
Motilal Oswal Nifty Realty ETF,Growth,Motilal Oswal Nifty Realty ETF,320,EQ,400042,44,549,48548,Open ended scheme,0.92,Swapnil P Mayekar,0.92,126.0,,87.3034,2026-09-25,0.0,2024-03-15,1.68,500.0,273.1483,Motilal Oswal Mutual Fund,NIFTY REALTY - TRI,3,2026-08-31,-5.2059,5.8659,-0.3809,,,-0.5286700984648043,null,Real Estate,,,,Unrated,,,Equity : ETFs,87.3034
WOC Equity Savings Fund-Reg(G),Growth,WOC Equity Savings Fund-Reg(G),560,EQ,400055,55,864,49513,Open ended scheme,3.05,Ramesh Mantri,0.07,725.0,0.0,11.489,2026-09-25,0.0,2025-03-12,9.43,500.0,273.0723,WhiteOak Capital Mutual Fund,NIFTY 50 Equity Savings Index - TRI,3,2026-08-31,-0.9142,1.3139,4.6643,,,2.015627774817975,NIL,Financials,,,,Unrated,,,Hybrid : Equity Savings,11.489
Bank of India Banking & Financial Services Fund-Reg(G),Growth,Bank of India Banking & Financial Services Fund-Reg(G),330,EQ,400034,8,1029,50494,Open ended scheme,2.79,Nilesh Jethani,-0.21,31.0,0.0,9.33,2026-09-25,0.0,2026-01-30,-6.7,5000.0,272.8884,Bank of India Mutual Fund,Nifty Financial Services - TRI,3,2026-08-31,-5.6623,-6.2312,,,,,"NIL for 10% of investments and 1% for remaining investments on or before 3M, NIL after 3M",Financials,,,,Unrated,,,Equity : Sectoral - Financial Services,9.33
SBI FMP-58-1842D-Reg(G),Growth,SBI FMP-58-1842D-Reg(G),418,NEQ,400027,36,583,46201,Close ended scheme,0.27,Ranjana Gupta,0.0,,,13.3448,2026-09-25,0.0,2022-01-05,6.3,5000.0,272.7944,SBI Mutual Fund,CRISIL Medium to Long Term Debt Index,3,2026-08-31,0.4146,1.288,5.8775,7.2548,,4.117968323320583,null,-,,,,Unrated,,,Debt : FTP/FMP,13.3448
Tata Income Plus Arbitrage Active FOF-Reg(G),Growth,Tata Income Plus Arbitrage Active FOF-Reg(G),40,NEQ,400030,48,164,49848,Open ended scheme,0.58,Sailesh Jain,-0.02,4695.0,0.25,10.6449,2026-09-25,0.0,2025-05-20,4.74,5000.0,271.9694744271,Tata Mutual Fund,CRISIL Composite Bond Index,3,2026-08-31,0.1609,0.8766,5.0549,,,3.496251932369502,"0.25% on or before 30D, Nil after 30D",-,,,,Unrated,,,FoFs : Domestic,10.6449
Aditya Birla SL BSE Sensex ETF,Growth,Aditya Birla SL BSE Sensex ETF,174,EQ,400004,44,671,35815,Open ended scheme,0.05,Mehul Dama,0.43,4.0,,74.5895,2026-09-25,0.0,2016-07-18,10.2,5000.0,270.5604,Aditya Birla Sun Life Mutual Fund,BSE SENSEX - TRI,3,2026-08-31,-4.821,-3.8632,-7.9911,4.9665,5.4409,-12.544686459050267,null,Financials,,,,Unrated,,,Equity : ETFs,74.5895
UTI Nifty Midcap 150 Quality 50 Index Fund-Reg(G),Growth,UTI Nifty Midcap 150 Quality 50 Index Fund-Reg(G),556,EQ,400032,18,620,45718,Open ended scheme,1.12,Sharwan Kumar Goyal,0.22,50.0,0.0,13.6847,2026-09-25,0.0,2022-04-11,7.29,1000.0,270.42310000000003,UTI Mutual Fund,NIFTY Midcap150 Quality 50 - TRI,3,2026-08-31,-4.9443,-2.636,-3.0362,7.6061,,-2.234684765136639,Nil,Financials,,,,Unrated,,,Equity : Index Funds,13.6847
HDFC FMP-Sr 46-1406D-Aug 2022-Reg(G),Growth,HDFC FMP-Sr 46-1406D-Aug 2022-Reg(G),438,NEQ,400013,36,32,46755,Close ended scheme,,Anupam Joshi,0.01,0.0,,12.8602,2026-06-30,0.0,2022-08-25,6.75,5000.0,270.2836,HDFC Mutual Fund,NIFTY Long Duration Debt Index,3,2026-05-31,0.4397,1.2973,5.4054,6.8974,,2.5836969440744086,null,-,,,,Unrated,,,Debt : FTP/FMP,12.8602
Mirae Asset Nifty India Manufacturing ETF,Growth,Mirae Asset Nifty India Manufacturing ETF,584,EQ,400033,44,760,45869,Open ended scheme,0.52,Ekta Gala,0.46,,,161.665,2026-09-25,0.0,2022-01-27,17.02,5000.0,270.0488,Mirae Asset Mutual Fund,Nifty India Manufacturing - TRI,3,2026-08-31,-4.2312,-0.0647,6.4091,17.9146,,3.4653351287420566,null,Automobile and Ancillaries,,,,Unrated,,,Equity : ETFs,161.665
Kotak CRISIL-IBX Financial Services 3-6 Months Debt Index Fund-Reg(G),Growth,Kotak CRISIL-IBX Financial Services 3-6 Months Debt Index Fund-Reg(G),779,NEQ,400019,22,900,49672,Open ended scheme,0.35,Manu Sharma,0.0,0.0,0.0,11.075,2026-09-25,0.0,2025-03-07,6.79,100.0,269.6516,Kotak Mahindra Mutual Fund,CRISIL-IBX Financial Services 3-6 Months Debt Index,3,2026-08-31,0.4608,1.6242,6.5098,,,4.8342057684844235,NIL,-,,,,Unrated,,,Debt : Ultra Short Duration,11.075
SBI FMP-60-1878D-Reg(G),Growth,SBI FMP-60-1878D-Reg(G),418,NEQ,400027,36,583,46397,Close ended scheme,0.23,Ranjana Gupta,-0.01,,,13.2583,2026-09-25,0.0,2022-02-15,6.31,5000.0,269.3499,SBI Mutual Fund,CRISIL Medium to Long Term Debt Index,3,2026-08-31,0.3793,1.2911,5.9401,7.3511,,4.156584860006911,null,-,,,,Unrated,,,Debt : FTP/FMP,13.2583
UTI CRISIL SDL Maturity April 2033 Index Fund-Reg(G),Growth,UTI CRISIL SDL Maturity April 2033 Index Fund-Reg(G),672,NEQ,400032,28,889,47337,Open ended scheme,0.4,Jaydeep Bhowal,-0.03,0.0,0.0,12.8926,2026-09-25,0.0,2022-12-21,6.98,5000.0,269.173,UTI Mutual Fund,CRISIL IBX SDL Index - April 2033,3,2026-08-31,-0.8589,0.1173,4.1103,6.661,,3.455304124538598,Nil,-,,,,Unrated,,,Debt : Long Duration,12.8926
JioBlackRock Nifty 50 Index Fund-Reg(G),Growth,JioBlackRock Nifty 50 Index Fund-Reg(G),154,EQ,400066,18,1123,51172,Open ended scheme,0.49,Anand Shah,0.33,16.21,,9.5251,2026-09-25,0.0,2026-08-17,-4.75,500.0,268.060882609,Jio BlackRock Mutual Fund,NIFTY 50 - TRI,3,2026-08-31,-4.9182,,,,,,null,Financials,,,,Unrated,,,Equity : Index Funds,9.5251
ICICI Pru Nifty50 Equal Weight Index Fund-Reg(G),Growth,ICICI Pru Nifty50 Equal Weight Index Fund-Reg(G),359,EQ,400015,18,763,46902,Open ended scheme,1.12,Nishit Patel,0.26,32.0,0.0,16.1607,2026-09-25,0.0,2022-10-03,12.81,100.0,267.766683276,ICICI Prudential Mutual Fund,NIFTY50 Equal Weight - TRI,3,2026-08-31,-4.7696,-2.6651,-0.9281,10.2279,,-4.899578069003683,Nil,Financials,,,,Unrated,,,Equity : Index Funds,16.1607
Bandhan Nifty 100 Index Fund-Reg(G),Growth,Bandhan Nifty 100 Index Fund-Reg(G),314,EQ,400028,18,992,46119,Open ended scheme,0.66,Abhishek Jain,0.38,11.0,0.0,14.2838,2026-09-25,0.0,2022-02-24,8.08,1000.0,265.628514085095,Bandhan Mutual Fund,NIFTY 100 - TRI,3,2026-08-31,-4.6991,-3.0456,-4.5469,7.8736,,-8.542121540027797,Nil,Financials,,,,Unrated,,,Equity : Index Funds,14.2838
Quantum Small Cap Fund-Reg(G),Growth,Quantum Small Cap Fund-Reg(G),377,EQ,400024,5,275,48248,Open ended scheme,2.33,Chirag Mehta,0.44,14.78,0.0,13.55,2026-09-25,0.0,2023-11-03,11.06,500.0,265.272116710398,Quantum Mutual Fund,BSE 250 Small Cap - TRI,3,2026-08-31,-1.0226,2.11,8.4868,,,7.454401268834269,"Nil upto 10% of units and 1% for remaining units on or before 180D, Nil after 180D",Financials,,,,Unrated,,,Equity : Small Cap,13.55
Quant Teck Fund-Reg(G),Growth,Quant Teck Fund-Reg(G),310,EQ,400010,10,791,48195,Open ended scheme,3.8,Sandeep Tandon,0.36,694.0,1.0,10.5367,2026-09-25,0.0,2023-09-11,1.73,5000.0,264.193,Quant Mutual Fund,NIFTY IT - TRI,3,2026-08-31,-6.8044,-1.7759,-9.664,2.0022,,-6.471799605886849,"1% on or before 15D, Nil after 15D",Technology,,,,Unrated,,,Equity : Sectoral - Technology,10.5367
Tata Nifty India Tourism Index Fund-Reg(G),Growth,Tata Nifty India Tourism Index Fund-Reg(G),750,EQ,400030,18,1116,48992,Open ended scheme,1.09,Nitin Sharma,0.11,40.01,0.25,8.7923,2026-09-25,0.0,2024-07-24,-5.75,5000.0,263.9522334862,Tata Mutual Fund,Nifty India Tourism Index - TRI,3,2026-08-31,-3.5752,-3.2069,-14.4352,,,-10.037551287691993,0.25% on or before 15D,Travel,,,,Unrated,,,Equity : Index Funds,8.7923
ICICI Pru Multi Sector Passive FOF(G),Growth,ICICI Pru Multi Sector Passive FOF(G),312,NEQ,400015,48,182,1698,Open ended scheme,0.48,Sankaran Naren,0.17,8.0,1.0,165.6761,2026-09-25,0.0,2003-12-18,13.11,5000.0,263.45914760979997,ICICI Prudential Mutual Fund,NIFTY 500 - TRI,3,2026-08-31,-2.9474,-1.5355,2.4121,11.6653,10.4868,-3.569378948434491,"1% on or before 15D, Nil after 15D",-,,,,Unrated,,,FoFs : Domestic,165.6761
Franklin India Short Term Fund-Reg(G),Growth,Franklin India Short Term Fund-Reg(G),443,NEQ,400012,25,496,50945,Open ended scheme,0.92,Anuj Tagra,-0.02,0.0,0.0,10.0445,2026-09-25,0.0,2026-08-12,0.44,5000.0,263.195252361,Franklin Templeton Mutual Fund,Nifty Short Duration Debt Index,3,2026-08-31,0.3076,,,,,,NIL,-,,,,Unrated,,,Debt : Short Duration,10.0445
Mahindra Manulife Innovation Opportunities Fund-Reg(G),Growth,Mahindra Manulife Innovation Opportunities Fund-Reg(G),312,EQ,400054,13,1067,50268,Open ended scheme,2.52,Kirti Dalvi,0.15,,0.5,10.7631,2026-09-25,0.0,2026-01-30,7.63,1000.0,262.9604,Mahindra Manulife Mutual Fund,NIFTY 500 - TRI,3,2026-08-31,-4.2889,-0.5231,,,,,"0.50% on or before 3M, Nil after 3M",Financials,,,,Unrated,,,Equity : Thematic,10.7631
SBI LT Advantage Fund-VI-Reg(G),Growth,SBI LT Advantage Fund-VI-Reg(G),22,EQ,400027,6,418,39495,Close ended scheme,1.43,Nidhi Chawla,-0.15,,,30.3925,2026-09-25,3.0,2018-07-17,14.52,500.0,262.28770000000003,SBI Mutual Fund,BSE 500,3,2026-08-31,-2.6761,-0.4823,-0.6092,9.2388,11.4927,-1.8108099376474045,null,Financials,,,,Unrated,,,Equity : Tax Saving (ELSS),30.3925
Nippon India Nifty IT Index Fund-Reg(G),Growth,Nippon India Nifty IT Index Fund-Reg(G),310,EQ,400025,18,1074,48568,Open ended scheme,1.05,Jitendra Tolani,-0.17,24.0,0.0,7.6041,2026-09-25,0.0,2024-02-22,-10.03,1000.0,262.129324703498,Nippon India Mutual Fund,NIFTY IT - TRI,3,2026-08-31,-8.543,3.0492,-17.5394,,,-25.154286051753505,Nil,Technology,,,,Unrated,,,Equity : Index Funds,7.6041
Samco Flexi Cap Fund-Reg(G),Growth,Samco Flexi Cap Fund-Reg(G),312,EQ,400059,50,838,46217,Open ended scheme,3.12,Nirali Bhansali,0.85,199.0,0.0,9.48,2026-09-25,0.0,2022-02-04,-1.14,5000.0,261.6242,Samco Mutual Fund,NIFTY 500 - TRI,3,2026-08-31,-3.7563,-3.4623,-7.0588,-4.4836,,-4.531722054380658,"Nil upto 10% of units and 1% for remaining units on or before 12M, Nil after 12M",Financials,,,,Unrated,,,Equity : Flexi Cap,9.48
Sundaram Banking and PSU Debt Fund(G),Growth,Sundaram Banking and PSU Debt Fund(G),449,NEQ,400029,33,450,2960,Open ended scheme,0.42,Sandeep Agarwal,-0.07,0.0,0.0,45.7189,2026-09-25,0.0,2004-12-30,7.24,5000.0,261.54440575563,Sundaram Mutual Fund,NIFTY Banking and PSU Debt Index,3,2026-08-31,0.072,0.7322,4.7153,6.8441,5.812,3.2073610380580653,Nil,-,,,,2,,,Debt : Banking & PSU,45.7189
Bank of India Short Term Fund-Reg(G),Growth,Bank of India Short Term Fund-Reg(G),728,NEQ,400034,25,814,7456,Open ended scheme,1.19,Mithraem Bharucha,-0.02,0.0,0.0,28.3951,2026-09-25,0.0,2008-12-18,6.05,5000.0,260.1601,Bank of India Mutual Fund,CRISIL Short Duration Debt Index,3,2026-08-31,0.0747,0.9216,4.6265,6.9817,10.2675,3.3120124577948515,Nil,-,,,,Unrated,,,Debt : Short Duration,28.3951
Nippon India ETF Nifty 5 yr Benchmark G-Sec,Growth,Nippon India ETF Nifty 5 yr Benchmark G-Sec,528,NEQ,400025,45,550,45428,Open ended scheme,0.1,Pranay Sinha,0.02,0.0,,65.79,2026-09-25,0.0,2021-04-07,6.07,5000.0,259.934201933964,Nippon India Mutual Fund,Nifty 5 yr Benchmark G-Sec Index TRI,3,2026-08-31,-0.7923,0.1118,4.4916,7.4192,6.117,3.44795053870297,null,-,,,,Unrated,,,Debt : ETFs,65.79
SBI Nifty India Consumption Index Fund-Reg(G),Growth,SBI Nifty India Consumption Index Fund-Reg(G),323,EQ,400027,18,1000,49106,Open ended scheme,0.9,Viral Chhadva,0.54,9.0,0.25,9.8817,2026-09-25,0.0,2024-10-30,-0.62,5000.0,259.4609,SBI Mutual Fund,Nifty India Consumption - TRI,3,2026-08-31,-5.6829,-1.3517,-6.9248,,,-7.094572360689337,"0.25% on or before 15D, Nil after 15D",Automobile and Ancillaries,,,,Unrated,,,Equity : Index Funds,9.8817
Kotak Nifty AAA Bond Financial Services Mar 2028 Index Fund-Reg(G),Growth,Kotak Nifty AAA Bond Financial Services Mar 2028 Index Fund-Reg(G),786,NEQ,400019,25,8,49469,Open ended scheme,0.32,Abhishek Bisen,-0.03,0.0,0.0,10.6637,2026-09-25,0.0,2025-07-09,5.44,100.0,257.517,Kotak Mahindra Mutual Fund,Nifty AAA Financial Services Bond Mar 2028 Index,3,2026-08-31,0.3378,1.2957,5.4476,,,3.70424398023885,NIL,-,,,,Unrated,,,Debt : Short Duration,10.6637
Mirae Asset Nifty Smallcap 250 Momentum Quality 100 ETF FoF-Reg(G),Growth,Mirae Asset Nifty Smallcap 250 Momentum Quality 100 ETF FoF-Reg(G),720,NEQ,400033,48,760,48497,Open ended scheme,0.6,Ekta Gala,0.38,,0.05,10.666,2026-09-25,0.0,2024-03-01,2.54,5000.0,256.5193,Mirae Asset Mutual Fund,Nifty Smallcap250 Momentum Quality 100 - TRI,3,2026-08-31,-0.1591,4.7432,6.0028,,,10.060881230007219,"0.05% on or before 15D, Nil after 15D",-,,,,Unrated,,,FoFs : Domestic,10.666
Motilal Oswal Quant Fund-Reg(G),Growth,Motilal Oswal Quant Fund-Reg(G),326,EQ,400042,13,627,48806,Open ended scheme,1.59,Ajay Khandelwal,0.0,263.0,1.0,9.5079,2026-09-25,0.0,2024-06-06,-2.17,500.0,255.8498,Motilal Oswal Mutual Fund,NIFTY 200 - TRI,3,2026-08-31,-5.9629,-0.8912,-2.387,,,-4.0090863200403835,"1% on or before 15D, Nil after 15D",Financials,,,,Unrated,,,Equity : Thematic,9.5079
SBI Retirement Benefit Fund-Conservative Hybrid Plan-Reg(G),Growth,SBI Retirement Benefit Fund-Conservative Hybrid Plan-Reg(G),536,NEQ,400027,52,824,30400,Open ended scheme,1.76,Rohit Shimpi,0.16,0.0,0.0,15.7571,2026-09-25,5.0,2021-02-10,8.42,5000.0,254.8511,SBI Mutual Fund,CRISIL Hybrid 65+35 - Conservative Index,3,2026-08-31,-1.4029,0.0006,1.6089,6.442,7.0361,0.19139060214916467,Nil,Financials,,,,Unrated,,,Hybrid : Conservative Hybrid,15.7571
Motilal Oswal Nifty Smallcap 250 ETF,Growth,Motilal Oswal Nifty Smallcap 250 ETF,350,EQ,400042,44,549,48657,Open ended scheme,0.51,Swapnil P Mayekar,0.02,76.0,,18.2607,2026-09-25,0.0,2024-03-15,11.37,500.0,253.4229,Motilal Oswal Mutual Fund,Nifty Smallcap 250 - TRI,3,2026-08-31,-1.0013,2.7759,6.7503,,,9.046447467424674,null,Financials,,,,Unrated,,,Equity : ETFs,18.2607
ICICI Pru Nifty Auto Index Fund-Reg(G),Growth,ICICI Pru Nifty Auto Index Fund-Reg(G),324,EQ,400015,9,763,45995,Open ended scheme,0.95,Nishit Patel,0.89,21.0,0.0,21.3422,2026-09-25,0.0,2022-10-11,21.11,1000.0,253.2396161698,ICICI Prudential Mutual Fund,NIFTY AUTO - TRI,3,2026-08-31,-7.7593,0.3083,0.8658,18.3613,,-3.9794481411995606,Nil,Automobile and Ancillaries,,,,Unrated,,,Equity : Sectoral - Auto,21.3422
DSP Medium Term Fund-Reg(G),Growth,DSP Medium Term Fund-Reg(G),417,NEQ,400009,26,808,637,Open ended scheme,0.78,Vivekanand Ramakrishnan,-0.07,0.0,0.0,86.224,2026-09-25,0.0,1997-04-29,7.6,100.0,251.4163,DSP Mutual Fund,CRISIL Medium Duration Debt Index,3,2026-08-31,-0.6986,0.2425,3.9541,6.675,5.7016,2.6911405309869494,Nil,-,,,,3,,,Debt : Medium Duration,86.224
The Wealth Company Flexi Cap Fund-Reg(G),Growth,The Wealth Company Flexi Cap Fund-Reg(G),312,EQ,400068,50,1167,50284,Open ended scheme,3.81,Aparna Shanker,0.24,,1.0,9.6757,2026-09-25,0.0,2025-10-14,-3.24,1000.0,250.50230320400001,The Wealth Company Mutual Fund,NIFTY 500 - TRI,3,2026-08-31,-3.9976,-2.237,,,,-5.129034788406474,"1% on or before 30D, Nil after 30D",Financials,,,,Unrated,,,Equity : Flexi Cap,9.6757
Kotak Nifty Smallcap 50 Index Fund-Reg(G),Growth,Kotak Nifty Smallcap 50 Index Fund-Reg(G),352,EQ,400019,18,699,46631,Open ended scheme,0.93,Satish Dondapati,0.44,79.28,0.0,22.624,2026-09-25,0.0,2023-04-10,26.59,100.0,250.2695,Kotak Mahindra Mutual Fund,Nifty Smallcap 50 - TRI,3,2026-08-31,-0.7371,6.4008,13.3297,18.9323,,14.372377533997271,Nil,Financials,,,,Unrated,,,Equity : Index Funds,22.624
UTI Credit Risk Fund-Reg(G),Growth,UTI Credit Risk Fund-Reg(G),727,NEQ,400032,35,339,14960,Open ended scheme,1.69,Anurag Mittal,-0.02,0.0,0.0,18.3217,2026-09-25,0.0,2012-11-19,4.47,500.0,249.37759999999997,UTI Mutual Fund,CRISIL Credit Risk Debt Index,3,2026-08-31,0.1492,1.1958,5.6749,6.9631,7.6075,4.040272115024253,"Nil upto 10% of units and 1% for remaining units on or before 12M, Nil after 12M",-,,,,1,,,Debt : Credit Risk,18.3217
Edelweiss US Value Equity Offshore Fund-Reg(G),Growth,Edelweiss US Value Equity Offshore Fund-Reg(G),235,NEQ,400035,49,490,21920,Open ended scheme,1.58,Bhavesh Jain,0.08,,1.0,43.4852,2026-09-25,0.0,2013-08-07,11.83,100.0,248.81130000000002,Edelweiss Mutual Fund,Russell 1000 Index,5,2026-08-31,-2.6445,2.2601,26.9304,19.5671,13.728,18.58042648880836,"1% on or before 90D, Nil after 90D",-,,,,Unrated,,,FoFs : Overseas,43.4519
JM ELSS-Tax Saver Fund(G),Growth,JM ELSS-Tax Saver Fund(G),379,EQ,400017,6,1159,4198,Open ended scheme,2.68,Deepak Gupta.,0.28,59.08,0.0,52.163,2026-09-25,3.0,2008-03-31,9.34,500.0,248.17638226399998,JM Financial Mutual Fund,BSE 500 - TRI,3,2026-08-31,-1.8469,4.4808,7.3125,15.1625,12.4386,4.092832056194115,Nil,Financials,,,,Unrated,,,Equity : Tax Saving (ELSS),52.163
Aditya Birla SL Dynamic Asset Allocation Omni FOF(G),Growth,Aditya Birla SL Dynamic Asset Allocation Omni FOF(G),415,NEQ,400004,48,1222,8303,Open ended scheme,1.11,Kartikeya Singh,0.05,,1.0,55.8513,2026-09-25,0.0,2011-05-09,11.82,100.0,246.40580000000003,Aditya Birla Sun Life Mutual Fund,CRISIL Hybrid 50+50 - Moderate Index,3,2026-08-31,-2.0926,0.6903,3.892,12.0177,10.5233,0.9445102489217634,"1% on or before 365D, Nil after 365D",-,,,,Unrated,,,FoFs : Domestic,55.8208
Axis FMP-130-92D-Reg(G),Growth,Axis FMP-130-92D-Reg(G),367,NEQ,400040,36,752,50784,Close ended scheme,,Sachin Jain,0.01,,,10.1781,2026-06-11,0.0,2026-03-12,1.78,5000.0,246.20919999999998,Axis Mutual Fund,CRISIL Ultra Short Term Debt Index,3,2026-05-31,0.5066,,,,,,null,-,,,,Unrated,,,Debt : FTP/FMP,10.1781
Nippon India FMP-XLIII-1-1755D(IDCW),IDCW,Nippon India FMP-XLIII-1-1755D(IDCW),417,NEQ,400025,36,876,45796,Close ended scheme,,Vikash Agarwal,0.05,,,13.249,2026-06-29,0.0,2021-08-19,5.96,5000.0,241.997630127517,Nippon India Mutual Fund,CRISIL Medium Duration Debt Index,3,2026-05-31,0.4214,1.3618,5.4361,6.9418,,2.577403395761882,null,-,,,,Unrated,,,Debt : FTP/FMP,13.249
SBI FMP-45-1840D-Reg(G),Growth,SBI FMP-45-1840D-Reg(G),418,NEQ,400027,36,583,45580,Close ended scheme,,Ranjana Gupta,0.01,,,13.4429,2026-06-30,0.0,2021-06-17,6.05,5000.0,241.6496,SBI Mutual Fund,CRISIL Medium to Long Term Debt Index,3,2026-06-30,0.4386,1.28,5.4486,6.9697,6.0738,2.5713609900884316,null,-,,,,Unrated,,,Debt : FTP/FMP,13.4429
Kotak Dividend Yield Fund-Reg(G),Growth,Kotak Dividend Yield Fund-Reg(G),312,EQ,400019,15,697,50188,Open ended scheme,2.51,Shibani Kurian,0.3,4.11,0.0,9.349,2026-09-25,0.0,2026-01-27,-6.51,100.0,239.2214,Kotak Mahindra Mutual Fund,NIFTY 500 - TRI,3,2026-08-31,-4.9029,-3.0287,,,,,"Nil upto 10% of investments and 1% for remaining investments on or before 1Y, Nil after 1Y",Financials,,,,Unrated,,,Equity : Thematic - Dividend Yield,9.349
UTI Nifty Private Bank Index Fund-Reg(G),Growth,UTI Nifty Private Bank Index Fund-Reg(G),348,EQ,400032,18,620,49146,Open ended scheme,1.01,Sharwan Kumar Goyal,0.44,24.0,0.0,9.8852,2026-09-25,0.0,2024-09-20,-0.57,1000.0,238.5232,UTI Mutual Fund,Nifty Private Bank - TRI,3,2026-08-31,-2.1384,-5.0559,-0.0879,,,-6.542374163294635,Nil,Financials,,,,Unrated,,,Equity : Index Funds,9.8852
Aditya Birla SL FTP-TQ-1879D-Reg(G),Growth,Aditya Birla SL FTP-TQ-1879D-Reg(G),418,NEQ,400004,36,586,46536,Close ended scheme,0.15,Mohit Sharma,0.0,,,13.2754,2026-09-25,0.0,2022-03-24,6.48,1000.0,237.5531,Aditya Birla Sun Life Mutual Fund,CRISIL Medium to Long Term Debt Index,3,2026-08-31,0.3515,1.2562,5.7658,7.3332,,4.058757133003068,null,-,,,,Unrated,,,Debt : FTP/FMP,13.2754
ICICI Pru Nifty Healthcare ETF,Growth,ICICI Pru Nifty Healthcare ETF,544,EQ,400015,44,763,45383,Open ended scheme,0.17,Nishit Patel,-0.47,35.0,,171.2252,2026-09-25,0.0,2021-05-18,14.51,1000.0,236.930048865,ICICI Prudential Mutual Fund,Nifty Healthcare Index - TRI,3,2026-08-31,0.4793,4.6544,15.7974,21.2539,13.6909,14.358494510331163,null,Healthcare,,,,Unrated,,,Equity : ETFs,171.2252
Unifi Flexi Cap Fund-Reg(G),Growth,Unifi Flexi Cap Fund-Reg(G),312,EQ,400065,50,1080,49807,Open ended scheme,2.74,Saravanan V N,0.6,51.0,1.0,10.6709,2026-09-25,0.0,2025-06-06,5.11,5000.0,235.94400072199997,Unifi Mutual Fund,NIFTY 500 - TRI,3,2026-08-31,0.1577,2.6611,6.5194,,,3.309097598048225,"1% on or before 12M, Nil after 12M",Financials,,,,Unrated,,,Equity : Flexi Cap,10.6709
Axis Nifty500 Value 50 Index Fund-Reg(G),Growth,Axis Nifty500 Value 50 Index Fund-Reg(G),506,EQ,400040,18,397,37710,Open ended scheme,1.4,Nandik Mallik,-0.07,,0.25,11.0174,2026-09-25,0.0,2024-10-24,5.17,100.0,235.5741,Axis Mutual Fund,NIFTY500 Value 50 - TRI,3,2026-08-31,-2.7642,-3.148,9.0961,,,1.1021078615803985,"0.25% on or before 15D, Nil after 15D",Energy,,,,Unrated,,,Equity : Index Funds,11.0174
Nippon India Nifty Bank Index Fund-Reg(G),Growth,Nippon India Nifty Bank Index Fund-Reg(G),311,EQ,400025,18,1074,48148,Open ended scheme,0.94,Jitendra Tolani,0.25,34.0,0.0,11.8261,2026-09-25,0.0,2024-02-22,6.69,1000.0,232.21729111888197,Nippon India Mutual Fund,NIFTY BANK - TRI,3,2026-08-31,-3.4297,-4.488,0.8141,,,-6.748200190823144,Nil,Financials,,,,Unrated,,,Equity : Index Funds,11.8261
Bank of India Large Cap Fund-Reg(G),Growth,Bank of India Large Cap Fund-Reg(G),314,EQ,400034,1,14,45571,Open ended scheme,2.77,Alok Singh,0.42,74.0,0.0,16.54,2026-09-25,0.0,2021-06-29,10.07,5000.0,231.06189999999998,Bank of India Mutual Fund,NIFTY 100 - TRI,3,2026-08-31,-2.8202,-0.5412,2.9888,11.4638,7.7753,-0.7798440311937765,"NIL for 10% of investments and 1% for remaining investments on or before 3M, NIL after 3M",Financials,,,,Unrated,,,Equity : Large Cap,16.54
Samco Multi Cap Fund-Reg(G),Growth,Samco Multi Cap Fund-Reg(G),534,EQ,400059,3,949,49152,Open ended scheme,3.73,Umeshkumar Mehta,0.22,1008.0,0.0,8.94,2026-09-25,0.0,2024-10-30,-5.71,5000.0,230.11610000000002,Samco Mutual Fund,Nifty500 Multicap 50:25:25 - TRI,3,2026-08-31,0.3367,4.1958,-3.6638,,,0.9029345372460504,"Nil upto 10% of units and 1% for remaining units on or before 12M, Nil after 12M",Capital Goods,,,,Unrated,,,Equity : Multi Cap,8.94
Invesco India - Invesco Pan European Equity FoF-Reg(G),Growth,Invesco India - Invesco Pan European Equity FoF-Reg(G),244,NEQ,400021,49,1088,24619,Open ended scheme,0.84,Sagar Gandhi,0.2,,1.0,26.6018,2026-09-25,0.0,2014-01-31,8.04,1000.0,229.9506,Invesco Mutual Fund,MSCI Europe Index (Total Return Net),5,2026-08-31,-4.3348,3.5255,31.0944,21.0096,15.0663,19.707142342861257,"Nil upto 10% of units and 1% for above the limits on or before 1Y, Nil after 1Y",-,,,,Unrated,,,FoFs : Overseas,26.6018
Axis CRISIL-IBX Financial Services 3-6 Months Debt Index Fund-Reg(G),Growth,Axis CRISIL-IBX Financial Services 3-6 Months Debt Index Fund-Reg(G),779,NEQ,400040,22,493,49971,Open ended scheme,0.27,Aditya Pagaria,-0.01,0.0,0.0,10.6688,2026-09-25,0.0,2025-09-24,6.67,5000.0,229.7364,Axis Mutual Fund,CRISIL-IBX Financial Services 3-6 Months Debt Index,3,2026-08-31,0.4898,1.6502,6.688,,,4.933511684632936,NIL,-,,,,Unrated,,,Debt : Ultra Short Duration,10.6688
Bandhan Floating Interest Rates Fund-Reg(G),Growth,Bandhan Floating Interest Rates Fund-Reg(G),430,NEQ,400028,32,680,41962,Open ended scheme,0.72,Brijesh Shah,-0.07,0.0,0.0,13.8415,2026-09-25,0.0,2021-02-18,5.97,1000.0,227.726703079,Bandhan Mutual Fund,NIFTY Medium Duration Debt Index,3,2026-08-31,0.1773,1.0808,5.9223,7.2004,6.2109,4.364118919978581,Nil,-,,,,1,,,Debt : Floater,13.8415
ICICI Pru Nifty Auto ETF,Growth,ICICI Pru Nifty Auto ETF,324,EQ,400015,44,763,46229,Open ended scheme,0.2,Nishit Patel,0.89,56.0,,27.9613,2026-09-25,0.0,2022-01-12,20.43,1000.0,227.297715137,ICICI Prudential Mutual Fund,NIFTY AUTO - TRI,3,2026-08-31,-7.7033,0.4982,1.6276,19.2741,,-3.486208765226269,null,Automobile and Ancillaries,,,,Unrated,,,Equity : ETFs,27.9613
Tata BSE Select Business Groups Index Fund-Reg(G),Growth,Tata BSE Select Business Groups Index Fund-Reg(G),776,EQ,400030,18,1116,49326,Open ended scheme,1.07,Nitin Sharma,0.49,50.48,0.25,9.7441,2026-09-25,0.0,2024-12-12,-1.44,5000.0,225.2468970557,Tata Mutual Fund,BSE Select Business Groups Index - TRI,3,2026-08-31,-5.7412,-4.0406,-0.9847,,,-7.457285859458842,0.25% on or before 15D,Energy,,,,Unrated,,,Equity : Index Funds,9.7441
Nippon India Diversified Equity Flexicap Passive FoF-Reg(G),Growth,Nippon India Diversified Equity Flexicap Passive FoF-Reg(G),312,NEQ,400025,48,1200,43928,Open ended scheme,0.58,Shirish Guthe,-0.05,4.0,0.0,20.2509,2026-09-25,0.0,2021-01-01,13.09,500.0,224.29704861300002,Nippon India Mutual Fund,NIFTY 500 - TRI,3,2026-08-31,-4.0705,-2.0494,-2.3794,9.0756,8.2197,-5.6091319688826875,NIL,-,,,,Unrated,,,FoFs : Domestic,20.2509
Bandhan Credit Risk Fund-Reg(G),Growth,Bandhan Credit Risk Fund-Reg(G),451,NEQ,400028,35,317,36529,Open ended scheme,1.68,Gautam Kaul,-0.06,0.0,1.0,17.3484,2026-09-25,0.0,2017-03-03,5.93,1000.0,224.007450302,Bandhan Mutual Fund,NIFTY Credit Risk Bond Index,3,2026-08-31,0.0825,0.7486,4.6187,6.1654,5.2528,3.355952600818593,1% on or before 365D,-,,,,4,,,Debt : Credit Risk,17.3484
Old Bridge Arbitrage Fund-Reg(G),Growth,Old Bridge Arbitrage Fund-Reg(G),717,EQ,400063,38,92,50398,Open ended scheme,2.0,Kenneth Andrade,0.09,,0.25,10.4812,2026-09-25,0.0,2025-11-13,4.81,5000.0,222.71779999999998,Old Bridge Mutual Fund,Nifty 50 Arbitrage - TRI,3,2026-08-31,0.3821,1.3646,,,,4.052417353320748,"0.25% on or before 7D, Nil after 7D",Financials,,,,Unrated,,,Hybrid : Arbitrage,10.4812
Aditya Birla SL Global Excellence Equity FoF(G),Growth,Aditya Birla SL Global Excellence Equity FoF(G),57,NEQ,400004,49,914,3841,Open ended scheme,1.28,Dhaval Joshi,0.26,0.06,0.25,44.2423,2026-09-24,0.0,2007-12-31,8.26,100.0,222.68330000000003,Aditya Birla Sun Life Mutual Fund,MSCI World,5,2026-08-31,0.1222,3.7361,20.9923,22.7054,12.9541,16.83418014344716,"0.25% on or before 28D, Nil after 28D",-,,,,Unrated,,,FoFs : Overseas,44.2423
JioBlackRock Nifty Next 50 Index Fund-Reg(G),Growth,JioBlackRock Nifty Next 50 Index Fund-Reg(G),165,EQ,400066,18,1123,51175,Open ended scheme,0.85,Anand Shah,0.55,40.97,,9.6706,2026-09-25,0.0,2026-08-17,-3.29,500.0,222.596680587,Jio BlackRock Mutual Fund,NIFTY NEXT 50 - TRI,3,2026-08-31,-3.6946,,,,,,null,Financials,,,,Unrated,,,Equity : Index Funds,9.6706
Mahindra Manulife Ultra Short Term Fund-Reg(G),Growth,Mahindra Manulife Ultra Short Term Fund-Reg(G),367,NEQ,400054,22,365,43845,Open ended scheme,0.73,Rahul Pal,-0.01,0.0,0.0,1481.8998,2026-09-25,0.0,2019-10-17,5.83,1000.0,221.9422,Mahindra Manulife Mutual Fund,CRISIL Ultra Short Term Debt Index,3,2026-08-31,0.4899,1.5523,6.1887,6.8305,6.1536,4.600177959379355,Nil,-,,,,2,,,Debt : Ultra Short Duration,1481.8998
Union Arbitrage Fund-Reg(G),Growth,Union Arbitrage Fund-Reg(G),717,EQ,400045,38,678,42524,Open ended scheme,2.14,Vishal Thakker,0.09,1160.0,0.25,15.0467,2026-09-25,0.0,2019-02-20,5.52,1000.0,220.5609,Union Mutual Fund,Nifty 50 Arbitrage - TRI,3,2026-08-31,0.4533,1.5263,6.0478,6.6229,5.8978,4.364864677403685,"0.25% on or before 1M, Nil after 1M",Financials,,,,Unrated,,,Hybrid : Arbitrage,15.0467
ICICI Pru Nifty SDL Sep 2026 Index Fund-Reg(G),Growth,ICICI Pru Nifty SDL Sep 2026 Index Fund-Reg(G),663,NEQ,400015,27,893,47333,Open ended scheme,0.4,Darshil Dedhia,0.01,129.0,0.0,12.8506,2026-09-25,0.0,2022-12-21,6.89,1000.0,220.27945150719998,ICICI Prudential Mutual Fund,Nifty SDL Sep 2026 Index,3,2026-08-31,0.4361,1.2791,5.459,6.9293,,3.9087263082993693,Nil,-,,,,Unrated,,,Debt : Medium to Long Duration,12.8506
Axis NASDAQ 100 US Specific Equity Passive FOF-Reg(G),Growth,Axis NASDAQ 100 US Specific Equity Passive FOF-Reg(G),535,NEQ,400040,49,1014,47017,Open ended scheme,0.64,Krishnaa N,0.96,,1.0,30.5693,2026-09-25,0.0,2022-11-01,33.16,100.0,219.9637,Axis Mutual Fund,Nasdaq-100 - TRI,5,2026-08-31,4.7349,5.4856,34.2572,32.6541,,26.109266902965956,"1% on or before 7D, Nil after 7D",-,,,,Unrated,,,FoFs : Overseas,30.2777
HDFC NIFTY100 Low Volatility 30 Index Fund-Reg(G),Growth,HDFC NIFTY100 Low Volatility 30 Index Fund-Reg(G),360,EQ,400013,18,37,48653,Open ended scheme,0.99,Arun Agarwal,0.33,32.14,0.0,9.8961,2026-09-25,0.0,2024-07-10,-0.52,100.0,219.6694,HDFC Mutual Fund,Nifty100 Low Volatility 30 - TRI,3,2026-08-31,-5.2397,-2.7009,-4.5441,,,-8.635079491109181,Nil,Financials,,,,Unrated,,,Equity : Index Funds,9.8961
Axis Conservative Hybrid Fund-Reg(G),Growth,Axis Conservative Hybrid Fund-Reg(G),371,NEQ,400040,52,298,9765,Open ended scheme,2.18,Devang Shah,0.01,0.0,0.0,30.1953,2026-09-25,0.0,2010-07-16,7.06,500.0,219.41099999999997,Axis Mutual Fund,NIFTY 50 Hybrid Composite Debt 15:85 Index,3,2026-08-31,-1.568,-0.811,0.5873,5.1604,4.4128,-1.3331895579888484,"Nil upto 10% of investments and 1% for remaining investments on or before 1M, Nil after 1M",Financials,,,,3,,,Hybrid : Conservative Hybrid,30.1953
Tata Nifty MidSmall Healthcare Index Fund-Reg(G),Growth,Tata Nifty MidSmall Healthcare Index Fund-Reg(G),643,EQ,400030,18,1116,48764,Open ended scheme,1.15,Nitin Sharma,-0.89,40.05,0.25,15.1527,2026-09-25,0.0,2024-04-26,18.77,5000.0,219.0862844207,Tata Mutual Fund,Nifty MidSmall Healthcare - TRI,3,2026-08-31,0.6115,6.8913,17.8584,,,18.834453498129573,"0.25% on or before 15D, Nil after 15D",Healthcare,,,,Unrated,,,Equity : Index Funds,15.1527
DSP Nifty 50 ETF,Growth,DSP Nifty 50 ETF,154,EQ,400009,44,597,36811,Open ended scheme,0.17,Anil Ghelani,0.34,41.0,,244.0672,2026-09-25,0.0,2021-12-23,7.8,5000.0,217.649,DSP Mutual Fund,NIFTY 50 - TRI,3,2026-08-31,-4.8789,-3.4852,-6.0339,6.7361,,-10.623009483437027,null,Financials,,,,Unrated,,,Equity : ETFs,244.0672
Motilal Oswal Financial Services Fund-Reg(G),Growth,Motilal Oswal Financial Services Fund-Reg(G),330,EQ,400042,8,627,50600,Open ended scheme,2.77,Ajay Khandelwal,-0.26,32.0,1.0,10.2586,2026-09-25,0.0,2026-02-16,2.59,500.0,216.748,Motilal Oswal Mutual Fund,Nifty Financial Services - TRI,3,2026-08-31,-5.8222,-1.0122,,,,,"1% on or before 90D, Nil after 90D",Financials,,,,Unrated,,,Equity : Sectoral - Financial Services,10.2586
Union Retirement Fund-Reg(G),Growth,Union Retirement Fund-Reg(G),379,EQ,400045,50,695,45735,Open ended scheme,2.69,Pratik Dharmshi,0.19,44.0,0.0,16.17,2026-09-25,5.0,2022-09-22,12.73,1000.0,216.2238,Union Mutual Fund,BSE 500 - TRI,3,2026-08-31,-4.2062,-0.9191,3.125,11.6326,,0.37243947858474413,Nil,Financials,,,,Unrated,,,Equity : Flexi Cap,16.17
ICICI Pru Nifty Financial Services Ex-Bank ETF,Growth,ICICI Pru Nifty Financial Services Ex-Bank ETF,629,EQ,400015,44,763,47166,Open ended scheme,0.2,Nishit Patel,-0.07,68.0,,31.0597,2026-09-25,0.0,2022-11-25,16.92,1000.0,215.071670324,ICICI Prudential Mutual Fund,Nifty Financial Services Ex-Bank - TRI,3,2026-08-31,-7.6882,-3.6679,2.8695,14.8259,,-4.5547432694464645,null,Financials,,,,Unrated,,,Equity : ETFs,31.0597
JM Ultra Short to Short Term Fund(G),Growth,JM Ultra Short to Short Term Fund(G),368,NEQ,400017,23,93,1938,Open ended scheme,0.83,Killol Pandya,-0.02,0.0,0.0,39.7662,2026-09-25,0.0,2006-09-27,7.14,1000.0,214.65702014400003,JM Financial Mutual Fund,CRISIL Low Duration Debt Index,3,2026-08-31,0.4144,1.3805,5.6488,6.7644,6.0017,4.094277539716393,Nil,-,,,,4,,,Debt : Low Duration,39.7662
DynaSIF Active Asset Allocator Long-Short Fund-Reg(G),Growth,DynaSIF Active Asset Allocator Long-Short Fund-Reg(G),44,EQ,400078,58,1224,75061,Open ended scheme,2.92,Pranav Mise,0.07,329.0,0.5,10.4804,2026-09-25,0.0,2026-03-25,4.8,1000000.0,214.43684116429398,360 ONE DynaSIF,CRISIL Short Term Bond Index,3,2026-07-31,-0.5315,1.7515,,,,,"0.50% on or before 3M, Nil after 3M",Financials,,,,Unrated,,,Hybrid : Long - Short,10.4728
Kotak Nifty Midcap 50 ETF,Growth,Kotak Nifty Midcap 50 ETF,313,EQ,400019,44,699,45730,Open ended scheme,0.26,Satish Dondapati,-0.25,42.85,,17.8599,2026-09-25,0.0,2022-01-28,17.95,5000.0,213.8723,Kotak Mahindra Mutual Fund,Nifty Midcap 50 - TRI,1,2026-08-31,-5.0889,-0.4864,8.2183,15.0582,,1.610645851349512,null,Financials,,,,Unrated,,,Equity : ETFs,17.8599
Qsif Hybrid Long-Short Fund-Reg(G),Growth,Qsif Hybrid Long-Short Fund-Reg(G),450,EQ,400069,58,791,75005,Open ended scheme,3.53,Sandeep Tandon,-0.51,101.0,1.0,13.1051,2026-09-25,0.0,2025-10-15,31.05,1000000.0,213.7062,Quant QSIF,NIFTY 50 Hybrid Composite Debt 50:50 Index,3,2026-07-31,19.7556,24.8735,,,,31.258388253440444,"1% on or before 15D, Nil after 15D",Energy,,,,Unrated,,,Hybrid : Long - Short,13.1051
Tata Nifty200 Alpha 30 Index Fund-Reg(G),Growth,Tata Nifty200 Alpha 30 Index Fund-Reg(G),636,EQ,400030,18,1116,49080,Open ended scheme,1.36,Nitin Sharma,-0.22,168.04,0.25,8.7427,2026-09-25,0.0,2024-09-05,-6.33,5000.0,213.277294512,Tata Mutual Fund,Nifty200 Alpha 30 - TRI,3,2026-08-31,-4.7013,-0.72,4.2548,,,3.4737016522274287,0.25% on or before 15D,Financials,,,,Unrated,,,Equity : Index Funds,8.7427
PGIM India Ultra Short Term Fund(G),Growth,PGIM India Ultra Short Term Fund(G),367,NEQ,400044,22,257,5925,Open ended scheme,0.92,Puneet Pal,0.0,0.0,0.0,36.4772,2026-09-25,0.0,2008-07-04,7.35,5000.0,211.36419999999998,PGIM India Mutual Fund,CRISIL Ultra Short Term Debt Index,3,2026-08-31,0.4644,1.4758,5.6303,6.3782,5.8057,4.213127633740464,Nil,-,,,,4,,,Debt : Ultra Short Duration,36.4772
Helios Financial Services Fund-Reg(G),Growth,Helios Financial Services Fund-Reg(G),330,EQ,400061,8,972,48897,Open ended scheme,2.68,Alok Bahl,-0.44,53.0,0.0,11.2,2026-09-25,0.0,2024-06-24,5.15,5000.0,210.93529999999998,Helios Mutual Fund,Nifty Financial Services - TRI,3,2026-08-31,-5.2453,-2.354,-1.8405,,,-6.1976549413735365,"Nil upto 10% of  units and 1% for remaining units or before 3M, Nil after 3M",Financials,,,,Unrated,,,Equity : Sectoral - Financial Services,11.2
Mirae Asset Nifty50 Equal Weight ETF,Growth,Mirae Asset Nifty50 Equal Weight ETF,359,EQ,400033,44,760,49859,Open ended scheme,0.39,Ekta Gala,0.26,,,320.4115,2026-09-25,0.0,2025-05-09,5.5,5000.0,209.93220000000002,Mirae Asset Mutual Fund,NIFTY50 Equal Weight - TRI,1,2026-08-31,-4.6854,-2.359,-0.1653,,,-4.433597006409341,null,Financials,,,,Unrated,,,Equity : ETFs,320.4115
Franklin India Conservative Hybrid Fund(G),Growth,Franklin India Conservative Hybrid Fund(G),302,NEQ,400012,52,492,1018,Open ended scheme,1.37,Rohan Maru,0.01,0.0,0.0,92.382,2026-09-25,0.0,2000-09-28,8.92,10000.0,209.93121176100001,Franklin Templeton Mutual Fund,CRISIL Hybrid 85+15 - Conservative Index,3,2026-08-31,-0.7541,0.2025,1.4568,6.986,6.3572,0.08732261915854364,Nil,Financials,,,,2,,,Hybrid : Conservative Hybrid,92.382
SBI Nifty Bank Index Fund-Reg(G),Growth,SBI Nifty Bank Index Fund-Reg(G),311,EQ,400027,18,1000,49104,Open ended scheme,0.8,Viral Chhadva,0.25,30.0,0.25,11.0741,2026-09-25,0.0,2025-02-06,6.45,5000.0,209.88209999999998,SBI Mutual Fund,NIFTY BANK - TRI,3,2026-08-31,-3.4162,-4.4488,1.1398,,,-6.505863381934536,"0.25% on or before 15D, Nil after 15D",Financials,,,,Unrated,,,Equity : Index Funds,11.0741
Quantum ELSS Tax Saver Fund-Reg(G),Growth,Quantum ELSS Tax Saver Fund-Reg(G),379,EQ,400024,6,866,19878,Open ended scheme,2.16,George Thomas,0.05,17.52,0.0,113.15,2026-09-25,3.0,2008-12-23,14.5,500.0,209.808950238689,Quantum Mutual Fund,BSE 500 - TRI,3,2026-08-31,-4.6274,-3.7676,-8.3657,7.8097,8.114,-10.722739466624578,Nil,Financials,,,,2,,,Equity : Tax Saving (ELSS),113.15
Mirae Asset CRISIL IBX Gilt Index - April 2033 Index Fund-Reg(G),Growth,Mirae Asset CRISIL IBX Gilt Index - April 2033 Index Fund-Reg(G),659,NEQ,400033,29,833,47042,Open ended scheme,0.45,Pranavi Kulkarni,-0.03,0.0,0.0,13.2323,2026-09-25,0.0,2022-10-20,7.38,5000.0,209.16389999999998,Mirae Asset Mutual Fund,CRISIL IBX Gilt Index - April 2033,3,2026-08-31,-1.25,-0.4259,3.2588,6.8391,,2.177555732299638,Nil,-,,,,Unrated,,,Debt : Gilt,13.2323
ICICI Pru Balanced Hybrid Fund-Reg(G),Growth,ICICI Pru Balanced Hybrid Fund-Reg(G),415,NEQ,400015,53,629,50895,Open ended scheme,3.72,Roshan Chutkey,0.1,0.0,0.0,10.06,2026-09-25,0.0,2026-07-17,0.6,500.0,208.4987694788,ICICI Prudential Mutual Fund,CRISIL Hybrid 50+50 - Moderate Index,3,2026-08-31,-1.0816,,,,,,"NIL upto 30% of units and 1% for remaining units on or before 1Y, NIL after 1Y",Financials,,,,Unrated,,,Hybrid : Balanced Hybrid,10.06
The Wealth Company Multi Asset Allocation Fund-Reg(G),Growth,The Wealth Company Multi Asset Allocation Fund-Reg(G),443,NEQ,400068,42,1167,50371,Open ended scheme,2.91,Aparna Shanker,0.48,,1.0,10.7769,2026-09-25,0.0,2025-12-09,7.77,1000.0,208.43884348,The Wealth Company Mutual Fund,Nifty Short Duration Debt Index,3,2026-08-31,-1.8721,1.0871,,,,6.517420311341733,"1% on or before 30D, Nil after 30D",Financials,,,,Unrated,,,Hybrid : Multi Asset Allocation,10.7769
SBI Equity Minimum Variance Fund-Reg(G),Growth,SBI Equity Minimum Variance Fund-Reg(G),154,EQ,400027,13,1066,33878,Open ended scheme,0.89,Sukanya Ghosh,0.28,36.0,0.5,23.1079,2026-09-25,0.0,2019-03-19,11.77,5000.0,207.94729999999998,SBI Mutual Fund,NIFTY 50 - TRI,3,2026-08-31,-3.7961,-2.9341,-3.4088,6.7267,7.4091,-6.646063103462203,"0.50% on or before 15D, Nil after 15D",Healthcare,,,,2,,,Equity : Thematic,23.1079
Titanium Equity Long-Short Fund-Reg(G),Growth,Titanium Equity Long-Short Fund-Reg(G),312,EQ,400074,58,1182,75080,Open ended scheme,3.34,Suraj Nanda,0.06,,1.0,10.3607,2026-09-25,0.0,2026-05-14,3.61,1000000.0,207.8544029121,Tata Titanium SIF,NIFTY 500 - TRI,3,2026-05-31,-2.2668,1.4462,,,,,"1% on or before 1M, Nil after 1M",Financials,,,,Unrated,,,Hybrid : Long - Short,10.3607
Union Diversified Equity All Cap Active FOF-Reg(G),Growth,Union Diversified Equity All Cap Active FOF-Reg(G),379,NEQ,400045,48,921,50158,Open ended scheme,1.46,Gaurav Chopra,0.16,,1.0,10.7064,2026-09-25,0.0,2025-09-22,7.0,1000.0,204.767,Union Mutual Fund,BSE 500 - TRI,3,2026-08-31,-2.8025,2.721,9.0676,,,7.832848207721063,"1% on or before 1Y, Nil after 1Y",-,,,,Unrated,,,FoFs : Domestic,10.7064
PGIM India Aggressive Hybrid Equity Fund(G),Growth,PGIM India Aggressive Hybrid Equity Fund(G),301,EQ,400044,54,880,835,Open ended scheme,2.58,Sharma Vivek,0.02,29.0,0.5,126.52,2026-09-25,0.0,2004-02-05,11.86,5000.0,204.0456,PGIM India Mutual Fund,CRISIL Hybrid 35+65 - Aggressive Index,3,2026-08-31,-3.2278,-1.7931,-3.1982,7.5963,4.9821,-3.4861545503089535,"0.50% on or before 90D, Nil after 90D",Financials,,,,3,,,Hybrid : Aggressive Hybrid,126.52
DSP Nifty500 Flexicap Quality 30 Index Fund-Reg(G),Growth,DSP Nifty500 Flexicap Quality 30 Index Fund-Reg(G),811,EQ,400009,18,597,50179,Open ended scheme,1.53,Anil Ghelani,0.23,138.0,0.0,9.2912,2026-09-25,0.0,2025-08-29,-6.58,100.0,203.03619999999998,DSP Mutual Fund,Nifty500 Flexicap Quality 30 - TRI,3,2026-08-31,-5.5504,-0.218,-7.925,,,-9.499829542687388,NIL,Technology,,,,Unrated,,,Equity : Index Funds,9.2912
NJ Value Fund-Reg(G),Growth,NJ Value Fund-Reg(G),312,EQ,400058,17,725,50923,Open ended scheme,2.5,Viral Shah,0.32,,0.0,9.48,2026-09-25,0.0,2026-07-30,-5.2,500.0,201.553233,NJ Mutual Fund,NIFTY 500 - TRI,3,2026-08-31,-3.854,,,,,,NIL,Financials,,,,Unrated,,,Equity : Value / Contra,9.48
Apex Equity Ex-Top 100 Long-Short Fund-Reg(G),Growth,Apex Equity Ex-Top 100 Long-Short Fund-Reg(G),312,EQ,400079,58,762,75160,Open ended scheme,,Manish Gupta,0.0,,1.0,9.99,2026-09-25,0.0,2026-08-31,-0.1,1000000.0,201.1359,Aditya Birla APEX SIF,NIFTY 500 - TRI,3,2026-08-31,,,,,,,"1% on or before 365D, NIL after 365D",-,,,,Unrated,,,Hybrid : Long - Short,9.99
WOC Dividend Yield Fund-Reg(G),Growth,WOC Dividend Yield Fund-Reg(G),379,EQ,400055,15,864,51012,Open ended scheme,1.77,Ramesh Mantri,0.15,,0.0,10.111,2026-09-25,0.0,2026-08-28,1.11,100.0,199.62400000000002,WhiteOak Capital Mutual Fund,BSE 500 - TRI,3,2026-08-31,,,,,,,NIL,Technology,,,,Unrated,,,Equity : Thematic - Dividend Yield,10.111
Edelweiss MSCI India Domestic & World Healthcare 45 Index Fund-Reg(G),Growth,Edelweiss MSCI India Domestic & World Healthcare 45 Index Fund-Reg(G),525,EQ,400035,18,490,45117,Open ended scheme,1.1,Bhavesh Jain,-0.24,12.0,0.0,24.177,2026-09-25,0.0,2020-10-26,16.09,100.0,199.61939999999998,Edelweiss Mutual Fund,MSCI India Domestic & World Healthcare 45 Index,3,2026-08-31,-0.7023,7.141,23.5936,19.8391,13.6293,16.460276500353192,Nil,Healthcare,,,,Unrated,,,Equity : Index Funds,24.2355
Mirae Asset Nifty200 Alpha 30 ETF FoF-Reg(G),Growth,Mirae Asset Nifty200 Alpha 30 ETF FoF-Reg(G),636,NEQ,400033,48,760,48937,Open ended scheme,0.61,Ekta Gala,-0.28,,0.05,8.982,2026-09-25,0.0,2024-07-26,-4.83,5000.0,198.0073,Mirae Asset Mutual Fund,Nifty200 Alpha 30 - TRI,3,2026-08-31,-4.5179,-0.8828,3.9824,,,3.3839779005524715,"0.05% on or before 15D, Nil after 15D",-,,,,Unrated,,,FoFs : Domestic,8.982
Samco Small Cap Fund-Reg(G),Growth,Samco Small Cap Fund-Reg(G),350,EQ,400059,5,949,50097,Open ended scheme,3.48,Umeshkumar Mehta,-0.16,,1.0,12.71,2026-09-25,0.0,2025-12-04,27.1,5000.0,196.4475,Samco Mutual Fund,Nifty Smallcap 250 - TRI,3,2026-08-31,10.1386,20.4739,,,,26.846307385229558,"1% on or before 30D, Nil after 30D",Capital Goods,,,,Unrated,,,Equity : Small Cap,12.71
SBI LT Advantage Fund-IV-Reg(G),Growth,SBI LT Advantage Fund-IV-Reg(G),22,EQ,400027,6,418,36734,Close ended scheme,1.42,Nidhi Chawla,0.16,61.0,,45.212,2026-09-25,3.0,2017-03-31,17.23,500.0,195.74580000000003,SBI Mutual Fund,BSE 500,3,2026-08-31,-5.3729,-4.262,-4.0378,7.2608,8.7551,-7.445961354615105,null,Financials,,,,Unrated,,,Equity : Tax Saving (ELSS),45.212
DSP World Mining Overseas Equity Omni FoF-Reg(G),Growth,DSP World Mining Overseas Equity Omni FoF-Reg(G),533,NEQ,400009,49,1009,8359,Open ended scheme,2.28,Kaivalya Nadkarni,0.13,51.0,0.0,33.2038,2026-09-25,0.0,2009-12-29,7.43,100.0,194.56029999999998,DSP Mutual Fund,MSCI ACWI Metals & Mining 30% Buffer 10/40 (1994) Net TRI,5,2026-08-31,-8.2788,12.0807,51.2199,29.7143,20.737,23.52557727193149,Nil,-,,,,Unrated,,,FoFs : Overseas,33.1618
UTI BSE Sensex Index Fund-Reg(G),Growth,UTI BSE Sensex Index Fund-Reg(G),174,EQ,400032,18,620,46317,Open ended scheme,0.32,Sharwan Kumar Goyal,0.43,12.0,0.0,13.3087,2026-09-25,0.0,2022-01-31,6.34,1000.0,194.5253,UTI Mutual Fund,BSE SENSEX - TRI,3,2026-08-31,-4.8509,-3.9277,-8.2703,4.6757,,-12.723540714412193,NIL,Financials,,,,Unrated,,,Equity : Index Funds,13.3087
Bajaj Finserv Nifty 50 ETF,Growth,Bajaj Finserv Nifty 50 ETF,154,EQ,400060,44,961,48461,Open ended scheme,0.09,Ilesh Savla,0.34,15.0,,238.3952,2026-09-25,0.0,2024-01-19,3.7,500.0,193.7045,Bajaj Finserv Mutual Fund,NIFTY 50 - TRI,3,2026-08-31,-4.8764,-3.4959,-6.0763,,,-10.657627814819222,null,Financials,,,,Unrated,,,Equity : ETFs,238.3952
Baroda BNP Paribas Gold ETF FoF-Reg(G),Growth,Baroda BNP Paribas Gold ETF FoF-Reg(G),65,NEQ,400001,48,527,50181,Open ended scheme,0.48,Vikram Pamnani,0.24,13.0,1.0,14.9019,2026-09-25,0.0,2025-08-20,43.78,1000.0,192.2884,Baroda BNP Paribas Mutual Fund,Gold-India,3,2026-08-31,-6.4803,7.1894,30.0862,,,11.208208955223874,"1% on or before 15D, Nil after 15D",-,,,,Unrated,,,FoFs : Domestic,14.9019
Edelweiss Overnight Fund-Reg(G),Growth,Edelweiss Overnight Fund-Reg(G),500,NEQ,400035,20,1036,42955,Open ended scheme,0.15,Hetul Raval,0.01,0.0,0.0,1422.8258,2026-09-27,0.0,2019-07-24,5.03,1000.0,192.183,Edelweiss Mutual Fund,CRISIL Liquid Overnight Index,1,2026-08-31,0.4064,1.2609,5.1921,5.9538,5.6162,3.755600201497479,Nil,-,,,,3,,,Debt : Overnight,1422.628
Nippon India ETF Nifty India Consumption,Growth,Nippon India ETF Nifty India Consumption,323,EQ,400025,44,1074,17478,Open ended scheme,0.31,Jitendra Tolani,0.54,34.0,0.0,127.3357,2026-09-25,0.0,2014-04-10,13.32,5000.0,191.65578676599998,Nippon India Mutual Fund,Nifty India Consumption - TRI,3,2026-08-31,-5.6271,-1.194,-6.3396,10.8709,9.9645,-6.659204428669649,Nil,Automobile and Ancillaries,,,,Unrated,,,Equity : ETFs,127.3357
HDFC Charity Fund for Cancer Cure-Reg(50% IDCW Donation Option),IDCW,HDFC Charity Fund for Cancer Cure-Reg(50% IDCW Donation Option),430,NEQ,400013,36,27,46200,Close ended scheme,0.04,Anil Bamboli,0.01,0.0,,10.2224,2026-09-25,0.0,2023-08-14,7.41,50000.0,191.4909,HDFC Mutual Fund,NIFTY Medium Duration Debt Index,3,2026-08-31,0.4491,1.3705,5.9187,7.3897,,4.192838934337455,null,-,,,,Unrated,,,Debt : FTP/FMP,10.2224
Nippon India FMP-XLIII-5-2315D(G),Growth,Nippon India FMP-XLIII-5-2315D(G),418,NEQ,400025,36,876,46433,Close ended scheme,0.35,Vikash Agarwal,0.0,,,13.4521,2026-09-25,0.0,2022-03-03,6.71,5000.0,190.24622641649,Nippon India Mutual Fund,CRISIL Medium to Long Term Debt Index,3,2026-08-31,0.1042,1.1581,5.457,7.3798,,3.4029240395406424,null,-,,,,Unrated,,,Debt : FTP/FMP,13.4521
Quant Consumption Fund-Reg(G),Growth,Quant Consumption Fund-Reg(G),323,EQ,400010,14,791,48342,Open ended scheme,3.22,Sandeep Tandon,0.22,597.0,1.0,10.0996,2026-09-25,0.0,2024-01-24,0.37,5000.0,190.2116,Quant Mutual Fund,Nifty India Consumption - TRI,3,2026-08-31,-2.0559,0.5986,2.4342,,,5.232667180694774,"1% on or before 15D, Nil after 15D",Financials,,,,Unrated,,,Equity : Thematic - Consumption,10.0996
ICICI Pru Nifty200 Value 30 Index Fund-Reg(G),Growth,ICICI Pru Nifty200 Value 30 Index Fund-Reg(G),762,EQ,400015,18,763,49113,Open ended scheme,1.15,Nishit Patel,-0.09,79.0,0.0,10.6303,2026-09-25,0.0,2024-10-18,3.21,100.0,190.1584715038,ICICI Prudential Mutual Fund,Nifty200 Value 30 - TRI,3,2026-08-31,-2.9214,-4.3694,10.5377,,,-0.9208600907811528,Nil,Energy,,,,Unrated,,,Equity : Index Funds,10.6303
Invesco India Income Plus Arbitrage Active FoF-Reg(G),Growth,Invesco India Income Plus Arbitrage Active FoF-Reg(G),433,NEQ,400021,48,606,50006,Open ended scheme,0.43,Vikas Garg,-0.02,,0.0,1058.2191,2026-09-25,0.0,2025-07-21,4.91,1000.0,188.15240000000003,Invesco Mutual Fund,NIFTY Composite Debt Index,3,2026-08-31,0.0341,0.7627,5.1278,,,3.51827638822233,NIL,-,,,,Unrated,,,FoFs : Domestic,1058.2191
Bajaj Finserv BSE Top 10 Banks ETF,Growth,Bajaj Finserv BSE Top 10 Banks ETF,838,EQ,400060,44,961,50993,Open ended scheme,3.05,Ilesh Savla,0.38,,,20.201,2026-09-25,0.0,2026-07-16,-5.29,500.0,186.6627,Bajaj Finserv Mutual Fund,BSE Top 10 Banks Index - TRI,1,2026-08-31,-3.0848,,,,,,null,Financials,,,,Unrated,,,Equity : ETFs,20.201
Nippon India ETF Nifty Infrastructure BeES,Growth,Nippon India ETF Nifty Infrastructure BeES,319,EQ,400025,44,1074,12859,Open ended scheme,0.53,Jitendra Tolani,0.14,24.0,0.0,927.0078,2026-09-25,0.0,2010-10-04,5.77,10000.0,184.68247982,Nippon India Mutual Fund,Nifty Infrastructure - TRI,3,2026-08-31,-4.6919,-5.1133,-1.1573,13.1065,12.3261,-6.525692059499981,Nil,Energy,,,,Unrated,,,Equity : ETFs,927.0078
Bank of India Ultra Short Term Fund-Reg(G),Growth,Bank of India Ultra Short Term Fund-Reg(G),367,NEQ,400034,22,814,5842,Open ended scheme,1.02,Mithraem Bharucha,-0.01,0.0,0.0,3395.0871,2026-09-25,0.0,2008-07-16,6.94,5000.0,184.28150000000002,Bank of India Mutual Fund,CRISIL Ultra Short Term Debt Index,3,2026-08-31,0.4948,1.4747,5.9718,6.3774,5.8009,4.441080745188771,Nil,-,,,,3,,,Debt : Ultra Short Duration,3395.0871
Axis Nifty Bank Index Fund-Reg(G),Growth,Axis Nifty Bank Index Fund-Reg(G),311,EQ,400040,18,397,48680,Open ended scheme,1.14,Nandik Mallik,0.25,,0.25,11.2722,2026-09-25,0.0,2024-05-24,5.25,500.0,184.2333,Axis Mutual Fund,NIFTY BANK - TRI,3,2026-08-31,-3.4542,-4.5562,0.6366,,,-6.867491779169496,"0.25% on or before 7D, Nil after 7D",Financials,,,,Unrated,,,Equity : Index Funds,11.2722
Groww Nifty EV & New Age Automotive ETF FOF-Reg(G),Growth,Groww Nifty EV & New Age Automotive ETF FOF-Reg(G),748,NEQ,400048,48,1097,48990,Open ended scheme,0.44,Aakash Chauhan,0.83,8.0,1.0,9.5359,2026-09-25,0.0,2024-08-12,-2.22,500.0,183.471918537,Groww Mutual Fund,Nifty EV and New Age Automotive - TRI,3,2026-08-31,-5.9937,-0.6894,0.4297,,,-0.3188242180966714,"1% on or before 30D, Nil after 30D",-,,,,Unrated,,,FoFs : Domestic,9.5359
HSBC Nifty Next 50 Index Fund-Reg(G),Growth,HSBC Nifty Next 50 Index Fund-Reg(G),165,EQ,400014,18,518,33548,Open ended scheme,0.76,Praveen Ayathan,0.55,27.0,1.0,30.6383,2026-09-25,0.0,2020-04-15,18.96,5000.0,182.4921,HSBC Mutual Fund,NIFTY NEXT 50 - TRI,3,2026-08-31,-3.7076,-0.4788,4.9336,16.4972,10.5336,3.4375305957778677,"Nil upto 10% of units and 1% for remaining units on or before 1M, Nil after 1M",Financials,,,,Unrated,,,Equity : Index Funds,30.6383
Bandhan Retirement Fund-Reg(G),Growth,Bandhan Retirement Fund-Reg(G),415,EQ,400028,54,944,48226,Open ended scheme,2.56,Vishal Biraia,0.28,159.0,0.0,12.3,2026-09-25,5.0,2023-10-18,7.3,1000.0,181.878661564174,Bandhan Mutual Fund,CRISIL Hybrid 50+50 - Moderate Index,3,2026-08-31,-3.3019,-2.1324,-2.3034,,,-4.554977884689995,Nil,Financials,,,,Unrated,,,Hybrid : Aggressive Hybrid,12.3
DSP Nifty IT ETF,Growth,DSP Nifty IT ETF,310,EQ,400009,44,597,47390,Open ended scheme,0.41,Anil Ghelani,-0.17,23.0,,29.8832,2026-09-25,0.0,2023-07-07,0.38,5000.0,181.0463,DSP Mutual Fund,NIFTY IT - TRI,3,2026-08-31,-8.4935,3.2542,-16.6649,-2.9212,,-24.64051727181485,null,Technology,,,,Unrated,,,Equity : ETFs,29.8832
Mirae Asset Nifty EV and New Age Automotive ETF,Growth,Mirae Asset Nifty EV and New Age Automotive ETF,748,EQ,400033,44,760,48935,Open ended scheme,0.49,Ekta Gala,0.37,,,31.4994,2026-09-25,0.0,2024-07-10,-2.3,5000.0,180.912,Mirae Asset Mutual Fund,Nifty EV and New Age Automotive - TRI,3,2026-08-31,-6.2166,-0.4419,0.8788,,,-0.3076280359279077,null,Automobile and Ancillaries,,,,Unrated,,,Equity : ETFs,31.4994
HSBC CRISIL IBX Gilt June 2027 Index Fund-Reg(G),Growth,HSBC CRISIL IBX Gilt June 2027 Index Fund-Reg(G),692,NEQ,400014,26,277,47676,Open ended scheme,0.35,Mahesh Chhabria,0.01,0.0,0.0,12.6972,2026-09-25,0.0,2023-03-23,7.04,5000.0,180.7912,HSBC Mutual Fund,CRISIL IBX Gilt Index - June 2027,3,2026-08-31,0.2424,1.0642,5.26,7.0168,,3.6616130691420397,Nil,-,,,,Unrated,,,Debt : Medium Duration,12.6972
Axis Nifty500 Momentum 50 Index Fund-Reg(G),Growth,Axis Nifty500 Momentum 50 Index Fund-Reg(G),767,EQ,400040,18,397,49216,Open ended scheme,1.86,Nandik Mallik,-0.04,,0.25,10.9935,2026-09-25,0.0,2025-02-13,6.05,100.0,179.41099999999997,Axis Mutual Fund,Nifty500 Momentum 50 - TRI,3,2026-08-31,-2.5762,-0.7735,3.9614,,,2.0534147767886117,"0.25% on or before 15D, Nil after 15D",Financials,,,,Unrated,,,Equity : Index Funds,10.9935
Kotak Nifty SDL Jul 2033 Index Fund-Reg(G),Growth,Kotak Nifty SDL Jul 2033 Index Fund-Reg(G),687,NEQ,400019,28,8,47612,Open ended scheme,0.44,Abhishek Bisen,-0.03,0.0,0.0,12.8337,2026-09-25,0.0,2023-02-15,7.15,100.0,178.7879,Kotak Mahindra Mutual Fund,Nifty SDL Jul 2033 Index,3,2026-08-31,-0.82,0.1076,4.1358,6.6166,,3.445023899148017,Nil,-,,,,Unrated,,,Debt : Long Duration,12.8337
DSP Conservative Hybrid Fund-Reg(G),Growth,DSP Conservative Hybrid Fund-Reg(G),302,NEQ,400009,52,796,719,Open ended scheme,1.25,Abhishek Singh,0.01,0.0,0.0,60.6562,2026-09-25,0.0,2004-06-11,8.42,100.0,178.35209999999998,DSP Mutual Fund,CRISIL Hybrid 85+15 - Conservative Index,3,2026-08-31,-0.8228,-0.247,2.8566,7.9669,6.5674,0.8989317284307923,Nil,Financials,,,,2,,,Hybrid : Conservative Hybrid,60.6562
Sundaram Short Term Fund(G),Growth,Sundaram Short Term Fund(G),443,NEQ,400029,25,450,2381,Open ended scheme,0.8,Sandeep Agarwal,-0.05,0.0,0.0,47.0864,2026-09-25,0.0,2003-05-13,6.84,5000.0,178.25935465644,Sundaram Mutual Fund,Nifty Short Duration Debt Index,1,2026-08-31,0.1086,0.8842,4.8496,6.7775,5.9386,3.423402843976644,Nil,-,,,,2,,,Debt : Short Duration,47.0864
Baroda BNP Paribas Credit Risk Fund-Reg(G),Growth,Baroda BNP Paribas Credit Risk Fund-Reg(G),727,NEQ,400001,35,385,25569,Open ended scheme,1.61,Gurvinder Singh Wasan,-0.07,0.0,0.0,23.7781,2026-08-20,0.0,2015-01-23,7.77,5000.0,177.68540000000002,Baroda BNP Paribas Mutual Fund,CRISIL Credit Risk Debt Index,3,2026-07-31,0.427,1.9176,6.1717,7.488,8.4552,3.564506504875921,"Nil upto 10% of units and 1% for remaining units on or before 1Y, Nil after 1Y",-,,,,4,,,Debt : Credit Risk,23.7781
HDFC Nifty SDL Oct 2026 Index Fund-Reg(G),Growth,HDFC Nifty SDL Oct 2026 Index Fund-Reg(G),691,NEQ,400013,26,32,46867,Open ended scheme,0.35,Anupam Joshi,0.01,0.0,0.0,12.8238,2026-09-25,0.0,2023-02-24,7.18,100.0,177.43169999999998,HDFC Mutual Fund,Nifty SDL Oct 2026 Index,3,2026-08-31,0.4347,1.2826,5.5309,7.0037,,3.950909503582901,Nil,-,,,,Unrated,,,Debt : Medium Duration,12.8238
Apex Hybrid Long-Short Fund-Reg(G),Growth,Apex Hybrid Long-Short Fund-Reg(G),450,EQ,400079,58,537,75081,Open ended scheme,2.81,Lovelish Solanki,-0.01,0.0,0.5,10.7403,2026-09-25,0.0,2026-03-25,7.4,1000000.0,176.28580000000002,Aditya Birla APEX SIF,NIFTY 50 Hybrid Composite Debt 50:50 Index,3,2026-08-31,0.6683,4.7027,,,,,"0.50% on or before 90D, Nil after 90D",Financials,,,,Unrated,,,Hybrid : Long - Short,10.7403
Motilal Oswal NASDAQ Q 50 ETF,Growth,Motilal Oswal NASDAQ Q 50 ETF,580,NEQ,400042,44,549,46181,Open ended scheme,0.58,Swapnil P Mayekar,0.09,121.0,,121.9421,2026-09-25,0.0,2021-12-23,14.04,500.0,176.1732,Motilal Oswal Mutual Fund,NASDAQ Q-50-TRI,3,2026-08-31,-0.1272,1.3476,44.4534,32.8638,,40.88413506012951,null,-,,,,Unrated,,,Equity : ETFs,121.8366
Tata Nifty India Digital ETF,Growth,Tata Nifty India Digital ETF,593,EQ,400030,44,1116,45944,Open ended scheme,0.51,Nitin Sharma,-0.41,43.47,,85.8605,2026-09-25,0.0,2022-03-31,6.77,5000.0,176.099193061,Tata Mutual Fund,Nifty India Digital - TRI,3,2026-08-31,-7.0901,6.1729,-7.1933,9.102,,-11.991385743220528,null,Technology,,,,Unrated,,,Equity : ETFs,85.8605
Bank of India Balanced Advantage Fund-Reg(G),Growth,Bank of India Balanced Advantage Fund-Reg(G),450,EQ,400034,41,14,21917,Open ended scheme,2.64,Alok Singh,0.14,0.0,0.0,25.6106,2026-09-25,0.0,2014-03-14,7.79,5000.0,175.65330000000003,Bank of India Mutual Fund,NIFTY 50 Hybrid Composite Debt 50:50 Index,3,2026-08-31,-2.9129,-1.4431,3.2045,7.7247,9.108,-1.2919239337387818,"NIL for 10% of investments and 1% for remaining investments on or before 3M, NIL after 3M",Financials,,,,Unrated,,,Hybrid : Dynamic Asset Allocation,25.6106
SBI FMP-76-1221D-Reg(G),Growth,SBI FMP-76-1221D-Reg(G),417,NEQ,400027,36,583,47541,Close ended scheme,,Ranjana Gupta,0.06,,,12.5206,2026-05-29,0.0,2023-01-24,6.95,5000.0,175.5959,SBI Mutual Fund,CRISIL Medium Duration Debt Index,3,2026-04-30,0.4259,1.2461,5.4508,6.7095,,2.1006279050803234,null,-,,,,Unrated,,,Debt : FTP/FMP,12.5206
LIC MF Focused Fund-Reg(G),Growth,LIC MF Focused Fund-Reg(G),312,EQ,400020,51,1039,32627,Open ended scheme,3.82,Mahesh Bendre,-0.02,191.0,0.0,21.9106,2026-09-25,0.0,2017-11-17,9.26,5000.0,175.2661,LIC Mutual Fund,NIFTY 500 - TRI,3,2026-08-31,-1.0866,1.8141,2.3635,8.5296,7.2567,1.516920567849055,"Nil upto 12% of units and 1% for remaining units on or before 12M, Nil after 12M",Automobile and Ancillaries,,,,3,,,Equity : Focused,21.9106
Mirae Asset BSE India Defence ETF,Growth,Mirae Asset BSE India Defence ETF,832,EQ,400033,44,760,50399,Open ended scheme,0.72,Ekta Gala,0.46,,,78.4517,2026-09-25,0.0,2026-02-13,17.17,5000.0,175.1927,Mirae Asset Mutual Fund,BSE India Defence - TRI,1,2026-08-31,-4.7827,0.5257,,,,,null,Capital Goods,,,,Unrated,,,Equity : ETFs,78.4517
ICICI Pru Nifty50 Value 20 ETF,Growth,ICICI Pru Nifty50 Value 20 ETF,339,EQ,400015,44,763,33839,Open ended scheme,0.52,Nishit Patel,0.23,72.0,,13.0785,2026-09-25,0.0,2016-06-17,13.29,5000.0,175.173957783,ICICI Prudential Mutual Fund,Nifty50 Value 20 - TRI,3,2026-08-31,-4.2093,-5.048,-8.9108,4.4534,5.9654,-13.65616953852248,null,Financials,,,,Unrated,,,Equity : ETFs,13.0785
LIC MF Medium to Long Term Fund-Reg(G),Growth,LIC MF Medium to Long Term Fund-Reg(G),418,NEQ,400020,27,964,2087,Open ended scheme,0.62,Pratik Shroff,-0.03,0.0,0.25,75.6656,2026-09-25,0.0,1999-09-15,7.59,5000.0,174.8498,LIC Mutual Fund,CRISIL Medium to Long Term Debt Index,3,2026-08-31,-0.1118,0.3713,4.0791,6.3328,5.52,3.073588768725483,"0.25% on or before 15D, Nil after 15D",-,,,,2,,,Debt : Medium to Long Duration,75.6656
Sundaram Global Brand Theme - Equity Active FoF(G),Growth,Sundaram Global Brand Theme - Equity Active FoF(G),262,NEQ,400029,49,1185,3005,Open ended scheme,2.29,Shalav Saket,0.02,,0.0,43.194,2026-09-24,0.0,2007-08-22,7.96,100.0,174.44502,Sundaram Mutual Fund,MSCI AC World Index,5,2026-08-31,-2.2504,3.9915,14.7882,18.2671,11.516,7.808463640788216,"Nil upto 25% of units and 1% for remaining units on or before 365D, Nil after 365D",-,,,,Unrated,,,FoFs : Overseas,43.194
HDFC BSE India Sector Leaders Index Fund-Reg(G),Growth,HDFC BSE India Sector Leaders Index Fund-Reg(G),819,EQ,400013,18,37,50228,Open ended scheme,0.78,Arun Agarwal,0.21,,0.0,9.134,2026-09-25,0.0,2025-11-26,-8.6,100.0,173.7547,HDFC Mutual Fund,BSE India Sector Leaders Index - TRI,3,2026-08-31,-4.8353,-2.6423,,,,-8.05222520862903,NIL,Financials,,,,Unrated,,,Equity : Index Funds,9.134
Union Gold ETF FoF-Reg(G),Growth,Union Gold ETF FoF-Reg(G),65,NEQ,400045,48,920,49466,Open ended scheme,0.57,Vinod Malviya,0.74,,1.0,17.1368,2026-09-25,0.0,2025-02-28,40.85,1000.0,171.9597,Union Mutual Fund,Gold-India,3,2026-08-31,-5.8459,7.841,31.4746,,,12.528892624500953,"1% on or before 1Y, Nil after 1Y",-,,,,Unrated,,,FoFs : Domestic,17.1368
Tata Retirement Sav Fund - Cons Plan(G),Growth,Tata Retirement Sav Fund - Cons Plan(G),303,NEQ,400030,52,567,15378,Open ended scheme,2.16,Sonam Udasi,-0.07,0.0,1.0,32.5459,2026-09-25,5.0,2011-11-04,8.24,5000.0,171.10880489,Tata Mutual Fund,CRISIL Short Term Debt Hybrid 75+25 Index,3,2026-08-31,-1.8756,-0.0129,2.883,6.5235,5.2993,1.7224674009526602,"Nil on or after age of 60Y, 1% before 61 months from the Date of allotment",Financials,,,,2,,,Hybrid : Conservative Hybrid,32.5459
The Wealth Company Mid Cap Fund-Reg(G),Growth,The Wealth Company Mid Cap Fund-Reg(G),349,EQ,400068,4,1167,50955,Open ended scheme,2.47,Aparna Shanker,-0.1,,1.0,9.7,2026-09-25,0.0,2026-08-04,-3.0,1000.0,170.84255262800002,The Wealth Company Mutual Fund,Nifty Midcap 150 - TRI,3,2026-08-31,-3.2293,,,,,,"1% on or before 180D, NIL after 180D",Financials,,,,Unrated,,,Equity : Mid Cap,9.7
HDFC FMP-Sr 47-2638D-Feb 2023-Reg(G),Growth,HDFC FMP-Sr 47-2638D-Feb 2023-Reg(G),438,NEQ,400013,36,32,47642,Close ended scheme,0.38,Anupam Joshi,-0.02,0.0,,13.0721,2026-09-25,0.0,2023-02-23,7.75,5000.0,170.18509999999998,HDFC Mutual Fund,NIFTY Long Duration Debt Index,3,2026-08-31,-0.7283,0.1632,4.1535,7.3146,,2.6760607631525204,null,-,,,,Unrated,,,Debt : FTP/FMP,13.0721
Groww Nifty India Railways PSU ETF,Growth,Groww Nifty India Railways PSU ETF,782,EQ,400048,44,1097,49496,Open ended scheme,0.53,Aakash Chauhan,-0.27,53.0,,26.7488,2026-09-25,0.0,2025-02-05,-18.02,500.0,169.80182021000002,Groww Mutual Fund,Nifty India Railways PSU Index - TRI,1,2026-08-31,-6.367,-8.7246,-23.8913,,,-24.24281902992472,null,Logistics,,,,Unrated,,,Equity : ETFs,26.7488
ICICI Pru Quant Fund(G),Growth,ICICI Pru Quant Fund(G),298,EQ,400015,13,629,42805,Open ended scheme,2.82,Roshan Chutkey,0.13,149.0,1.0,22.56,2026-09-25,0.0,2020-12-11,15.08,1000.0,168.63568757680002,ICICI Prudential Mutual Fund,BSE 200 - TRI,3,2026-08-31,-3.3005,0.4005,-0.6167,10.6901,9.6743,-3.713188220230478,"1% on or before 3M, Nil after 3M",Financials,,,,Unrated,,,Equity : Thematic,22.56
Samco Dynamic Asset Allocation Fund-Reg(G),Growth,Samco Dynamic Asset Allocation Fund-Reg(G),450,EQ,400059,41,949,48331,Open ended scheme,3.52,Umeshkumar Mehta,0.2,1060.0,0.0,10.13,2026-09-25,0.0,2023-12-28,0.47,5000.0,167.99099999999999,Samco Mutual Fund,NIFTY 50 Hybrid Composite Debt 50:50 Index,3,2026-08-31,-0.6863,-1.8411,-2.7831,,,-2.783109404990395,"Nil upto 25% of units and 1% for remaining units on or before 12M, Nil after 12M",Financials,,,,Unrated,,,Hybrid : Dynamic Asset Allocation,10.13
SBI FMP-74-1243D-Reg(G),Growth,SBI FMP-74-1243D-Reg(G),417,NEQ,400027,36,583,47381,Close ended scheme,,Ranjana Gupta,0.06,,,12.6156,2026-05-29,0.0,2023-01-03,7.07,5000.0,167.9556,SBI Mutual Fund,CRISIL Medium Duration Debt Index,3,2026-04-30,0.4323,1.2488,5.5566,6.8884,,2.1340673575129556,null,-,,,,Unrated,,,Debt : FTP/FMP,12.6156
Axis Long Term Fund-Reg(G),Growth,Axis Long Term Fund-Reg(G),438,NEQ,400040,28,298,46626,Open ended scheme,0.78,Devang Shah,-0.12,0.0,0.0,1238.9027,2026-09-25,0.0,2022-12-27,5.88,5000.0,167.67919999999998,Axis Mutual Fund,NIFTY Long Duration Debt Index,3,2026-08-31,-1.054,-1.1355,1.773,5.2526,,1.0763147765271195,Nil,-,,,,Unrated,,,Debt : Long Duration,1238.9027
HDFC NIFTY Next 50 ETF,Growth,HDFC NIFTY Next 50 ETF,165,EQ,400013,44,37,39624,Open ended scheme,0.21,Arun Agarwal,0.56,129.1,,73.4492,2026-09-25,0.0,2022-08-05,14.61,500.0,167.5052,HDFC Mutual Fund,NIFTY NEXT 50 - TRI,3,2026-08-31,-3.6382,-0.279,5.8012,17.4709,,4.144263708341854,null,Financials,,,,Unrated,,,Equity : ETFs,73.4492
Qsif Active Asset Allocator Long-Short Fund-Reg(G),Growth,Qsif Active Asset Allocator Long-Short Fund-Reg(G),312,EQ,400069,58,791,75017,Open ended scheme,3.93,Sandeep Tandon,-0.5,127.0,1.0,13.25,2026-09-25,0.0,2026-04-21,32.5,1000000.0,167.4534,Quant QSIF,NIFTY 500 - TRI,3,2026-07-31,15.1934,25.6389,,,,,"1% on or before 15D, Nil after 15D",Energy,,,,Unrated,,,Hybrid : Long - Short,13.25
Canara Rob Banking and PSU Debt Fund-Reg(G),Growth,Canara Rob Banking and PSU Debt Fund-Reg(G),416,NEQ,400006,33,227,46050,Open ended scheme,0.7,Suman Prasad,-0.04,0.0,0.0,12.7241,2026-09-25,0.0,2022-08-22,6.06,5000.0,167.40099999999998,Canara Robeco Mutual Fund,CRISIL Banking and PSU Debt Index,3,2026-08-31,-0.1115,0.3913,4.2361,6.1917,,2.7587320815667247,Nil,-,,,,Unrated,,,Debt : Banking & PSU,12.7241
Invesco India Credit Risk Fund-Reg(G),Growth,Invesco India Credit Risk Fund-Reg(G),451,NEQ,400021,35,606,21522,Open ended scheme,1.46,Vikas Garg,-0.04,0.0,1.0,2081.1274,2026-09-25,0.0,2014-09-04,6.26,1000.0,167.0116,Invesco Mutual Fund,NIFTY Credit Risk Bond Index,3,2026-08-31,-0.1447,0.7651,6.4634,8.2424,7.1073,4.9656612822729995,"1% on or before 1Y, NIL after 1Y",Textile,,,,3,,,Debt : Credit Risk,2081.1274
JioBlackRock Sector Rotation Fund-Reg(G),Growth,JioBlackRock Sector Rotation Fund-Reg(G),312,EQ,400066,13,1122,51178,Open ended scheme,1.9,Tanvi Kacheria,0.2,60.31,,9.6535,2026-09-25,0.0,2026-08-17,-3.46,500.0,166.915883578,Jio BlackRock Mutual Fund,NIFTY 500 - TRI,3,2026-08-31,-3.9749,,,,,,null,Financials,,,,Unrated,,,Equity : Thematic,9.6535
Zerodha Nifty 100 ETF,Growth,Zerodha Nifty 100 ETF,314,EQ,400062,44,811,48885,Open ended scheme,0.27,Kedarnath Mirajkar,0.38,16.0,,10.2236,2026-09-25,0.0,2024-06-12,0.97,1000.0,166.35322019,Zerodha Mutual Fund,NIFTY 100 - TRI,3,2026-08-31,-4.6368,-2.8673,-3.9352,,,-8.105775972099892,null,Financials,,,,Unrated,,,Equity : ETFs,10.2236
UTI Income Plus Arbitrage Active FoF-Reg(G),Growth,UTI Income Plus Arbitrage Active FoF-Reg(G),44,NEQ,400032,48,339,49714,Open ended scheme,0.58,Anurag Mittal,-0.01,0.0,0.0,10.846,2026-09-25,0.0,2025-04-04,5.65,1000.0,166.076,UTI Mutual Fund,CRISIL Short Term Bond Index,3,2026-08-31,0.2181,0.9353,5.2642,,,3.696196722565344,NIL,-,,,,Unrated,,,FoFs : Domestic,10.846
ITI Ultra Short Term Fund-Reg(G),Growth,ITI Ultra Short Term Fund-Reg(G),367,NEQ,400056,22,332,45498,Open ended scheme,0.91,Laukik Bagwe,0.0,0.0,0.0,1323.4568,2026-09-25,0.0,2021-05-05,5.33,5000.0,165.44209999999998,ITI Mutual Fund,CRISIL Ultra Short Term Debt Index,3,2026-08-31,0.4315,1.4186,5.6815,6.2328,5.5278,4.205996823719582,Nil,-,,,,Unrated,,,Debt : Ultra Short Duration,1323.4568
Bandhan Gold ETF FOF-Reg(G),Growth,Bandhan Gold ETF FOF-Reg(G),65,NEQ,400028,48,992,50586,Open ended scheme,0.59,Abhishek Jain,0.92,,0.25,9.8285,2026-09-25,0.0,2026-01-23,-1.72,1000.0,165.247791169,Bandhan Mutual Fund,Gold-India,3,2026-08-31,-5.8004,8.565,,,,,"0.25% on or before 15D, Nil after 15D",-,,,,Unrated,,,FoFs : Domestic,9.8285
Nippon India Nifty 1D Rate Liquid ETF(G),Growth,Nippon India Nifty 1D Rate Liquid ETF(G),293,NEQ,400025,21,876,50023,Open ended scheme,0.51,Vikash Agarwal,0.03,0.0,,1057.1113,2026-09-27,0.0,2025-07-24,4.76,1000.0,164.93899046899998,Nippon India Mutual Fund,Nifty 1D Rate Index,1,2026-08-31,0.3665,1.1701,4.7349,,,3.3969789738592144,null,-,,,,Unrated,,,Debt : Liquid,1056.8442
Edelweiss ASEAN Equity Off-Shore Fund-Reg(G),Growth,Edelweiss ASEAN Equity Off-Shore Fund-Reg(G),578,NEQ,400035,49,490,13404,Open ended scheme,1.38,Bhavesh Jain,0.58,,1.0,37.638,2026-09-25,0.0,2011-07-01,9.08,100.0,164.7707,Edelweiss Mutual Fund,MSCI AC ASEAN 10/40 Index,5,2026-08-31,-2.9248,6.9504,20.0536,16.7242,10.2225,14.182406249046458,"1% on or before 90D, Nil after 90D",-,,,,Unrated,,,FoFs : Overseas,37.421
Invesco India Medium Term Fund-Reg(G),Growth,Invesco India Medium Term Fund-Reg(G),430,NEQ,400021,26,606,45607,Open ended scheme,1.14,Vikas Garg,-0.05,0.0,0.0,1298.9262,2026-09-25,0.0,2021-07-16,5.16,1000.0,164.68330000000003,Invesco Mutual Fund,NIFTY Medium Duration Debt Index,3,2026-08-31,-0.3972,0.3944,3.7816,6.2543,5.072,2.7343359793475797,NIL,-,,,,Unrated,,,Debt : Medium Duration,1298.9262
TRUSTMF Money Market Fund-Reg(G),Growth,TRUSTMF Money Market Fund-Reg(G),420,NEQ,400057,24,523,46735,Open ended scheme,0.45,Jalpan Shah,0.0,0.0,0.0,1313.889,2026-09-25,0.0,2022-08-17,6.87,1000.0,164.4817,Trust Mutual Fund,CRISIL Money Market Index,3,2026-08-31,0.5308,1.6048,6.1432,6.9027,,4.562326719459441,Nil,-,,,,Unrated,,,Debt : Money Market,1313.889
HDFC NIFTY Midcap 150 ETF,Growth,HDFC NIFTY Midcap 150 ETF,349,EQ,400013,44,37,46873,Open ended scheme,0.2,Arun Agarwal,-0.15,36.79,,22.7341,2026-09-25,0.0,2023-02-15,20.5,500.0,163.8162,HDFC Mutual Fund,Nifty Midcap 150 - TRI,3,2026-08-31,-4.6312,-1.2231,5.3202,14.6136,,1.069642341120771,null,Financials,,,,Unrated,,,Equity : ETFs,22.7341
Motilal Oswal Nifty 5 Year Benchmark G-Sec ETF,Growth,Motilal Oswal Nifty 5 Year Benchmark G-Sec ETF,528,NEQ,400042,45,908,45196,Open ended scheme,0.31,Rakesh Shetty,0.02,132.0,,64.9208,2026-09-25,0.0,2020-12-10,5.48,500.0,163.30280000000002,Motilal Oswal Mutual Fund,Nifty 5 yr Benchmark G-Sec Index TRI,3,2026-08-31,-0.8313,0.0425,4.2072,7.1013,5.8394,3.217969753628167,null,-,,,,Unrated,,,Debt : ETFs,64.9208
Edelweiss Nifty LargeMidcap 250 ETF,Growth,Edelweiss Nifty LargeMidcap 250 ETF,366,EQ,400035,44,490,50250,Open ended scheme,1.17,Bhavesh Jain,0.11,24.0,,16.089,2026-09-25,0.0,2025-09-03,0.16,5000.0,163.1865,Edelweiss Mutual Fund,NIFTY LargeMidcap 250 - TRI,1,2026-08-31,-4.712,-2.27,-0.3123,,,-4.245252138100144,null,Financials,,,,Unrated,,,Equity : ETFs,16.089
HDFC Nifty Auto Index Fund-Reg(G),Growth,HDFC Nifty Auto Index Fund-Reg(G),324,EQ,400013,9,37,50925,Open ended scheme,2.91,Arun Agarwal,0.89,,0.0,9.8732,2026-09-25,0.0,2026-07-07,-1.2,100.0,162.7859,HDFC Mutual Fund,NIFTY AUTO - TRI,3,2026-08-31,-7.7702,,,,,,NIL,Automobile and Ancillaries,,,,Unrated,,,Equity : Sectoral - Auto,9.8732
Shriram Multi Sector Rotation Fund-Reg(G),Growth,Shriram Multi Sector Rotation Fund-Reg(G),312,EQ,400052,13,868,49112,Open ended scheme,2.79,Prateek Nigudkar,0.22,121.87,1.0,7.8554,2026-09-25,0.0,2024-12-09,-12.59,500.0,162.6849,Shriram Mutual Fund,NIFTY 500 - TRI,3,2026-08-31,-3.9259,-1.6107,1.5251,,,-3.073601085816515,"1% on or before 3M, Nil after 3M",Financials,,,,Unrated,,,Equity : Thematic,7.8554
Motilal Oswal Multi Asset Passive FoF-Reg(G),Growth,Motilal Oswal Multi Asset Passive FoF-Reg(G),312,NEQ,400042,48,549,45344,Open ended scheme,0.77,Swapnil P Mayekar,0.53,,0.0,19.0929,2026-09-25,0.0,2021-03-12,12.38,500.0,160.2449,Motilal Oswal Mutual Fund,NIFTY 500 - TRI,3,2026-08-31,-3.0547,-0.7222,4.7903,13.9892,10.8822,-0.9150954224360099,NIL,-,,,,Unrated,,,FoFs : Domestic,18.992
Bandhan Silver ETF FOF-Reg(G),Growth,Bandhan Silver ETF FOF-Reg(G),199,NEQ,400028,48,992,50585,Open ended scheme,0.59,Abhishek Jain,1.46,,0.25,7.4825,2026-09-25,0.0,2026-01-23,-25.18,1000.0,160.023036178,Bandhan Mutual Fund,Silver,3,2026-08-31,-4.3085,5.5851,,,,,"0.25% on or before 15D, Nil after 15D",-,,,,Unrated,,,FoFs : Domestic,7.4825
Motilal Oswal BSE Enhanced Value ETF,Growth,Motilal Oswal BSE Enhanced Value ETF,562,EQ,400042,44,549,46740,Open ended scheme,0.44,Swapnil P Mayekar,-0.11,67.0,,110.6433,2026-09-25,0.0,2022-08-22,27.79,500.0,159.8561,Motilal Oswal Mutual Fund,BSE Enhanced Value Index - TRI,3,2026-08-31,-2.7665,-4.0508,6.0332,20.2714,,-5.491801248284187,null,Financials,,,,Unrated,,,Equity : ETFs,110.6433
JM Multi Asset Allocation Fund-Reg(G),Growth,JM Multi Asset Allocation Fund-Reg(G),312,NEQ,400017,42,44,50946,Open ended scheme,4.43,Asit Bhandarkar,0.16,0.0,1.0,10.1887,2026-09-25,0.0,2026-07-15,1.89,5000.0,159.248307493,JM Financial Mutual Fund,NIFTY 500 - TRI,3,2026-08-31,-2.9454,,,,,,"1% on or before 60D, Nil after 60D",Financials,,,,Unrated,,,Hybrid : Multi Asset Allocation,10.1887
ICICI Pru Nifty 100 ETF,Growth,ICICI Pru Nifty 100 ETF,314,EQ,400015,44,763,22404,Open ended scheme,0.49,Nishit Patel,0.38,13.0,0.0,27.1476,2026-09-25,0.0,2013-08-20,13.28,5000.0,158.69637892,ICICI Prudential Mutual Fund,NIFTY 100 - TRI,3,2026-08-31,-4.679,-3.002,-4.3988,8.0702,6.7516,-8.442885568783511,Nil,Financials,,,,Unrated,,,Equity : ETFs,27.1476
Groww BSE Hospitals ETF,Growth,Groww BSE Hospitals ETF,833,EQ,400048,44,1097,50486,Open ended scheme,0.55,Aakash Chauhan,-2.12,6.0,,51.4354,2026-09-25,0.0,2026-03-02,5.24,500.0,158.546369926,Groww Mutual Fund,BSE Hospitals Index - TRI,1,2026-08-31,-1.6052,-3.0269,,,,,null,Healthcare,,,,Unrated,,,Equity : ETFs,51.4354
HDFC Nifty India Digital Index Fund-Reg(G),Growth,HDFC Nifty India Digital Index Fund-Reg(G),593,EQ,400013,18,37,49178,Open ended scheme,0.87,Arun Agarwal,-0.41,31.52,0.0,8.2476,2026-09-25,0.0,2024-12-11,-10.21,100.0,157.811,HDFC Mutual Fund,Nifty India Digital - TRI,3,2026-08-31,-7.1007,6.0716,-7.8254,,,-12.524791854483741,Nil,Technology,,,,Unrated,,,Equity : Index Funds,8.2476
Motilal Oswal Nifty 50 Equal Weight ETF,Growth,Motilal Oswal Nifty 50 Equal Weight ETF,359,EQ,400042,44,549,49858,Open ended scheme,0.16,Swapnil P Mayekar,0.26,23.0,,32.1305,2026-09-25,0.0,2025-05-02,4.84,1000.0,157.7575,Motilal Oswal Mutual Fund,NIFTY50 Equal Weight - TRI,1,2026-08-31,-4.6946,-2.4246,0.0184,,,-4.237563445725046,null,Financials,,,,Unrated,,,Equity : ETFs,32.1305
Groww Nifty India Defence ETF FOF-Reg(G),Growth,Groww Nifty India Defence ETF FOF-Reg(G),634,NEQ,400048,48,1097,49023,Open ended scheme,0.48,Aakash Chauhan,0.23,12.0,1.0,13.7224,2026-09-25,0.0,2024-10-11,17.56,500.0,157.483245597,Groww Mutual Fund,Nifty India Defence - TRI,3,2026-08-31,-3.6754,-0.1644,15.1768,,,20.973614380294986,"1% on or before 30D, Nil after 30D",-,,,,Unrated,,,FoFs : Domestic,13.7224
ICICI Pru Nifty Pharma Index Fund-Reg(G),Growth,ICICI Pru Nifty Pharma Index Fund-Reg(G),318,EQ,400015,7,763,47224,Open ended scheme,1.19,Nishit Patel,-0.1,30.0,0.0,20.4125,2026-09-25,0.0,2022-12-14,20.76,1000.0,156.88477757110002,ICICI Prudential Mutual Fund,NIFTY PHARMA - TRI,3,2026-08-31,1.578,8.1073,22.2203,20.8771,,18.504391846781733,Nil,Healthcare,,,,Unrated,,,Equity : Sectoral - Pharma,20.4125
HSBC Conservative Hybrid Fund(G),Growth,HSBC Conservative Hybrid Fund(G),371,NEQ,400014,52,277,1458,Open ended scheme,2.2,Mahesh Chhabria,0.0,0.0,0.0,62.8627,2026-09-25,0.0,2004-02-24,8.47,5000.0,156.3569,HSBC Mutual Fund,NIFTY 50 Hybrid Composite Debt 15:85 Index,1,2026-08-31,-1.456,-1.3518,0.9727,7.96,6.352,2.621586501416983,Nil,Financials,,,,Unrated,,,Hybrid : Conservative Hybrid,62.8627
HSBC Gilt Fund-Reg(G),Growth,HSBC Gilt Fund-Reg(G),422,NEQ,400014,29,303,586,Open ended scheme,1.6,Shriram Ramanathan,-0.07,0.0,0.0,66.5288,2026-09-25,0.0,2000-03-29,7.41,5000.0,155.5186,HSBC Mutual Fund,CRISIL Dynamic Gilt Index,3,2026-08-31,-0.6787,-0.5146,1.2552,4.642,3.9417,0.9114502357878986,Nil,-,,,,2,,,Debt : Gilt,66.5288
Navi ELSS Tax Saver Nifty 50 Index Fund-Reg(G),Growth,Navi ELSS Tax Saver Nifty 50 Index Fund-Reg(G),154,EQ,400041,6,959,47657,Open ended scheme,1.07,Ashutosh Shirwaikar,0.33,6.0,0.0,13.6257,2026-09-25,3.0,2023-03-20,9.19,500.0,154.477581,Navi Mutual Fund,NIFTY 50 - TRI,3,2026-08-31,-4.9646,-3.7461,-7.0001,5.5046,,-11.306028927395104,Nil,Financials,,,,Unrated,,,Equity : Tax Saving (ELSS),13.6257
UTI NIFTY50 Equal Weight Index Fund-Reg(G),Growth,UTI NIFTY50 Equal Weight Index Fund-Reg(G),359,EQ,400032,18,620,47962,Open ended scheme,0.91,Sharwan Kumar Goyal,0.26,28.0,0.0,14.4793,2026-09-25,0.0,2023-06-07,11.85,1000.0,153.4986,UTI Mutual Fund,NIFTY50 Equal Weight - TRI,3,2026-08-31,-4.7508,-2.579,-0.5952,10.3491,,-4.671205098493628,Nil,Financials,,,,Unrated,,,Equity : Index Funds,14.4793
PGIM India Overnight Fund-Reg(G),Growth,PGIM India Overnight Fund-Reg(G),293,NEQ,400044,20,1204,24529,Open ended scheme,0.2,Sandeep Devan,0.01,0.0,0.0,1416.4321,2026-09-27,0.0,2019-08-27,5.03,5000.0,153.1775,PGIM India Mutual Fund,Nifty 1D Rate Index,1,2026-08-31,0.3986,1.2286,5.1076,5.9558,5.6338,3.6692490344486,Nil,-,,,,Unrated,,,Debt : Overnight,1416.2366
HDFC BSE 500 ETF,Growth,HDFC BSE 500 ETF,379,EQ,400013,44,37,46875,Open ended scheme,0.3,Arun Agarwal,0.18,56.4,,36.335,2026-09-25,0.0,2023-02-15,12.37,500.0,153.1217,HDFC Mutual Fund,BSE 500 - TRI,3,2026-08-31,-4.1809,-1.9343,-1.6215,9.7047,,-5.08197406505679,null,Financials,,,,Unrated,,,Equity : ETFs,36.335
HDFC NIFTY G-Sec Apr 2029 Index Fund-Reg(G),Growth,HDFC NIFTY G-Sec Apr 2029 Index Fund-Reg(G),694,NEQ,400013,27,32,47712,Open ended scheme,0.37,Anupam Joshi,-0.03,0.0,0.0,12.9332,2026-09-25,0.0,2023-03-10,7.52,100.0,152.5648,HDFC Mutual Fund,NIFTY G- Sec Apr 2029 Index,3,2026-08-31,-0.3629,0.4388,4.3345,7.2288,,2.823160890754567,Nil,-,,,,Unrated,,,Debt : Medium to Long Duration,12.9332
Choice Overnight Fund-Reg(G),Growth,Choice Overnight Fund-Reg(G),500,NEQ,400072,20,719,50812,Open ended scheme,0.22,Rochan Pattnayak,0.01,0.0,0.0,101.1487,2026-09-27,0.0,2026-07-04,1.15,1000.0,152.100449994,Choice Mutual Fund,CRISIL Liquid Overnight Index,1,2026-08-31,0.4023,,,,,,NIL,-,,,,Unrated,,,Debt : Overnight,101.1346
DynaSIF Equity Ex-Top 100 Long-Short Fund-Reg(G),Growth,DynaSIF Equity Ex-Top 100 Long-Short Fund-Reg(G),379,EQ,400078,58,575,75132,Open ended scheme,4.52,Mayur Patel,-0.07,15.0,0.5,11.2367,2026-09-25,0.0,2026-06-24,12.37,1000000.0,150.547768541988,360 ONE DynaSIF,BSE 500 - TRI,3,2026-07-31,0.509,12.367,,,,,"0.50% on or before 3M, Nil after 3M",Financials,,,,Unrated,,,Hybrid : Long - Short,11.2367
The Wealth Company Arbitrage Fund-Reg(G),Growth,The Wealth Company Arbitrage Fund-Reg(G),717,EQ,400068,38,890,50304,Open ended scheme,2.37,Rouhak Shah,0.12,,0.25,10.5503,2026-09-25,0.0,2025-10-14,5.5,100.0,150.27263298600002,The Wealth Company Mutual Fund,Nifty 50 Arbitrage - TRI,3,2026-08-31,0.4743,1.3896,,,,4.210786250493871,"0.25% on or before 7D, Nil after 7D",Financials,,,,Unrated,,,Hybrid : Arbitrage,10.5503
Aditya Birla SL CRISIL IBX SDL Jun 2032 Index Fund-Reg(G),Growth,Aditya Birla SL CRISIL IBX SDL Jun 2032 Index Fund-Reg(G),685,NEQ,400004,28,747,47592,Open ended scheme,0.57,Bhupesh Bameta,-0.05,0.0,0.0,12.8162,2026-09-25,0.0,2023-02-14,7.11,500.0,149.707,Aditya Birla Sun Life Mutual Fund,CRISIL IBX SDL Index - June 2032,3,2026-08-31,-1.0416,0.0461,4.009,6.6504,,3.0100388210614253,Nil,-,,,,Unrated,,,Debt : Long Duration,12.8162
Motilal Oswal Infrastructure Fund-Reg(G),Growth,Motilal Oswal Infrastructure Fund-Reg(G),319,EQ,400042,11,627,49811,Open ended scheme,3.13,Ajay Khandelwal,0.12,196.0,1.0,12.7258,2026-09-25,0.0,2025-05-13,19.24,500.0,149.6864,Motilal Oswal Mutual Fund,Nifty Infrastructure - TRI,3,2026-08-31,0.6024,-1.1811,6.0855,,,4.739094650205755,"1% on or before 3M, Nil after 3M",Capital Goods,,,,Unrated,,,Equity : Sectoral - Infrastructure,12.7258
SBI Childrens Fund-Savings Plan-Reg(G),Growth,SBI Childrens Fund-Savings Plan-Reg(G),371,NEQ,400027,52,149,2748,Open ended scheme,1.29,R. Srinivasan,-0.03,0.0,3.0,120.6943,2026-09-25,5.0,2002-01-28,10.62,5000.0,148.7468,SBI Mutual Fund,NIFTY 50 Hybrid Composite Debt 15:85 Index,3,2026-08-31,0.5187,3.032,9.8537,11.3218,10.3676,8.803100358697575,"3% on or before 1Y, 2% after 1Y but on or before 2Y, 1% after 2Y but on or before 3Y, Nil after 3Y",Capital Goods,,,,Unrated,,,Hybrid : Conservative Hybrid,120.6943
SBI FMP-52-1848D-Reg(G),Growth,SBI FMP-52-1848D-Reg(G),418,NEQ,400027,36,583,45915,Close ended scheme,0.2,Ranjana Gupta,0.01,,,13.329,2026-09-25,0.0,2021-09-28,5.92,5000.0,148.70159999999998,SBI Mutual Fund,CRISIL Medium to Long Term Debt Index,3,2026-08-31,0.4287,1.2996,5.6331,7.1242,,4.001997487535211,null,-,,,,Unrated,,,Debt : FTP/FMP,13.329
Axis Floating Interest Rates Fund-Reg(G),Growth,Axis Floating Interest Rates Fund-Reg(G),438,NEQ,400040,32,493,45632,Open ended scheme,0.53,Aditya Pagaria,-0.04,0.0,0.0,1401.1466,2026-09-25,0.0,2021-07-29,6.75,5000.0,148.6053,Axis Mutual Fund,NIFTY Long Duration Debt Index,3,2026-08-31,-0.0392,1.1051,6.6401,7.9145,6.812,4.980382111086694,NIL,-,,,,Unrated,,,Debt : Floater,1401.1466
JM Overnight Fund-Reg(G),Growth,JM Overnight Fund-Reg(G),500,NEQ,400017,20,93,44156,Open ended scheme,0.19,Killol Pandya,0.01,0.0,0.0,1391.716,2026-09-27,0.0,2019-12-03,4.96,1000.0,147.978638021,JM Financial Mutual Fund,CRISIL Liquid Overnight Index,1,2026-08-31,0.3914,1.2061,5.0092,5.8659,5.5732,3.608378297804033,Nil,-,,,,1,,,Debt : Overnight,1391.5231
Nippon India ETF BSE Sensex Next 50,Growth,Nippon India ETF BSE Sensex Next 50,405,EQ,400025,44,987,43930,Open ended scheme,0.33,Himanshu Mange,0.06,46.0,,89.8496,2026-09-25,0.0,2019-07-30,16.75,5000.0,147.409379646,Nippon India Mutual Fund,BSE Sensex Next 50 - TRI,3,2026-08-31,-5.0423,-1.7012,2.0004,15.2045,13.0099,-1.727783106728371,null,Financials,,,,Unrated,,,Equity : ETFs,89.8496
Franklin India Gilt Fund(G),Growth,Franklin India Gilt Fund(G),447,NEQ,400012,29,496,3373,Open ended scheme,1.22,Anuj Tagra,-0.03,0.0,0.0,61.4059,2026-09-25,0.0,2001-12-07,7.59,10000.0,147.158396835,Franklin Templeton Mutual Fund,Nifty All Duration G-Sec Index,3,2026-08-31,-0.3109,0.9735,4.573,5.8685,4.842,3.175448618858802,Nil,-,,,,1,,,Debt : Gilt,61.4059
Sundaram Nifty 100 Equal Weight Fund(G),Growth,Sundaram Nifty 100 Equal Weight Fund(G),355,EQ,400029,18,628,2384,Open ended scheme,1.23,Rohit Seksaria,0.41,26.06,0.0,179.6046,2026-09-25,0.0,1999-07-27,11.21,100.0,147.07468,Sundaram Mutual Fund,Nifty100 Equal Weight - TRI,3,2026-08-31,-4.4231,-1.3731,2.0692,13.1135,9.9688,-0.19643461450192953,Nil,Financials,,,,Unrated,,,Equity : Index Funds,179.6046
Nippon India Medium Term Fund(G),Growth,Nippon India Medium Term Fund(G),417,NEQ,400025,26,728,21911,Open ended scheme,1.08,Sushil Budhia,-0.06,0.0,1.0,16.8411,2026-09-25,0.0,2014-06-26,4.34,5000.0,147.02200872199998,Nippon India Mutual Fund,CRISIL Medium Duration Debt Index,3,2026-08-31,-0.0415,0.6262,5.3187,7.6851,6.1862,3.7594957765743278,"1% on or before 12M, Nil after 12M",-,,,,2,,,Debt : Medium Duration,16.8411
Arudha Hybrid Long-Short Fund-Reg(G),Growth,Arudha Hybrid Long-Short Fund-Reg(G),302,EQ,400076,58,1107,75033,Open ended scheme,1.33,Kapil Kankonkar,-0.02,0.0,0.0,10.381,2026-09-25,0.0,2026-01-28,3.81,1000000.0,146.933221404,Bandhan Arudha SIF,CRISIL Hybrid 85+15 - Conservative Index,3,2026-08-31,0.2027,1.0021,,,,,NIL,Financials,,,,Unrated,,,Hybrid : Long - Short,10.381
HDFC Retirement Fund-Hybrid-Debt Plan-Reg(G),Growth,HDFC Retirement Fund-Hybrid-Debt Plan-Reg(G),371,NEQ,400013,52,59,24807,Open ended scheme,2.33,Chirag Setalvad,0.13,0.0,0.0,21.5603,2026-09-25,5.0,2016-02-25,7.52,100.0,146.341,HDFC Mutual Fund,NIFTY 50 Hybrid Composite Debt 15:85 Index,3,2026-08-31,-1.4323,-1.1617,-0.2235,5.4401,5.7156,-1.813420770999837,NIL - Upon completion of Lock-in Period,Financials,,,,2,,,Hybrid : Conservative Hybrid,21.5603
Edelweiss CRISIL IBX 50:50 Gilt Plus SDL Short Duration Index Fund-Reg(G),Growth,Edelweiss CRISIL IBX 50:50 Gilt Plus SDL Short Duration Index Fund-Reg(G),681,NEQ,400035,25,65,47430,Open ended scheme,0.58,Dhawal Dalal,-0.05,0.0,0.0,12.675,2026-09-25,0.0,2023-02-15,6.78,100.0,145.879,Edelweiss Mutual Fund,CRISIL IBX 50:50 Gilt Plus SDL Short Duration Index,3,2026-08-31,-0.3992,0.3746,4.4018,6.6413,,3.0445916832649176,Nil,-,,,,Unrated,,,Debt : Short Duration,12.675
Shriram Multi Asset Allocation Fund-Reg(G),Growth,Shriram Multi Asset Allocation Fund-Reg(G),154,EQ,400052,42,868,48029,Open ended scheme,2.48,Prateek Nigudkar,0.3,84.55,0.0,12.9578,2026-09-25,0.0,2023-09-08,8.87,500.0,145.877,Shriram Mutual Fund,NIFTY 50 - TRI,3,2026-08-31,-3.6459,-0.1903,5.1266,9.1282,,-2.1713198544400276,"NIL for 12% of units and 1% for remaining units on or before 90D, Nil after 90D",Financials,,,,Unrated,,,Hybrid : Multi Asset Allocation,12.9578
HDFC NIFTY Realty Index Fund-Reg(G),Growth,HDFC NIFTY Realty Index Fund-Reg(G),320,EQ,400013,18,37,48654,Open ended scheme,0.95,Arun Agarwal,0.92,28.32,0.0,9.6528,2026-09-25,0.0,2024-03-26,-1.4,100.0,144.24290000000002,HDFC Mutual Fund,NIFTY REALTY - TRI,3,2026-08-31,-5.3935,5.3374,-1.2663,,,-1.2582090468299383,Nil,Real Estate,,,,Unrated,,,Equity : Index Funds,9.6528
Bandhan CRISIL IBX 90:10 SDL Plus Gilt - Sep 2027 Index Fund-Reg(G),Growth,Bandhan CRISIL IBX 90:10 SDL Plus Gilt - Sep 2027 Index Fund-Reg(G),668,NEQ,400028,29,317,46212,Open ended scheme,0.34,Gautam Kaul,0.02,0.0,0.0,13.0782,2026-09-25,0.0,2022-11-24,7.24,1000.0,143.962189297,Bandhan Mutual Fund,CRISIL IBX 90:10 SDL Plus Gilt Index - September 2027,3,2026-08-31,0.3022,1.4514,5.8115,7.3094,,4.133257956382224,Nil,-,,,,Unrated,,,Debt : Gilt,13.0782
HDFC Nifty100 Quality 30 Index Fund-Reg(G),Growth,HDFC Nifty100 Quality 30 Index Fund-Reg(G),340,EQ,400013,18,37,49573,Open ended scheme,0.91,Arun Agarwal,0.45,24.33,0.0,10.4593,2026-09-25,0.0,2025-02-20,2.85,100.0,143.7357,HDFC Mutual Fund,NIFTY100 Quality 30 - TRI,3,2026-08-31,-5.0863,0.4408,-3.0307,,,-6.648399707252632,NIL,FMCG,,,,Unrated,,,Equity : Index Funds,10.4593
Nippon India ETF Nifty 50 Value 20,Growth,Nippon India ETF Nifty 50 Value 20,339,EQ,400025,44,1074,31920,Open ended scheme,0.53,Jitendra Tolani,0.23,71.0,,134.217,2026-09-25,0.0,2015-06-18,12.05,5000.0,143.491491315,Nippon India Mutual Fund,Nifty50 Value 20 - TRI,3,2026-08-31,-4.2089,-5.0557,-8.9108,4.424,5.8837,-13.672382520550045,null,Financials,,,,Unrated,,,Equity : ETFs,134.217
Franklin India Income Plus Arbitrage Active FoF(G),Growth,Franklin India Income Plus Arbitrage Active FoF(G),443,NEQ,400012,48,492,31040,Open ended scheme,0.52,Rohan Maru,0.01,40.13,0.0,22.4639,2026-09-25,0.0,2014-11-28,7.08,5000.0,143.324108014,Franklin Templeton Mutual Fund,Nifty Short Duration Debt Index,3,2026-08-31,0.3072,1.3366,5.821,12.1146,10.0719,4.107995365005804,NIL,-,,,,Unrated,,,FoFs : Domestic,22.4613
Bandhan US Treasury Bond 0-1 year specific Debt Passive FOF-Reg(G),Growth,Bandhan US Treasury Bond 0-1 year specific Debt Passive FOF-Reg(G),695,NEQ,400028,49,680,47724,Open ended scheme,0.15,Brijesh Shah,-0.02,,0.1,13.482,2026-09-25,0.0,2023-03-28,8.91,1000.0,143.07409835955798,Bandhan Mutual Fund,ICE 0-1 Year US Treasury Securities Index,5,2026-08-31,0.4201,2.3449,11.8328,9.355,,9.158920879619133,"0.10% on or before 7D, Nil after 7D",-,,,,Unrated,,,FoFs : Overseas,13.482
Nippon India Retirement Fund-Income Generation(G),Growth,Nippon India Retirement Fund-Income Generation(G),302,NEQ,400025,52,550,17166,Open ended scheme,2.11,Pranay Sinha,0.0,0.0,0.0,20.0654,2026-09-25,5.0,2015-02-11,6.17,500.0,142.86539946599999,Nippon India Mutual Fund,CRISIL Hybrid 85+15 - Conservative Index,3,2026-08-31,-2.1424,-1.1552,-0.5063,5.2843,4.8654,-0.9922778970221807,NIL,Financials,,,,1,,,Hybrid : Conservative Hybrid,20.0654
ICICI Pru Nifty 200 Quality 30 ETF,Growth,ICICI Pru Nifty 200 Quality 30 ETF,504,EQ,400015,44,763,48118,Open ended scheme,0.36,Nishit Patel,0.43,20.0,,20.2241,2026-09-25,0.0,2023-08-07,7.58,1000.0,141.893325149,ICICI Prudential Mutual Fund,NIFTY200 Quality 30 - TRI,3,2026-08-31,-5.8258,-1.2186,-4.6811,6.8742,,-8.184121161494186,null,Technology,,,,Unrated,,,Equity : ETFs,20.2241
HDFC Nifty 1D Rate Liquid ETF(G),Growth,HDFC Nifty 1D Rate Liquid ETF(G),293,NEQ,400013,45,897,46470,Open ended scheme,0.25,Swapnil Jangam,0.01,0.0,,1079.3376,2026-09-25,0.0,2023-08-24,5.43,5000.0,141.321,HDFC Mutual Fund,Nifty 1D Rate Index,1,2026-08-31,0.3899,1.21,4.8868,5.4145,,3.546699371832238,null,-,,,,Unrated,,,Debt : ETFs,1079.3376
SBI FMP-46-1850D-Reg(G),Growth,SBI FMP-46-1850D-Reg(G),418,NEQ,400027,36,583,45620,Close ended scheme,0.39,Ranjana Gupta,0.01,,,13.48,2026-07-30,0.0,2021-07-07,6.07,5000.0,140.9787,SBI Mutual Fund,CRISIL Medium to Long Term Debt Index,3,2026-06-30,0.3955,1.2354,5.3709,6.9226,6.0432,3.0155746098705465,null,-,,,,Unrated,,,Debt : FTP/FMP,13.48
Tata Nifty500 Multicap India Manufacturing 50:30:20 Index Fund-Reg(G),Growth,Tata Nifty500 Multicap India Manufacturing 50:30:20 Index Fund-Reg(G),729,EQ,400030,18,1116,48782,Open ended scheme,1.15,Nitin Sharma,0.41,40.88,0.25,12.0312,2026-09-25,0.0,2024-04-26,7.95,5000.0,140.7898599249,Tata Mutual Fund,Nifty500 Multicap India Manufacturing 50:30:20 - TRI,3,2026-08-31,-3.5807,1.1969,4.691,,,2.6509107973209387,"0.25% on or before 15D, Nil after 15D",Automobile and Ancillaries,,,,Unrated,,,Equity : Index Funds,12.0312
SBI Retirement Benefit Fund-Conservative Plan-Reg(G),Growth,SBI Retirement Benefit Fund-Conservative Plan-Reg(G),302,NEQ,400027,52,824,30401,Open ended scheme,1.44,Rohit Shimpi,0.08,0.0,0.0,14.577,2026-09-25,5.0,2021-02-10,6.93,5000.0,140.4302,SBI Mutual Fund,CRISIL Hybrid 85+15 - Conservative Index,3,2026-08-31,-0.7341,-0.0569,2.1635,6.075,6.3548,1.0572290200700187,Nil,Financials,,,,Unrated,,,Hybrid : Conservative Hybrid,14.577
WOC Consumption Opportunities Fund-Reg(G),Growth,WOC Consumption Opportunities Fund-Reg(G),323,EQ,400055,14,864,50623,Open ended scheme,2.77,Ramesh Mantri,-0.03,43.0,0.0,10.186,2026-09-25,0.0,2026-02-10,1.86,500.0,140.0117,WhiteOak Capital Mutual Fund,Nifty India Consumption - TRI,3,2026-08-31,-3.5782,2.7851,,,,,NIL,FMCG,,,,Unrated,,,Equity : Thematic - Consumption,10.186
Taurus Mid Cap Fund-Reg(G),Growth,Taurus Mid Cap Fund-Reg(G),349,EQ,400031,4,911,3306,Open ended scheme,2.73,Anuj Kapil,-0.2,96.0,1.0,128.37,2026-09-25,0.0,1994-09-05,8.28,500.0,139.8509,Taurus Mutual Fund,Nifty Midcap 150 - TRI,3,2026-08-31,-0.3648,8.8527,5.9508,9.6418,11.7089,6.8147778332501225,"1% on or before 365D, Nil after 365D",Capital Goods,,,,Unrated,,,Equity : Mid Cap,128.37
360 ONE Gold ETF,Growth,360 ONE Gold ETF,65,NEQ,400047,56,1079,49516,Open ended scheme,0.47,Rahul Khetawat,0.83,27.0,,146.9855,2026-09-25,0.0,2025-03-07,41.49,500.0,139.713956090098,360 ONE Mutual Fund,Gold-India,1,2026-08-31,-6.0485,7.9098,32.1761,,,13.334459079139933,null,-,,,,Unrated,,,Metal : ETFs,146.9855
Edelweiss Nifty REITs & Realty Index Fund-Reg(G),Growth,Edelweiss Nifty REITs & Realty Index Fund-Reg(G),867,EQ,400035,18,557,51058,Open ended scheme,1.06,Bharat Lahoti,0.36,,0.0,9.8061,2026-09-25,0.0,2026-08-26,-1.94,100.0,139.3868,Edelweiss Mutual Fund,Nifty REITs & Realty - TRI,3,2026-08-31,,,,,,,NIL,Real Estate,,,,Unrated,,,Equity : Index Funds,9.8061
Groww Nifty Smallcap 250 Index Fund-Reg(G),Growth,Groww Nifty Smallcap 250 Index Fund-Reg(G),350,EQ,400048,18,1097,48617,Open ended scheme,1.1,Aakash Chauhan,0.02,25.0,0.25,11.9622,2026-09-25,0.0,2024-02-29,7.21,500.0,139.283573306,Groww Mutual Fund,Nifty Smallcap 250 - TRI,3,2026-08-31,-1.0603,2.5944,6.1326,,,8.59326772940194,"0.25% on or before 7D, Nil after 7D",Financials,,,,Unrated,,,Equity : Index Funds,11.9622
Mirae Asset CRISIL-IBX Financial Services 9-12 Months Debt Index Fund-Reg(G),Growth,Mirae Asset CRISIL-IBX Financial Services 9-12 Months Debt Index Fund-Reg(G),789,NEQ,400033,23,833,49980,Open ended scheme,0.29,Pranavi Kulkarni,-0.04,0.0,0.0,10.7588,2026-09-25,0.0,2025-06-25,6.02,5000.0,138.43,Mirae Asset Mutual Fund,CRISIL-IBX Financial Services 9-12 Months Debt Index,3,2026-08-31,0.3498,1.5019,5.9782,,,4.384441490651895,NIL,-,,,,Unrated,,,Debt : Low Duration,10.7588
Quantum Diversified Equity All Cap Active FOF-Reg(G),Growth,Quantum Diversified Equity All Cap Active FOF-Reg(G),379,NEQ,400024,48,275,19904,Open ended scheme,1.43,Chirag Mehta,0.09,8.43,1.0,82.966,2026-09-25,0.0,2009-07-20,13.04,500.0,138.281794572974,Quantum Mutual Fund,BSE 500 - TRI,3,2026-08-31,-3.4235,-0.884,-0.5168,10.7305,8.7463,-3.6989277291790073,"1% on or before 180D, NIL after 180D",-,,,,Unrated,,,FoFs : Domestic,82.895
Axis NIFTY IT Index Fund-Reg(G),Growth,Axis NIFTY IT Index Fund-Reg(G),310,EQ,400040,18,397,47983,Open ended scheme,1.17,Nandik Mallik,-0.17,,0.25,9.686,2026-09-25,0.0,2023-07-14,-0.99,100.0,137.25719999999998,Axis Mutual Fund,NIFTY IT - TRI,3,2026-08-31,-8.5899,2.9637,-17.6312,-3.8129,,-25.26407567726056,"0.25% on or before 7D, Nil after 7D",Technology,,,,Unrated,,,Equity : Index Funds,9.686
Groww Largecap Fund-Reg(G),Growth,Groww Largecap Fund-Reg(G),314,EQ,400048,1,406,15997,Open ended scheme,2.7,Anupam Tiwari,0.26,81.0,1.0,41.62,2026-09-25,0.0,2012-02-10,10.24,500.0,136.680135772,Groww Mutual Fund,NIFTY 100 - TRI,3,2026-08-31,-4.6069,-2.666,-3.5458,8.8543,7.2566,-6.007226738934064,"1% on or before 7D, Nil after 7D",Financials,,,,Unrated,,,Equity : Large Cap,41.62
SBI Nifty IT Index Fund-Reg(G),Growth,SBI Nifty IT Index Fund-Reg(G),310,EQ,400027,18,1000,49105,Open ended scheme,1.01,Viral Chhadva,-0.17,29.0,0.25,7.0786,2026-09-25,0.0,2025-02-21,-19.51,5000.0,135.9078,SBI Mutual Fund,NIFTY IT - TRI,3,2026-08-31,-8.5452,3.0469,-17.4045,,,-25.104482981177195,"0.25% on or before 15D, Nil after 15D",Technology,,,,Unrated,,,Equity : Index Funds,7.0786
Kotak Multi Factor Passive FOF-Reg(G),Growth,Kotak Multi Factor Passive FOF-Reg(G),312,NEQ,400019,48,1005,50271,Open ended scheme,0.46,Rohit Tandon,0.33,,0.0,10.653,2026-09-25,0.0,2026-03-20,6.53,100.0,135.7675,Kotak Mahindra Mutual Fund,NIFTY 500 - TRI,3,2026-08-31,-4.7649,-3.2073,,,,,NIL,-,,,,Unrated,,,FoFs : Domestic,10.653
Aditya Birla SL US Treasury 3-10 Year Bond ETFs Passive FOF-Reg(G),Growth,Aditya Birla SL US Treasury 3-10 Year Bond ETFs Passive FOF-Reg(G),716,NEQ,400004,45,977,48284,Open ended scheme,0.17,Vighnesh Gupta,-0.11,0.0,0.25,12.7685,2026-09-25,0.0,2023-10-31,8.78,10000.0,135.0941,Aditya Birla Sun Life Mutual Fund,Bloomberg US Treasury 3-10 Year Index,5,2026-08-31,-2.2417,-1.4388,6.3182,,,3.3063127864029846,"0.25% on or before 30D, Nil after 30D",-,,,,Unrated,,,Debt : ETFs,12.7824
Helios Arbitrage Fund-Reg(G),Growth,Helios Arbitrage Fund-Reg(G),717,EQ,400061,38,972,50609,Open ended scheme,2.47,Alok Bahl,0.0,544.0,0.25,10.26,2026-09-25,0.0,2026-03-20,2.6,5000.0,134.4363,Helios Mutual Fund,Nifty 50 Arbitrage - TRI,3,2026-08-31,0.2933,1.0837,,,,,"0.25% on or before 7D, NIL after 7D",Financials,,,,Unrated,,,Hybrid : Arbitrage,10.26
TRUSTMF Arbitrage Fund-Reg(G),Growth,TRUSTMF Arbitrage Fund-Reg(G),717,EQ,400057,38,105,50178,Open ended scheme,2.33,Mihir Vora,0.08,1122.0,0.25,10.5976,2026-09-25,0.0,2025-08-28,5.54,1000.0,134.1876,Trust Mutual Fund,Nifty 50 Arbitrage - TRI,3,2026-08-31,0.3466,1.3261,5.7001,,,4.046969191195244,"0.25% on or before 7D, Nil after 7D",Financials,,,,Unrated,,,Hybrid : Arbitrage,10.5976
Mahindra Manulife Arbitrage Fund-Reg(G),Growth,Mahindra Manulife Arbitrage Fund-Reg(G),277,EQ,400054,38,1098,45042,Open ended scheme,1.92,Mitul Doshi,0.06,928.0,0.25,13.1493,2026-09-25,0.0,2020-08-24,4.6,1000.0,134.0192,Mahindra Manulife Mutual Fund,Nifty 50 Arbitrage,3,2026-08-31,0.348,1.2552,5.5736,5.6333,4.9818,3.871492669362993,"0.25% on or before 30D, Nil after 30D",Financials,,,,Unrated,,,Hybrid : Arbitrage,13.1493
Bank of India Arbitrage Fund-Reg(G),Growth,Bank of India Arbitrage Fund-Reg(G),277,EQ,400034,38,1029,39384,Open ended scheme,2.93,Nilesh Jethani,0.14,0.0,0.5,14.7418,2026-09-25,0.0,2018-06-18,4.8,5000.0,134.0048,Bank of India Mutual Fund,Nifty 50 Arbitrage,3,2026-08-31,0.4319,1.3774,5.7071,6.1844,5.3131,4.056581798674394,"0.50% on or before 15D, Nil after 15D",Financials,,,,Unrated,,,Hybrid : Arbitrage,14.7418
UTI Nifty Midsmallcap 400 Momentum Quality 100 Index Fund-Reg(G),Growth,UTI Nifty Midsmallcap 400 Momentum Quality 100 Index Fund-Reg(G),735,EQ,400032,18,620,49586,Open ended scheme,1.38,Sharwan Kumar Goyal,0.11,85.0,0.0,11.5679,2026-09-25,0.0,2025-02-13,9.45,1000.0,133.7533,UTI Mutual Fund,Nifty MidSmallcap400 Momentum Quality 100 - TRI,3,2026-08-31,-2.5377,0.1099,5.6304,,,6.75335222081745,Nil,Financials,,,,Unrated,,,Equity : Index Funds,11.5679
DSP FMP 268-1281D-Reg(G),Growth,DSP FMP 268-1281D-Reg(G),417,NEQ,400009,36,863,47124,Close ended scheme,,Sandeep Yadav,0.06,,,12.7094,2026-05-29,0.0,2022-11-24,7.06,5000.0,133.5823,DSP Mutual Fund,CRISIL Medium Duration Debt Index,3,2026-04-30,0.4402,1.3048,5.5493,6.8395,,2.1861306532663356,null,-,,,,Unrated,,,Debt : FTP/FMP,12.7094
Tata Nifty G-Sec Dec 2029 Index Fund-Reg(G),Growth,Tata Nifty G-Sec Dec 2029 Index Fund-Reg(G),675,NEQ,400030,27,111,47405,Open ended scheme,0.42,Murthy Nagarajan,-0.06,0.0,0.0,12.9075,2026-09-25,0.0,2023-01-13,7.14,5000.0,132.6205215651,Tata Mutual Fund,Nifty G-Sec Dec 2029 Index,3,2026-08-31,-0.475,0.3327,4.1104,7.1024,,2.7634470239801368,Nil,-,,,,Unrated,,,Debt : Medium to Long Duration,12.9075
Arthaya Equity Long Short Fund-Reg(G),Growth,Arthaya Equity Long Short Fund-Reg(G),326,EQ,400082,58,242,75118,Open ended scheme,5.39,Rajesh Aynor,0.0,,1.0,9.7335,2026-09-25,0.0,2026-05-25,-2.66,1000000.0,132.5296,Union Arthaya SIF,NIFTY 200 - TRI,3,2026-07-31,-3.2436,-3.6363,,,,,"1% on or before 1Y, Nil after 1Y",Financials,,,,Unrated,,,Hybrid : Long - Short,9.7335
Motilal Oswal Services Fund-Reg(G),Growth,Motilal Oswal Services Fund-Reg(G),329,EQ,400042,13,627,49929,Open ended scheme,2.75,Ajay Khandelwal,-0.34,108.0,1.0,11.8609,2026-09-25,0.0,2025-06-09,14.08,500.0,132.1522,Motilal Oswal Mutual Fund,Nifty Services Sector - TRI,3,2026-08-31,0.324,8.3474,14.4852,,,8.980566913217267,"1% on or before 90D, Nil after 90D",Financials,,,,Unrated,,,Equity : Thematic,11.8609
SBI FMP-50-1843D-Reg(G),Growth,SBI FMP-50-1843D-Reg(G),418,NEQ,400027,36,583,45842,Close ended scheme,0.27,Ranjana Gupta,0.01,,,13.3326,2026-09-23,0.0,2021-09-07,5.86,5000.0,131.9263,SBI Mutual Fund,CRISIL Medium to Long Term Debt Index,3,2026-08-31,0.4558,1.2954,5.573,7.0796,5.78,3.927911635629486,null,-,,,,Unrated,,,Debt : FTP/FMP,13.3326
Groww Gold ETF FOF-Reg(G),Growth,Groww Gold ETF FOF-Reg(G),65,NEQ,400048,48,1055,49187,Open ended scheme,0.37,Wilfred Gonsalves,0.68,4.0,1.0,18.3388,2026-09-25,0.0,2024-11-06,37.95,500.0,131.12643677100002,Groww Mutual Fund,Gold-India,3,2026-08-31,-6.2549,6.8358,30.4491,,,12.03030025352027,"1% on or before 30D, Nil after 30D",-,,,,Unrated,,,FoFs : Domestic,18.3388
SBI Nifty Midcap 150 Momentum 50 ETF,Growth,SBI Nifty Midcap 150 Momentum 50 ETF,646,EQ,400027,44,1000,50693,Open ended scheme,0.69,Viral Chhadva,-0.32,44.0,,62.4098,2026-09-25,0.0,2026-03-02,2.68,5000.0,130.9389,SBI Mutual Fund,Nifty Midcap150 Momentum 50 - TRI,1,2026-08-31,-3.3087,-1.9668,,,,,null,Financials,,,,Unrated,,,Equity : ETFs,62.4098
Shriram Flexi Cap Fund-Reg(G),Growth,Shriram Flexi Cap Fund-Reg(G),312,EQ,400052,50,868,38781,Open ended scheme,2.59,Prateek Nigudkar,0.22,78.39,0.0,19.1712,2026-09-25,0.0,2018-09-28,8.48,500.0,130.7341,Shriram Mutual Fund,NIFTY 500 - TRI,3,2026-08-31,-4.2307,-3.1214,-3.6284,5.6309,5.2345,-6.914684418289623,"NIL for 12% of units and 1% for remaining units on or before 90D, Nil after 90D",Financials,,,,Unrated,,,Equity : Flexi Cap,19.1712
Baroda BNP Paribas Childrens Fund-Reg(G),Growth,Baroda BNP Paribas Childrens Fund-Reg(G),312,EQ,400001,50,821,49110,Open ended scheme,2.74,Silky Jain,0.2,38.0,1.0,10.917,2026-09-25,5.0,2024-12-27,5.16,1000.0,129.6783,Baroda BNP Paribas Mutual Fund,NIFTY 500 - TRI,3,2026-08-31,-4.0719,-0.3405,3.1804,,,-2.5320072138992544,"1% on or before 1Y, Nil after 1Y",Financials,,,,Unrated,,,Equity : Flexi Cap,10.917
Mirae Asset Nifty India Manufacturing ETF FoF-Reg(G),Growth,Mirae Asset Nifty India Manufacturing ETF FoF-Reg(G),584,NEQ,400033,48,760,46053,Open ended scheme,0.44,Ekta Gala,0.38,,0.05,19.891,2026-09-25,0.0,2022-01-31,15.93,5000.0,129.3342,Mirae Asset Mutual Fund,Nifty India Manufacturing - TRI,3,2026-08-31,-3.9546,-0.3557,5.8651,17.2206,,2.902224521469219,"0.05% on or before 15D, Nil after 15D",-,,,,Unrated,,,FoFs : Domestic,19.891
The Wealth Company Small Cap Fund-Reg(G),Growth,The Wealth Company Small Cap Fund-Reg(G),350,EQ,400068,5,1167,50593,Open ended scheme,4.19,Aparna Shanker,0.09,,1.0,11.7347,2026-09-25,0.0,2026-03-25,17.35,10000.0,129.22821704,The Wealth Company Mutual Fund,Nifty Smallcap 250 - TRI,3,2026-08-31,-0.9713,4.5566,,,,,"1% on or before 1Y, Nil after 1Y",Capital Goods,,,,Unrated,,,Equity : Small Cap,11.7347
Kotak CRISIL-IBX AAA Bond Financial Services Index - Dec 2026 Fund-Reg(G),Growth,Kotak CRISIL-IBX AAA Bond Financial Services Index - Dec 2026 Fund-Reg(G),754,NEQ,400019,25,8,49471,Open ended scheme,0.29,Abhishek Bisen,-0.02,0.0,0.0,11.1922,2026-09-25,0.0,2025-02-17,7.28,100.0,128.9959,Kotak Mahindra Mutual Fund,CRISIL IBX AAA Financial Services Index - Sep 2027,3,2026-08-31,0.5598,1.7362,6.4474,,,4.797842656229514,NIL,-,,,,Unrated,,,Debt : Short Duration,11.1922
Edelweiss CRISIL IBX 50:50 Gilt Plus SDL Sep 2028 Index Fund-Reg(G),Growth,Edelweiss CRISIL IBX 50:50 Gilt Plus SDL Sep 2028 Index Fund-Reg(G),660,NEQ,400035,27,65,47075,Open ended scheme,0.45,Dhawal Dalal,0.01,0.0,0.1,13.1689,2026-09-25,0.0,2022-11-10,7.36,100.0,128.6962,Edelweiss Mutual Fund,CRISIL IBX 50:50 Gilt Plus SDL Index - Sep 2028,3,2026-08-31,0.1186,0.9204,5.0026,7.1581,,3.1277653784408157,"0.10% upto 30D, Nil after 30D",-,,,,Unrated,,,Debt : Medium to Long Duration,13.1689
Arudha Equity Long-Short Fund-Reg(G),Growth,Arudha Equity Long-Short Fund-Reg(G),312,EQ,400076,58,1190,75062,Open ended scheme,3.21,Nilesh Saha,0.12,0.0,0.5,10.228,2026-09-25,0.0,2026-03-24,2.28,1000000.0,127.87412365899999,Bandhan Arudha SIF,NIFTY 500 - TRI,3,2026-08-31,-3.2173,-0.5155,,,,,"0.50% on or before 30D, Nil after 30D",Financials,,,,Unrated,,,Hybrid : Long - Short,10.228
Axis BSE Sensex ETF,Growth,Axis BSE Sensex ETF,174,EQ,400040,44,397,47768,Open ended scheme,0.04,Nandik Mallik,0.43,,,76.7576,2026-09-25,0.0,2023-03-24,8.58,5000.0,127.7255,Axis Mutual Fund,BSE SENSEX - TRI,3,2026-08-31,-4.8305,-3.8724,-8.0287,4.9299,,-12.543794984213877,null,Financials,,,,Unrated,,,Equity : ETFs,76.7576
ICICI Pru Nifty PSU Bank ETF,Growth,ICICI Pru Nifty PSU Bank ETF,321,EQ,400015,44,763,36397,Open ended scheme,0.42,Nishit Patel,0.28,69.0,,84.1431,2026-09-25,0.0,2023-03-15,26.76,1000.0,127.43104721399999,ICICI Prudential Mutual Fund,NIFTY PSU BANK - TRI,3,2026-08-31,-3.6256,-4.0206,12.5358,17.0465,,-2.3949136794045063,null,Financials,,,,Unrated,,,Equity : ETFs,84.1431
Nippon India Nifty G-Sec Oct 2028 Maturity Index Fund-Reg(G),Growth,Nippon India Nifty G-Sec Oct 2028 Maturity Index Fund-Reg(G),690,NEQ,400025,27,322,47629,Open ended scheme,0.39,Vivek Sharma,-0.13,0.0,0.0,12.8882,2026-09-25,0.0,2023-03-06,7.39,1000.0,127.39602368207198,Nippon India Mutual Fund,Nifty G-Sec Oct 2028 Index,3,2026-08-31,-0.0729,0.5806,4.5713,7.1245,,2.849709921714766,Nil,-,,,,Unrated,,,Debt : Medium to Long Duration,12.8882
Samco Special Opportunities Fund-Reg(G),Growth,Samco Special Opportunities Fund-Reg(G),312,EQ,400059,13,949,48744,Open ended scheme,3.71,Umeshkumar Mehta,0.66,328.0,1.0,9.15,2026-09-25,0.0,2024-06-06,-3.78,5000.0,127.06129999999999,Samco Mutual Fund,NIFTY 500 - TRI,3,2026-08-31,3.9773,6.3953,4.0956,,,7.017543859649118,"1% on or before 365D, Nil after 365D",Capital Goods,,,,Unrated,,,Equity : Thematic,9.15
Quantum Ethical Fund-Reg(G),Growth,Quantum Ethical Fund-Reg(G),336,EQ,400024,13,275,49179,Open ended scheme,2.3,Chirag Mehta,0.41,11.05,0.0,9.75,2026-09-25,0.0,2024-12-20,-1.42,500.0,127.025328775817,Quantum Mutual Fund,Nifty500 Shariah - TRI,3,2026-08-31,-3.8462,1.6684,-1.6145,,,0.10266940451745162,"Nil upto 10% of units and 1% for remaining units on or before 365D, Nil after 365D",Automobile and Ancillaries,,,,Unrated,,,Equity : Thematic,9.75
360 ONE Overnight Fund-Reg(G),Growth,360 ONE Overnight Fund-Reg(G),293,NEQ,400047,20,692,44412,Open ended scheme,0.21,Milan Mody,0.03,0.0,0.0,1064.5474,2026-09-27,0.0,2025-07-10,5.28,5000.0,126.459093589362,360 ONE Mutual Fund,Nifty 1D Rate Index,1,2026-08-31,0.405,1.2748,5.2336,,,3.7431154383796383,NIL,-,,,,Unrated,,,Debt : Overnight,1064.2446
Nippon India CRISIL-IBX AAA Financial Services - Dec 2026 Index Fund-Reg(G),Growth,Nippon India CRISIL-IBX AAA Financial Services - Dec 2026 Index Fund-Reg(G),775,NEQ,400025,25,322,49222,Open ended scheme,0.35,Vivek Sharma,-0.01,0.0,0.0,11.4602,2026-09-25,0.0,2024-10-25,7.37,1000.0,126.276222468151,Nippon India Mutual Fund,CRISIL-IBX AAA Financial Services Index - Dec 2026,3,2026-08-31,0.5581,1.7274,6.5381,,,4.8508691674291,NIL,-,,,,Unrated,,,Debt : Short Duration,11.4602
Motilal Oswal Nifty 200 Momentum 30 ETF,Growth,Motilal Oswal Nifty 200 Momentum 30 ETF,554,EQ,400042,44,549,46325,Open ended scheme,1.06,Swapnil P Mayekar,-0.08,172.0,,61.1972,2026-09-25,0.0,2022-02-10,9.36,500.0,125.5363,Motilal Oswal Mutual Fund,Nifty200 Momentum 30 - TRI,3,2026-08-31,-3.4798,-3.0598,-0.4969,9.8512,,-2.7403987508244394,null,Financials,,,,Unrated,,,Equity : ETFs,61.1972
Tata Nifty Next 50 Index Fund-Reg(G),Growth,Tata Nifty Next 50 Index Fund-Reg(G),165,EQ,400030,18,1116,50239,Open ended scheme,1.11,Nitin Sharma,0.56,49.52,0.25,10.505,2026-09-25,0.0,2025-10-01,5.05,5000.0,125.4155971133,Tata Mutual Fund,NIFTY NEXT 50 - TRI,3,2026-08-31,-3.7113,-0.5048,,,,3.3671822726020393,"0.25% on or before 15D, Nil after 15D",Financials,,,,Unrated,,,Equity : Index Funds,10.505
PGIM India Money Market Fund-Reg(G),Growth,PGIM India Money Market Fund-Reg(G),420,NEQ,400044,24,257,34742,Open ended scheme,0.38,Puneet Pal,0.0,0.0,0.0,1430.0823,2026-09-25,0.0,2020-03-06,5.61,5000.0,125.18540000000002,PGIM India Mutual Fund,CRISIL Money Market Index,3,2026-08-31,0.5062,1.6222,6.091,6.874,6.1972,4.499374501281688,Nil,-,,,,Unrated,,,Debt : Money Market,1430.0823
PGIM India Healthcare Fund-Reg(G),Growth,PGIM India Healthcare Fund-Reg(G),391,EQ,400044,7,769,48975,Open ended scheme,2.58,Anandha Padmanabhan Anjeneyan,-0.33,33.0,0.5,12.17,2026-09-25,0.0,2024-12-06,11.51,5000.0,125.146,PGIM India Mutual Fund,BSE Health Care - TRI,3,2026-08-31,0.4125,8.6607,24.6926,,,23.678861788617887,"0.50% on or before 90D, Nil after 90D",Healthcare,,,,Unrated,,,Equity : Sectoral - Pharma,12.17
Motilal Oswal Nifty MidSmall Financial Services Index Fund-Reg(G),Growth,Motilal Oswal Nifty MidSmall Financial Services Index Fund-Reg(G),642,EQ,400042,18,549,48807,Open ended scheme,1.21,Swapnil P Mayekar,-0.53,73.0,1.0,13.9936,2026-09-25,0.0,2024-11-19,19.93,500.0,125.01520000000001,Motilal Oswal Mutual Fund,Nifty MidSmall Financial Services - TRI,3,2026-08-31,-6.2198,-2.7385,17.8945,,,3.572670954562622,"1% on or before 15D, Nil after 15D",Financials,,,,Unrated,,,Equity : Index Funds,13.9936
Axis Nifty Capital Markets Index Fund-Reg(G),Growth,Axis Nifty Capital Markets Index Fund-Reg(G),773,EQ,400040,18,397,50587,Open ended scheme,1.91,Nandik Mallik,-0.73,,0.25,9.3751,2026-09-25,0.0,2026-05-20,-6.25,100.0,125.007,Axis Mutual Fund,Nifty Capital Markets Index - TRI,3,2026-08-31,-4.5772,-3.3126,,,,,"0.25% on or before 15D, Nil after 15D",Financials,,,,Unrated,,,Equity : Index Funds,9.3751
ICICI Pru Nifty Commodities ETF,Growth,ICICI Pru Nifty Commodities ETF,328,EQ,400015,13,763,47332,Open ended scheme,0.35,Nishit Patel,0.26,57.0,,97.369,2026-09-25,0.0,2022-12-15,13.26,1000.0,124.57704553699999,ICICI Prudential Mutual Fund,NIFTY COMMODITIES - TRI,3,2026-08-31,-3.1551,-2.8853,6.5346,14.6077,,0.8272746947554194,null,Energy,,,,Unrated,,,Equity : Thematic,97.369
Edelweiss Income Plus Arbitrage Omni FoF-Reg(G),Growth,Edelweiss Income Plus Arbitrage Omni FoF-Reg(G),443,NEQ,400035,48,490,50022,Open ended scheme,0.28,Bhavesh Jain,0.0,14.0,0.0,10.6272,2026-09-25,0.0,2025-07-18,5.25,100.0,124.4456,Edelweiss Mutual Fund,Nifty Short Duration Debt Index,3,2026-08-31,0.4195,1.3137,5.4694,,,3.8696497864312938,NIL,-,,,,Unrated,,,FoFs : Domestic,10.6268
LIC MF Short Term Fund-Reg(G),Growth,LIC MF Short Term Fund-Reg(G),728,NEQ,400020,25,964,34304,Open ended scheme,1.15,Pratik Shroff,-0.06,0.0,0.0,15.4384,2026-09-25,0.0,2019-02-01,5.84,5000.0,124.0401,LIC Mutual Fund,CRISIL Short Duration Debt Index,3,2026-08-31,0.0875,0.6743,4.5395,6.455,5.2339,3.2931447458216834,Nil,-,,,,2,,,Debt : Short Duration,15.4384
Mirae Asset BSE India Defence ETF FOF-Reg(G),Growth,Mirae Asset BSE India Defence ETF FOF-Reg(G),832,NEQ,400033,48,760,50403,Open ended scheme,0.76,Ekta Gala,0.21,,0.05,11.57,2026-09-25,0.0,2026-02-23,15.7,5000.0,123.72200000000001,Mirae Asset Mutual Fund,BSE India Defence - TRI,3,2026-08-31,-4.7737,0.0865,,,,,"0.05% on or before 15D, Nil after 15D",-,,,,Unrated,,,FoFs : Domestic,11.57
Bandhan Nifty200 Momentum 30 Index Fund-Reg(G),Growth,Bandhan Nifty200 Momentum 30 Index Fund-Reg(G),554,EQ,400028,18,992,46608,Open ended scheme,1.62,Abhishek Jain,-0.08,144.0,0.0,15.0582,2026-09-25,0.0,2022-09-02,10.59,1000.0,123.47646125675101,Bandhan Mutual Fund,Nifty200 Momentum 30 - TRI,3,2026-08-31,-3.5423,-3.2535,-1.1228,8.8048,,-3.313171784104481,Nil,Financials,,,,Unrated,,,Equity : Index Funds,15.0582
Edelweiss Gilt Fund-Reg(G),Growth,Edelweiss Gilt Fund-Reg(G),422,NEQ,400035,29,65,21922,Open ended scheme,1.15,Dhawal Dalal,-0.02,0.0,0.0,24.7463,2026-09-25,0.0,2014-02-13,7.44,100.0,123.1185,Edelweiss Mutual Fund,CRISIL Dynamic Gilt Index,3,2026-08-31,-1.1117,-1.1394,0.9765,5.1806,4.5442,0.6851683829782116,NIL,-,,,,5,,,Debt : Gilt,24.7463
Kotak FMP-304-3119D(G),Growth,Kotak FMP-304-3119D(G),662,NEQ,400019,36,61,47401,Close ended scheme,0.1,Deepak Agrawal,-0.02,,,13.1565,2026-09-25,0.0,2022-12-30,7.61,5000.0,122.9726,Kotak Mahindra Mutual Fund,Nifty G-Sec July 2031 Index,3,2026-08-31,-1.4059,-0.5991,3.907,7.4529,,2.5879949472108232,null,-,,,,Unrated,,,Debt : FTP/FMP,13.1565
HDFC Nifty Metal ETF,Growth,HDFC Nifty Metal ETF,325,EQ,400013,44,37,50986,Open ended scheme,0.35,Arun Agarwal,0.35,,,130.8122,2026-09-25,0.0,2026-07-27,4.86,500.0,122.48620000000001,HDFC Mutual Fund,NIFTY METAL - TRI,1,2026-08-31,-2.1361,,,,,,null,Metals,,,,Unrated,,,Equity : ETFs,130.8122
HSBC Dynamic Term Fund-Reg(G),Growth,HSBC Dynamic Term Fund-Reg(G),419,NEQ,400014,31,277,925,Open ended scheme,0.83,Mahesh Chhabria,-0.05,0.0,0.0,30.6291,2026-09-25,0.0,2006-08-30,5.73,5000.0,121.1399,HSBC Mutual Fund,CRISIL Dynamic Bond Index,3,2026-08-31,-0.4683,-0.1151,3.0412,6.0438,5.1289,2.1981761944324862,Nil,-,,,,Unrated,,,Debt : Dynamic Bond,30.6291
Zerodha Nifty 8-13 Yr G-Sec ETF,Growth,Zerodha Nifty 8-13 Yr G-Sec ETF,270,NEQ,400062,29,811,50176,Open ended scheme,0.08,Kedarnath Mirajkar,0.0,0.0,,30.1961,2026-09-25,0.0,2025-08-14,2.62,1000.0,121.11480293700001,Zerodha Mutual Fund,Nifty 8-13 yr G-Sec,1,2026-08-31,-1.1759,-0.4566,2.6478,,,1.6792715860647838,null,-,,,,Unrated,,,Debt : Gilt,30.1961
Canara Rob Gilt Fund-Reg(G),Growth,Canara Rob Gilt Fund-Reg(G),422,NEQ,400006,29,51,538,Open ended scheme,1.23,Bhupesh Kalyani,0.0,0.0,0.0,76.6757,2026-09-25,0.0,1999-12-29,7.91,5000.0,120.86219999999999,Canara Robeco Mutual Fund,CRISIL Dynamic Gilt Index,5,2026-08-31,-0.5652,0.1469,1.9351,5.124,4.5886,1.5907232981473471,Nil,-,,,,Unrated,,,Debt : Gilt,76.6757
Groww Nifty 1D Rate Liquid ETF,Growth,Groww Nifty 1D Rate Liquid ETF,293,NEQ,400048,45,751,49128,Open ended scheme,0.38,Kaustubh Sule,0.01,0.0,,110.9144,2026-09-27,0.0,2024-09-24,5.29,500.0,118.730798545,Groww Mutual Fund,Nifty 1D Rate Index,1,2026-08-31,0.3657,1.1763,4.7336,,,3.39390899479581,null,-,,,,Unrated,,,Debt : ETFs,110.9001
SBI Nifty200 Momentum 30 Index Fund-Reg(G),Growth,SBI Nifty200 Momentum 30 Index Fund-Reg(G),554,EQ,400027,18,1000,49727,Open ended scheme,1.46,Viral Chhadva,-0.08,169.0,0.25,9.5508,2026-09-25,0.0,2025-07-09,-3.72,5000.0,118.6179,SBI Mutual Fund,Nifty200 Momentum 30 - TRI,3,2026-08-31,-3.5243,-3.2174,-0.8626,,,-3.179108714164057,"0.25% on or before 15D, Nil after 15D",Financials,,,,Unrated,,,Equity : Index Funds,9.5508
Edelweiss Nifty 100 Quality 30 Index Fund-Reg(G),Growth,Edelweiss Nifty 100 Quality 30 Index Fund-Reg(G),340,EQ,400035,18,490,45961,Open ended scheme,1.23,Bhavesh Jain,0.45,43.0,0.0,13.8753,2026-09-25,0.0,2021-10-07,6.52,100.0,118.51520000000001,Edelweiss Mutual Fund,NIFTY100 Quality 30 - TRI,3,2026-08-31,-5.1073,0.4321,-3.0939,7.2751,,-6.700601137723752,Nil,FMCG,,,,Unrated,,,Equity : Index Funds,13.8753
Navi Aggressive Hybrid Fund-Reg(G),Growth,Navi Aggressive Hybrid Fund-Reg(G),301,EQ,400041,54,959,39479,Open ended scheme,2.56,Ashutosh Shirwaikar,0.41,48.0,0.0,22.1899,2026-09-25,0.0,2018-04-30,9.94,100.0,118.144835,Navi Mutual Fund,CRISIL Hybrid 35+65 - Aggressive Index,3,2026-08-31,-1.0801,2.4412,7.0848,10.6081,9.2352,5.127038947872105,Nil,Financials,,,,Unrated,,,Hybrid : Aggressive Hybrid,22.1899
ICICI Pru BSE Midcap Select ETF,Growth,ICICI Pru BSE Midcap Select ETF,567,EQ,400015,44,763,33837,Open ended scheme,0.16,Nishit Patel,-0.62,50.0,,19.0435,2026-09-25,0.0,2016-07-04,13.83,5000.0,117.400540612,ICICI Prudential Mutual Fund,BSE MidCap Select Index - TRI,3,2026-08-31,-5.252,0.4044,9.4806,16.1333,12.5943,3.0453391916972996,null,Financials,,,,Unrated,,,Equity : ETFs,19.0435
Tata Nifty India Digital ETF FoF-Reg(G),Growth,Tata Nifty India Digital ETF FoF-Reg(G),593,NEQ,400030,48,1116,46355,Open ended scheme,0.48,Nitin Sharma,-0.7,14.3,0.0,13.1466,2026-09-25,0.0,2022-04-13,6.33,5000.0,117.3266184059,Tata Mutual Fund,Nifty India Digital - TRI,3,2026-08-31,-6.1641,5.9799,-8.0053,8.0607,,-12.980221875082742,"Nil upto 12% of investment and 1% for remaining investments on or before 365D, Nil after 365D",-,,,,Unrated,,,FoFs : Domestic,13.1466
SBI Nifty Midcap 150 Momentum 50 ETF FOF-Reg(G),Growth,SBI Nifty Midcap 150 Momentum 50 ETF FOF-Reg(G),646,NEQ,400027,48,1000,51001,Open ended scheme,0.59,Viral Chhadva,-0.05,,1.0,9.7618,2026-09-25,0.0,2026-08-07,-2.38,5000.0,117.1967,SBI Mutual Fund,Nifty Midcap150 Momentum 50 - TRI,3,2026-08-31,-3.2681,,,,,,"1% on or before 15D, Nil after 15D",-,,,,Unrated,,,FoFs : Domestic,9.7618
Baroda BNP Paribas NIFTY SDL Dec 2028 Index Fund-Reg(G),Growth,Baroda BNP Paribas NIFTY SDL Dec 2028 Index Fund-Reg(G),654,NEQ,400001,27,527,47771,Open ended scheme,0.48,Vikram Pamnani,0.1,0.0,0.0,12.8038,2026-09-25,0.0,2023-03-24,7.3,5000.0,116.7433,Baroda BNP Paribas Mutual Fund,Nifty SDL Dec 2028 Index,3,2026-08-31,0.1181,0.8745,4.9526,7.0857,,2.9865272471345388,Nil,-,,,,Unrated,,,Debt : Medium to Long Duration,12.8038
Nippon India Quant Fund(G),Growth,Nippon India Quant Fund(G),298,EQ,400025,13,1200,5153,Open ended scheme,1.29,Shirish Guthe,0.37,74.0,0.25,70.7918,2026-09-25,0.0,2008-04-18,11.19,5000.0,116.47364538699999,Nippon India Mutual Fund,BSE 200 - TRI,3,2026-08-31,-5.4756,-2.6085,-0.7996,12.8439,12.1067,-4.559561462403174,"0.25% on or before 1M, Nil after 1M",Financials,,,,Unrated,,,Equity : Thematic,70.7918
ITI Business Cycle Fund-Reg(G),Growth,ITI Business Cycle Fund-Reg(G),312,EQ,400056,13,930,50616,Open ended scheme,3.51,Nilay Dalal,-0.48,103.0,0.5,10.7769,2026-09-25,0.0,2026-03-09,7.77,5000.0,116.37790000000001,ITI Mutual Fund,NIFTY 500 - TRI,3,2026-08-31,1.8803,3.7767,,,,,"0.50% or or before 3M, Nil after 3M",Financials,,,,Unrated,,,Equity : Thematic,10.7769
Aditya Birla SL Retirement Fund-40-Reg(G),Growth,Aditya Birla SL Retirement Fund-40-Reg(G),301,EQ,400004,54,586,42770,Open ended scheme,2.42,Mohit Sharma,0.11,8.0,0.0,19.03,2026-09-25,5.0,2019-03-11,8.9,1000.0,116.0391,Aditya Birla Sun Life Mutual Fund,CRISIL Hybrid 35+65 - Aggressive Index,3,2026-08-31,-3.4647,-0.0158,1.2773,9.4137,7.3391,-0.833767587285045,Nil,Financials,,,,Unrated,,,Hybrid : Aggressive Hybrid,19.03
Baroda BNP Paribas Dynamic Term Fund(G),Growth,Baroda BNP Paribas Dynamic Term Fund(G),419,NEQ,400001,31,141,116,Open ended scheme,1.72,Prashant Pimple,-0.06,0.0,0.0,46.5051,2026-09-25,0.0,2004-09-23,7.23,5000.0,115.39920000000001,Baroda BNP Paribas Mutual Fund,CRISIL Dynamic Bond Index,3,2026-08-31,-0.1784,0.0542,1.7624,5.1202,4.8748,1.1902145650059446,Nil,-,,,,2,,,Debt : Dynamic Bond,46.5051
Mirae Asset Dynamic Term Fund-Reg(G),Growth,Mirae Asset Dynamic Term Fund-Reg(G),419,NEQ,400033,31,916,36556,Open ended scheme,0.99,Basant Bafna,-0.1,0.0,0.0,16.9808,2026-09-25,0.0,2017-03-24,5.72,5000.0,115.3416,Mirae Asset Mutual Fund,CRISIL Dynamic Bond Index,3,2026-08-31,-0.4858,-0.1411,3.6957,5.9417,4.771,2.2637896042734247,Nil,-,,,,3,,,Debt : Dynamic Bond,16.9808
Union Equity Savings Fund-Reg(G),Growth,Union Equity Savings Fund-Reg(G),471,EQ,400045,55,717,40627,Open ended scheme,2.62,Sanjay Bembalkar,0.12,527.0,1.0,17.35,2026-09-25,0.0,2018-08-09,7.01,1000.0,115.17299999999999,Union Mutual Fund,Crisil Equity Savings Index,3,2026-08-31,-1.0268,0.4051,2.9674,6.3785,5.4543,1.2252042007001216,"1% on or before 15D, Nil after 15D",Financials,,,,2,,,Hybrid : Equity Savings,17.35
HDFC Nifty Metal ETF FOF-Reg(G),Growth,HDFC Nifty Metal ETF FOF-Reg(G),325,NEQ,400013,48,1091,50985,Open ended scheme,0.7,Nandita Menezes,0.25,,1.0,9.9327,2026-09-25,0.0,2026-08-06,-1.08,100.0,115.1526,HDFC Mutual Fund,NIFTY METAL - TRI,3,2026-08-31,-1.8459,,,,,,"1% on or before 15D, NIL after 15D",-,,,,Unrated,,,FoFs : Domestic,9.9327
HSBC Multi Asset Active FOF-Reg(G),Growth,HSBC Multi Asset Active FOF-Reg(G),298,NEQ,400014,48,562,28309,Open ended scheme,1.4,Gautam Bhupal,0.11,3.0,1.0,41.5299,2026-09-25,0.0,2014-04-30,12.15,5000.0,114.9892,HSBC Mutual Fund,BSE 200 - TRI,3,2026-08-31,-2.65,1.6838,12.366,14.4002,10.9911,5.273215445834009,"1% on or before 1Y, Nil after 1Y",-,,,,Unrated,,,FoFs : Domestic,41.4827
HDFC Nifty India Consumption Index Fund-Reg(G),Growth,HDFC Nifty India Consumption Index Fund-Reg(G),323,EQ,400013,18,1091,50605,Open ended scheme,0.88,Nandita Menezes,0.54,,0.0,9.5827,2026-09-25,0.0,2026-02-18,-4.12,100.0,114.69709999999999,HDFC Mutual Fund,Nifty India Consumption - TRI,3,2026-08-31,-5.6821,-1.3476,,,,,NIL,Automobile and Ancillaries,,,,Unrated,,,Equity : Index Funds,9.5827
Baroda BNP Paribas Multi Asset Active FoF-Reg(G),Growth,Baroda BNP Paribas Multi Asset Active FoF-Reg(G),433,NEQ,400001,48,527,49872,Open ended scheme,1.1,Vikram Pamnani,0.08,,1.0,11.2835,2026-09-25,0.0,2025-05-30,9.55,1000.0,114.51350000000001,Baroda BNP Paribas Mutual Fund,NIFTY Composite Debt Index,3,2026-08-31,-2.2507,1.4941,8.3077,,,3.160599023569646,"1% on or before 1Y, Nil after 1Y",-,,,,Unrated,,,FoFs : Domestic,11.2835
Motilal Oswal BSE Midcap 150 Momentum 30 Index Fund-Reg(G),Growth,Motilal Oswal BSE Midcap 150 Momentum 30 Index Fund-Reg(G),842,EQ,400042,18,549,50843,Open ended scheme,1.06,Swapnil P Mayekar,-0.17,,1.0,10.2437,2026-09-25,0.0,2026-07-23,2.44,500.0,114.3536,Motilal Oswal Mutual Fund,BSE Midcap 150 Momentum 30 - TRI,3,2026-08-31,-3.5506,,,,,,"1% on or before 15D, Nil after 15D",Financials,,,,Unrated,,,Equity : Index Funds,10.2437
Kotak Nifty Chemicals ETF,Growth,Kotak Nifty Chemicals ETF,808,EQ,400019,44,699,50375,Open ended scheme,0.25,Satish Dondapati,0.23,50.94,,29.252,2026-09-25,0.0,2025-11-12,-0.71,5000.0,114.09190000000001,Kotak Mahindra Mutual Fund,Nifty Chemicals - TRI,1,2026-08-31,-2.9881,-1.189,,,,0.6329984863079589,null,Chemicals,,,,Unrated,,,Equity : ETFs,29.252
Tata Floating Interest Rates Fund-Reg(G),Growth,Tata Floating Interest Rates Fund-Reg(G),728,NEQ,400030,32,253,45375,Open ended scheme,0.72,Akhil Mittal,-0.05,0.0,0.0,13.6731,2026-09-25,0.0,2021-07-07,6.17,5000.0,113.8489615481,Tata Mutual Fund,CRISIL Short Duration Debt Index,3,2026-08-31,0.239,1.0883,5.7937,6.9533,6.2705,3.9234166102957353,NIL,-,,,,Unrated,,,Debt : Floater,13.6731
Kotak NIFTY 100 Low Volatility 30 Index Fund-Reg(G),Growth,Kotak NIFTY 100 Low Volatility 30 Index Fund-Reg(G),360,EQ,400019,18,699,45716,Open ended scheme,1.03,Satish Dondapati,0.33,71.46,0.0,10.2942,2026-09-25,0.0,2024-06-07,1.27,100.0,113.5148,Kotak Mahindra Mutual Fund,Nifty100 Low Volatility 30 - TRI,3,2026-08-31,-5.2457,-2.636,-4.5322,,,-8.598369825795116,Nil,Financials,,,,Unrated,,,Equity : Index Funds,10.2942
JioBlackRock Short Term Fund-Reg(G),Growth,JioBlackRock Short Term Fund-Reg(G),443,NEQ,400066,25,291,51179,Open ended scheme,0.99,Vikrant Mehta,0.0,0.0,,1001.3884,2026-09-25,0.0,2026-08-27,0.14,500.0,112.31053040900001,Jio BlackRock Mutual Fund,Nifty Short Duration Debt Index,3,2026-08-31,,,,,,,null,-,,,,Unrated,,,Debt : Short Duration,1001.3884
Union Short Term Fund-Reg(G),Growth,Union Short Term Fund-Reg(G),728,NEQ,400045,25,668,49467,Open ended scheme,0.8,Anindya Sarkar,-0.02,0.0,0.0,10.9954,2026-09-25,0.0,2025-01-31,5.92,1000.0,112.3098,Union Mutual Fund,CRISIL Short Duration Debt Index,3,2026-08-31,0.0109,0.5505,4.4386,,,3.11732157929288,NIL,-,,,,Unrated,,,Debt : Short Duration,10.9954
LIC MF Nifty Next 50 Index Fund(G),Growth,LIC MF Nifty Next 50 Index Fund(G),165,EQ,400020,18,1212,12836,Open ended scheme,0.87,Nikhil Kapoor,0.55,29.0,0.0,53.4565,2026-09-25,0.0,2010-09-20,11.03,5000.0,112.266,LIC Mutual Fund,NIFTY NEXT 50 - TRI,3,2026-08-31,-3.658,-0.4126,5.4606,16.7174,10.7784,4.027688044400502,Nil,Financials,,,,Unrated,,,Equity : Index Funds,53.4565
DSP Nifty IT Index Fund-Reg(G),Growth,DSP Nifty IT Index Fund-Reg(G),310,EQ,400009,18,597,49906,Open ended scheme,1.22,Anil Ghelani,-0.17,20.0,0.0,7.3233,2026-09-25,0.0,2025-06-20,-21.82,100.0,112.17479999999999,DSP Mutual Fund,NIFTY IT - TRI,3,2026-08-31,-8.5354,3.0696,-17.5295,,,-25.083629146931553,NIL,Technology,,,,Unrated,,,Equity : Index Funds,7.3233
UTI 10 year Constant Maturity Gilt Fund-Reg(G),Growth,UTI 10 year Constant Maturity Gilt Fund-Reg(G),232,NEQ,400032,30,889,40967,Open ended scheme,0.77,Jaydeep Bhowal,-0.03,0.0,0.0,13.0086,2026-09-25,0.0,2022-08-01,6.54,5000.0,111.92649999999999,UTI Mutual Fund,CRISIL 10 Year Gilt Index,3,2026-08-31,-1.2682,-0.6234,2.4872,6.1967,,1.5574864744595536,Nil,-,,,,Unrated,,,Debt : Gilt (10 Yr Constant Duration),13.0086
Mirae Asset Nifty Metal ETF FOF-Reg(G),Growth,Mirae Asset Nifty Metal ETF FOF-Reg(G),325,NEQ,400033,48,760,50671,Open ended scheme,0.74,Ekta Gala,0.3,,0.05,10.521,2026-09-25,0.0,2026-02-26,5.21,5000.0,111.7594,Mirae Asset Mutual Fund,NIFTY METAL - TRI,3,2026-08-31,-1.783,4.9686,,,,,"0.05% on or before 15D, NIL after 15D",-,,,,Unrated,,,FoFs : Domestic,10.521
The Wealth Company Large & Mid Cap Fund-Reg(G),Growth,The Wealth Company Large & Mid Cap Fund-Reg(G),366,EQ,400068,2,1167,50822,Open ended scheme,5.12,Aparna Shanker,0.08,,1.0,10.087,2026-09-25,0.0,2026-06-10,0.87,1000.0,111.434132894,The Wealth Company Mutual Fund,NIFTY LargeMidcap 250 - TRI,3,2026-08-31,-4.5822,-0.4481,,,,,"1% on or before 120D, Nil after 120D",Financials,,,,Unrated,,,Equity : Large & Mid Cap,10.087
Invesco India Gilt Fund-Reg(G),Growth,Invesco India Gilt Fund-Reg(G),447,NEQ,400021,29,606,4378,Open ended scheme,1.24,Vikas Garg,0.01,0.0,0.0,2889.5595,2026-09-25,0.0,2008-02-09,5.86,1000.0,111.382,Invesco Mutual Fund,Nifty All Duration G-Sec Index,3,2026-08-31,-1.0467,-0.8462,2.2957,5.7353,4.8636,1.3641164735485294,Nil,-,,,,Unrated,,,Debt : Gilt,2889.5595
Canara Rob Medium to Long Term Fund-Reg(G),Growth,Canara Rob Medium to Long Term Fund-Reg(G),418,NEQ,400006,27,273,542,Open ended scheme,1.84,Avnish Jain,-0.01,0.0,0.0,56.8153,2026-09-25,0.0,2002-09-19,7.5,5000.0,111.1811,Canara Robeco Mutual Fund,CRISIL Medium to Long Term Debt Index,5,2026-08-31,-0.5703,-0.0575,2.1913,4.9914,4.1359,1.869921323091714,Nil,-,,,,3,,,Debt : Medium to Long Duration,56.8153
DSP Nifty Private Bank Index Fund-Reg(G),Growth,DSP Nifty Private Bank Index Fund-Reg(G),348,EQ,400009,18,597,49659,Open ended scheme,1.27,Anil Ghelani,0.44,30.0,0.0,10.9552,2026-09-25,0.0,2025-03-06,6.04,100.0,110.34559999999999,DSP Mutual Fund,Nifty Private Bank - TRI,3,2026-08-31,-2.1333,-5.0668,-0.3003,,,-6.624390576523137,NIL,Financials,,,,Unrated,,,Equity : Index Funds,10.9552
UTI Nifty 500 Index Fund-Reg(G),Growth,UTI Nifty 500 Index Fund-Reg(G),312,EQ,400032,18,620,50963,Open ended scheme,0.86,Sharwan Kumar Goyal,0.22,0.53,0.0,9.604,2026-09-25,0.0,2026-08-27,-3.96,1000.0,110.2527,UTI Mutual Fund,NIFTY 500 - TRI,3,2026-08-31,,,,,,,NIL,Financials,,,,Unrated,,,Equity : Index Funds,9.604
DSP Global Clean Energy Overseas Equity Omni FoF-Reg(G),Growth,DSP Global Clean Energy Overseas Equity Omni FoF-Reg(G),769,NEQ,400009,49,1009,7866,Open ended scheme,2.3,Kaivalya Nadkarni,0.73,49.0,0.0,27.5154,2026-09-25,0.0,2009-08-14,6.09,100.0,110.01899999999999,DSP Mutual Fund,MSCI ACWI IMI Clean Energy Infrastructure Index,5,2026-08-31,-3.8626,-7.7958,28.2058,19.0537,10.4999,15.033227488271416,Nil,-,,,,Unrated,,,FoFs : Overseas,27.3151
Axis Income Plus Arbitrage Passive FOF-Reg(G),Growth,Axis Income Plus Arbitrage Passive FOF-Reg(G),443,NEQ,400040,48,298,50378,Open ended scheme,0.41,Devang Shah,0.0,,0.0,10.5226,2026-09-25,0.0,2025-11-12,5.23,100.0,109.3291,Axis Mutual Fund,Nifty Short Duration Debt Index,3,2026-08-31,0.4688,1.5234,,,,4.443804778306047,NIL,-,,,,Unrated,,,FoFs : Domestic,10.5224
Tata Nifty Auto Index Fund-Reg(G),Growth,Tata Nifty Auto Index Fund-Reg(G),324,EQ,400030,9,1116,48683,Open ended scheme,1.03,Nitin Sharma,0.89,22.12,0.25,12.1127,2026-09-25,0.0,2024-04-26,8.26,5000.0,109.1376498011,Tata Mutual Fund,NIFTY AUTO - TRI,3,2026-08-31,-7.7816,0.2773,0.6055,,,-4.161062142958872,"0.25% on or before 15D, Nil after 15D",Automobile and Ancillaries,,,,Unrated,,,Equity : Sectoral - Auto,12.1127
Samco ELSS Tax Saver Fund-Reg(G),Growth,Samco ELSS Tax Saver Fund-Reg(G),312,EQ,400059,6,838,46606,Open ended scheme,3.25,Nirali Bhansali,0.23,231.0,0.0,13.23,2026-09-25,3.0,2022-12-22,7.72,500.0,108.9966,Samco Mutual Fund,NIFTY 500 - TRI,3,2026-08-31,1.3017,5.0834,0.9153,3.4757,,3.927729772191673,Nil,Capital Goods,,,,Unrated,,,Equity : Tax Saving (ELSS),13.23
PGIM India Retirement Fund-Reg(G),Growth,PGIM India Retirement Fund-Reg(G),379,EQ,400044,3,252,44436,Open ended scheme,2.6,Vinay Paharia,-0.16,19.0,0.0,12.15,2026-09-25,5.0,2024-04-15,8.29,5000.0,108.97290000000001,PGIM India Mutual Fund,BSE 500 - TRI,3,2026-08-31,-3.2643,1.25,0.9136,,,2.3588879528222506,Nil,Financials,,,,Unrated,,,Equity : Multi Cap,12.15
Bank of India Overnight Fund-Reg(G),Growth,Bank of India Overnight Fund-Reg(G),500,NEQ,400034,20,814,44437,Open ended scheme,0.14,Mithraem Bharucha,0.01,0.0,0.0,1400.7306,2026-09-27,0.0,2020-01-28,5.18,5000.0,108.5482,Bank of India Mutual Fund,CRISIL Liquid Overnight Index,1,2026-08-31,0.4288,1.2893,5.4697,6.169,5.8149,3.992178950646437,Nil,-,,,,2,,,Debt : Overnight,1400.5415
Edelweiss Silver ETF FoF-Reg(G),Growth,Edelweiss Silver ETF FoF-Reg(G),199,NEQ,400035,48,490,50495,Open ended scheme,0.56,Bhavesh Jain,1.59,27.0,0.1,9.9758,2026-09-25,0.0,2025-12-29,-0.24,100.0,107.4149,Edelweiss Mutual Fund,Silver,3,2026-08-31,-4.1618,5.7442,,,,-0.10614435632460312,"0.10% on or before 15D, Nil after 15D",-,,,,Unrated,,,FoFs : Domestic,9.9758
Canara Rob Corp Bond Fund-Reg(G),Growth,Canara Rob Corp Bond Fund-Reg(G),444,NEQ,400006,34,273,23504,Open ended scheme,1.0,Avnish Jain,-0.04,0.0,0.0,22.8366,2026-09-25,0.0,2014-02-07,6.75,5000.0,105.6206,Canara Robeco Mutual Fund,CRISIL Corporate Bond Index,3,2026-08-31,-0.0774,0.6266,4.0776,5.9814,5.1516,2.8633974298339253,Nil,-,,,,2,,,Debt : Corporate Bond,22.8366
ICICI Pru Diversified Debt Strategy Active FOF(G),Growth,ICICI Pru Diversified Debt Strategy Active FOF(G),433,NEQ,400015,48,297,1707,Open ended scheme,0.65,Manish Banthia,-0.07,0.0,0.25,47.8007,2026-09-25,0.0,2003-12-18,7.11,100.0,105.51721999310001,ICICI Prudential Mutual Fund,NIFTY Composite Debt Index,3,2026-08-31,-0.2839,0.5327,4.9578,6.979,6.1949,3.4246471605157285,"0.25% on or before 15D, Nil after 15D",-,,,,Unrated,,,FoFs : Domestic,47.8007
ICICI Pru Nifty 500 Index Fund-Reg(G),Growth,ICICI Pru Nifty 500 Index Fund-Reg(G),312,EQ,400015,18,763,49114,Open ended scheme,0.98,Nishit Patel,0.22,19.0,0.0,10.1078,2026-09-25,0.0,2024-12-20,0.61,100.0,104.5158449837,ICICI Prudential Mutual Fund,NIFTY 500 - TRI,3,2026-08-31,-4.4098,-2.2428,-2.1359,,,-5.434711424214371,Nil,Financials,,,,Unrated,,,Equity : Index Funds,10.1078
Kotak International REIT Overseas Equity Active FOF-Reg(G),Growth,Kotak International REIT Overseas Equity Active FOF-Reg(G),531,NEQ,400019,49,679,42804,Open ended scheme,1.36,Arjun Khanna,-1.23,4.6,0.0,11.0823,2026-09-24,0.0,2020-12-29,1.81,100.0,103.9877,Kotak Mahindra Mutual Fund,S&P Asia Pacific ex Japan REIT - TRI,5,2026-08-31,-7.2378,-4.0178,-2.137,8.5329,1.6967,-3.1597619692587253,"Nil upto 8% of units and 1% for remaining units on or before 1Y, Nil after 1Y",-,,,,Unrated,,,FoFs : Overseas,11.0823
Apex Equity Long-Short Fund-Reg(G),Growth,Apex Equity Long-Short Fund-Reg(G),312,EQ,400079,58,762,75159,Open ended scheme,,Manish Gupta,0.2,,1.0,9.9,2026-09-25,0.0,2026-08-31,-1.0,1000000.0,103.5092,Aditya Birla APEX SIF,NIFTY 500 - TRI,3,2026-08-31,,,,,,,"1% on or before 365D, NIL after 365D",-,,,,Unrated,,,Hybrid : Long - Short,9.9
Edelweiss CRISIL IBX AAA Financial Services Bond - Jan 2028 Index Fund-Reg(G),Growth,Edelweiss CRISIL IBX AAA Financial Services Bond - Jan 2028 Index Fund-Reg(G),774,NEQ,400035,27,65,49393,Open ended scheme,0.35,Dhawal Dalal,-0.04,0.0,0.1,11.352,2026-09-25,0.0,2024-11-27,7.19,100.0,103.3183,Edelweiss Mutual Fund,CRISIL-IBX AAA Financial Services Index - Jan 2028,3,2026-08-31,0.3359,1.339,5.659,,,4.003664681630794,"0.10% upto 30D, Nil after 30D",-,,,,Unrated,,,Debt : Medium to Long Duration,11.352
LIC MF Healthcare Fund-Reg(G),Growth,LIC MF Healthcare Fund-Reg(G),391,EQ,400020,7,195,41330,Open ended scheme,2.72,Sudhanshu Asthana,-0.03,35.0,0.0,34.293,2026-09-25,0.0,2019-02-28,17.66,5000.0,103.1075,LIC Mutual Fund,BSE Health Care - TRI,3,2026-08-31,1.2408,9.2245,17.1093,22.0237,11.6882,17.785860750754775,"Nil upto 12% of units and 1% for remaining units on or before 90D, Nil after 90D",Healthcare,,,,Unrated,,,Equity : Sectoral - Pharma,34.293
Axis FTP-113-1228D-Reg(G),Growth,Axis FTP-113-1228D-Reg(G),417,NEQ,400040,36,752,47799,Close ended scheme,0.36,Sachin Jain,0.02,,,12.5988,2026-07-30,0.0,2023-03-21,7.11,5000.0,102.5392,Axis Mutual Fund,CRISIL Medium Duration Debt Index,3,2026-06-30,0.4241,1.3874,6.0068,7.0023,,3.4758040671507064,null,-,,,,Unrated,,,Debt : FTP/FMP,12.5988
HDFC NIFTY200 Momentum 30 ETF,Growth,HDFC NIFTY200 Momentum 30 ETF,554,EQ,400013,44,37,46042,Open ended scheme,0.3,Arun Agarwal,-0.08,160.75,,30.5135,2026-09-25,0.0,2022-10-11,12.66,500.0,101.7034,HDFC Mutual Fund,Nifty200 Momentum 30 - TRI,3,2026-08-31,-3.4789,-3.0157,-0.1894,9.9279,,-2.7172908071848942,null,Financials,,,,Unrated,,,Equity : ETFs,30.5135
Shriram Money Market Fund-Reg(G),Growth,Shriram Money Market Fund-Reg(G),445,NEQ,400052,24,667,50602,Open ended scheme,0.35,Amit Modani,0.0,0.0,0.0,1042.3869,2026-09-25,0.0,2026-01-27,4.24,1000.0,101.4008,Shriram Mutual Fund,Nifty Money Market Index,3,2026-08-31,0.4825,1.5551,,,,,NIL,-,,,,Unrated,,,Debt : Money Market,1042.3869
Mirae Asset Nifty IT ETF,Growth,Mirae Asset Nifty IT ETF,310,EQ,400033,44,760,48250,Open ended scheme,0.46,Ekta Gala,-0.17,,,29.8728,2026-09-25,0.0,2023-10-20,-1.76,5000.0,101.20469999999999,Mirae Asset Mutual Fund,NIFTY IT - TRI,3,2026-08-31,-8.4872,3.3453,-16.7525,,,-24.648501939734533,null,Technology,,,,Unrated,,,Equity : ETFs,29.8728
DSP Nifty Midcap 150 Quality 50 ETF,Growth,DSP Nifty Midcap 150 Quality 50 ETF,556,EQ,400009,44,597,46157,Open ended scheme,0.47,Anil Ghelani,0.22,48.0,,24.2273,2026-09-25,0.0,2021-12-23,7.27,5000.0,100.81190000000001,DSP Mutual Fund,NIFTY Midcap150 Quality 50 - TRI,1,2026-08-31,-4.9261,-2.5666,-2.446,8.224,,-1.8557527931489939,null,Financials,,,,Unrated,,,Equity : ETFs,24.2273
Zerodha Nifty Smallcap 100 ETF,Growth,Zerodha Nifty Smallcap 100 ETF,305,EQ,400062,44,811,50175,Open ended scheme,0.25,Kedarnath Mirajkar,0.16,89.0,,11.2159,2026-09-25,0.0,2025-09-09,11.63,1000.0,100.79602243,Zerodha Mutual Fund,Nifty Smallcap 100 - TRI,1,2026-08-31,-0.9065,5.2583,10.8378,,,12.239812665118873,null,Financials,,,,Unrated,,,Equity : ETFs,11.2159
Axis Nifty Energy Index Fund-Reg(G),Growth,Axis Nifty Energy Index Fund-Reg(G),317,EQ,400040,18,397,50987,Open ended scheme,1.06,Nandik Mallik,0.21,,0.25,9.8445,2026-09-25,0.0,2026-08-27,-1.56,100.0,99.60870000000001,Axis Mutual Fund,NIFTY ENERGY - TRI,3,2026-08-31,,,,,,,"0.25% on or before 15D, NIL after 15D",Energy,,,,Unrated,,,Equity : Index Funds,9.8445
Bandhan Nifty Smallcap 250 Index Fund-Reg(G),Growth,Bandhan Nifty Smallcap 250 Index Fund-Reg(G),350,EQ,400028,18,992,48141,Open ended scheme,0.99,Abhishek Jain,0.02,38.0,0.0,12.9355,2026-09-25,0.0,2023-12-22,9.77,1000.0,99.246692564153,Bandhan Mutual Fund,Nifty Smallcap 250 - TRI,3,2026-08-31,-1.0851,2.5691,5.9419,,,8.458332983977119,Nil,Financials,,,,Unrated,,,Equity : Index Funds,12.9355
Kotak Nifty Financial Services Ex-Bank Index Fund-Reg(G),Growth,Kotak Nifty Financial Services Ex-Bank Index Fund-Reg(G),629,EQ,400019,18,699,48107,Open ended scheme,0.8,Satish Dondapati,-0.07,59.29,0.0,15.577,2026-09-25,0.0,2023-08-14,15.28,100.0,99.1834,Kotak Mahindra Mutual Fund,Nifty Financial Services Ex-Bank - TRI,3,2026-08-31,-7.7356,-3.7922,1.8371,13.4465,,-5.3415167719980525,Nil,Financials,,,,Unrated,,,Equity : Index Funds,15.577
PGIM India Arbitrage Fund-Reg(G),Growth,PGIM India Arbitrage Fund-Reg(G),277,EQ,400044,38,962,28514,Open ended scheme,1.81,Chetan Chavan,0.09,133.0,0.25,19.6393,2026-09-25,0.0,2014-08-27,5.74,5000.0,99.081,PGIM India Mutual Fund,Nifty 50 Arbitrage,3,2026-08-31,0.4224,1.384,5.8956,6.3531,5.7075,4.3084538535486825,"0.25% on or before 30D, Nil after 30D",Financials,,,,2,,,Hybrid : Arbitrage,19.6393
ICICI Pru Nifty50 Value 20 Index Fund-Reg(G),Growth,ICICI Pru Nifty50 Value 20 Index Fund-Reg(G),339,EQ,400015,18,763,48523,Open ended scheme,0.95,Nishit Patel,0.23,73.0,0.0,9.6167,2026-09-25,0.0,2024-02-02,-1.47,100.0,98.87252272129999,ICICI Prudential Mutual Fund,Nifty50 Value 20 - TRI,3,2026-08-31,-4.2409,-5.1626,-9.3371,,,-13.956068536661753,Nil,Financials,,,,Unrated,,,Equity : Index Funds,9.6167
Aditya Birla SL Long Term Fund-Reg(G),Growth,Aditya Birla SL Long Term Fund-Reg(G),438,NEQ,400004,28,788,46711,Open ended scheme,0.98,Harshil Suvarnkar,-0.09,0.0,0.0,13.0174,2026-09-25,0.0,2022-08-08,6.59,100.0,98.8502,Aditya Birla Sun Life Mutual Fund,NIFTY Long Duration Debt Index,3,2026-08-31,-0.9511,-0.6654,2.236,5.7762,,1.5223596574690756,Nil,-,,,,Unrated,,,Debt : Long Duration,13.0174
Samco Large & Mid Cap Fund-Reg(G),Growth,Samco Large & Mid Cap Fund-Reg(G),366,EQ,400059,2,949,49779,Open ended scheme,3.81,Umeshkumar Mehta,0.0,1533.0,1.0,8.69,2026-09-25,0.0,2025-06-25,-10.61,5000.0,98.5819,Samco Mutual Fund,NIFTY LargeMidcap 250 - TRI,3,2026-08-31,-2.6876,-2.7964,-6.9593,,,-5.748373101952289,"1% on or before 30D, Nil after 30D",Capital Goods,,,,Unrated,,,Equity : Large & Mid Cap,8.69
Capitalmind Liquid Fund-Reg(G),Growth,Capitalmind Liquid Fund-Reg(G),446,NEQ,400067,21,849,50478,Open ended scheme,0.31,Prateek Jain,0.02,0.0,0.007,1053.8049,2026-09-27,0.0,2025-11-28,5.38,5000.0,98.25479999999999,Capitalmind Mutual Fund,Nifty Liquid Fund Index,1,2026-08-31,0.482,1.5359,,,,4.656087641198082,"0.007% for Day 1, 0.0065% on Day 2, 0.0060% on Day 3, 0.0055% on Day 4, 0.0050% on Day 5, 0.0045% on Day 6, NIL on or after 7D",-,,,,Unrated,,,Debt : Liquid,1053.635
Axis Nifty50 Equal Weight Index Fund-Reg(G),Growth,Axis Nifty50 Equal Weight Index Fund-Reg(G),359,EQ,400040,18,397,50947,Open ended scheme,1.06,Nandik Mallik,0.29,,0.25,9.7121,2026-09-25,0.0,2026-07-23,-2.88,100.0,98.2061,Axis Mutual Fund,NIFTY50 Equal Weight - TRI,3,2026-08-31,-4.7665,,,,,,"0.25% on or before 15D, NIL after 15D",Financials,,,,Unrated,,,Equity : Index Funds,9.7121
Mirae Asset Nifty 100 ESG Sector Leaders ETF,Growth,Mirae Asset Nifty 100 ESG Sector Leaders ETF,526,EQ,400033,44,760,45134,Open ended scheme,0.46,Ekta Gala,0.4,,,39.7334,2026-09-25,0.0,2020-11-18,10.36,5000.0,97.6319,Mirae Asset Mutual Fund,Nifty100 ESG Sector Leaders - TRI,3,2026-08-31,-5.2979,-3.3512,-6.5912,6.9579,5.4256,-10.46640016945256,null,Financials,,,,Unrated,,,Equity : ETFs,39.7334
ICICI Pru Retirement Fund-Hybrid Cons Plan(G),Growth,ICICI Pru Retirement Fund-Hybrid Cons Plan(G),371,NEQ,400015,52,1119,25668,Open ended scheme,2.26,Manasvi Shah,0.07,84.0,0.0,18.2375,2026-09-25,5.0,2019-02-27,8.25,5000.0,97.60188425289999,ICICI Prudential Mutual Fund,NIFTY 50 Hybrid Composite Debt 15:85 Index,3,2026-08-31,-1.3667,0.1125,4.2137,8.6477,7.4124,1.5999732594998533,Nil,Financials,,,,Unrated,,,Hybrid : Conservative Hybrid,18.2375
Kotak Nifty SDL Jul 2026 Index Fund-Reg(G),Growth,Kotak Nifty SDL Jul 2026 Index Fund-Reg(G),673,NEQ,400019,27,8,46729,Open ended scheme,0.41,Abhishek Bisen,0.01,0.0,0.0,12.7164,2026-07-31,0.0,2022-12-22,6.89,100.0,95.7547,Kotak Mahindra Mutual Fund,Nifty SDL Jul 2026 Index,3,2026-06-30,0.409,1.2565,5.3694,6.8905,,3.0569242738589226,Nil,-,,,,Unrated,,,Debt : Medium to Long Duration,12.7164
Quantum ESG Best In Class Strategy Fund-Reg(G),Growth,Quantum ESG Best In Class Strategy Fund-Reg(G),427,EQ,400024,13,275,43878,Open ended scheme,2.27,Chirag Mehta,0.22,21.12,0.0,22.6,2026-09-25,0.0,2019-07-12,11.97,500.0,95.7479301371077,Quantum Mutual Fund,NIFTY100 ESG - TRI,3,2026-08-31,-4.8421,-0.8772,-5.6761,6.0976,5.4476,-6.4569536423841,"Nil upto 10% of units and 1% for remaining units on or before 365D, Nil after 365D",Financials,,,,Unrated,,,Equity : Thematic,22.6
Union Childrens Fund-Reg(G),Growth,Union Childrens Fund-Reg(G),379,EQ,400045,50,921,48373,Open ended scheme,2.61,Gaurav Chopra,0.32,41.0,0.0,12.55,2026-09-25,5.0,2023-12-19,8.55,1000.0,95.194,Union Mutual Fund,BSE 500 - TRI,3,2026-08-31,-4.2715,-0.9471,0.6415,,,-1.1811023622047132,Nil,Financials,,,,Unrated,,,Equity : Flexi Cap,12.55
Groww Short Term Fund-Reg(G),Growth,Groww Short Term Fund-Reg(G),728,NEQ,400048,25,751,23158,Open ended scheme,1.06,Kaustubh Sule,-0.07,0.0,0.0,2212.1114,2026-09-25,0.0,2013-09-13,6.28,500.0,95.126958446,Groww Mutual Fund,CRISIL Short Duration Debt Index,3,2026-08-31,0.1608,0.9792,4.6915,6.4544,5.0589,3.404897574005789,Nil,-,,,,Unrated,,,Debt : Short Duration,2212.1114
LIC MF Technology Fund-Reg(G),Growth,LIC MF Technology Fund-Reg(G),408,EQ,400020,10,420,50695,Open ended scheme,2.81,Sumit Bhatnagar,-0.41,,0.0,10.8501,2026-09-25,0.0,2026-03-13,8.5,1000.0,95.031,LIC Mutual Fund,BSE TECk Index - TRI,3,2026-08-31,-5.1175,2.5917,,,,,"NIL upto 12% of units and 1% for remaining units on or before 90D, Nil after 90D",Technology,,,,Unrated,,,Equity : Sectoral - Technology,10.8501
ICICI Pru Global Stable Equity Fund(FOF)(G),Growth,ICICI Pru Global Stable Equity Fund(FOF)(G),57,NEQ,400015,49,616,16718,Open ended scheme,1.38,Ritesh Lunawat,-0.12,0.0,1.0,33.12,2026-09-25,0.0,2013-09-13,9.62,5000.0,93.982508006,ICICI Prudential Mutual Fund,MSCI World,5,2026-08-31,-4.0278,5.0428,14.9601,13.1251,10.2304,10.386151797603189,"1% on or before 1M, Nil after 1M",-,,,,Unrated,,,FoFs : Overseas,33.16
Edelweiss CRISIL IBX 50:50 Gilt Plus SDL June 2027 Index Fund-Reg(G),Growth,Edelweiss CRISIL IBX 50:50 Gilt Plus SDL June 2027 Index Fund-Reg(G),656,NEQ,400035,27,65,46999,Open ended scheme,0.43,Dhawal Dalal,0.0,0.0,0.1,13.1441,2026-09-25,0.0,2022-10-18,7.19,100.0,93.8356,Edelweiss Mutual Fund,CRISIL IBX 50:50 Gilt Plus SDL Index - June 2027,3,2026-08-31,0.2823,1.1248,5.4667,7.0746,,3.8099149403318684,"0.10% on or before 30D, Nil after 30D",-,,,,Unrated,,,Debt : Medium to Long Duration,13.1441
Samco Large Cap Fund-Reg(G),Growth,Samco Large Cap Fund-Reg(G),314,EQ,400059,1,949,49506,Open ended scheme,3.49,Umeshkumar Mehta,0.12,1408.0,1.0,8.67,2026-09-25,0.0,2025-03-25,-9.05,5000.0,93.4234,Samco Mutual Fund,NIFTY 100 - TRI,3,2026-08-31,-3.8803,-3.1285,-9.2147,,,-7.863974495217856,"1% on or before 30D, Nil after 30D",Automobile and Ancillaries,,,,Unrated,,,Equity : Large Cap,8.67
Bandhan Nifty Midcap 150 Index Fund-Reg(G),Growth,Bandhan Nifty Midcap 150 Index Fund-Reg(G),349,EQ,400028,18,992,48685,Open ended scheme,1.57,Abhishek Jain,-0.15,91.0,0.25,10.0729,2026-09-25,0.0,2024-09-19,0.36,1000.0,92.882723833095,Bandhan Mutual Fund,Nifty Midcap 150 - TRI,3,2026-08-31,-4.6984,-1.4991,4.3056,,,0.3077076279625654,"0.25% on or before 15D, Nil after 15D",Financials,,,,Unrated,,,Equity : Index Funds,10.0729
Invesco India Nifty 50 ETF,Growth,Invesco India Nifty 50 ETF,154,EQ,400021,44,564,12694,Open ended scheme,0.1,Abhisek Bahinipati,0.33,1.0,0.0,265.6741,2026-09-25,0.0,2011-06-13,10.93,10000.0,92.4998,Invesco Mutual Fund,NIFTY 50 - TRI,1,2026-08-31,-4.8804,-3.4977,-6.0926,6.6756,6.4561,-10.657002359834596,Nil,Financials,,,,Unrated,,,Equity : ETFs,265.6741
Edelweiss Nifty Alpha Low Volatility 30 Index Fund-Reg(G),Growth,Edelweiss Nifty Alpha Low Volatility 30 Index Fund-Reg(G),361,EQ,400035,18,490,48808,Open ended scheme,1.35,Bhavesh Jain,0.31,72.0,0.1,9.6361,2026-09-25,0.0,2024-05-16,-1.56,100.0,92.34190000000001,Edelweiss Mutual Fund,NIFTY Alpha Low-Volatility 30 - TRI,3,2026-08-31,-4.744,-1.57,-1.6233,,,-4.121270011840434,"0.10% on or before 15D, Nil after 15D",Healthcare,,,,Unrated,,,Equity : Index Funds,9.6361
Motilal Oswal Special Opportunities Fund-Reg(G),Growth,Motilal Oswal Special Opportunities Fund-Reg(G),312,EQ,400042,13,627,49810,Open ended scheme,2.99,Ajay Khandelwal,-0.29,172.0,1.0,12.6358,2026-09-25,0.0,2025-08-14,23.34,500.0,92.1146,Motilal Oswal Mutual Fund,NIFTY 500 - TRI,3,2026-08-31,2.7702,9.7058,22.1925,,,18.168895539137754,"1% on or before 3M, Nil after 3M",Capital Goods,,,,Unrated,,,Equity : Thematic,12.6358
Bajaj Finserv ELSS-Tax Saver Fund-Reg(G),Growth,Bajaj Finserv ELSS-Tax Saver Fund-Reg(G),379,EQ,400060,6,120,49457,Open ended scheme,2.99,Nimesh Chandan,0.17,143.0,0.0,11.34,2026-09-25,3.0,2025-01-29,7.9,500.0,91.9217,Bajaj Finserv Mutual Fund,BSE 500 - TRI,3,2026-08-31,-3.0686,-1.2883,2.1806,,,-0.7092198581560242,Nil,Financials,,,,Unrated,,,Equity : Tax Saving (ELSS),11.34
LIC MF BSE Sensex Index Fund-Reg(G),Growth,LIC MF BSE Sensex Index Fund-Reg(G),174,EQ,400020,18,1212,2133,Open ended scheme,1.06,Nikhil Kapoor,0.43,5.0,0.25,138.3614,2026-09-25,0.0,2002-11-28,12.11,5000.0,91.3748,LIC Mutual Fund,BSE SENSEX - TRI,3,2026-08-31,-4.8806,-4.097,-8.8734,3.908,4.3941,-13.081964728080697,"0.25% on or before 7D, Nil after 7D",Financials,,,,Unrated,,,Equity : Index Funds,138.3614
HDFC Nifty Top 20 Equal Weight Index Fund-Reg(G),Growth,HDFC Nifty Top 20 Equal Weight Index Fund-Reg(G),787,EQ,400013,18,37,49704,Open ended scheme,0.87,Arun Agarwal,0.45,48.94,0.0,9.6883,2026-09-25,0.0,2025-03-25,-2.07,100.0,91.19940000000001,HDFC Mutual Fund,Nifty Top 20 Equal Weight - TRI,3,2026-08-31,-5.4689,-1.6546,-7.4015,,,-12.209465643321224,NIL,Financials,,,,Unrated,,,Equity : Index Funds,9.6883
Groww Banking & Financial Services Fund-Reg(G),Growth,Groww Banking & Financial Services Fund-Reg(G),330,EQ,400048,8,406,48456,Open ended scheme,2.95,Anupam Tiwari,-0.15,152.0,1.0,12.6444,2026-09-25,0.0,2024-02-06,9.31,500.0,90.549834787,Groww Mutual Fund,Nifty Financial Services - TRI,3,2026-08-31,-4.3243,0.7329,9.9427,,,5.687944566571089,"1% on or before 30D, Nil after 30D",Financials,,,,Unrated,,,Equity : Sectoral - Financial Services,12.6444
Groww Silver ETF FOF-Reg(G),Growth,Groww Silver ETF FOF-Reg(G),199,NEQ,400048,48,1055,49845,Open ended scheme,0.52,Wilfred Gonsalves,1.16,29.0,1.0,22.0862,2026-09-25,0.0,2025-05-23,80.44,500.0,89.920759454,Groww Mutual Fund,Silver,3,2026-08-31,-4.5099,5.5181,61.8404,,,2.124688463797075,"1% on or before 30D, Nil after 30D",-,,,,Unrated,,,FoFs : Domestic,22.0862
Bandhan CRISIL IBX 90:10 SDL Plus Gilt - Nov 2026 Index Fund-Reg(G),Growth,Bandhan CRISIL IBX 90:10 SDL Plus Gilt - Nov 2026 Index Fund-Reg(G),664,NEQ,400028,27,317,46213,Open ended scheme,0.34,Gautam Kaul,0.01,0.0,0.0,12.9789,2026-09-25,0.0,2022-11-17,6.99,1000.0,89.705992056,Bandhan Mutual Fund,CRISIL IBX 90:10 SDL Plus Gilt Index - November 2026,3,2026-08-31,0.4279,1.2916,5.6251,7.0326,,3.951784069520639,Nil,-,,,,Unrated,,,Debt : Medium to Long Duration,12.9789
UTI Long Term Fund-Reg(G),Growth,UTI Long Term Fund-Reg(G),438,NEQ,400032,28,600,47733,Open ended scheme,1.69,Pankaj Pathak,-0.12,0.0,0.0,11.8781,2026-09-25,0.0,2023-03-17,5.0,5000.0,89.42479999999999,UTI Mutual Fund,NIFTY Long Duration Debt Index,3,2026-08-31,-0.9944,-1.0332,0.9536,4.4755,,0.47623881304031734,NIL,-,,,,Unrated,,,Debt : Long Duration,11.8781
Baroda BNP Paribas NIFTY SDL Dec 2026 Index Fund-Reg(G),Growth,Baroda BNP Paribas NIFTY SDL Dec 2026 Index Fund-Reg(G),677,NEQ,400001,27,385,47387,Open ended scheme,0.46,Gurvinder Singh Wasan,0.01,0.0,0.0,12.7406,2026-08-20,0.0,2023-01-25,7.02,5000.0,88.9728,Baroda BNP Paribas Mutual Fund,NIFTY SDL December 2026 Index,3,2026-07-31,0.4843,1.4654,5.7039,7.0948,,3.420676667316061,Nil,-,,,,Unrated,,,Debt : Medium to Long Duration,12.7406
UTI Nifty500 Shariah Index Fund-Reg(G),Growth,UTI Nifty500 Shariah Index Fund-Reg(G),336,EQ,400032,18,620,50389,Open ended scheme,1.19,Sharwan Kumar Goyal,0.03,24.0,0.0,9.8191,2026-09-25,0.0,2026-02-23,-1.81,1000.0,88.4631,UTI Mutual Fund,Nifty500 Shariah - TRI,3,2026-08-31,-4.2954,-1.3552,,,,,NIL,Technology,,,,Unrated,,,Equity : Index Funds,9.8191
Mirae Asset Nifty500 Multicap 50:25:25 ETF,Growth,Mirae Asset Nifty500 Multicap 50:25:25 ETF,534,EQ,400033,44,760,49071,Open ended scheme,0.25,Ekta Gala,0.15,,,16.3177,2026-09-25,0.0,2024-08-30,-0.82,5000.0,88.20620000000001,Mirae Asset Mutual Fund,Nifty500 Multicap 50:25:25 - TRI,3,2026-08-31,-3.7247,-1.0647,1.0891,,,-1.6366069490994333,null,Financials,,,,Unrated,,,Equity : ETFs,16.3177
Nippon India BSE Sensex Next 30 Index Fund-Reg(G),Growth,Nippon India BSE Sensex Next 30 Index Fund-Reg(G),781,EQ,400025,18,987,49930,Open ended scheme,0.77,Himanshu Mange,0.02,70.0,0.0,10.7293,2026-09-25,0.0,2025-06-10,5.59,1000.0,88.1542442623938,Nippon India Mutual Fund,BSE Sensex Next 30 - TRI,3,2026-08-31,-4.0776,-0.5736,6.5683,,,1.9072042551170725,NIL,Financials,,,,Unrated,,,Equity : Index Funds,10.7293
Quantum Dynamic Term Fund-Reg(G),Growth,Quantum Dynamic Term Fund-Reg(G),419,NEQ,400024,31,1092,37428,Open ended scheme,1.01,Sneha Pandey,0.0,0.0,0.0,22.1957,2026-09-25,0.0,2015-05-19,7.25,500.0,87.99459999999999,Quantum Mutual Fund,CRISIL Dynamic Bond Index,3,2026-08-31,-0.5226,-0.4717,2.9151,6.2395,5.79,2.059987952749028,Nil,-,,,,Unrated,,,Debt : Dynamic Bond,22.1957
DSP Nifty SDL Plus G-Sec Sep 2027 50:50 Index Fund-Reg(G),Growth,DSP Nifty SDL Plus G-Sec Sep 2027 50:50 Index Fund-Reg(G),680,NEQ,400009,27,937,47548,Open ended scheme,0.33,Shantanu Godambe,0.01,0.0,0.0,12.9282,2026-09-25,0.0,2023-02-14,7.37,100.0,87.9105,DSP Mutual Fund,Nifty SDL Plus G-Sec Sep 2027 50:50 Index,3,2026-08-31,0.245,1.2579,5.5648,7.2395,,3.8993811781724723,Nil,-,,,,Unrated,,,Debt : Medium to Long Duration,12.9282
Angel One Gold ETF,Growth,Angel One Gold ETF,65,NEQ,400064,56,999,50223,Open ended scheme,0.35,Kewal Shah,0.82,,,14.0662,2026-09-25,0.0,2025-09-05,38.19,1000.0,87.575872432,Angel One Mutual Fund,Gold-India,1,2026-08-31,-6.0242,7.9118,32.3853,,,12.523994644556641,null,-,,,,Unrated,,,Metal : ETFs,13.9514
Bandhan Conservative Hybrid Fund-Reg(G),Growth,Bandhan Conservative Hybrid Fund-Reg(G),512,NEQ,400028,52,806,8465,Open ended scheme,1.96,Viraj Kulkarni,-0.28,0.0,0.0,32.7778,2026-09-25,0.0,2010-02-25,7.42,1000.0,87.346025488,Bandhan Mutual Fund,NIFTY AAA Short Duration Bond Index,3,2026-08-31,-1.166,0.3659,2.2577,6.0674,4.6607,0.058305121998130795,"Nil upto 10% of investment and 0.25% for remaining investment on or before 7D, Nil after 7D",Automobile and Ancillaries,,,,1,,,Hybrid : Conservative Hybrid,32.7778
PGIM India Gilt Fund(G),Growth,PGIM India Gilt Fund(G),422,NEQ,400044,29,257,7012,Open ended scheme,1.41,Puneet Pal,-0.04,0.0,0.0,30.5447,2026-09-25,0.0,2008-10-27,6.43,5000.0,87.24459999999999,PGIM India Mutual Fund,CRISIL Dynamic Gilt Index,3,2026-08-31,-1.0012,-0.4965,1.2906,5.0599,4.4441,0.781979496959513,Nil,-,,,,2,,,Debt : Gilt,30.5447
Navi Nifty India Manufacturing Index Fund-Reg(G),Growth,Navi Nifty India Manufacturing Index Fund-Reg(G),584,EQ,400041,18,959,45954,Open ended scheme,1.16,Ashutosh Shirwaikar,0.45,37.0,0.0,18.7543,2026-09-25,0.0,2022-08-26,16.64,100.0,86.52873152000001,Navi Mutual Fund,Nifty India Manufacturing - TRI,3,2026-08-31,-4.2787,-0.2277,5.9182,17.1231,,3.148185833163761,Nil,Automobile and Ancillaries,,,,Unrated,,,Equity : Index Funds,18.7543
Kotak NIFTY Midcap 50 Index Fund-Reg(G),Growth,Kotak NIFTY Midcap 50 Index Fund-Reg(G),313,EQ,400019,18,699,48955,Open ended scheme,1.01,Satish Dondapati,-0.25,73.59,0.0,10.617,2026-09-25,0.0,2024-08-16,2.88,100.0,86.4747,Kotak Mahindra Mutual Fund,Nifty Midcap 50 - TRI,3,2026-08-31,-5.1545,-0.6643,7.2858,,,0.9796461860376786,NIL,Financials,,,,Unrated,,,Equity : Index Funds,10.617
HSBC Asia Pacific (Ex Japan) DYF-Reg(G),Growth,HSBC Asia Pacific (Ex Japan) DYF-Reg(G),61,NEQ,400014,49,1172,17816,Open ended scheme,1.38,Prakriti Banka,0.04,25.0,1.0,37.376,2026-09-25,0.0,2014-02-24,11.04,5000.0,85.73,HSBC Mutual Fund,MSCI Asia (ex-Japan) Standard Index,5,2026-08-31,2.3759,2.6204,34.7305,28.2135,15.1317,27.205717126183966,"1% on or before 1Y, Nil after 1Y",-,,,,Unrated,,,FoFs : Overseas,37.3621
PGIM India Corp Bond Fund(G),Growth,PGIM India Corp Bond Fund(G),40,NEQ,400044,34,257,854,Open ended scheme,0.96,Puneet Pal,-0.07,0.0,0.0,45.4497,2026-09-25,0.0,2003-01-30,6.61,5000.0,85.25309999999999,PGIM India Mutual Fund,CRISIL Composite Bond Index,3,2026-08-31,-0.0323,0.4302,3.9808,6.3295,5.474,2.518659872645942,Nil,-,,,,Unrated,,,Debt : Corporate Bond,45.4497
HDFC FMP-Sr 47-1269D-March 2023-Reg(G),Growth,HDFC FMP-Sr 47-1269D-March 2023-Reg(G),430,NEQ,400013,36,32,47782,Close ended scheme,0.4,Anupam Joshi,0.01,0.0,,12.593,2026-09-09,0.0,2023-03-21,6.86,5000.0,84.9313,HDFC Mutual Fund,NIFTY Medium Duration Debt Index,3,2026-08-31,0.4411,1.1998,5.4107,6.9596,,3.581298940580374,null,-,,,,Unrated,,,Debt : FTP/FMP,12.593
Kotak Nifty Smallcap 250 Index Fund-Reg(G),Growth,Kotak Nifty Smallcap 250 Index Fund-Reg(G),350,EQ,400019,18,699,49225,Open ended scheme,0.82,Satish Dondapati,0.02,45.32,0.0,11.717,2026-09-25,0.0,2025-01-27,10.01,100.0,84.9206,Kotak Mahindra Mutual Fund,Nifty Smallcap 250 - TRI,3,2026-08-31,-1.0389,2.6187,6.1611,,,8.68194045079306,NIL,Financials,,,,Unrated,,,Equity : Index Funds,11.717
Groww Arbitrage Fund-Reg(G),Growth,Groww Arbitrage Fund-Reg(G),717,EQ,400048,38,935,50825,Open ended scheme,2.56,Paras Matalia,0.08,385.0,0.25,10.2243,2026-09-25,0.0,2026-04-28,2.24,500.0,83.97291877400001,Groww Mutual Fund,Nifty 50 Arbitrage - TRI,3,2026-08-31,0.3081,1.3612,,,,,"0.25% on or before 30D, Nil after 30D",Financials,,,,Unrated,,,Hybrid : Arbitrage,10.2243
Motilal Oswal BSE Low Volatility ETF,Growth,Motilal Oswal BSE Low Volatility ETF,468,EQ,400042,44,549,46437,Open ended scheme,0.55,Swapnil P Mayekar,0.16,85.0,,35.0292,2026-09-25,0.0,2022-03-23,10.19,500.0,83.7437,Motilal Oswal Mutual Fund,BSE Low Volatility Index - TRI,3,2026-08-31,-4.7993,-4.5708,-6.7455,7.1039,,-10.368156556093465,null,FMCG,,,,Unrated,,,Equity : ETFs,35.0292
Mirae Asset Nifty Smallcap 250 ETF,Growth,Mirae Asset Nifty Smallcap 250 ETF,350,EQ,400033,44,760,50401,Open ended scheme,0.31,Ekta Gala,0.02,,,18.2266,2026-09-25,0.0,2025-11-07,7.09,5000.0,83.5859,Mirae Asset Mutual Fund,Nifty Smallcap 250 - TRI,1,2026-08-31,-0.9914,2.8032,,,,9.280699335080085,null,Financials,,,,Unrated,,,Equity : ETFs,18.2266
HDFC NIFTY IT ETF,Growth,HDFC NIFTY IT ETF,310,EQ,400013,44,37,47070,Open ended scheme,0.21,Arun Agarwal,-0.17,62.85,,30.1093,2026-09-25,0.0,2022-11-16,0.13,500.0,83.45620000000001,HDFC Mutual Fund,NIFTY IT - TRI,3,2026-08-31,-8.4907,3.287,-16.8256,-2.9603,,-24.700960078826995,null,Technology,,,,Unrated,,,Equity : ETFs,30.1093
Aditya Birla SL Nifty Healthcare ETF,Growth,Aditya Birla SL Nifty Healthcare ETF,544,EQ,400004,44,671,45695,Open ended scheme,0.2,Mehul Dama,-0.47,29.0,,17.1657,2026-09-25,0.0,2021-10-21,14.64,500.0,83.399,Aditya Birla Sun Life Mutual Fund,Nifty Healthcare Index - TRI,3,2026-08-31,0.4759,4.6491,15.7569,21.393,,14.323676323676327,null,Healthcare,,,,Unrated,,,Equity : ETFs,17.1657
SBI Nifty IT ETF,Growth,SBI Nifty IT ETF,310,EQ,400027,44,1000,45110,Open ended scheme,0.26,Viral Chhadva,-0.17,37.0,,312.4259,2026-09-25,0.0,2020-10-19,6.59,5000.0,83.3379,SBI Mutual Fund,NIFTY IT - TRI,3,2026-08-31,-8.5002,3.2283,-16.9335,-3.0048,-3.6843,-24.794827738105493,null,Technology,,,,Unrated,,,Equity : ETFs,312.4259
TRUSTMF Corporate Bond Fund-Reg(G),Growth,TRUSTMF Corporate Bond Fund-Reg(G),444,NEQ,400057,34,523,47440,Open ended scheme,0.63,Jalpan Shah,-0.09,0.0,0.0,1257.6278,2026-09-25,0.0,2023-01-20,6.42,1000.0,82.7127,Trust Mutual Fund,CRISIL Corporate Bond Index,3,2026-08-31,0.0763,0.6753,4.2495,6.3104,,3.107512703481367,Nil,-,,,,Unrated,,,Debt : Corporate Bond,1257.6278
Motilal Oswal Nifty 50 ETF,Growth,Motilal Oswal Nifty 50 ETF,154,EQ,400042,44,549,8634,Open ended scheme,0.3,Swapnil P Mayekar,0.34,35.0,0.0,242.554,2026-09-25,0.0,2010-07-28,9.66,10000.0,82.63159999999999,Motilal Oswal Mutual Fund,NIFTY 50 - TRI,3,2026-08-31,-4.8801,-3.4897,-6.0488,6.733,6.5312,-10.635507200990341,Nil,Financials,,,,Unrated,,,Equity : ETFs,242.554
Invesco India Banking and PSU Debt Fund-Reg(G),Growth,Invesco India Banking and PSU Debt Fund-Reg(G),449,NEQ,400021,33,606,17249,Open ended scheme,0.63,Vikas Garg,-0.05,0.0,0.0,2398.2738,2026-09-25,0.0,2012-12-29,6.57,1000.0,82.1978,Invesco Mutual Fund,NIFTY Banking and PSU Debt Index,3,2026-08-31,-0.0721,0.6254,4.5227,6.7483,5.218,3.1171223890171733,NIL,-,,,,3,,,Debt : Banking & PSU,2398.2738
Nippon India CRISIL-IBX AAA Financial Services - Jan 2028 Index Fund-Reg(G),Growth,Nippon India CRISIL-IBX AAA Financial Services - Jan 2028 Index Fund-Reg(G),774,NEQ,400025,27,322,49221,Open ended scheme,0.36,Vivek Sharma,-0.04,0.0,0.0,11.4167,2026-09-25,0.0,2024-10-25,7.15,1000.0,82.11919095984271,Nippon India Mutual Fund,CRISIL-IBX AAA Financial Services Index - Jan 2028,3,2026-08-31,0.3375,1.3431,5.5948,,,3.962082028119766,NIL,-,,,,Unrated,,,Debt : Medium to Long Duration,11.4167
SBI Nifty 200 Quality 30 ETF,Growth,SBI Nifty 200 Quality 30 ETF,504,EQ,400027,44,1000,41015,Open ended scheme,0.35,Viral Chhadva,0.43,32.0,,212.6434,2026-09-25,0.0,2018-12-10,11.38,5000.0,81.9444,SBI Mutual Fund,NIFTY200 Quality 30 - TRI,3,2026-08-31,-5.8405,-1.2336,-4.7092,6.7295,5.7647,-8.209355641188234,null,Technology,,,,Unrated,,,Equity : ETFs,212.6434
Canara Rob Dynamic Term Fund-Reg(G),Growth,Canara Rob Dynamic Term Fund-Reg(G),419,NEQ,400006,31,273,7792,Open ended scheme,1.71,Avnish Jain,0.0,0.0,0.0,29.6296,2026-09-25,0.0,2009-05-29,6.47,5000.0,81.8329,Canara Robeco Mutual Fund,CRISIL Dynamic Bond Index,3,2026-08-31,-0.746,-0.1698,1.6275,4.4219,4.0766,1.0376705438648586,Nil,-,,,,2,,,Debt : Dynamic Bond,29.6296
JM Short Term Fund-Reg(G),Growth,JM Short Term Fund-Reg(G),728,NEQ,400017,25,93,46751,Open ended scheme,1.09,Killol Pandya,-0.05,0.0,0.0,12.7222,2026-09-25,0.0,2022-08-29,6.08,1000.0,81.557694191,JM Financial Mutual Fund,CRISIL Short Duration Debt Index,3,2026-08-31,0.0338,0.7851,4.3214,6.2688,,3.0154334483149583,Nil,-,,,,Unrated,,,Debt : Short Duration,12.7222
Union Gilt Fund-Reg(G),Growth,Union Gilt Fund-Reg(G),422,NEQ,400045,29,231,46221,Open ended scheme,1.08,Parijat Agrawal,-0.02,0.0,0.0,12.1896,2026-09-25,0.0,2022-08-08,4.91,1000.0,81.2948,Union Mutual Fund,CRISIL Dynamic Gilt Index,3,2026-08-31,-0.9072,-1.1427,0.7738,4.5738,,0.3540085291357338,Nil,-,,,,Unrated,,,Debt : Gilt,12.1896
Mahindra Manulife Short Term Fund-Reg(G),Growth,Mahindra Manulife Short Term Fund-Reg(G),728,NEQ,400054,25,365,45310,Open ended scheme,1.24,Rahul Pal,-0.08,0.0,0.0,13.5396,2026-09-25,0.0,2021-02-23,5.57,1000.0,81.267,Mahindra Manulife Mutual Fund,CRISIL Short Duration Debt Index,3,2026-08-31,0.003,0.5742,4.7446,6.6095,5.5838,3.4378437843784324,Nil,-,,,,1,,,Debt : Short Duration,13.5396
Edelweiss CRISIL-IBX AAA Bond NBFC-HFC-Jun 2027 Index Fund-Reg(G),Growth,Edelweiss CRISIL-IBX AAA Bond NBFC-HFC-Jun 2027 Index Fund-Reg(G),777,NEQ,400035,25,65,49624,Open ended scheme,0.32,Dhawal Dalal,-0.04,0.0,0.1,11.2155,2026-09-25,0.0,2025-02-18,7.43,100.0,81.24770000000001,Edelweiss Mutual Fund,CRISIL-IBX AAA NBFC-HFC Index - Jun 2027,3,2026-08-31,0.482,1.609,6.2225,,,4.521774787284612,"0.10% on or before 30D, Nil after 30D",-,,,,Unrated,,,Debt : Short Duration,11.2155
Aditya Birla SL BSE 500 Momentum 50 Index Fund-Reg(G),Growth,Aditya Birla SL BSE 500 Momentum 50 Index Fund-Reg(G),818,EQ,400004,18,671,50025,Open ended scheme,1.43,Mehul Dama,0.28,188.0,0.1,10.7942,2026-09-25,0.0,2025-08-08,6.99,500.0,81.0939,Aditya Birla Sun Life Mutual Fund,BSE 500 Momentum 50 - TRI,3,2026-08-31,-2.575,2.4652,5.2805,,,2.589885664864051,"0.10% on or before 15D, Nil after 15D",Financials,,,,Unrated,,,Equity : Index Funds,10.7942
Samco Mid Cap Fund-Reg(G),Growth,Samco Mid Cap Fund-Reg(G),349,EQ,400059,4,949,50634,Open ended scheme,3.16,Umeshkumar Mehta,-0.1,1047.0,1.0,9.8,2026-09-25,0.0,2026-02-10,-2.0,5000.0,81.0821,Samco Mutual Fund,Nifty Midcap 150 - TRI,3,2026-08-31,-3.2577,-1.7051,,,,,"1% on or before 30D, Nil after 30D",Financials,,,,Unrated,,,Equity : Mid Cap,9.8
Invesco India Nifty G-sec Jul 2027 Index Fund-Reg(G),Growth,Invesco India Nifty G-sec Jul 2027 Index Fund-Reg(G),700,NEQ,400021,26,465,47794,Open ended scheme,0.28,Krishna Cheemalapati,0.01,0.0,0.25,1274.0549,2026-09-25,0.0,2023-03-20,7.12,1000.0,81.0444,Invesco Mutual Fund,Nifty G-sec Jul 2027 Index,3,2026-08-31,0.2511,1.0851,5.3388,7.142,,3.7227283666018747,"0.25% on or before 30D, Nil after 30D",-,,,,Unrated,,,Debt : Medium Duration,1274.0549
Baroda BNP Paribas Income Plus Arbitrage Active FoF-Reg(G),Growth,Baroda BNP Paribas Income Plus Arbitrage Active FoF-Reg(G),433,NEQ,400001,48,527,49897,Open ended scheme,0.23,Vikram Pamnani,0.01,,0.0,10.7542,2026-09-25,0.0,2025-05-23,5.57,1000.0,80.9455,Baroda BNP Paribas Mutual Fund,NIFTY Composite Debt Index,3,2026-08-31,0.2732,1.1855,5.8078,,,4.153874463695975,NIL,-,,,,Unrated,,,FoFs : Domestic,10.7542
Nippon India FMP-XLIV-1-1743D(G),Growth,Nippon India FMP-XLIV-1-1743D(G),437,NEQ,400025,36,876,46914,Close ended scheme,0.37,Vikash Agarwal,-0.01,,,13.3336,2026-09-25,0.0,2022-09-21,7.43,5000.0,80.9292411687052,Nippon India Mutual Fund,NIFTY Medium to Long Duration Debt Index,3,2026-08-31,0.282,1.1892,5.7945,7.3725,,4.034642843209933,null,-,,,,Unrated,,,Debt : FTP/FMP,13.3336
Mirae Asset Nifty 100 ESG Sector Leaders FoF-Reg(G),Growth,Mirae Asset Nifty 100 ESG Sector Leaders FoF-Reg(G),526,NEQ,400033,48,760,45135,Open ended scheme,0.47,Ekta Gala,0.23,,0.05,17.225,2026-09-25,0.0,2020-11-18,9.73,5000.0,80.8214,Mirae Asset Mutual Fund,Nifty100 ESG Sector Leaders - TRI,3,2026-08-31,-5.0807,-3.3498,-6.912,6.4112,4.9188,-10.635538261997391,"0.05% on or before 15D, Nil after 15D",-,,,,Unrated,,,FoFs : Domestic,17.225
Kotak BSE PSU Index Fund-Reg(G),Growth,Kotak BSE PSU Index Fund-Reg(G),402,EQ,400019,18,699,48890,Open ended scheme,1.11,Satish Dondapati,0.17,50.14,0.0,9.024,2026-09-25,0.0,2024-07-31,-4.66,100.0,80.5151,Kotak Mahindra Mutual Fund,BSE PSU - TRI,3,2026-08-31,-3.3212,-4.0612,2.6038,,,-2.1682567215958484,Nil,Financials,,,,Unrated,,,Equity : Index Funds,9.024
Mirae Asset Nifty SDL June 2028 Index Fund-Reg(G),Growth,Mirae Asset Nifty SDL June 2028 Index Fund-Reg(G),701,NEQ,400033,27,833,47763,Open ended scheme,0.55,Pranavi Kulkarni,0.0,0.0,0.0,12.7113,2026-09-25,0.0,2023-03-31,7.12,5000.0,80.44279999999999,Mirae Asset Mutual Fund,Nifty SDL June 2028 Index,3,2026-08-31,0.1158,1.1515,5.2975,7.1056,,3.300230796736342,Nil,-,,,,Unrated,,,Debt : Medium to Long Duration,12.7113
Axis Nifty500 Quality 50 Index Fund-Reg(G),Growth,Axis Nifty500 Quality 50 Index Fund-Reg(G),800,EQ,400040,18,397,49731,Open ended scheme,1.24,Nandik Mallik,0.14,,0.25,9.6595,2026-09-25,0.0,2025-09-10,-3.27,100.0,80.4262,Axis Mutual Fund,Nifty500 Quality 50 - TRI,3,2026-08-31,-5.3816,-3.8454,-2.0901,,,-0.3075557573818524,"0.25% on or before 15D, Nil after 15D",Technology,,,,Unrated,,,Equity : Index Funds,9.6595
ICICI Pru Retirement Fund-Pure Debt Plan(G),Growth,ICICI Pru Retirement Fund-Pure Debt Plan(G),433,NEQ,400015,31,893,25670,Open ended scheme,2.14,Darshil Dedhia,-0.06,0.0,0.0,15.6682,2026-09-25,5.0,2019-02-27,6.1,5000.0,80.343468463,ICICI Prudential Mutual Fund,NIFTY Composite Debt Index,3,2026-08-31,-0.3321,0.1444,3.246,5.5287,4.8802,2.2481515560863237,Nil,-,,,,1,,,Debt : Dynamic Bond,15.6682
Aditya Birla SL CRISIL-IBX AAA NBFC-HFC Index-Sep 2026 Fund-Reg(G),Growth,Aditya Birla SL CRISIL-IBX AAA NBFC-HFC Index-Sep 2026 Fund-Reg(G),770,NEQ,400004,25,788,49201,Open ended scheme,0.44,Harshil Suvarnkar,0.01,0.0,0.0,11.4822,2026-09-25,0.0,2024-10-08,7.29,1000.0,79.95729999999999,Aditya Birla Sun Life Mutual Fund,CRISIL-IBX AAA NBFC-HFC Index - Sep 2026,3,2026-08-31,0.462,1.5154,6.4566,,,4.778938723365423,Nil,-,,,,Unrated,,,Debt : Short Duration,11.4822
ICICI Pru Nifty EV & New Age Automotive ETF,Growth,ICICI Pru Nifty EV & New Age Automotive ETF,748,EQ,400015,44,763,49189,Open ended scheme,0.48,Nishit Patel,0.37,39.0,,31.4527,2026-09-25,0.0,2025-04-07,18.77,1000.0,79.840863801,ICICI Prudential Mutual Fund,Nifty EV and New Age Automotive - TRI,1,2026-08-31,-6.2191,-0.4608,0.7579,,,-0.32956551223670155,null,Automobile and Ancillaries,,,,Unrated,,,Equity : ETFs,31.4527
PGIM India Dynamic Term Fund(G),Growth,PGIM India Dynamic Term Fund(G),419,NEQ,400044,31,257,15247,Open ended scheme,1.68,Puneet Pal,-0.05,0.0,0.0,2696.0679,2026-09-25,0.0,2012-01-12,6.97,5000.0,79.55810000000001,PGIM India Mutual Fund,CRISIL Dynamic Bond Index,3,2026-08-31,-0.4609,-0.3169,2.115,5.5936,4.7555,1.2708153049403093,Nil,-,,,,3,,,Debt : Dynamic Bond,2696.0679
Kotak Multi Asset Active FOF-Reg(G),Growth,Kotak Multi Asset Active FOF-Reg(G),154,NEQ,400019,48,551,50818,Open ended scheme,1.09,Devender Singhal,0.18,,0.0,10.112,2026-09-25,0.0,2026-04-27,1.12,1000.0,79.55149999999999,Kotak Mahindra Mutual Fund,NIFTY 50 - TRI,3,2026-08-31,-3.0675,1.0291,,,,,"NIL upto 8% of units and 1% for remaining units on or before 6M, Nil after 6M",-,,,,Unrated,,,FoFs : Domestic,10.094
Mirae Asset Nifty 8-13 yr G-Sec ETF,Growth,Mirae Asset Nifty 8-13 yr G-Sec ETF,270,NEQ,400033,45,833,47899,Open ended scheme,0.11,Pranavi Kulkarni,-0.01,0.0,,30.1674,2026-09-25,0.0,2023-03-31,7.06,5000.0,79.431,Mirae Asset Mutual Fund,Nifty 8-13 yr G-Sec,3,2026-08-31,-1.1411,-0.3873,3.0241,6.8023,,2.016840823780052,null,-,,,,Unrated,,,Debt : ETFs,30.1674
JioBlackRock Nifty 50 ETF,Growth,JioBlackRock Nifty 50 ETF,154,EQ,400066,44,1123,51060,Open ended scheme,0.06,Anand Shah,0.33,0.01,,11.8663,2026-09-25,0.0,2026-08-14,-5.07,500.0,79.42945066600001,Jio BlackRock Mutual Fund,NIFTY 50 - TRI,1,2026-08-31,-4.8809,,,,,,null,Financials,,,,Unrated,,,Equity : ETFs,11.8663
Quantum Multi Asset Active FoF-Reg(G),Growth,Quantum Multi Asset Active FoF-Reg(G),154,NEQ,400024,48,1092,20096,Open ended scheme,0.5,Sneha Pandey,0.2,28.52,1.0,35.8696,2026-09-25,0.0,2012-07-11,9.36,500.0,79.2971717763876,Quantum Mutual Fund,NIFTY 50 - TRI,3,2026-08-31,-3.2429,0.1712,3.262,10.4037,9.0352,-1.5172690807247602,"1% on or before 90D, Nil after 90D",-,,,,Unrated,,,FoFs : Domestic,35.7967
UTI Nifty Midcap 150 Index Fund-Reg(G),Growth,UTI Nifty Midcap 150 Index Fund-Reg(G),349,EQ,400032,18,620,49368,Open ended scheme,1.09,Sharwan Kumar Goyal,-0.15,33.0,0.0,10.6749,2026-09-25,0.0,2024-11-28,3.64,1000.0,79.2664,UTI Mutual Fund,Nifty Midcap 150 - TRI,3,2026-08-31,-4.6816,-1.3766,4.6026,,,0.5870380491114212,Nil,Financials,,,,Unrated,,,Equity : Index Funds,10.6749
Kotak Nifty 50 Value 20 ETF,IDCW,Kotak Nifty 50 Value 20 ETF,339,EQ,400019,44,699,31116,Open ended scheme,0.43,Satish Dondapati,0.23,68.79,,13.411,2026-09-25,0.0,2015-12-02,12.97,5000.0,78.8446,Kotak Mahindra Mutual Fund,Nifty50 Value 20 - TRI,1,2026-08-31,-4.2003,-5.0226,-8.6786,4.6464,6.1041,-13.578894459408955,null,Financials,,,,Unrated,,,Equity : ETFs,13.411
Groww Multi Asset Omni FOF-Reg(G),Growth,Groww Multi Asset Omni FOF-Reg(G),312,NEQ,400048,48,935,50379,Open ended scheme,1.27,Paras Matalia,-0.04,130.0,0.0,10.227,2026-09-25,0.0,2025-12-22,2.27,500.0,78.58017723799999,Groww Mutual Fund,NIFTY 500 - TRI,3,2026-08-31,-3.4542,0.439,,,,2.2597571335765396,Nil,-,,,,Unrated,,,FoFs : Domestic,10.2316
Tata Multi Sector Passive FOF-Reg(G),Growth,Tata Multi Sector Passive FOF-Reg(G),312,NEQ,400030,48,1205,50755,Open ended scheme,0.77,Nikunj Kumar Singhal,0.15,7.71,0.5,9.6686,2026-09-25,0.0,2026-07-09,-3.31,5000.0,78.1197383359,Tata Mutual Fund,NIFTY 500 - TRI,3,2026-08-31,-3.7883,,,,,,"0.50% on or before 30D, Nil after 30D",-,,,,Unrated,,,FoFs : Domestic,9.6686
Sundaram LT Micro Cap Tax Adv Fund-Sr III-Reg(G),Growth,Sundaram LT Micro Cap Tax Adv Fund-Sr III-Reg(G),228,EQ,400029,6,628,36026,Close ended scheme,1.2,Rohit Seksaria,-0.41,16.98,,35.3276,2026-09-25,3.0,2016-11-18,13.66,500.0,78.081277,Sundaram Mutual Fund,Nifty Smallcap 100,3,2026-08-31,-3.1816,-1.1981,6.4565,11.887,14.5402,6.398178488820337,null,Financials,,,,Unrated,,,Equity : Tax Saving (ELSS),35.3276
Mirae Asset BSE Midcap 150 Momentum 30 ETF,Growth,Mirae Asset BSE Midcap 150 Momentum 30 ETF,842,EQ,400033,44,760,50929,Open ended scheme,0.25,Ekta Gala,-0.17,,,12.7509,2026-09-25,0.0,2026-07-16,1.06,5000.0,77.8216,Mirae Asset Mutual Fund,BSE Midcap 150 Momentum 30 - TRI,1,2026-08-31,-3.4842,,,,,,null,Financials,,,,Unrated,,,Equity : ETFs,12.7509
Tata Nifty500 Multicap Infrastructure 50:30:20 Index Fund-Reg(G),Growth,Tata Nifty500 Multicap Infrastructure 50:30:20 Index Fund-Reg(G),730,EQ,400030,18,1116,48786,Open ended scheme,1.14,Nitin Sharma,0.03,47.99,0.25,10.5956,2026-09-25,0.0,2024-04-26,2.42,5000.0,76.9630649991,Tata Mutual Fund,Nifty500 Multicap Infrastructure 50:30:20 - TRI,3,2026-08-31,-4.4744,-4.3416,0.0671,,,-3.183479532163757,"0.25% on or before 15D, Nil after 15D",Energy,,,,Unrated,,,Equity : Index Funds,10.5956
Mahindra Manulife Overnight Fund-Reg(G),Growth,Mahindra Manulife Overnight Fund-Reg(G),500,NEQ,400054,20,365,42560,Open ended scheme,0.19,Rahul Pal,0.01,0.0,0.0,1418.7576,2026-09-27,0.0,2019-07-23,4.99,1000.0,76.8888,Mahindra Manulife Mutual Fund,CRISIL Liquid Overnight Index,1,2026-08-31,0.4033,1.2419,5.137,5.9403,5.6188,3.7037015376353275,Nil,-,,,,2,,,Debt : Overnight,1418.562
Motilal Oswal Asset Allocation Passive FoF-Conservative-Reg(G),Growth,Motilal Oswal Asset Allocation Passive FoF-Conservative-Reg(G),528,NEQ,400042,48,549,45346,Open ended scheme,0.59,Swapnil P Mayekar,0.65,,1.0,17.4766,2026-09-25,0.0,2021-03-12,10.6,500.0,76.30199999999999,Motilal Oswal Mutual Fund,Nifty 5 yr Benchmark G-Sec Index TRI,3,2026-08-31,-1.6605,1.1471,7.4194,12.6878,9.7595,2.2718169823767784,"1% on or before 15D, Nil after 15D",-,,,,Unrated,,,FoFs : Domestic,17.3633
Mirae Asset Hang Seng TECH ETF FoF-Reg(G),Growth,Mirae Asset Hang Seng TECH ETF FoF-Reg(G),574,NEQ,400033,49,760,46071,Open ended scheme,0.47,Ekta Gala,0.0,,0.5,11.047,2026-09-25,0.0,2021-12-08,2.1,5000.0,75.9378,Mirae Asset Mutual Fund,Hang Seng TECH TRI,5,2026-08-31,-4.8493,1.5256,-23.3805,14.8045,,-14.800246799321293,"0.50% on or before 3M, Nil after 3M",-,,,,Unrated,,,FoFs : Overseas,11.047
Quant Gilt Fund-Reg(G),Growth,Quant Gilt Fund-Reg(G),422,NEQ,400010,29,179,47345,Open ended scheme,1.59,Sanjeev Sharma,-0.03,0.0,0.0,12.0701,2026-09-25,0.0,2022-12-21,5.13,5000.0,75.69109999999999,Quant Mutual Fund,CRISIL Dynamic Gilt Index,3,2026-08-31,-0.8241,-0.4093,2.2396,4.7397,,1.5317967698519528,Nil,-,,,,Unrated,,,Debt : Gilt,12.0701
AlphaGrep Multi Asset Allocation Fund-Reg(G),Growth,AlphaGrep Multi Asset Allocation Fund-Reg(G),433,NEQ,400087,42,1252,50972,Open ended scheme,3.36,Ravneet Singh,0.18,0.0,1.0,10.3015,2026-09-25,0.0,2026-07-24,3.02,500.0,75.5113,AlphaGrep Mutual Fund,NIFTY Composite Debt Index,3,2026-08-31,-0.9262,,,,,,"1% on or before 15D, Nil after 15D",Financials,,,,Unrated,,,Hybrid : Multi Asset Allocation,10.3015
Groww Value Fund-Reg(G),Growth,Groww Value Fund-Reg(G),312,EQ,400048,17,406,33606,Open ended scheme,2.87,Anupam Tiwari,0.14,207.0,1.0,26.9388,2026-09-25,0.0,2015-09-07,9.38,500.0,74.47490994900001,Groww Mutual Fund,NIFTY 500 - TRI,3,2026-08-31,-2.6176,-0.8914,-0.6967,11.1536,9.3436,-2.192595497173478,"1% on or before 1Y, Nil after 1Y",Financials,,,,Unrated,,,Equity : Value / Contra,26.9388
Navi Liquid Fund-Reg(G),Growth,Navi Liquid Fund-Reg(G),42,NEQ,400041,21,1010,8544,Open ended scheme,0.32,Tanmay Sethi,0.02,0.0,0.007,30.401,2026-09-27,0.0,2010-02-19,6.92,100.0,73.805469,Navi Mutual Fund,CRISIL Liquid Debt Index,1,2026-08-31,0.4212,1.3549,5.7,6.3377,6.0259,4.185761145634461,"0.007% for Day 1, 0.0065% on Day 2, 0.0060% on Day 3, 0.0055% on Day 4, 0.0050% on Day 5, 0.0045% on Day 6, NIL on or after 7D",-,,,,Unrated,,,Debt : Liquid,30.3963
Tata Nifty G-Sec Dec 2026 Index Fund-Reg(G),Growth,Tata Nifty G-Sec Dec 2026 Index Fund-Reg(G),661,NEQ,400030,26,460,47436,Open ended scheme,0.4,Amit Somani,0.01,0.0,0.0,12.7404,2026-09-25,0.0,2023-01-16,6.78,5000.0,73.38632647280001,Tata Mutual Fund,Nifty G-sec Dec 2026 Index,3,2026-08-31,0.4344,1.2766,5.439,6.8573,,3.857440980826908,Nil,-,,,,Unrated,,,Debt : Medium Duration,12.7404
Taurus ELSS Tax Saver Fund-Reg(G),Growth,Taurus ELSS Tax Saver Fund-Reg(G),379,EQ,400031,6,911,3314,Open ended scheme,2.61,Anuj Kapil,0.38,63.0,0.0,183.7,2026-09-25,3.0,1996-03-31,11.53,500.0,72.3982,Taurus Mutual Fund,BSE 500 - TRI,3,2026-08-31,-0.1847,4.1206,-1.0877,10.024,9.8319,-0.010896139361637788,Nil,Financials,,,,Unrated,,,Equity : Tax Saving (ELSS),183.7
Aditya Birla SL US Treasury 1-3 Year Bonds ETFs Passive FOF-Reg(G),Growth,Aditya Birla SL US Treasury 1-3 Year Bonds ETFs Passive FOF-Reg(G),715,NEQ,400004,45,977,48274,Open ended scheme,0.18,Vighnesh Gupta,-0.11,0.0,0.25,12.8409,2026-09-25,0.0,2023-10-31,8.99,10000.0,71.9773,Aditya Birla Sun Life Mutual Fund,Bloomberg US Treasury 1-3 Year Index,5,2026-08-31,-0.3345,1.1955,9.7869,,,7.10518641949594,"0.25% on or before 30D, Nil after 30D",-,,,,Unrated,,,Debt : ETFs,12.8553
Nippon India ETF Nifty Dividend Opportunities 50,Growth,Nippon India ETF Nifty Dividend Opportunities 50,331,EQ,400025,44,1074,17481,Open ended scheme,0.39,Jitendra Tolani,0.08,47.0,0.0,74.1508,2026-09-25,0.0,2014-04-15,12.45,5000.0,71.391103808,Nippon India Mutual Fund,Nifty Dividend Opportunities 50 - TRI,3,2026-08-31,-5.0381,-2.6803,-4.259,8.4895,10.0932,-11.217592975070549,Nil,Financials,,,,Unrated,,,Equity : ETFs,74.1508
Mirae Asset Nifty 50 Index Fund-Reg(G),Growth,Mirae Asset Nifty 50 Index Fund-Reg(G),154,EQ,400033,18,760,48894,Open ended scheme,0.87,Ekta Gala,0.33,,0.0,9.544,2026-09-25,0.0,2024-10-24,-2.4,5000.0,71.1471,Mirae Asset Mutual Fund,NIFTY 50 - TRI,3,2026-08-31,-4.944,-3.6699,-6.806,,,-11.161582783367924,NIL,Financials,,,,Unrated,,,Equity : Index Funds,9.544
Sundaram Income Plus Arbitrage Active FoF-Reg(G),Growth,Sundaram Income Plus Arbitrage Active FoF-Reg(G),443,NEQ,400029,48,300,50612,Open ended scheme,0.63,S. Bharath,0.0,,0.0,10.3927,2026-09-25,0.0,2026-01-12,3.93,5000.0,70.986308,Sundaram Mutual Fund,Nifty Short Duration Debt Index,3,2026-08-31,0.274,1.1298,,,,,NIL,-,,,,Unrated,,,FoFs : Domestic,10.3927
Tata Nifty Financial Services Index Fund-Reg(G),Growth,Tata Nifty Financial Services Index Fund-Reg(G),330,EQ,400030,18,1116,48760,Open ended scheme,1.1,Nitin Sharma,0.56,70.17,0.25,11.6298,2026-09-25,0.0,2024-04-26,6.45,5000.0,70.9622133832,Tata Mutual Fund,Nifty Financial Services - TRI,3,2026-08-31,-4.478,-6.2597,-4.7464,,,-9.162767810417952,"0.25% on or before 15D, Nil after 15D",Financials,,,,Unrated,,,Equity : Index Funds,11.6298
Nippon India FMP-XLI-8-3654D(G),Growth,Nippon India FMP-XLI-8-3654D(G),422,NEQ,400025,36,19,43259,Close ended scheme,0.4,Amit Tripathi,0.12,,,17.4078,2026-09-25,0.0,2019-04-26,7.75,5000.0,70.1749138380509,Nippon India Mutual Fund,CRISIL Dynamic Gilt Index,3,2026-08-31,-0.0511,0.8049,5.0384,7.2252,6.1978,3.3944512749238274,null,-,,,,Unrated,,,Debt : FTP/FMP,17.4078
UTI Nifty Alpha Low-Volatility 30 Index Fund-Reg(G),Growth,UTI Nifty Alpha Low-Volatility 30 Index Fund-Reg(G),361,EQ,400032,18,620,49366,Open ended scheme,1.27,Sharwan Kumar Goyal,0.31,86.0,0.0,9.4164,2026-09-25,0.0,2024-11-28,-3.24,1000.0,69.88600000000001,UTI Mutual Fund,NIFTY Alpha Low-Volatility 30 - TRI,3,2026-08-31,-4.7338,-1.532,-1.4186,,,-3.988743423467528,Nil,Healthcare,,,,Unrated,,,Equity : Index Funds,9.4164
ICICI Pru FMP-88-1303D-S(G),Growth,ICICI Pru FMP-88-1303D-S(G),417,NEQ,400015,36,893,47688,Close ended scheme,0.34,Darshil Dedhia,0.01,,,12.7551,2026-09-25,0.0,2023-03-14,7.12,5000.0,69.3816613729,ICICI Prudential Mutual Fund,CRISIL Medium Duration Debt Index,3,2026-08-31,0.4101,1.2663,5.4908,7.0063,,3.922207647245743,null,-,,,,Unrated,,,Debt : FTP/FMP,12.7551
360 ONE ELSS Tax Saver Nifty 50 Index Fund-Reg(G),Growth,360 ONE ELSS Tax Saver Nifty 50 Index Fund-Reg(G),154,EQ,400047,6,1176,47302,Open ended scheme,0.62,Viral Mehta,0.33,10.0,0.0,13.0444,2026-09-25,3.0,2022-12-28,7.35,500.0,68.8794349046768,360 ONE Mutual Fund,NIFTY 50 - TRI,3,2026-08-31,-4.909,-3.6104,-6.3965,6.2396,,-10.859329620391568,Nil,Financials,,,,Unrated,,,Equity : Tax Saving (ELSS),13.0444
Bank of India Credit Risk Fund-Reg(G),Growth,Bank of India Credit Risk Fund-Reg(G),727,NEQ,400034,35,14,30390,Open ended scheme,1.37,Alok Singh,-0.03,0.0,0.0,14.4722,2026-09-25,0.0,2015-02-27,3.24,5000.0,68.7102,Bank of India Mutual Fund,CRISIL Credit Risk Debt Index,3,2026-08-31,0.4972,1.4703,17.3529,9.6555,27.3202,15.168588503990899,"NIL for 10% of investments and 1% for remaining investments on or before 1Y, NIL after 1Y",-,,,,2,,,Debt : Credit Risk,14.4722
DSP US Specific Debt Passive FoF-Reg(G),Growth,DSP US Specific Debt Passive FoF-Reg(G),836,NEQ,400009,49,1009,48492,Open ended scheme,0.23,Kaivalya Nadkarni,-0.14,0.0,0.1,12.1992,2026-09-25,0.0,2024-03-18,8.2,100.0,68.6532,DSP Mutual Fund,MSCI U.S. Government Bond Index,3,2026-08-31,-3.2462,-2.5958,5.4018,,,2.166967750568715,"0.10% before 7D, Nil on or after 7D",-,,,,Unrated,,,FoFs : Overseas,12.2159
Bank of India Midcap Tax Fund-Sr 1-Reg(G),Growth,Bank of India Midcap Tax Fund-Sr 1-Reg(G),379,EQ,400034,6,1029,38076,Close ended scheme,1.36,Nilesh Jethani,-0.03,16.0,,29.93,2026-09-25,3.0,2018-02-19,13.59,500.0,68.1753,Bank of India Mutual Fund,BSE 500 - TRI,3,2026-08-31,-1.0251,2.9938,9.6337,14.3302,11.33,10.19882179675994,null,Financials,,,,Unrated,,,Equity : Tax Saving (ELSS),29.93
Kotak Nifty 50 Equal Weight Index Fund-Reg(G),Growth,Kotak Nifty 50 Equal Weight Index Fund-Reg(G),359,EQ,400019,18,699,49426,Open ended scheme,0.93,Satish Dondapati,0.25,68.48,0.0,10.745,2026-09-25,0.0,2024-12-23,4.18,100.0,67.48270000000001,Kotak Mahindra Mutual Fund,NIFTY50 Equal Weight - TRI,3,2026-08-31,-4.7429,-2.5308,-0.739,,,-4.709116708052506,NIL,Financials,,,,Unrated,,,Equity : Index Funds,10.745
Motilal Oswal BSE Low Volatility Index Fund-Reg(G),Growth,Motilal Oswal BSE Low Volatility Index Fund-Reg(G),468,EQ,400042,18,549,46438,Open ended scheme,1.2,Swapnil P Mayekar,0.15,59.0,1.0,15.0298,2026-09-25,0.0,2022-03-23,9.45,500.0,66.8664,Motilal Oswal Mutual Fund,BSE Low Volatility Index - TRI,3,2026-08-31,-4.8602,-4.7867,-7.4793,6.0459,,-10.915513828135195,"1% on or before 15D, Nil after 15D",FMCG,,,,Unrated,,,Equity : Index Funds,15.0298
Mirae Asset Global Electric & Autonomous Vehicles Equity Passive FOF-Reg(G),Growth,Mirae Asset Global Electric & Autonomous Vehicles Equity Passive FOF-Reg(G),638,NEQ,400033,49,779,46002,Open ended scheme,0.43,Siddharth Srivastava,0.75,,1.0,15.63,2026-09-25,0.0,2022-09-07,11.65,5000.0,66.4354,Mirae Asset Mutual Fund,Solactive Autonomous & Electric Vehicles Index - TRI,5,2026-08-31,-3.7917,-10.7673,24.6312,17.2677,,13.747342180511769,"1% on or before 1Y(365D), Nil after 1Y(365D)",-,,,,Unrated,,,FoFs : Overseas,15.514
Axis Nifty SDL Sep 2026 Debt Index Fund-Reg(G),Growth,Axis Nifty SDL Sep 2026 Debt Index Fund-Reg(G),663,NEQ,400040,26,493,47113,Open ended scheme,0.32,Aditya Pagaria,0.01,0.0,0.0,12.9976,2026-09-25,0.0,2022-11-22,7.06,5000.0,65.6406,Axis Mutual Fund,Nifty SDL Sep 2026 Index,3,2026-08-31,0.4257,1.2866,5.5814,7.0849,,4.004096917709574,Nil,-,,,,Unrated,,,Debt : Medium Duration,12.9976
TRUSTMF FMP-SR-II-Reg(G),Growth,TRUSTMF FMP-SR-II-Reg(G),417,NEQ,400057,36,523,45723,Close ended scheme,,Jalpan Shah,0.01,,,1294.2584,2026-07-09,0.0,2023-03-31,8.19,5000.0,65.5567,Trust Mutual Fund,CRISIL Medium Duration Debt Index,3,2026-06-30,0.4292,1.4431,6.6971,8.2585,,3.4187371721245743,null,-,,,,Unrated,,,Debt : FTP/FMP,1294.2584
UTI CRISIL SDL Maturity June 2027 Index Fund-Reg(G),Growth,UTI CRISIL SDL Maturity June 2027 Index Fund-Reg(G),674,NEQ,400032,27,889,47369,Open ended scheme,0.42,Jaydeep Bhowal,-0.02,0.0,0.0,12.9055,2026-09-25,0.0,2023-01-11,7.12,5000.0,65.48,UTI Mutual Fund,CRISIL IBX SDL Index - June 2027,3,2026-08-31,0.3226,1.2426,5.8418,7.2163,,4.101798822295715,Nil,-,,,,Unrated,,,Debt : Medium to Long Duration,12.9055
DSP Nifty Bank Index Fund-Reg(G),Growth,DSP Nifty Bank Index Fund-Reg(G),311,EQ,400009,18,597,48801,Open ended scheme,0.99,Anil Ghelani,0.25,31.0,0.0,11.2896,2026-09-25,0.0,2024-05-31,5.37,100.0,65.308,DSP Mutual Fund,NIFTY BANK - TRI,3,2026-08-31,-3.4425,-4.5188,0.7658,,,-6.791499479863275,Nil,Financials,,,,Unrated,,,Equity : Index Funds,11.2896
Baroda BNP Paribas Aqua FoF-Reg(G),Growth,Baroda BNP Paribas Aqua FoF-Reg(G),57,NEQ,400001,49,1058,45484,Open ended scheme,1.58,Swapna Shelar,-0.68,24.0,1.0,15.0952,2026-09-24,0.0,2021-05-07,7.94,5000.0,65.2308,Baroda BNP Paribas Mutual Fund,MSCI World,5,2026-08-31,-5.1118,-2.3779,9.2454,14.0181,7.1645,8.245012692357342,"1% on or before 12M, Nil after 12M",-,,,,Unrated,,,FoFs : Overseas,15.0952
Bank of India Conservative Hybrid Fund-Reg(G),Growth,Bank of India Conservative Hybrid Fund-Reg(G),302,NEQ,400034,52,14,7569,Open ended scheme,2.25,Alok Singh,0.05,0.0,0.0,35.0358,2026-09-25,0.0,2009-03-18,7.41,5000.0,65.2186,Bank of India Mutual Fund,CRISIL Hybrid 85+15 - Conservative Index,3,2026-08-31,-0.9239,-0.0818,2.0452,5.695,8.8239,1.2294028078346606,"NIL for 10% of investments and 1% for remaining investments on or before 3M, NIL after 3M",Healthcare,,,,Unrated,,,Hybrid : Conservative Hybrid,35.0358
Edelweiss Nifty 1D Rate Liquid ETF(G),Growth,Edelweiss Nifty 1D Rate Liquid ETF(G),293,NEQ,400035,45,1036,50360,Open ended scheme,0.22,Hetul Raval,0.01,0.0,,1049.4224,2026-09-27,0.0,2025-10-06,4.94,5000.0,65.137,Edelweiss Mutual Fund,Nifty 1D Rate Index,1,2026-08-31,0.3924,1.2186,,,,3.630044974585385,null,-,,,,Unrated,,,Debt : ETFs,1049.2826
UTI FTIF-XXXVI-I(1574D)(G),Growth,UTI FTIF-XXXVI-I(1574D)(G),728,NEQ,400032,36,889,47684,Close ended scheme,,Jaydeep Bhowal,0.01,0.0,,12.8883,2026-09-25,0.0,2023-02-28,7.35,5000.0,64.9497,UTI Mutual Fund,CRISIL Short Duration Debt Index,3,2026-08-31,0.2185,1.0364,5.387,7.1571,,3.6645298285971566,null,-,,,,Unrated,,,Debt : FTP/FMP,12.8883
Aditya Birla SL BSE 500 Quality 50 Index Fund-Reg(G),Growth,Aditya Birla SL BSE 500 Quality 50 Index Fund-Reg(G),817,EQ,400004,18,671,50026,Open ended scheme,1.09,Mehul Dama,0.18,96.0,0.1,10.4529,2026-09-25,0.0,2025-08-08,3.99,500.0,64.7961,Aditya Birla Sun Life Mutual Fund,BSE 500 Quality 50 - TRI,3,2026-08-31,-4.4341,-1.7815,0.5628,,,-0.6548309224657479,"0.10% on or before 15D, Nil after 15D",FMCG,,,,Unrated,,,Equity : Index Funds,10.4529
Zerodha Nifty 50 ETF,Growth,Zerodha Nifty 50 ETF,154,EQ,400062,44,811,50265,Open ended scheme,0.05,Kedarnath Mirajkar,0.34,70.0,,9.3012,2026-09-25,0.0,2025-10-14,-6.98,1000.0,64.03392452899999,Zerodha Mutual Fund,NIFTY 50 - TRI,1,2026-08-31,-4.8607,-3.4424,,,,-10.480168622053691,null,Financials,,,,Unrated,,,Equity : ETFs,9.3012
Tata Nifty Realty Index Fund-Reg(G),Growth,Tata Nifty Realty Index Fund-Reg(G),320,EQ,400030,18,1116,48684,Open ended scheme,1.13,Nitin Sharma,0.92,51.41,0.25,8.791,2026-09-25,0.0,2024-04-26,-5.19,5000.0,63.8000329451,Tata Mutual Fund,NIFTY REALTY - TRI,3,2026-08-31,-5.3163,5.3862,-1.1892,,,-1.436243567176059,"0.25% on or before 15D, Nil after 15D",Real Estate,,,,Unrated,,,Equity : Index Funds,8.791
Quantum Nifty 50 ETF,Growth,Quantum Nifty 50 ETF,154,EQ,400024,44,78,5382,Open ended scheme,0.12,Hitendra Parekh,0.34,20.56,0.0,254.9866,2026-09-25,0.0,2008-07-10,11.13,5000.0,63.7047847331985,Quantum Mutual Fund,NIFTY 50 - TRI,1,2026-08-31,-4.8837,-3.506,-6.1042,6.6804,6.4736,-10.665824596804335,Nil,Financials,,,,Unrated,,,Equity : ETFs,254.9866
TRUSTMF Short Term Fund-Reg(G),Growth,TRUSTMF Short Term Fund-Reg(G),728,NEQ,400057,25,523,45652,Open ended scheme,0.73,Jalpan Shah,-0.04,0.0,0.0,1328.6272,2026-09-25,0.0,2021-08-06,5.68,1000.0,63.1689,Trust Mutual Fund,CRISIL Short Duration Debt Index,3,2026-08-31,0.2979,1.0095,4.6923,6.563,5.6386,3.308293675999442,Nil,-,,,,Unrated,,,Debt : Short Duration,1328.6272
ITI Arbitrage Fund-Reg(G),Growth,ITI Arbitrage Fund-Reg(G),277,EQ,400056,38,991,44126,Open ended scheme,1.81,Vikas Nathani,0.07,,0.0,13.8628,2026-09-25,0.0,2019-09-09,4.74,5000.0,62.9907,ITI Mutual Fund,Nifty 50 Arbitrage,3,2026-08-31,0.2241,1.2149,5.7381,6.5248,5.3811,3.9642423242489304,"NIL upto 10% of units and 0.25% for remaining units on or before 15D, NIL after 15D",Financials,,,,Unrated,,,Hybrid : Arbitrage,13.8628
Motilal Oswal BSE 1000 Index Fund-Reg(G),Growth,Motilal Oswal BSE 1000 Index Fund-Reg(G),814,EQ,400042,18,549,49898,Open ended scheme,1.12,Swapnil P Mayekar,0.18,13.0,1.0,9.764,2026-09-25,0.0,2025-06-25,-1.89,500.0,62.7316,Motilal Oswal Mutual Fund,BSE 1000 - TRI,3,2026-08-31,-3.8863,-1.5309,-1.4882,,,-4.347655714257737,"1% on or before 15D, Nil after 15D",Financials,,,,Unrated,,,Equity : Index Funds,9.764
Union Dynamic Term Fund(G),Growth,Union Dynamic Term Fund(G),419,NEQ,400045,31,231,16032,Open ended scheme,1.54,Parijat Agrawal,-0.11,0.0,0.0,23.4256,2026-09-25,0.0,2012-02-13,5.99,1000.0,62.5951,Union Mutual Fund,CRISIL Dynamic Bond Index,3,2026-08-31,-0.8549,-1.0007,0.9637,4.7837,3.9068,0.4239776736529403,NIL,-,,,,3,,,Debt : Dynamic Bond,23.4256
Groww Money Market Fund-Reg(G),Growth,Groww Money Market Fund-Reg(G),420,NEQ,400048,24,751,50361,Open ended scheme,0.86,Kaustubh Sule,-0.01,0.0,0.0,10.4511,2026-09-25,0.0,2025-11-19,4.51,500.0,61.676443759,Groww Mutual Fund,CRISIL Money Market Index,3,2026-08-31,0.4527,1.4502,,,,3.859799059894469,NIL,-,,,,Unrated,,,Debt : Money Market,10.4511
Taurus Large Cap Fund-Reg(G),Growth,Taurus Large Cap Fund-Reg(G),300,EQ,400031,1,911,3305,Open ended scheme,2.76,Anuj Kapil,0.43,97.0,1.0,168.43,2026-09-25,0.0,1995-02-28,10.64,500.0,60.1812,Taurus Mutual Fund,BSE 100 - TRI,3,2026-08-31,-0.0534,8.2803,7.7607,13.0263,9.9427,3.661975299521019,"1% on or before 365D, Nil after 365D",Financials,,,,Unrated,,,Equity : Large Cap,168.43
HDFC Nifty PSU Bank ETF,Growth,HDFC Nifty PSU Bank ETF,321,EQ,400013,44,37,48522,Open ended scheme,0.29,Arun Agarwal,0.28,238.79,,83.9291,2026-09-25,0.0,2024-01-31,11.59,500.0,60.14189999999999,HDFC Mutual Fund,NIFTY PSU BANK - TRI,3,2026-08-31,-3.6142,-3.9991,12.6006,,,-2.3578397269294116,null,Financials,,,,Unrated,,,Equity : ETFs,83.9291
Nippon India FMP-XLV-5-1158D(G),Growth,Nippon India FMP-XLV-5-1158D(G),417,NEQ,400025,36,876,47900,Close ended scheme,0.38,Vikash Agarwal,-0.06,,,13.2364,2026-09-25,0.0,2023-03-31,8.36,5000.0,59.9533064663484,Nippon India Mutual Fund,CRISIL Medium Duration Debt Index,3,2026-08-31,0.4912,1.4214,7.4078,8.2534,,5.492018203119395,null,-,,,,Unrated,,,Debt : FTP/FMP,13.2364
Groww Nifty India Railways PSU Index Fund-Reg(G),Growth,Groww Nifty India Railways PSU Index Fund-Reg(G),782,EQ,400048,18,1097,49495,Open ended scheme,1.16,Aakash Chauhan,-0.27,30.0,1.0,7.2121,2026-09-25,0.0,2025-02-04,-18.08,500.0,59.894263854,Groww Mutual Fund,Nifty India Railways PSU Index - TRI,3,2026-08-31,-6.4081,-8.8495,-24.4118,,,-24.55094205400202,"1% on or before 30D, Nil after 30D",Logistics,,,,Unrated,,,Equity : Index Funds,7.2121
Nippon India ETF Nifty 50 Shariah BeES,Growth,Nippon India ETF Nifty 50 Shariah BeES,281,EQ,400025,44,1074,7599,Open ended scheme,0.97,Jitendra Tolani,-0.22,44.0,0.0,432.1481,2026-09-25,0.0,2009-03-18,11.4,10000.0,59.653165068999996,Nippon India Mutual Fund,Nifty50 Shariah - TRI,3,2026-08-31,-6.4047,-3.5886,-11.6943,-0.9325,-1.3799,-16.114096681937305,Nil,Technology,,,,Unrated,,,Equity : ETFs,432.1481
Mirae Asset Nifty India New Age Consumption ETF,Growth,Mirae Asset Nifty India New Age Consumption ETF,780,EQ,400033,44,760,49489,Open ended scheme,0.45,Ekta Gala,0.23,,,11.621,2026-09-25,0.0,2024-12-26,-0.74,5000.0,59.549499999999995,Mirae Asset Mutual Fund,Nifty India New Age Consumption - TRI,1,2026-08-31,-6.4686,1.8394,-4.019,,,-2.049038696572012,null,Automobile and Ancillaries,,,,Unrated,,,Equity : ETFs,11.621
Quant Equity Savings Fund-Reg(G),Growth,Quant Equity Savings Fund-Reg(G),560,EQ,400010,55,179,50041,Open ended scheme,3.75,Sanjeev Sharma,0.39,1063.0,1.0,10.8212,2026-09-25,0.0,2025-07-24,6.96,5000.0,59.4427,Quant Mutual Fund,NIFTY 50 Equity Savings Index - TRI,3,2026-08-31,0.5314,1.9617,7.6843,,,7.193660227835548,"1% on or before 15D, Nil after 15D",Financials,,,,Unrated,,,Hybrid : Equity Savings,10.8212
Quantum Multi Asset Allocation Fund-Reg(G),Growth,Quantum Multi Asset Allocation Fund-Reg(G),433,NEQ,400024,42,1092,48217,Open ended scheme,2.02,Sneha Pandey,0.35,83.95,1.0,11.6,2026-09-25,0.0,2024-03-07,5.98,500.0,59.2655828139463,Quantum Mutual Fund,NIFTY Composite Debt Index,3,2026-08-31,-3.8143,-0.5998,-0.8547,,,-4.605263157894741,"1% on or before 90D, Nil after 90D",Financials,,,,Unrated,,,Hybrid : Multi Asset Allocation,11.6
PGIM India Equity Savings Fund(G),Growth,PGIM India Equity Savings Fund(G),436,EQ,400044,55,769,845,Open ended scheme,1.78,Anandha Padmanabhan Anjeneyan,0.16,27.0,0.0,50.8269,2026-09-25,0.0,2004-02-05,7.44,5000.0,59.0663,PGIM India Mutual Fund,NIFTY 50 Equity Savings Index,3,2026-08-31,-1.2698,0.4568,2.6677,5.7366,5.2204,0.9592006991895772,Nil,Financials,,,,1,,,Hybrid : Equity Savings,50.8269
Union Income Plus Arbitrage Active FOF-Reg(G),Growth,Union Income Plus Arbitrage Active FOF-Reg(G),40,NEQ,400045,48,678,49932,Open ended scheme,0.58,Vishal Thakker,0.0,0.0,0.0,10.4572,2026-09-25,0.0,2025-06-12,3.53,1000.0,58.758,Union Mutual Fund,CRISIL Composite Bond Index,3,2026-08-31,-0.0048,0.5839,4.0994,,,2.8290476424603077,NIL,-,,,,Unrated,,,FoFs : Domestic,10.4572
Motilal Oswal BSE Quality Index Fund-Reg(G),Growth,Motilal Oswal BSE Quality Index Fund-Reg(G),620,EQ,400042,18,549,46744,Open ended scheme,1.11,Swapnil P Mayekar,0.1,78.0,1.0,16.4319,2026-09-25,0.0,2022-08-22,12.89,500.0,58.498599999999996,Motilal Oswal Mutual Fund,BSE Quality Index - TRI,3,2026-08-31,-5.3696,-3.7201,-1.0699,10.9641,,-4.087624473214194,"1% on or before 15D, Nil after 15D",FMCG,,,,Unrated,,,Equity : Index Funds,16.4319
Quant Overnight Fund-Reg(G),Growth,Quant Overnight Fund-Reg(G),500,NEQ,400010,20,179,47327,Open ended scheme,0.26,Sanjeev Sharma,0.01,0.0,0.0,12.5581,2026-09-25,0.0,2022-12-05,6.16,5000.0,58.077,Quant Mutual Fund,CRISIL Liquid Overnight Index,1,2026-08-31,0.3821,1.1942,4.9526,6.0192,,3.5574393693255377,Nil,-,,,,Unrated,,,Debt : Overnight,12.5581
Kotak Long Term Fund-Reg(G),Growth,Kotak Long Term Fund-Reg(G),438,NEQ,400019,28,8,48538,Open ended scheme,0.53,Abhishek Bisen,-0.12,0.0,0.0,11.0536,2026-09-25,0.0,2024-03-11,4.02,100.0,57.8254,Kotak Mahindra Mutual Fund,NIFTY Long Duration Debt Index,3,2026-08-31,-1.5094,-1.1324,1.6124,,,1.0818175998829445,Nil,-,,,,Unrated,,,Debt : Long Duration,11.0536
Axis NIFTY IT ETF,Growth,Axis NIFTY IT ETF,310,EQ,400040,44,397,45427,Open ended scheme,0.51,Nandik Mallik,-0.17,,,310.4594,2026-09-25,0.0,2021-03-25,3.45,5000.0,57.8029,Axis Mutual Fund,NIFTY IT - TRI,3,2026-08-31,-8.5028,3.2421,-16.9147,-3.0171,-3.6544,-24.753824362880874,null,Technology,,,,Unrated,,,Equity : ETFs,310.4594
Nippon India Nifty Realty Index Fund-Reg(G),Growth,Nippon India Nifty Realty Index Fund-Reg(G),320,EQ,400025,18,1074,48948,Open ended scheme,1.15,Jitendra Tolani,0.92,62.0,0.0,7.9827,2026-09-25,0.0,2024-12-04,-11.72,1000.0,57.624159643632304,Nippon India Mutual Fund,NIFTY REALTY - TRI,3,2026-08-31,-5.3409,5.3391,-1.2604,,,-1.2628636453591826,NIL,Real Estate,,,,Unrated,,,Equity : Index Funds,7.9827
Tata BSE Quality Index Fund-Reg(G),Growth,Tata BSE Quality Index Fund-Reg(G),620,EQ,400030,18,1116,49736,Open ended scheme,1.07,Nitin Sharma,0.1,75.1,0.25,10.8915,2026-09-25,0.0,2025-04-03,5.94,5000.0,57.2761197792,Tata Mutual Fund,BSE Quality Index - TRI,3,2026-08-31,-5.358,-3.7181,-1.2798,,,-4.201702846286446,"0.25% on or before 15D, Nil after 15D",FMCG,,,,Unrated,,,Equity : Index Funds,10.8915
Shriram Overnight Fund-Reg(G),Growth,Shriram Overnight Fund-Reg(G),500,NEQ,400052,20,667,46777,Open ended scheme,0.25,Amit Modani,0.01,0.0,0.0,1270.9474,2026-09-27,0.0,2022-08-26,6.04,500.0,57.015,Shriram Mutual Fund,CRISIL Liquid Overnight Index,1,2026-08-31,0.4042,1.2467,5.1821,5.9109,,3.75017145096503,Nil,-,,,,Unrated,,,Debt : Overnight,1270.7736
SBI Nifty100 Low Volatility 30 Index Fund-Reg(G),Growth,SBI Nifty100 Low Volatility 30 Index Fund-Reg(G),360,EQ,400027,18,1000,49728,Open ended scheme,0.89,Viral Chhadva,0.33,38.0,0.25,9.7346,2026-09-25,0.0,2025-07-28,-2.29,5000.0,56.921800000000005,SBI Mutual Fund,Nifty100 Low Volatility 30 - TRI,3,2026-08-31,-5.2372,-2.6929,-4.4334,,,-8.569550108011645,"0.25% on or before 15D, Nil after 15D",Financials,,,,Unrated,,,Equity : Index Funds,9.7346
Edelweiss Nifty LargeMidcap250 Plus 8-13 yr G-Sec 70:30 Index Fund-Reg(G),Growth,Edelweiss Nifty LargeMidcap250 Plus 8-13 yr G-Sec 70:30 Index Fund-Reg(G),840,EQ,400035,18,490,50788,Open ended scheme,1.42,Bhavesh Jain,0.08,39.0,0.0,10.5526,2026-09-25,0.0,2026-04-07,5.53,100.0,56.7123,Edelweiss Mutual Fund,Nifty LargeMidcap250 Plus 8-13 yr G-Sec 70:30 Index - TRI,3,2026-08-31,-3.6398,-1.7659,,,,,Nil,Financials,,,,Unrated,,,Equity : Index Funds,10.5526
ICICI Pru BSE 500 ETF FOF-Reg(G),Growth,ICICI Pru BSE 500 ETF FOF-Reg(G),379,NEQ,400015,48,763,45726,Open ended scheme,0.51,Nishit Patel,0.08,,0.0,15.1888,2026-09-25,0.0,2021-12-01,9.06,1000.0,55.9870511143,ICICI Prudential Mutual Fund,BSE 500 - TRI,3,2026-08-31,-3.8331,-1.8418,-2.4583,8.9829,,-5.429368400079696,Nil,-,,,,Unrated,,,FoFs : Domestic,15.1888
Aditya Birla SL Nifty Next 50 ETF,Growth,Aditya Birla SL Nifty Next 50 ETF,165,EQ,400004,44,671,38262,Open ended scheme,0.14,Mehul Dama,0.56,40.0,,75.6653,2026-09-25,0.0,2018-12-18,13.55,5000.0,55.596000000000004,Aditya Birla Sun Life Mutual Fund,NIFTY NEXT 50 - TRI,3,2026-08-31,-3.6263,-0.2402,5.9645,17.6601,11.6012,4.271583229519219,null,Financials,,,,Unrated,,,Equity : ETFs,75.6653
DSP FMP 264-60M & 17D-Reg(G),Growth,DSP FMP 264-60M & 17D-Reg(G),418,NEQ,400009,36,937,43787,Close ended scheme,0.26,Shantanu Godambe,0.01,,,13.3728,2026-09-25,0.0,2021-09-13,5.94,5000.0,55.1289,DSP Mutual Fund,CRISIL Medium to Long Term Debt Index,3,2026-08-31,0.422,1.2999,5.5978,7.1374,5.9781,4.011822353581711,null,-,,,,Unrated,,,Debt : FTP/FMP,13.3728
Baroda BNP Paribas Nifty 50 Index Fund-Reg(G),Growth,Baroda BNP Paribas Nifty 50 Index Fund-Reg(G),154,EQ,400001,18,859,41180,Open ended scheme,0.82,Neeraj Saxena,0.34,90.0,0.2,10.8228,2026-09-25,0.0,2024-01-29,3.02,5000.0,54.0958,Baroda BNP Paribas Mutual Fund,NIFTY 50 - TRI,3,2026-08-31,-4.9222,-3.5985,-6.5945,,,-11.032560892403541,"0.20% on or before 30D, Nil after 30D",Financials,,,,Unrated,,,Equity : Index Funds,10.8228
Axis BSE Sensex Index Fund-Reg(G),Growth,Axis BSE Sensex Index Fund-Reg(G),174,EQ,400040,18,397,48476,Open ended scheme,0.86,Nandik Mallik,0.42,,0.25,10.2566,2026-09-25,0.0,2024-02-27,0.99,500.0,54.0207,Axis Mutual Fund,BSE SENSEX - TRI,3,2026-08-31,-4.8862,-4.0363,-8.4894,,,-12.868477836111246,"0.25% on or before 7D, Nil after 7D",Financials,,,,Unrated,,,Equity : Index Funds,10.2566
ICICI Pru Nifty Private Bank Index Fund-Reg(G),Growth,ICICI Pru Nifty Private Bank Index Fund-Reg(G),348,EQ,400015,18,763,49835,Open ended scheme,1.23,Nishit Patel,0.44,60.0,0.0,9.6013,2026-09-25,0.0,2025-07-17,-3.36,1000.0,54.002000302,ICICI Prudential Mutual Fund,Nifty Private Bank - TRI,3,2026-08-31,-2.1314,-5.0307,-0.1311,,,-6.486612838818388,NIL,Financials,,,,Unrated,,,Equity : Index Funds,9.6013
Motilal Oswal Nifty MidSmall IT and Telecom Index Fund-Reg(G),Growth,Motilal Oswal Nifty MidSmall IT and Telecom Index Fund-Reg(G),644,EQ,400042,18,549,46865,Open ended scheme,1.37,Swapnil P Mayekar,0.01,50.0,1.0,9.189,2026-09-25,0.0,2024-11-19,-4.47,500.0,53.6447,Motilal Oswal Mutual Fund,Nifty MidSmall IT & Telecom - TRI,3,2026-08-31,-6.2739,1.1603,0.1242,,,-5.674516003202689,"1% on or before 15D, Nil after 15D",Technology,,,,Unrated,,,Equity : Index Funds,9.189
Groww Aggressive Hybrid Fund-Reg(G),Growth,Groww Aggressive Hybrid Fund-Reg(G),301,EQ,400048,54,935,41853,Open ended scheme,3.03,Paras Matalia,0.08,205.0,1.0,20.1958,2026-09-25,0.0,2018-12-13,9.44,500.0,53.344052166000004,Groww Mutual Fund,CRISIL Hybrid 35+65 - Aggressive Index,3,2026-08-31,-3.5157,-0.9859,-2.9515,7.5077,6.6269,-4.905002942907603,"1% on or before 7D, Nil after 7D",Financials,,,,Unrated,,,Hybrid : Aggressive Hybrid,20.1958
ICICI Pru Nifty EV & New Age Automotive ETF FOF-Reg(G),Growth,ICICI Pru Nifty EV & New Age Automotive ETF FOF-Reg(G),748,NEQ,400015,48,763,49690,Open ended scheme,0.6,Nishit Patel,0.32,,0.0,11.8229,2026-09-25,0.0,2025-04-17,12.32,1000.0,53.143832824,ICICI Prudential Mutual Fund,Nifty EV and New Age Automotive - TRI,3,2026-08-31,-5.9098,-0.296,0.1584,,,-0.5342239870776639,NIL,-,,,,Unrated,,,FoFs : Domestic,11.8229
JM Dynamic Term Fund-Reg(G),Growth,JM Dynamic Term Fund-Reg(G),419,NEQ,400017,31,93,1925,Open ended scheme,0.94,Killol Pandya,-0.04,0.0,0.0,43.2357,2026-09-25,0.0,2003-06-25,6.49,1000.0,52.867167419,JM Financial Mutual Fund,CRISIL Dynamic Bond Index,3,2026-08-31,-0.2556,0.3526,3.1113,6.1905,5.5095,1.9183487774003534,Nil,-,,,,Unrated,,,Debt : Dynamic Bond,43.2357
Invesco India Nifty G-sec Sep 2032 Index Fund-Reg(G),Growth,Invesco India Nifty G-sec Sep 2032 Index Fund-Reg(G),671,NEQ,400021,28,465,47756,Open ended scheme,0.28,Krishna Cheemalapati,-0.05,0.0,0.25,1279.106,2026-09-25,0.0,2023-03-29,7.28,1000.0,52.8183,Invesco Mutual Fund,Nifty G-Sec Sep 2032 Index,3,2026-08-31,-1.4248,-0.4995,3.6308,7.1192,,2.6172696248690976,"0.25% on or before 30D, Nil after 30D",-,,,,Unrated,,,Debt : Long Duration,1279.106
Edelweiss Gold ETF FoF-Reg(G),Growth,Edelweiss Gold ETF FoF-Reg(G),65,NEQ,400035,48,490,50498,Open ended scheme,0.61,Bhavesh Jain,0.73,3.0,0.1,9.2974,2026-09-25,0.0,2026-03-04,-7.03,100.0,52.6563,Edelweiss Mutual Fund,Gold-India,3,2026-08-31,-6.1797,7.6512,,,,,"0.10% on or before 15D, Nil after 15D",-,,,,Unrated,,,FoFs : Domestic,9.2974
SBI FMP-1-3668D-Reg(G),Growth,SBI FMP-1-3668D-Reg(G),697,NEQ,400027,36,583,43205,Close ended scheme,0.2,Ranjana Gupta,0.06,,,17.5268,2026-09-25,0.0,2019-03-28,7.77,5000.0,52.312200000000004,SBI Mutual Fund,CRISIL Long Duration Debt Index,3,2026-08-31,-0.0741,0.7478,5.1177,7.4576,6.367,3.4084405661657553,null,-,,,,Unrated,,,Debt : FTP/FMP,17.5268
ITI Liquid Fund-Reg(G),Growth,ITI Liquid Fund-Reg(G),42,NEQ,400056,21,332,43396,Open ended scheme,0.24,Laukik Bagwe,0.0,0.0,0.007,1461.5924,2026-09-25,0.0,2019-04-24,5.24,5000.0,52.0062,ITI Mutual Fund,CRISIL Liquid Debt Index,1,2026-08-31,0.4427,1.4642,6.0233,6.5321,5.9726,4.4475179221753285,"0.007% for Day 1, 0.0065% on Day 2, 0.0060% on Day 3, 0.0055% on Day 4, 0.0050% on Day 5, 0.0045% on Day 6, NIL on or after 7D",-,,,,Unrated,,,Debt : Liquid,1461.5924
Unifi Liquid Fund-Reg(G),Growth,Unifi Liquid Fund-Reg(G),446,NEQ,400065,21,1080,49844,Open ended scheme,0.15,Saravanan V N,0.01,0.0,0.007,1076.6355,2026-09-27,0.0,2025-06-11,5.86,5000.0,51.78699086700001,Unifi Mutual Fund,Nifty Liquid Fund Index,1,2026-08-31,0.4087,1.3067,5.8043,,,4.2380250398558355,"0.007% for Day 1, 0.0065% on Day 2, 0.0060% on Day 3, 0.0055% on Day 4, 0.0050% on Day 5, 0.0045% on Day 6, NIL on or after 7D",-,,,,Unrated,,,Debt : Liquid,1076.4886
WOC ESG Best-In-Class Strategy Fund-Reg(G),Growth,WOC ESG Best-In-Class Strategy Fund-Reg(G),427,EQ,400055,13,864,49117,Open ended scheme,2.66,Ramesh Mantri,0.3,113.0,0.0,9.79,2026-09-25,0.0,2024-10-30,-1.11,500.0,51.6108,WhiteOak Capital Mutual Fund,NIFTY100 ESG - TRI,3,2026-08-31,-5.3741,-0.8507,-5.9287,,,-7.772020725388611,NIL,Financials,,,,Unrated,,,Equity : Thematic,9.79
Groww ELSS Tax Saver Fund-Reg(G),Growth,Groww ELSS Tax Saver Fund-Reg(G),312,EQ,400048,6,935,38133,Open ended scheme,2.85,Paras Matalia,0.16,183.0,0.0,18.42,2026-09-25,3.0,2017-12-28,7.23,500.0,51.570099727999995,Groww Mutual Fund,NIFTY 500 - TRI,3,2026-08-31,-4.757,-2.2812,-7.5765,7.4383,6.2481,-8.403779214321222,Nil,Financials,,,,Unrated,,,Equity : Tax Saving (ELSS),18.42
Mirae Asset Nifty Total Market Index Fund-Reg(G),Growth,Mirae Asset Nifty Total Market Index Fund-Reg(G),625,EQ,400033,18,760,49226,Open ended scheme,0.99,Ekta Gala,0.23,,0.0,10.0407,2026-09-25,0.0,2024-10-28,0.21,5000.0,51.5554,Mirae Asset Mutual Fund,Nifty Total Market - TRI,3,2026-08-31,-4.0893,-1.7813,-1.3383,,,-4.410700685453164,Nil,Financials,,,,Unrated,,,Equity : Index Funds,10.0407
Motilal Oswal Nifty Midcap150 Momentum 50 ETF,Growth,Motilal Oswal Nifty Midcap150 Momentum 50 ETF,646,EQ,400042,44,549,49970,Open ended scheme,1.17,Swapnil P Mayekar,-0.32,142.0,,63.2034,2026-09-25,0.0,2025-06-30,-2.02,500.0,51.427299999999995,Motilal Oswal Mutual Fund,Nifty Midcap150 Momentum 50 - TRI,1,2026-08-31,-3.3268,-2.071,3.6636,,,0.7832606733618007,null,Financials,,,,Unrated,,,Equity : ETFs,63.2034
ICICI Pru Nifty India Consumption ETF,Growth,ICICI Pru Nifty India Consumption ETF,323,EQ,400015,44,763,45678,Open ended scheme,0.21,Nishit Patel,0.55,38.0,,118.4721,2026-09-25,0.0,2021-10-28,11.15,1000.0,51.420535509000004,ICICI Prudential Mutual Fund,Nifty India Consumption - TRI,3,2026-08-31,-5.6189,-1.1693,-6.2423,10.9959,,-6.593306090525701,null,Automobile and Ancillaries,,,,Unrated,,,Equity : ETFs,118.4721
Shriram Aggressive Hybrid Fund-Reg(G),Growth,Shriram Aggressive Hybrid Fund-Reg(G),301,EQ,400052,54,868,24794,Open ended scheme,2.45,Prateek Nigudkar,0.16,56.55,0.0,31.2551,2026-09-25,0.0,2013-11-29,9.29,500.0,51.3948,Shriram Mutual Fund,CRISIL Hybrid 35+65 - Aggressive Index,3,2026-08-31,-3.2158,-1.4386,-0.4447,7.5334,5.8544,-3.8925617293441226,"NIL for 12% of units and 1% for remaining units on or before 90D, Nil after 90D",Financials,,,,Unrated,,,Hybrid : Aggressive Hybrid,31.2551
Choice Gold ETF,Growth,Choice Gold ETF,65,NEQ,400072,56,719,50405,Open ended scheme,0.51,Rochan Pattnayak,0.83,86.0,,149.4772,2026-09-25,0.0,2025-11-04,24.62,1000.0,51.2999,Choice Mutual Fund,Gold-India,1,2026-08-31,-6.0653,7.9238,,,,13.247080696496244,null,-,,,,Unrated,,,Metal : ETFs,149.4772
Motilal Oswal Nifty MidSmall Healthcare Index Fund-Reg(G),Growth,Motilal Oswal Nifty MidSmall Healthcare Index Fund-Reg(G),643,EQ,400042,18,549,46866,Open ended scheme,1.21,Swapnil P Mayekar,-0.89,39.0,1.0,12.5495,2026-09-25,0.0,2024-11-19,13.07,500.0,50.796499999999995,Motilal Oswal Mutual Fund,Nifty MidSmall Healthcare - TRI,3,2026-08-31,0.6069,6.9016,17.9697,,,18.809584670586123,"1% on or before 15D, Nil after 15D",Healthcare,,,,Unrated,,,Equity : Index Funds,12.5495
AlphaGrep Flexi Cap Fund-Reg(G),Growth,AlphaGrep Flexi Cap Fund-Reg(G),312,EQ,400087,50,1252,51031,Open ended scheme,2.47,Ravneet Singh,0.08,,1.0,10.0085,2026-09-25,0.0,2026-08-11,0.08,500.0,50.654399999999995,AlphaGrep Mutual Fund,NIFTY 500 - TRI,3,2026-08-31,-1.588,,,,,,"1% on or before 15D, Nil after 15D",Financials,,,,Unrated,,,Equity : Flexi Cap,10.0085
Nippon India Nifty Auto Index Fund-Reg(G),Growth,Nippon India Nifty Auto Index Fund-Reg(G),324,EQ,400025,9,1074,48949,Open ended scheme,1.01,Jitendra Tolani,0.89,80.0,0.0,11.4689,2026-09-25,0.0,2024-12-04,7.87,1000.0,50.514732574480405,Nippon India Mutual Fund,NIFTY AUTO - TRI,3,2026-08-31,-7.7588,0.3052,1.1322,,,-3.840865263687432,NIL,Automobile and Ancillaries,,,,Unrated,,,Equity : Sectoral - Auto,11.4689
Mahindra Manulife Dynamic Term Fund-Reg(G),Growth,Mahindra Manulife Dynamic Term Fund-Reg(G),419,NEQ,400054,35,365,40695,Open ended scheme,1.53,Rahul Pal,-0.04,0.0,0.0,14.9476,2026-09-25,0.0,2018-08-20,5.09,1000.0,49.1845,Mahindra Manulife Mutual Fund,CRISIL Dynamic Bond Index,3,2026-08-31,-0.4734,0.0375,3.6725,6.1639,4.7531,2.8945901108961785,Nil,-,,,,Unrated,,,Debt : Credit Risk,14.9476
Bandhan Long Term Fund-Reg(G),Growth,Bandhan Long Term Fund-Reg(G),438,NEQ,400028,28,317,48582,Open ended scheme,0.7,Gautam Kaul,-0.01,0.0,0.0,11.2936,2026-09-25,0.0,2024-03-20,4.95,1000.0,49.122108829,Bandhan Mutual Fund,NIFTY Long Duration Debt Index,3,2026-08-31,-0.7112,-0.7549,3.1266,,,2.272089253534006,Nil,-,,,,Unrated,,,Debt : Long Duration,11.2936
Kotak Nifty Alpha 50 Index Fund-Reg(G),Growth,Kotak Nifty Alpha 50 Index Fund-Reg(G),332,EQ,400019,18,699,49687,Open ended scheme,1.44,Satish Dondapati,-0.08,157.95,0.0,10.608,2026-09-25,0.0,2025-08-19,5.51,100.0,49.056999999999995,Kotak Mahindra Mutual Fund,Nifty Alpha 50 - TRI,3,2026-08-31,-3.5724,2.5126,7.8378,,,8.688524590163944,NIL,Financials,,,,Unrated,,,Equity : Index Funds,10.608
HDFC NIFTY SDL Plus G-Sec Jun 2027 40:60 Index Fund-Reg(G),Growth,HDFC NIFTY SDL Plus G-Sec Jun 2027 40:60 Index Fund-Reg(G),698,NEQ,400013,26,32,47769,Open ended scheme,0.35,Anupam Joshi,0.0,0.0,0.0,12.7552,2026-09-25,0.0,2023-03-23,7.17,100.0,48.760600000000004,HDFC Mutual Fund,NIFTY SDL Plus G-Sec Jun 2027 40:60 Index,3,2026-08-31,0.2949,1.1563,5.5597,7.1776,,3.8840881881042213,Nil,-,,,,Unrated,,,Debt : Medium Duration,12.7552
HSBC Medium to Long Term Fund(G),Growth,HSBC Medium to Long Term Fund(G),437,NEQ,400014,27,1001,1432,Open ended scheme,1.31,Mohd Asif Rizwi,-0.06,0.0,0.0,43.5837,2026-09-25,0.0,2002-12-10,6.38,5000.0,48.71,HSBC Mutual Fund,NIFTY Medium to Long Duration Debt Index,1,2026-08-31,-0.3371,-0.1057,3.0158,5.5268,4.2747,2.245071750804075,Nil,-,,,,Unrated,,,Debt : Medium to Long Duration,43.5837
Qsif Sector Rotation Long-Short Fund-Reg(G),Growth,Qsif Sector Rotation Long-Short Fund-Reg(G),312,EQ,400069,58,791,75026,Open ended scheme,4.33,Sandeep Tandon,0.03,132.0,1.0,10.4078,2026-09-25,0.0,2026-05-15,4.08,1000000.0,48.5784,Quant QSIF,NIFTY 500 - TRI,3,2026-07-31,2.1795,1.7709,,,,,"1% on or before 15D, Nil after 15D",Media and Communications,,,,Unrated,,,Hybrid : Long - Short,10.4078
WSIF Equity Ex-Top 100 Long-Short Fund-Reg(G),Growth,WSIF Equity Ex-Top 100 Long-Short Fund-Reg(G),312,EQ,400081,58,1213,75105,Open ended scheme,5.18,Chinmay Sathe,-0.09,,0.0,10.5207,2026-09-25,0.0,2026-05-06,5.21,1000000.0,48.452974467000004,Wealth Company WSIF,NIFTY 500 - TRI,3,2026-07-31,-2.651,0.2134,,,,,NIL,Financials,,,,Unrated,,,Hybrid : Long - Short,10.5207
Kotak Nifty 100 Equal Weight Index Fund-Reg(G),Growth,Kotak Nifty 100 Equal Weight Index Fund-Reg(G),355,EQ,400019,18,699,49213,Open ended scheme,0.83,Satish Dondapati,0.41,48.94,0.0,10.755,2026-09-25,0.0,2024-12-23,4.23,100.0,48.38,Kotak Mahindra Mutual Fund,Nifty100 Equal Weight - TRI,3,2026-08-31,-4.4764,-1.511,1.9335,,,-0.28740960504356394,NIL,Financials,,,,Unrated,,,Equity : Index Funds,10.755
Mirae Asset Nifty PSU Bank ETF,Growth,Mirae Asset Nifty PSU Bank ETF,321,EQ,400033,44,760,49099,Open ended scheme,0.33,Ekta Gala,0.28,,,83.6743,2026-09-25,0.0,2024-10-01,11.34,5000.0,48.351000000000006,Mirae Asset Mutual Fund,NIFTY PSU BANK - TRI,3,2026-08-31,-3.6097,-3.9825,12.7528,,,-2.2744234230341163,null,Financials,,,,Unrated,,,Equity : ETFs,83.6743
HSBC Aggressive Hybrid Active FOF-Reg(G),Growth,HSBC Aggressive Hybrid Active FOF-Reg(G),301,NEQ,400014,48,562,28307,Open ended scheme,1.46,Gautam Bhupal,-0.04,1.0,1.0,42.5366,2026-09-25,0.0,2014-04-30,12.37,5000.0,48.2646,HSBC Mutual Fund,CRISIL Hybrid 35+65 - Aggressive Index,3,2026-08-31,-2.0291,0.8928,5.8493,11.2624,9.453,4.200347233275623,"1% on or before 1Y, Nil after 1Y",-,,,,Unrated,,,FoFs : Domestic,42.5524
Groww Nifty Capital Markets ETF,Growth,Groww Nifty Capital Markets ETF,773,EQ,400048,44,1097,50141,Open ended scheme,0.49,Aakash Chauhan,-0.73,64.0,,11.0933,2026-09-25,0.0,2025-12-02,10.93,500.0,48.122067693999995,Groww Mutual Fund,Nifty Capital Markets Index - TRI,1,2026-08-31,-4.5228,-3.1576,,,,13.171532921180962,null,Financials,,,,Unrated,,,Equity : ETFs,11.0933
ICICI Pru Nifty200 Value 30 ETF,Growth,ICICI Pru Nifty200 Value 30 ETF,762,EQ,400015,44,763,48946,Open ended scheme,0.42,Nishit Patel,-0.09,63.0,,14.8372,2026-09-25,0.0,2024-10-17,4.32,100.0,48.041136554000005,ICICI Prudential Mutual Fund,Nifty200 Value 30 - TRI,3,2026-08-31,-2.8699,-4.2125,11.1035,,,-0.6069213145942486,null,Energy,,,,Unrated,,,Equity : ETFs,14.8372
The Wealth Company Balanced Advantage Fund-Reg(G),Growth,The Wealth Company Balanced Advantage Fund-Reg(G),415,EQ,400068,41,1167,50591,Open ended scheme,3.36,Aparna Shanker,0.2,,1.0,9.8742,2026-09-25,0.0,2026-02-16,-1.26,5000.0,47.774491684000004,The Wealth Company Mutual Fund,CRISIL Hybrid 50+50 - Moderate Index,3,2026-08-31,-2.6261,-1.0928,,,,,"1% on or before 180D, Nil after 180D",Financials,,,,Unrated,,,Hybrid : Dynamic Asset Allocation,9.8742
Franklin India Long Term Fund-Reg(G),Growth,Franklin India Long Term Fund-Reg(G),697,NEQ,400012,28,496,48950,Open ended scheme,0.81,Anuj Tagra,-0.18,0.0,0.0,10.7496,2026-09-25,0.0,2024-12-11,4.12,5000.0,47.646306156,Franklin Templeton Mutual Fund,CRISIL Long Duration Debt Index,3,2026-08-31,-0.9737,-0.1931,3.1483,,,2.0467059046895617,NIL,-,,,,Unrated,,,Debt : Long Duration,10.7496
Shriram ELSS Tax Saver Fund-Reg(G),Growth,Shriram ELSS Tax Saver Fund-Reg(G),312,EQ,400052,6,868,41744,Open ended scheme,2.55,Prateek Nigudkar,0.24,76.01,0.0,20.1364,2026-09-25,3.0,2019-01-25,9.55,500.0,47.535,Shriram Mutual Fund,NIFTY 500 - TRI,3,2026-08-31,-4.0987,-2.9295,-3.1625,5.4695,4.8094,-6.504095239864051,Nil,Financials,,,,Unrated,,,Equity : Tax Saving (ELSS),20.1364
DSP FMP 267-1172D-Reg(G),Growth,DSP FMP 267-1172D-Reg(G),417,NEQ,400009,36,863,47071,Close ended scheme,0.21,Sandeep Yadav,0.12,,,12.9888,2026-09-25,0.0,2022-11-14,7.0,5000.0,47.4962,DSP Mutual Fund,CRISIL Medium Duration Debt Index,3,2026-08-31,-0.0685,0.8205,5.7367,6.9301,,4.093604744350054,null,-,,,,Unrated,,,Debt : FTP/FMP,12.9888
DSP BSE Sensex Next 30 ETF,Growth,DSP BSE Sensex Next 30 ETF,781,EQ,400009,44,597,49536,Open ended scheme,0.23,Anil Ghelani,0.02,26.0,,41.8291,2026-09-25,0.0,2025-01-30,11.92,5000.0,47.174099999999996,DSP Mutual Fund,BSE Sensex Next 30 - TRI,1,2026-08-31,-4.0379,-0.3946,7.212,,,2.3990736638016426,null,Financials,,,,Unrated,,,Equity : ETFs,41.8291
Kotak Nifty Midcap 150 Index Fund-Reg(G),Growth,Kotak Nifty Midcap 150 Index Fund-Reg(G),349,EQ,400019,18,699,49719,Open ended scheme,0.86,Satish Dondapati,-0.15,40.23,0.0,11.459,2026-09-25,0.0,2025-03-21,9.41,100.0,47.0546,Kotak Mahindra Mutual Fund,Nifty Midcap 150 - TRI,3,2026-08-31,-4.6672,-1.3346,4.5815,,,0.596962514265645,NIL,Financials,,,,Unrated,,,Equity : Index Funds,11.459
Motilal Oswal BSE Clean Environment Index Fund-Reg(G),Growth,Motilal Oswal BSE Clean Environment Index Fund-Reg(G),841,EQ,400042,18,549,50841,Open ended scheme,2.57,Swapnil P Mayekar,-0.24,2.0,1.0,8.9796,2026-09-25,0.0,2026-06-25,-10.2,500.0,47.0522,Motilal Oswal Mutual Fund,BSE Clean Environment - TRI,3,2026-08-31,-3.5541,-10.204,,,,,"1% on or before 15D, Nil after 15D",Energy,,,,Unrated,,,Equity : Index Funds,8.9796
Kotak NIFTY MNC ETF,Growth,Kotak NIFTY MNC ETF,316,EQ,400019,44,699,45729,Open ended scheme,0.37,Satish Dondapati,0.46,42.84,,32.3353,2026-09-25,0.0,2022-08-05,13.24,5000.0,47.0487,Kotak Mahindra Mutual Fund,NIFTY MNC - TRI,1,2026-08-31,-5.7448,-3.2077,4.7457,13.2943,,3.4074410453536528,null,FMCG,,,,Unrated,,,Equity : ETFs,32.3353
LIC MF Conservative Hybrid Fund(G),Growth,LIC MF Conservative Hybrid Fund(G),302,NEQ,400020,52,964,2142,Open ended scheme,2.25,Pratik Shroff,0.04,18.0,0.0,83.9683,2026-09-25,0.0,1998-04-01,7.75,5000.0,46.8592,LIC Mutual Fund,CRISIL Hybrid 85+15 - Conservative Index,3,2026-08-31,-1.3071,-0.0756,2.8766,5.534,4.4492,0.3082058002420199,"Nil upto 12% of units and 1% on remaining units on or before 90D, Nil after 90D",Automobile and Ancillaries,,,,Unrated,,,Hybrid : Conservative Hybrid,83.9683
JioBlackRock Large Cap Fund-Reg(G),Growth,JioBlackRock Large Cap Fund-Reg(G),300,EQ,400066,1,1122,51168,Open ended scheme,1.9,Tanvi Kacheria,0.33,60.06,,9.5383,2026-09-25,0.0,2026-08-17,-4.62,500.0,46.694492632,Jio BlackRock Mutual Fund,BSE 100 - TRI,3,2026-08-31,-4.6971,,,,,,null,Financials,,,,Unrated,,,Equity : Large Cap,9.5383
Axis Retirement Fund-Conservative Plan-Reg(G),Growth,Axis Retirement Fund-Conservative Plan-Reg(G),413,NEQ,400040,52,966,43843,Open ended scheme,2.16,Jayesh Sundar,0.04,0.0,0.0,15.6759,2026-09-25,5.0,2019-12-20,6.87,5000.0,46.6276,Axis Mutual Fund,CRISIL Hybrid 75+25 - Conservative Index,3,2026-08-31,-2.6741,-1.6229,-1.2044,5.8544,4.2846,-3.75148125180359,Nil,Financials,,,,Unrated,,,Hybrid : Conservative Hybrid,15.6759
SBI Nifty 1D Rate Liquid ETF(IDCW),IDCW,SBI Nifty 1D Rate Liquid ETF(IDCW),293,NEQ,400027,45,502,48244,Open ended scheme,0.36,Jignesh Shah,0.0,,,1000.0,2026-09-25,0.0,2023-10-27,5.6,5000.0,46.5058,SBI Mutual Fund,Nifty 1D Rate Index,1,2026-08-31,0.3759,1.1612,4.8127,,,3.440836491297425,null,-,,,,Unrated,,,Debt : ETFs,1000.0
360 ONE Silver ETF,Growth,360 ONE Silver ETF,199,NEQ,400047,56,1079,49515,Open ended scheme,0.46,Rahul Khetawat,1.52,139.0,,225.934,2026-09-25,0.0,2025-03-28,71.64,1000.0,46.3133054136177,360 ONE Mutual Fund,Silver,1,2026-08-31,-4.141,5.7687,66.395,,,1.2257720831852899,null,-,,,,Unrated,,,Metal : ETFs,225.934
Bandhan Nifty Total Market Index Fund-Reg(G),Growth,Bandhan Nifty Total Market Index Fund-Reg(G),625,EQ,400028,18,992,48651,Open ended scheme,1.46,Abhishek Jain,0.23,71.0,0.25,9.8465,2026-09-25,0.0,2024-07-10,-0.7,1000.0,45.2949811610439,Bandhan Mutual Fund,Nifty Total Market - TRI,3,2026-08-31,-4.0928,-1.8403,-1.5714,,,-4.6001957117804935,"0.25% on or before 15D, Nil after 15D",Financials,,,,Unrated,,,Equity : Index Funds,9.8465
Aditya Birla SL Aggressive Hybrid Omni FOF(G),Growth,Aditya Birla SL Aggressive Hybrid Omni FOF(G),301,NEQ,400004,48,1222,8299,Open ended scheme,1.12,Kartikeya Singh,0.06,,1.0,43.4279,2026-09-25,0.0,2011-05-09,10.01,100.0,44.8394,Aditya Birla Sun Life Mutual Fund,CRISIL Hybrid 35+65 - Aggressive Index,3,2026-08-31,-2.3429,0.3355,2.5363,10.1421,9.158,-0.7768206591316522,"1% on or before 365D, Nil after 365D",-,,,,Unrated,,,FoFs : Domestic,43.4026
Motilal Oswal BSE Healthcare ETF,Growth,Motilal Oswal BSE Healthcare ETF,391,EQ,400042,44,549,46222,Open ended scheme,0.39,Swapnil P Mayekar,-0.5,35.0,,52.3735,2026-09-25,0.0,2022-07-29,21.99,500.0,44.836999999999996,Motilal Oswal Mutual Fund,BSE Health Care - TRI,3,2026-08-31,1.3607,6.5015,17.6623,23.2088,,18.19578973974742,null,Healthcare,,,,Unrated,,,Equity : ETFs,52.3735
LIC MF Gilt Fund-Reg(G),Growth,LIC MF Gilt Fund-Reg(G),447,NEQ,400020,29,964,2124,Open ended scheme,1.09,Pratik Shroff,0.02,0.0,0.25,60.2829,2026-09-25,0.0,1999-11-29,6.92,10000.0,44.5295,LIC Mutual Fund,Nifty All Duration G-Sec Index,3,2026-08-31,-0.3519,-0.2087,2.1299,4.7489,4.2378,1.8182155983136887,0.25% on or before 30D,-,,,,Unrated,,,Debt : Gilt,60.2829
LIC MF Gilt Fund-PF(G),Growth,LIC MF Gilt Fund-PF(G),447,NEQ,400020,29,964,2126,Open ended scheme,1.09,Pratik Shroff,0.02,0.0,0.25,34.8173,2026-09-25,0.0,2003-12-29,5.6,10000.0,44.5295,LIC Mutual Fund,Nifty All Duration G-Sec Index,3,2026-08-31,-0.352,-0.2087,2.1299,4.749,4.238,1.8183679139068016,0.25% on or before 30D,-,,,,Unrated,,,Debt : Gilt,34.8173
Mirae Asset Corp Bond Fund-Reg(G),Growth,Mirae Asset Corp Bond Fund-Reg(G),444,NEQ,400033,34,894,45356,Open ended scheme,0.67,Kruti Chheta,-0.07,0.0,0.0,13.5105,2026-09-25,0.0,2021-03-17,5.59,5000.0,44.375,Mirae Asset Mutual Fund,CRISIL Corporate Bond Index,3,2026-08-31,0.0378,0.7382,4.5049,6.5747,5.5642,3.0557059931807316,Nil,-,,,,Unrated,,,Debt : Corporate Bond,13.5105
Angel One Nifty Total Market ETF,Growth,Angel One Nifty Total Market ETF,625,EQ,400064,44,999,49646,Open ended scheme,0.29,Kewal Shah,0.23,0.16,,11.5862,2026-09-25,0.0,2025-02-28,9.81,1000.0,43.851613840999995,Angel One Mutual Fund,Nifty Total Market - TRI,1,2026-08-31,-4.0321,-1.6067,-0.6312,,,-3.905582602781766,null,Financials,,,,Unrated,,,Equity : ETFs,11.5862
HDFC Nifty 100 ETF,Growth,HDFC Nifty 100 ETF,314,EQ,400013,44,37,46003,Open ended scheme,0.3,Arun Agarwal,0.38,23.42,,25.1585,2026-09-25,0.0,2022-08-05,8.85,5000.0,43.8074,HDFC Mutual Fund,NIFTY 100 - TRI,3,2026-08-31,-4.6658,-2.9544,-4.211,8.2594,,-8.307487089026488,null,Financials,,,,Unrated,,,Equity : ETFs,25.1585
Mirae Asset Nifty 100 Low Volatility 30 ETF,Growth,Mirae Asset Nifty 100 Low Volatility 30 ETF,360,EQ,400033,44,760,46810,Open ended scheme,0.44,Ekta Gala,0.33,,,198.2025,2026-09-25,0.0,2023-03-24,13.29,5000.0,43.7672,Mirae Asset Mutual Fund,Nifty100 Low Volatility 30 - TRI,3,2026-08-31,-5.2001,-2.5685,-3.9802,9.4154,,-8.245148095184977,null,Financials,,,,Unrated,,,Equity : ETFs,198.2025
Nippon India Nifty 500 Quality 50 Index Fund-Reg(G),Growth,Nippon India Nifty 500 Quality 50 Index Fund-Reg(G),800,EQ,400025,18,1074,49834,Open ended scheme,1.22,Jitendra Tolani,0.12,87.0,0.0,10.4387,2026-09-25,0.0,2025-05-07,3.15,1000.0,43.448995320921405,Nippon India Mutual Fund,Nifty500 Quality 50 - TRI,3,2026-08-31,-5.3694,-3.9112,-2.5714,,,-0.799216938457439,NIL,Technology,,,,Unrated,,,Equity : Index Funds,10.4387
DSP 10 year Constant Maturity Gilt Fund-Reg(G),Growth,DSP 10 year Constant Maturity Gilt Fund-Reg(G),232,NEQ,400009,30,937,17573,Open ended scheme,0.51,Shantanu Godambe,0.0,0.0,0.0,22.2929,2026-09-25,0.0,2014-09-26,6.91,100.0,43.3574,DSP Mutual Fund,CRISIL 10 Year Gilt Index,3,2026-08-31,-1.2045,-0.6715,1.5035,5.8618,4.6423,0.9623919856524273,NIL,-,,,,Unrated,,,Debt : Gilt (10 Yr Constant Duration),22.2929
Groww Nifty India Internet ETF,Growth,Groww Nifty India Internet ETF,806,EQ,400048,44,1097,49979,Open ended scheme,0.43,Aakash Chauhan,-0.9,53.0,,10.3249,2026-09-25,0.0,2025-07-01,2.62,500.0,42.947574261999996,Groww Mutual Fund,Nifty India Internet & E-Commerce - TRI,1,2026-08-31,-5.8368,12.0506,-2.6155,,,-0.6122154305241467,null,Retail and Other Services,,,,Unrated,,,Equity : ETFs,10.3249
Shriram Balanced Advantage Fund-Reg(G),Growth,Shriram Balanced Advantage Fund-Reg(G),415,EQ,400052,41,868,43158,Open ended scheme,2.61,Prateek Nigudkar,0.17,105.67,0.0,16.2384,2026-09-25,0.0,2019-07-05,6.94,500.0,42.9257,Shriram Mutual Fund,CRISIL Hybrid 50+50 - Moderate Index,3,2026-08-31,-3.1376,-1.6355,-2.7384,4.4705,4.32,-5.978808407156517,"NIL for 12% of units and 1% for remaining units on or before 90D, Nil after 90D",Financials,,,,Unrated,,,Hybrid : Dynamic Asset Allocation,16.2384
SBI CRISIL-IBX 10:90 Gilt+SDL Index-Dec 2029 Index Fund-Reg(G),Growth,SBI CRISIL-IBX 10:90 Gilt+SDL Index-Dec 2029 Index Fund-Reg(G),783,NEQ,400027,26,154,50824,Open ended scheme,0.42,Rajeev Radhakrishnan,-0.02,,0.0,10.2452,2026-09-25,0.0,2026-05-26,2.45,5000.0,42.8596,SBI Mutual Fund,CRISIL-IBX 10:90 Gilt + SDL Index - Dec 2029,3,2026-08-31,-0.387,0.4855,,,,,NIL,-,,,,Unrated,,,Debt : Medium Duration,10.2452
Nippon India Nifty India Manufacturing Index Fund-Reg(G),Growth,Nippon India Nifty India Manufacturing Index Fund-Reg(G),584,EQ,400025,18,987,50150,Open ended scheme,0.9,Himanshu Mange,0.45,63.0,0.0,11.0314,2026-09-25,0.0,2025-08-26,9.49,1000.0,42.7138268800015,Nippon India Mutual Fund,Nifty India Manufacturing - TRI,3,2026-08-31,-4.2588,-0.1665,6.065,,,3.2332325775086748,NIL,Automobile and Ancillaries,,,,Unrated,,,Equity : Index Funds,11.0314
Tata BSE Multicap Consumption 50:30:20 Index Fund-Reg(G),Growth,Tata BSE Multicap Consumption 50:30:20 Index Fund-Reg(G),834,EQ,400030,18,1116,50491,Open ended scheme,1.24,Nitin Sharma,0.19,55.61,0.25,9.4878,2026-09-25,0.0,2025-12-29,-5.12,5000.0,42.4921607148,Tata Mutual Fund,BSE Multicap Consumption 50:30:20 Index - TRI,3,2026-08-31,-5.0983,0.2557,,,,-5.122,"0.25% on or before 15D, Nil after 15D",Automobile and Ancillaries,,,,Unrated,,,Equity : Index Funds,9.4878
Franklin India Medium to Long Term Fund-Reg(G),Growth,Franklin India Medium to Long Term Fund-Reg(G),418,NEQ,400012,27,496,48952,Open ended scheme,0.85,Anuj Tagra,-0.08,0.0,0.0,11.1541,2026-09-25,0.0,2024-09-24,5.61,5000.0,42.362222622,Franklin Templeton Mutual Fund,CRISIL Medium to Long Term Debt Index,3,2026-08-31,-0.6688,0.2463,4.1223,,,2.84352323962491,Nil,-,,,,Unrated,,,Debt : Medium to Long Duration,11.1541
Motilal Oswal Diversified Equity Flexicap Passive FoF-Reg(G),Growth,Motilal Oswal Diversified Equity Flexicap Passive FoF-Reg(G),312,NEQ,400042,48,549,50376,Open ended scheme,0.7,Swapnil P Mayekar,0.02,,1.0,10.4993,2026-09-25,0.0,2026-01-22,4.99,500.0,42.1429,Motilal Oswal Mutual Fund,NIFTY 500 - TRI,3,2026-08-31,-3.2822,-0.5343,,,,,"1% on or before 15D, Nil after 15D",-,,,,Unrated,,,FoFs : Domestic,10.4993
Groww Nifty Metal ETF,Growth,Groww Nifty Metal ETF,325,EQ,400048,44,1097,50216,Open ended scheme,0.58,Aakash Chauhan,0.35,57.0,,12.4746,2026-09-25,0.0,2025-12-19,24.75,500.0,42.141717092,Groww Mutual Fund,NIFTY METAL - TRI,1,2026-08-31,-2.1447,5.2691,,,,17.743777549151947,null,Metals,,,,Unrated,,,Equity : ETFs,12.4746
Mirae Asset BSE Sensex ETF,Growth,Mirae Asset BSE Sensex ETF,174,EQ,400033,44,760,48259,Open ended scheme,0.09,Ekta Gala,0.43,,,76.3336,2026-09-25,0.0,2023-09-29,5.07,5000.0,41.6892,Mirae Asset Mutual Fund,BSE SENSEX - TRI,3,2026-08-31,-4.8257,-3.8687,-8.0557,,,-12.554328774718579,null,Financials,,,,Unrated,,,Equity : ETFs,76.3336
Navi Nifty Smallcap250 Momentum Quality 100 Index Fund-Reg(G),Growth,Navi Nifty Smallcap250 Momentum Quality 100 Index Fund-Reg(G),720,EQ,400041,18,959,49310,Open ended scheme,1.57,Ashutosh Shirwaikar,0.38,118.0,0.0,12.1179,2026-09-25,0.0,2025-03-12,13.29,100.0,41.559360999999996,Navi Mutual Fund,Nifty Smallcap250 Momentum Quality 100 - TRI,3,2026-08-31,-0.2913,4.4529,5.7935,,,10.028692320264403,Nil,Financials,,,,Unrated,,,Equity : Index Funds,12.1179
Mahindra Manulife Asia Pacific REITs FOF-Reg(G),Growth,Mahindra Manulife Asia Pacific REITs FOF-Reg(G),568,NEQ,400054,49,95,45381,Open ended scheme,1.37,Krishna Sanghavi,-0.29,,0.0,10.2866,2026-09-25,0.0,2021-10-20,0.57,5000.0,41.4959,Mahindra Manulife Mutual Fund,FTSE EPRA Nareit Asia ex Japan REITs Index,5,2026-08-31,-5.7822,-2.1721,3.3144,8.5749,,0.2817395712489169,"Nil upto 10% of units and 1% for remaining units on or before 12M, Nil after 12M",-,,,,Unrated,,,FoFs : Overseas,10.2866
The Wealth Company Ethical Fund-Reg(G),Growth,The Wealth Company Ethical Fund-Reg(G),336,EQ,400068,13,1167,50308,Open ended scheme,2.78,Aparna Shanker,-0.37,,1.0,9.5331,2026-09-25,0.0,2025-10-14,-4.67,1000.0,41.144608741,The Wealth Company Mutual Fund,Nifty500 Shariah - TRI,3,2026-08-31,-3.9089,-1.4116,,,,-3.4329416531604604,"1% on or before 30D, Nil after 30D",Capital Goods,,,,Unrated,,,Equity : Thematic,9.5331
Aditya Birla SL CRISIL Liquid Overnight ETF,IDCW,Aditya Birla SL CRISIL Liquid Overnight ETF,500,NEQ,400004,20,671,47722,Open ended scheme,0.44,Mehul Dama,0.0,,,1000.0,2026-09-25,0.0,2023-03-13,5.69,5000.0,40.9337,Aditya Birla Sun Life Mutual Fund,CRISIL Liquid Overnight Index,1,2026-08-31,0.3756,1.1655,4.812,5.6113,,3.4463812380367824,null,-,,,,Unrated,,,Debt : Overnight,1000.0
SBI FMP-54-1842D-Reg(G),Growth,SBI FMP-54-1842D-Reg(G),418,NEQ,400027,36,583,46004,Close ended scheme,0.21,Ranjana Gupta,0.0,,,13.3449,2026-09-25,0.0,2021-11-08,6.09,5000.0,40.8688,SBI Mutual Fund,CRISIL Medium to Long Term Debt Index,3,2026-08-31,0.4426,1.3373,5.9069,7.2366,,4.058669411434454,null,-,,,,Unrated,,,Debt : FTP/FMP,13.3449
Motilal Oswal BSE Quality ETF,Growth,Motilal Oswal BSE Quality ETF,620,EQ,400042,44,549,46743,Open ended scheme,0.54,Swapnil P Mayekar,0.11,60.0,,192.756,2026-09-25,0.0,2022-08-22,13.79,500.0,40.8534,Motilal Oswal Mutual Fund,BSE Quality Index - TRI,3,2026-08-31,-5.2992,-3.5271,-0.3122,11.8763,,-3.518185567670809,null,FMCG,,,,Unrated,,,Equity : ETFs,192.756
Edelweiss BSE Internet Economy Index Fund-Reg(G),Growth,Edelweiss BSE Internet Economy Index Fund-Reg(G),809,EQ,400035,13,490,49778,Open ended scheme,1.14,Bhavesh Jain,-0.8,41.0,0.1,11.2304,2026-09-25,0.0,2025-05-15,8.88,100.0,40.6599,Edelweiss Mutual Fund,BSE Internet Economy - TRI,3,2026-08-31,-5.5316,8.2646,4.0922,,,2.080625369267822,"0.10% on or before 30D, Nil after 30D",Financials,,,,Unrated,,,Equity : Thematic,11.2304
Groww Nifty Non-Cyclical Consumer Index Fund-Reg(G),Growth,Groww Nifty Non-Cyclical Consumer Index Fund-Reg(G),624,EQ,400048,18,1097,48799,Open ended scheme,1.09,Aakash Chauhan,0.33,24.0,1.0,9.9734,2026-09-25,0.0,2024-05-22,-0.11,500.0,40.624314555,Groww Mutual Fund,Nifty Non-Cyclical Consumer - TRI,3,2026-08-31,-4.7967,-1.542,-9.3805,,,-7.774962549240811,"1% on or before 30D, Nil after 30D",FMCG,,,,Unrated,,,Equity : Index Funds,9.9734
Aditya Birla SL Nifty SDL Sep 2027 Index Fund-Reg(G),Growth,Aditya Birla SL Nifty SDL Sep 2027 Index Fund-Reg(G),679,NEQ,400004,26,788,46893,Open ended scheme,0.48,Harshil Suvarnkar,0.01,0.0,0.0,12.8983,2026-09-25,0.0,2023-03-10,7.44,500.0,40.5158,Aditya Birla Sun Life Mutual Fund,Nifty SDL Sep 2027 Index,3,2026-08-31,0.2565,1.3046,5.6372,7.2647,,4.005967020118536,Nil,-,,,,Unrated,,,Debt : Medium Duration,12.8983
Bajaj Finserv Equity Savings Fund-Reg(G),Growth,Bajaj Finserv Equity Savings Fund-Reg(G),560,EQ,400060,55,585,50003,Open ended scheme,2.31,Sorbh Gupta,0.16,706.0,0.25,10.449,2026-09-25,0.0,2025-08-19,4.07,500.0,40.3639,Bajaj Finserv Mutual Fund,NIFTY 50 Equity Savings Index - TRI,3,2026-08-31,0.067,0.5775,4.3439,,,2.6928746928746845,"0.25% on or before 7D, Nil after 7D",Financials,,,,Unrated,,,Hybrid : Equity Savings,10.449
Mirae Asset Banking and PSU Debt Fund-Reg(G),Growth,Mirae Asset Banking and PSU Debt Fund-Reg(G),416,NEQ,400033,33,894,45003,Open ended scheme,0.82,Kruti Chheta,-0.04,0.0,0.0,13.6467,2026-09-25,0.0,2020-07-24,5.16,5000.0,39.7565,Mirae Asset Mutual Fund,CRISIL Banking and PSU Debt Index,3,2026-08-31,0.0315,0.5808,4.1097,6.3365,5.4154,2.778321709921825,Nil,-,,,,1,,,Debt : Banking & PSU,13.6467
ICICI Pru LT Wealth Enhancement Fund(G),Growth,ICICI Pru LT Wealth Enhancement Fund(G),312,EQ,400015,6,280,38299,Close ended scheme,1.21,Rajat Chandak,0.25,13.0,,28.15,2026-09-25,3.0,2018-03-23,12.92,500.0,39.681500902900005,ICICI Prudential Mutual Fund,NIFTY 500 - TRI,3,2026-08-31,-6.01,-1.9505,-5.1869,11.9635,12.4729,-7.218193803559661,null,Retail and Other Services,,,,Unrated,,,Equity : Tax Saving (ELSS),28.15
SBI Nifty50 Equal Weight ETF,Growth,SBI Nifty50 Equal Weight ETF,359,EQ,400027,44,1000,48514,Open ended scheme,0.21,Viral Chhadva,0.26,53.0,,32.1952,2026-09-25,0.0,2024-07-16,1.4,5000.0,39.6697,SBI Mutual Fund,NIFTY50 Equal Weight - TRI,3,2026-08-31,-4.6992,-2.4607,-0.1049,,,-4.337826956389961,null,Financials,,,,Unrated,,,Equity : ETFs,32.1952
Kotak Nifty Top 10 Equal Weight Index Fund-Reg(G),Growth,Kotak Nifty Top 10 Equal Weight Index Fund-Reg(G),751,EQ,400019,18,699,49776,Open ended scheme,1.01,Satish Dondapati,0.19,40.06,0.0,8.608,2026-09-25,0.0,2025-04-28,-10.08,100.0,39.5548,Kotak Mahindra Mutual Fund,Nifty Top 10 Equal Weight - TRI,3,2026-08-31,-5.3129,-5.4897,-12.3779,,,-18.314670715505784,NIL,Financials,,,,Unrated,,,Equity : Index Funds,8.608
Capitalmind Multi Asset Allocation Fund-Reg(G),Growth,Capitalmind Multi Asset Allocation Fund-Reg(G),312,NEQ,400067,42,1118,50668,Open ended scheme,2.47,Anoop Vijaykumar,0.13,20.0,1.0,9.8577,2026-09-25,0.0,2026-03-16,-1.42,5000.0,39.333,Capitalmind Mutual Fund,NIFTY 500 - TRI,3,2026-08-31,-2.5129,1.088,,,,,"1% on or before 30D, Nil after 30D",Financials,,,,Unrated,,,Hybrid : Multi Asset Allocation,9.8447
Aditya Birla SL Nifty 200 Momentum 30 ETF,Growth,Aditya Birla SL Nifty 200 Momentum 30 ETF,554,EQ,400004,44,671,46120,Open ended scheme,0.83,Mehul Dama,-0.08,,,30.6147,2026-09-25,0.0,2022-08-12,12.51,100.0,39.2968,Aditya Birla Sun Life Mutual Fund,Nifty200 Momentum 30 - TRI,3,2026-08-31,-3.4763,-3.0481,-0.2957,9.8853,,-2.718444750907205,null,Financials,,,,Unrated,,,Equity : ETFs,30.6147
Motilal Oswal Developed Market Ex US ETFs Overseas Equity Passive FOF-Reg(G),Growth,Motilal Oswal Developed Market Ex US ETFs Overseas Equity Passive FOF-Reg(G),713,NEQ,400042,49,549,48142,Open ended scheme,0.57,Swapnil P Mayekar,0.86,,1.0,18.5123,2026-09-25,0.0,2023-09-21,22.67,500.0,39.0857,Motilal Oswal Mutual Fund,S&P Developed Ex-U.S. BMI Total Return Index,5,2026-08-31,-2.4158,3.5323,27.987,22.6728,,18.27332010206975,"1% on or before 15D, Nil after 15D",-,,,,Unrated,,,FoFs : Overseas,18.3546
LIC MF Equity Savings Fund(G),Growth,LIC MF Equity Savings Fund(G),436,EQ,400020,55,1257,12894,Open ended scheme,2.9,Siddharth Panjwani,0.21,52.0,0.0,28.5374,2026-09-25,0.0,2011-03-07,6.97,5000.0,38.7827,LIC Mutual Fund,NIFTY 50 Equity Savings Index,3,2026-08-31,-1.0122,1.9714,2.2509,7.5292,6.4077,1.5515241233532846,"Nil upto 12% of units and 1% for remaining units on or before 3M, Nil after 3M",Financials,,,,Unrated,,,Hybrid : Equity Savings,28.5374
Bajaj Finserv Nifty 50 Index Fund-Reg(G),Growth,Bajaj Finserv Nifty 50 Index Fund-Reg(G),154,EQ,400060,18,961,49847,Open ended scheme,1.08,Ilesh Savla,0.34,28.0,0.0,9.3689,2026-09-25,0.0,2025-05-15,-4.67,5000.0,38.5166,Bajaj Finserv Mutual Fund,NIFTY 50 - TRI,3,2026-08-31,-4.9586,-3.7468,-7.1577,,,-11.073882835339235,NIL,Financials,,,,Unrated,,,Equity : Index Funds,9.3689
Groww BSE Hospitals ETF FOF-Reg(G),Growth,Groww BSE Hospitals ETF FOF-Reg(G),833,NEQ,400048,48,1097,50487,Open ended scheme,0.62,Aakash Chauhan,-2.2,180.0,0.0,10.7437,2026-09-25,0.0,2026-03-05,7.44,500.0,38.384689494,Groww Mutual Fund,BSE Hospitals Index - TRI,3,2026-08-31,-1.0882,-2.9309,,,,,NIL,-,,,,Unrated,,,FoFs : Domestic,10.7437
Kotak Nifty 100 Equal Weight ETF,Growth,Kotak Nifty 100 Equal Weight ETF,355,EQ,400019,44,699,49470,Open ended scheme,0.32,Satish Dondapati,0.42,50.85,,34.155,2026-09-25,0.0,2025-02-24,10.8,5000.0,38.3654,Kotak Mahindra Mutual Fund,Nifty100 Equal Weight - TRI,1,2026-08-31,-4.4134,-1.3659,2.5737,,,0.09084515297151215,null,Financials,,,,Unrated,,,Equity : ETFs,34.155
Groww Nifty 50 ETF,Growth,Groww Nifty 50 ETF,154,EQ,400048,44,1097,50009,Open ended scheme,0.2,Aakash Chauhan,0.33,33.0,,9.3606,2026-09-25,0.0,2025-07-18,-5.41,500.0,38.032032878,Groww Mutual Fund,NIFTY 50 - TRI,3,2026-08-31,-4.8836,-3.5209,-6.1942,,,-10.68896755049662,null,Financials,,,,Unrated,,,Equity : ETFs,9.3606
Mirae Asset Nifty India Internet ETF,Growth,Mirae Asset Nifty India Internet ETF,806,EQ,400033,44,760,49981,Open ended scheme,0.44,Ekta Gala,-0.9,,,13.9476,2026-09-25,0.0,2025-07-01,2.88,5000.0,38.0051,Mirae Asset Mutual Fund,Nifty India Internet & E-Commerce - TRI,1,2026-08-31,-5.8301,12.0937,-2.4295,,,-0.48801369863014027,null,Retail and Other Services,,,,Unrated,,,Equity : ETFs,13.9476
SBI FMP-6-3668D-Reg(G),Growth,SBI FMP-6-3668D-Reg(G),697,NEQ,400027,36,583,43566,Close ended scheme,0.42,Ranjana Gupta,0.05,,,16.9643,2026-09-25,0.0,2019-05-16,7.44,5000.0,37.7896,SBI Mutual Fund,CRISIL Long Duration Debt Index,3,2026-08-31,-0.1119,0.6879,4.8318,7.1983,6.1105,3.208634231515675,null,-,,,,Unrated,,,Debt : FTP/FMP,16.9643
Angel One Nifty Total Market Momentum Quality 50 Index Fund-Reg(G),Growth,Angel One Nifty Total Market Momentum Quality 50 Index Fund-Reg(G),827,EQ,400064,18,999,50395,Open ended scheme,1.51,Kewal Shah,0.13,,0.0,10.0492,2026-09-25,0.0,2025-11-21,0.49,1000.0,37.769492099,Angel One Mutual Fund,Nifty Total Market Momentum Quality 50 - TRI,3,2026-08-31,-2.8481,-1.0516,,,,4.476742977148442,NIL,Capital Goods,,,,Unrated,,,Equity : Index Funds,10.0492
Kotak Nifty India Tourism Index Fund-Reg(G),Growth,Kotak Nifty India Tourism Index Fund-Reg(G),750,EQ,400019,18,699,49021,Open ended scheme,1.16,Satish Dondapati,0.11,102.14,0.0,8.296,2026-09-25,0.0,2024-09-23,-8.89,100.0,37.4922,Kotak Mahindra Mutual Fund,Nifty India Tourism Index - TRI,3,2026-08-31,-3.5573,-3.152,-14.3683,,,-9.933774834437095,Nil,Travel,,,,Unrated,,,Equity : Index Funds,8.296
Mirae Asset Nifty LargeMidcap 250 Index Fund-Reg(G),Growth,Mirae Asset Nifty LargeMidcap 250 Index Fund-Reg(G),366,EQ,400033,18,760,48945,Open ended scheme,1.03,Ekta Gala,0.11,,0.0,10.1467,2026-09-25,0.0,2024-10-24,0.76,5000.0,37.4904,Mirae Asset Mutual Fund,NIFTY LargeMidcap 250 - TRI,3,2026-08-31,-4.7124,-2.2683,-0.1849,,,-4.1688310461744935,NIL,Financials,,,,Unrated,,,Equity : Index Funds,10.1467
Bandhan Nifty 500 Momentum 50 Index Fund-Reg(G),Growth,Bandhan Nifty 500 Momentum 50 Index Fund-Reg(G),767,EQ,400028,18,992,49118,Open ended scheme,1.62,Abhishek Jain,-0.04,162.0,0.25,8.9136,2026-09-25,0.0,2024-10-29,-5.85,1000.0,37.4875694417324,Bandhan Mutual Fund,Nifty500 Momentum 50 - TRI,3,2026-08-31,-2.5762,-0.7438,3.8712,,,1.9407815734397766,"0.25% on or before 15D, Nil after 15D",Financials,,,,Unrated,,,Equity : Index Funds,8.9136
Sundaram LT Micro Cap Tax Adv Fund-Sr IV-Reg(G),Growth,Sundaram LT Micro Cap Tax Adv Fund-Sr IV-Reg(G),228,EQ,400029,6,628,36380,Close ended scheme,1.21,Rohit Seksaria,-0.47,16.95,,30.7313,2026-09-25,3.0,2017-03-24,12.53,500.0,37.170213,Sundaram Mutual Fund,Nifty Smallcap 100,3,2026-08-31,-3.1304,-1.2735,6.4188,12.0492,14.7208,6.096217914415433,null,Financials,,,,Unrated,,,Equity : Tax Saving (ELSS),30.7313
Sundaram LT Micro Cap Tax Adv Fund-Sr VI-Reg(G),Growth,Sundaram LT Micro Cap Tax Adv Fund-Sr VI-Reg(G),228,EQ,400029,6,628,37867,Close ended scheme,1.2,Rohit Seksaria,-0.51,15.88,,28.355,2026-09-25,3.0,2017-09-28,12.28,500.0,36.953481000000004,Sundaram Mutual Fund,Nifty Smallcap 100,3,2026-08-31,-3.1797,-0.6865,5.8876,11.9761,14.4205,6.1988996213469,null,Financials,,,,Unrated,,,Equity : Tax Saving (ELSS),28.355
Groww BSE Power ETF FoF-Reg(G),Growth,Groww BSE Power ETF FoF-Reg(G),401,NEQ,400048,48,1097,50008,Open ended scheme,0.66,Aakash Chauhan,0.27,87.0,0.0,11.2057,2026-09-25,0.0,2025-08-07,10.56,500.0,36.812412581,Groww Mutual Fund,BSE Power Index - TRI,3,2026-08-31,-2.7637,-8.9145,8.8482,,,13.367528630974068,NIL,-,,,,Unrated,,,FoFs : Domestic,11.2057
Groww Nifty Chemicals ETF,Growth,Groww Nifty Chemicals ETF,808,EQ,400048,44,1097,50140,Open ended scheme,0.47,Aakash Chauhan,0.23,176.0,,29.189,2026-09-25,0.0,2026-01-13,1.37,500.0,36.563604667999996,Groww Mutual Fund,Nifty Chemicals - TRI,1,2026-08-31,-3.0072,-1.2541,,,,,null,Chemicals,,,,Unrated,,,Equity : ETFs,29.189
UTI Medium Term Fund-Reg(G),Growth,UTI Medium Term Fund-Reg(G),430,NEQ,400032,26,339,31387,Open ended scheme,1.52,Anurag Mittal,-0.05,0.0,0.0,19.1536,2026-09-25,0.0,2015-03-31,5.82,500.0,36.3498,UTI Mutual Fund,NIFTY Medium Duration Debt Index,3,2026-08-31,-0.4548,0.2691,3.8147,6.0509,5.5095,2.6325801214212747,"Nil upto 10% of units and 1% for remaining units on or before 12M, Nil after 12M",-,,,,Unrated,,,Debt : Medium Duration,19.1536
Axis CRISIL IBX 50:50 Gilt Plus SDL Sep 2027 Index Fund-Reg(G),Growth,Axis CRISIL IBX 50:50 Gilt Plus SDL Sep 2027 Index Fund-Reg(G),689,NEQ,400040,26,493,47621,Open ended scheme,0.42,Aditya Pagaria,0.01,0.0,0.0,12.8912,2026-09-25,0.0,2023-02-27,7.36,5000.0,36.2169,Axis Mutual Fund,CRISIL IBX 50:50 Gilt Plus SDL Index - September 2027,3,2026-08-31,0.2598,1.2194,5.5557,7.1934,,3.916874239236448,Nil,-,,,,Unrated,,,Debt : Medium Duration,12.8912
Axis Multi Factor Passive FoF-Reg(G),Growth,Axis Multi Factor Passive FoF-Reg(G),312,EQ,400040,44,397,46371,Open ended scheme,0.65,Nandik Mallik,-0.07,,1.0,14.9757,2026-09-25,0.0,2022-02-24,9.2,5000.0,36.1408,Axis Mutual Fund,NIFTY 500 - TRI,3,2026-08-31,-4.0726,-2.6509,-0.6126,7.6611,,-4.936712074853679,"1% on or before 15D, Nil after 15D",-,,,,Unrated,,,Equity : ETFs,14.9757
Aditya Birla SL Multi-Asset Passive FoF-Reg(G),Growth,Aditya Birla SL Multi-Asset Passive FoF-Reg(G),312,NEQ,400004,48,1222,46956,Open ended scheme,0.62,Kartikeya Singh,0.19,,0.5,17.303,2026-09-25,0.0,2022-10-17,14.92,100.0,35.948499999999996,Aditya Birla Sun Life Mutual Fund,NIFTY 500 - TRI,3,2026-08-31,-3.3541,1.0064,8.3537,15.1091,,-0.02489160574010318,"0.50% on or before 15D, Nil after 15D",-,,,,Unrated,,,FoFs : Domestic,17.2706
Kotak Nifty 200 Momentum 30 ETF,Growth,Kotak Nifty 200 Momentum 30 ETF,554,EQ,400019,44,699,50098,Open ended scheme,0.91,Satish Dondapati,-0.08,227.14,,30.23,2026-09-25,0.0,2025-10-10,-2.95,5000.0,35.9269,Kotak Mahindra Mutual Fund,Nifty200 Momentum 30 - TRI,1,2026-08-31,-3.4802,-3.0966,,,,-2.7817977166747014,null,Financials,,,,Unrated,,,Equity : ETFs,30.23
Bandhan Nifty Next 50 Index Fund-Reg(G),Growth,Bandhan Nifty Next 50 Index Fund-Reg(G),165,EQ,400028,18,992,49614,Open ended scheme,1.17,Abhishek Jain,0.55,47.0,0.25,12.5259,2026-09-25,0.0,2025-02-28,15.4,1000.0,35.9150112536896,Bandhan Mutual Fund,NIFTY NEXT 50 - TRI,3,2026-08-31,-3.7151,-0.5162,4.893,,,3.486479564437914,"0.25% on or before 7D, Nil after 7D",Financials,,,,Unrated,,,Equity : Index Funds,12.5259
HDFC NIFTY50 Value 20 ETF,Growth,HDFC NIFTY50 Value 20 ETF,339,EQ,400013,44,37,46890,Open ended scheme,0.2,Arun Agarwal,0.23,68.4,,120.7395,2026-09-25,0.0,2022-09-23,8.81,500.0,35.8151,HDFC Mutual Fund,Nifty50 Value 20 - TRI,3,2026-08-31,-4.2074,-5.0355,-8.8666,4.5357,,-13.64060639222375,null,Financials,,,,Unrated,,,Equity : ETFs,120.7395
Angel One Gold ETF FOF-Reg(G),Growth,Angel One Gold ETF FOF-Reg(G),65,NEQ,400064,48,999,50225,Open ended scheme,0.7,Kewal Shah,0.5,,0.0,13.573,2026-09-25,0.0,2025-09-10,34.1,500.0,35.786,Angel One Mutual Fund,Gold-India,3,2026-08-31,-6.5195,7.166,31.5863,,,12.513884974385336,NIL,-,,,,Unrated,,,FoFs : Domestic,13.573
HDFC FMP-Sr 46-1876D-Mar 2022-Reg(G),Growth,HDFC FMP-Sr 46-1876D-Mar 2022-Reg(G),437,NEQ,400013,36,32,46540,Close ended scheme,0.2,Anupam Joshi,0.0,0.0,,13.2585,2026-09-25,0.0,2022-03-29,6.48,5000.0,35.579,HDFC Mutual Fund,NIFTY Medium to Long Duration Debt Index,3,2026-08-31,0.3466,1.254,5.8335,7.3436,,4.092736237163585,null,-,,,,Unrated,,,Debt : FTP/FMP,13.2585
Bandhan Nifty 500 Value 50 Index Fund-Reg(G),Growth,Bandhan Nifty 500 Value 50 Index Fund-Reg(G),506,EQ,400028,18,992,48800,Open ended scheme,1.34,Abhishek Jain,-0.07,67.0,0.25,10.9399,2026-09-25,0.0,2024-10-29,4.82,1000.0,35.5470690456129,Bandhan Mutual Fund,NIFTY500 Value 50 - TRI,3,2026-08-31,-2.7996,-3.2047,8.8764,,,0.8471607669616426,"0.25% on or before 15D, Nil after 15D",Energy,,,,Unrated,,,Equity : Index Funds,10.9399
Quantum Nifty 50 ETF FOF-Reg(G),Growth,Quantum Nifty 50 ETF FOF-Reg(G),154,NEQ,400024,48,78,46655,Open ended scheme,0.19,Hitendra Parekh,0.0,84.83,0.0,13.7096,2026-09-25,0.0,2022-08-05,7.91,500.0,35.4962683958829,Quantum Mutual Fund,NIFTY 50 - TRI,3,2026-08-31,-4.8057,-3.7599,-6.4938,6.3617,,-10.958272446825786,Nil,-,,,,Unrated,,,FoFs : Domestic,13.7102
Groww Gilt Fund-Reg(G),Growth,Groww Gilt Fund-Reg(G),422,NEQ,400048,29,751,49836,Open ended scheme,1.68,Kaustubh Sule,0.03,0.0,0.0,9.9033,2026-09-25,0.0,2025-05-09,-0.7,500.0,35.33341258,Groww Mutual Fund,CRISIL Dynamic Gilt Index,3,2026-08-31,-0.1955,-0.0686,0.6249,,,0.40350788259745135,NIL,-,,,,Unrated,,,Debt : Gilt,9.9033
Mirae Asset BSE Midcap 150 Momentum 30 ETF FOF-Reg(G),Growth,Mirae Asset BSE Midcap 150 Momentum 30 ETF FOF-Reg(G),842,NEQ,400033,48,760,50928,Open ended scheme,1.6,Ekta Gala,-0.23,,0.05,10.298,2026-09-25,0.0,2026-07-23,2.98,5000.0,34.9623,Mirae Asset Mutual Fund,BSE Midcap 150 Momentum 30 - TRI,3,2026-08-31,-3.4231,,,,,,"0.05% on or before 15D, NIL after 15D",-,,,,Unrated,,,FoFs : Domestic,10.298
Sundaram LT Tax Adv Fund-Sr III-Reg(G),Growth,Sundaram LT Tax Adv Fund-Sr III-Reg(G),22,EQ,400029,6,628,38374,Close ended scheme,1.22,Rohit Seksaria,-0.31,20.87,,30.9922,2026-09-25,3.0,2018-03-28,14.23,500.0,34.954754,Sundaram Mutual Fund,BSE 500,3,2026-08-31,-3.1494,-0.2947,8.572,12.9544,16.266,7.700434037732444,null,Financials,,,,Unrated,,,Equity : Tax Saving (ELSS),30.9922
Kotak NIFTY India Consumption ETF,Growth,Kotak NIFTY India Consumption ETF,323,EQ,400019,44,699,45731,Open ended scheme,0.11,Satish Dondapati,0.55,18.2,,11.7675,2026-09-25,0.0,2022-07-28,11.65,5000.0,34.8622,Kotak Mahindra Mutual Fund,Nifty India Consumption - TRI,1,2026-08-31,-5.6131,-1.0744,-6.1055,11.1339,,-6.45494654000556,null,Automobile and Ancillaries,,,,Unrated,,,Equity : ETFs,11.7675
Angel One Silver ETF,Growth,Angel One Silver ETF,199,NEQ,400064,56,999,50669,Open ended scheme,0.35,Kewal Shah,1.49,,,8.7755,2026-09-25,0.0,2026-02-24,-12.24,1000.0,34.645801643999995,Angel One Mutual Fund,Silver,1,2026-08-31,-4.0939,5.6436,,,,,null,-,,,,Unrated,,,Metal : ETFs,8.647
Bandhan Nifty IT Index Fund-Reg(G),Growth,Bandhan Nifty IT Index Fund-Reg(G),310,EQ,400028,18,992,48140,Open ended scheme,1.22,Abhishek Jain,-0.17,35.0,0.0,9.3986,2026-09-25,0.0,2023-08-31,-2.0,1000.0,34.182293746956695,Bandhan Mutual Fund,NIFTY IT - TRI,3,2026-08-31,-8.5597,3.0017,-17.7632,-3.4892,,-25.360546378653115,Nil,Technology,,,,Unrated,,,Equity : Index Funds,9.3986
UTI BSE Sensex Next 50 ETF,Growth,UTI BSE Sensex Next 50 ETF,405,EQ,400032,44,620,41461,Open ended scheme,0.33,Sharwan Kumar Goyal,0.06,20.0,,91.791,2026-09-25,0.0,2019-03-08,14.72,5000.0,34.071799999999996,UTI Mutual Fund,BSE Sensex Next 50 - TRI,3,2026-08-31,-5.0281,-1.665,2.1095,15.3831,13.233,-1.6537293283834045,null,Financials,,,,Unrated,,,Equity : ETFs,91.791
Bank of India Midcap Tax Fund-Sr 2-Reg(G),Growth,Bank of India Midcap Tax Fund-Sr 2-Reg(G),379,EQ,400034,6,1029,39958,Close ended scheme,1.38,Nilesh Jethani,-0.26,,,34.55,2026-09-25,3.0,2018-10-19,16.9,500.0,33.763600000000004,Bank of India Mutual Fund,BSE 500 - TRI,3,2026-08-31,-1.651,3.7538,5.6898,13.343,10.4373,5.819295558958649,null,Financials,,,,Unrated,,,Equity : Tax Saving (ELSS),34.55
WSIF Equity Long-Short Fund-Reg(G),Growth,WSIF Equity Long-Short Fund-Reg(G),312,EQ,400081,58,1213,75101,Open ended scheme,4.92,Chinmay Sathe,0.08,,0.0,10.2787,2026-09-25,0.0,2026-05-06,2.79,1000000.0,33.728577737,Wealth Company WSIF,NIFTY 500 - TRI,3,2026-07-31,-3.7746,-1.3286,,,,,NIL,Financials,,,,Unrated,,,Hybrid : Long - Short,10.2787
ITI Banking & PSU Debt Fund-Reg(G),Growth,ITI Banking & PSU Debt Fund-Reg(G),416,NEQ,400056,33,332,44398,Open ended scheme,0.75,Laukik Bagwe,-0.02,0.0,0.0,13.7714,2026-09-25,0.0,2020-10-22,5.55,5000.0,33.687,ITI Mutual Fund,CRISIL Banking and PSU Debt Index,3,2026-08-31,0.0414,0.8059,4.328,6.3866,5.7243,3.0940028896325042,Nil,-,,,,Unrated,,,Debt : Banking & PSU,13.7714
Invesco India Nifty Bank Index Fund-Reg(G),Growth,Invesco India Nifty Bank Index Fund-Reg(G),311,EQ,400021,18,564,50836,Open ended scheme,1.41,Abhisek Bahinipati,0.25,,0.0,10.2505,2026-09-25,0.0,2026-05-13,2.5,100.0,33.5706,Invesco Mutual Fund,NIFTY BANK - TRI,3,2026-08-31,-3.4165,-4.4421,,,,,Nil,Financials,,,,Unrated,,,Equity : Index Funds,10.2505
Mirae Asset Silver ETF FOF-Reg(G),Growth,Mirae Asset Silver ETF FOF-Reg(G),199,NEQ,400033,48,898,46380,Open ended scheme,0.8,Ritesh Patel,1.28,,0.05,10.168,2026-09-25,0.0,2026-03-24,1.68,5000.0,33.4064,Mirae Asset Mutual Fund,Silver,3,2026-08-31,-4.5975,5.8175,,,,,"0.05% on or before 15D, Nil after 15D",-,,,,Unrated,,,FoFs : Domestic,10.168
Angel One Nifty 50 Index Fund-Reg(G),Growth,Angel One Nifty 50 Index Fund-Reg(G),154,EQ,400064,18,999,49842,Open ended scheme,0.75,Kewal Shah,0.33,0.27,0.0,9.4738,2026-09-25,0.0,2025-05-22,-3.94,1000.0,33.05093012,Angel One Mutual Fund,NIFTY 50 - TRI,3,2026-08-31,-4.935,-3.6648,-6.7365,,,-11.101727519259818,NIL,Financials,,,,Unrated,,,Equity : Index Funds,9.4738
Shriram Nifty 1D Rate Liquid ETF,Growth,Shriram Nifty 1D Rate Liquid ETF,293,NEQ,400052,45,667,48953,Open ended scheme,0.52,Amit Modani,0.01,0.0,,1123.134,2026-09-27,0.0,2024-07-05,5.34,1000.0,32.8625,Shriram Mutual Fund,Nifty 1D Rate Index,1,2026-08-31,0.3685,1.1439,4.7413,,,3.416099362701631,null,-,,,,Unrated,,,Debt : ETFs,1122.9917
Bajaj Finserv Nifty Next 50 Index Fund-Reg(G),Growth,Bajaj Finserv Nifty Next 50 Index Fund-Reg(G),165,EQ,400060,18,961,49837,Open ended scheme,1.14,Ilesh Savla,0.57,33.0,0.0,11.3405,2026-09-25,0.0,2025-05-12,9.6,5000.0,32.7615,Bajaj Finserv Mutual Fund,NIFTY NEXT 50 - TRI,3,2026-08-31,-3.6917,-0.4643,4.3419,,,2.978433598183893,NIL,Financials,,,,Unrated,,,Equity : Index Funds,11.3405
Motilal Oswal BSE Financials ex Bank 30 Index Fund-Reg(G),Growth,Motilal Oswal BSE Financials ex Bank 30 Index Fund-Reg(G),608,EQ,400042,18,549,46118,Open ended scheme,1.14,Swapnil P Mayekar,-0.25,31.0,1.0,16.605,2026-09-25,0.0,2022-07-29,12.96,500.0,32.7431,Motilal Oswal Mutual Fund,BSE Financials ex Bank 30 - TRI,3,2026-08-31,-8.0824,-2.3379,-2.2309,11.2326,,-7.554837991314995,"1% on or before 15D, Nil after 15D",Financials,,,,Unrated,,,Equity : Index Funds,16.605
Sundaram Medium Term Fund(G),Growth,Sundaram Medium Term Fund(G),430,NEQ,400029,26,450,2936,Open ended scheme,1.9,Sandeep Agarwal,0.01,0.0,1.0,71.4482,2026-09-25,0.0,1997-12-18,7.07,5000.0,32.59531873858,Sundaram Mutual Fund,NIFTY Medium Duration Debt Index,3,2026-08-31,-0.452,0.0763,2.6559,5.003,3.9057,1.681016693469202,"1% on or before 12M, Nil after 12M",-,,,,Unrated,,,Debt : Medium Duration,71.4482
UTI Nifty SDL Plus AAA PSU Bond Apr 2028 75:25 Index Fund-Reg(G),Growth,UTI Nifty SDL Plus AAA PSU Bond Apr 2028 75:25 Index Fund-Reg(G),693,NEQ,400032,27,889,47706,Open ended scheme,0.42,Jaydeep Bhowal,-0.01,0.0,0.0,12.878,2026-09-25,0.0,2023-03-03,7.35,5000.0,32.450900000000004,UTI Mutual Fund,Nifty SDL Plus AAA PSU Bond Apr 2028 75:25 Index,3,2026-08-31,0.2109,1.1777,5.3976,7.1927,,3.483466591667005,Nil,-,,,,Unrated,,,Debt : Medium to Long Duration,12.878
Axis Nifty500 Value 50 ETF,Growth,Axis Nifty500 Value 50 ETF,506,EQ,400040,44,397,49181,Open ended scheme,0.59,Nandik Mallik,-0.07,,,32.1053,2026-09-25,0.0,2025-03-13,17.39,5000.0,32.3761,Axis Mutual Fund,NIFTY500 Value 50 - TRI,1,2026-08-31,-2.7006,-2.9664,9.9323,,,1.6424738416728628,null,Energy,,,,Unrated,,,Equity : ETFs,32.1053
Aditya Birla SL CRISIL 10 Year Gilt ETF,Growth,Aditya Birla SL CRISIL 10 Year Gilt ETF,232,NEQ,400004,45,747,49045,Open ended scheme,0.09,Bhupesh Bameta,0.0,0.0,,111.53,2026-09-25,0.0,2024-08-13,5.29,1000.0,32.2791,Aditya Birla Sun Life Mutual Fund,CRISIL 10 Year Gilt Index,3,2026-08-31,-1.1588,-0.5929,1.8878,,,1.299279288280142,null,-,,,,Unrated,,,Debt : ETFs,111.53
SBI CRISIL - IBX SDL Index - June 2034 Index Fund-Reg(G),Growth,SBI CRISIL - IBX SDL Index - June 2034 Index Fund-Reg(G),724,NEQ,400027,28,154,50799,Open ended scheme,0.42,Rajeev Radhakrishnan,-0.08,,0.0,9.9335,2026-09-25,0.0,2026-07-15,-0.66,5000.0,32.1364,SBI Mutual Fund,CRISIL IBX SDL Index - June 2034,3,2026-08-31,-1.1366,,,,,,NIL,-,,,,Unrated,,,Debt : Long Duration,9.9335
Sundaram LT Micro Cap Tax Adv Fund-Sr V-Reg(G),Growth,Sundaram LT Micro Cap Tax Adv Fund-Sr V-Reg(G),228,EQ,400029,6,628,36903,Close ended scheme,1.2,Rohit Seksaria,-0.4,16.99,,30.0634,2026-09-25,3.0,2017-07-05,12.67,500.0,31.966077,Sundaram Mutual Fund,Nifty Smallcap 100,3,2026-08-31,-3.1647,-0.7494,6.9141,12.5684,14.3077,6.697851378113443,null,Financials,,,,Unrated,,,Equity : Tax Saving (ELSS),30.0634
UTI Nifty India Manufacturing Index Fund-Reg(G),Growth,UTI Nifty India Manufacturing Index Fund-Reg(G),584,EQ,400032,13,620,49584,Open ended scheme,1.13,Sharwan Kumar Goyal,0.45,37.0,0.0,12.2741,2026-09-25,0.0,2025-02-13,13.54,1000.0,31.575,UTI Mutual Fund,Nifty India Manufacturing - TRI,3,2026-08-31,-4.2642,-0.1805,5.8514,,,3.0951820991802257,Nil,Automobile and Ancillaries,,,,Unrated,,,Equity : Thematic,12.2741
JioBlackRock Nifty 8-13 yr G-Sec Index Fund-Reg(G),Growth,JioBlackRock Nifty 8-13 yr G-Sec Index Fund-Reg(G),270,NEQ,400066,28,291,51173,Open ended scheme,0.26,Vikrant Mehta,-0.01,205.59,,9.8714,2026-09-25,0.0,2026-08-17,-1.29,500.0,31.477829354999997,Jio BlackRock Mutual Fund,Nifty 8-13 yr G-Sec,3,2026-08-31,-1.1852,,,,,,null,-,,,,Unrated,,,Debt : Long Duration,9.8714
Edelweiss Nifty500 Multicap Momentum Quality 50 ETF,Growth,Edelweiss Nifty500 Multicap Momentum Quality 50 ETF,772,EQ,400035,44,490,49220,Open ended scheme,0.85,Bhavesh Jain,0.2,161.0,,41.2275,2026-09-25,0.0,2024-10-31,-5.15,5000.0,31.178600000000003,Edelweiss Mutual Fund,Nifty500 Multicap Momentum Quality 50 - TRI,3,2026-08-31,-2.7523,-2.3829,-0.631,,,-0.12113136696748654,null,Capital Goods,,,,Unrated,,,Equity : ETFs,41.2275
ICICI Pru Nifty Top 15 Equal Weight Index Fund-Reg(G),Growth,ICICI Pru Nifty Top 15 Equal Weight Index Fund-Reg(G),793,EQ,400015,18,763,49748,Open ended scheme,0.98,Nishit Patel,0.45,50.0,0.0,8.8603,2026-09-25,0.0,2025-06-26,-9.23,1000.0,31.1541634243,ICICI Prudential Mutual Fund,Nifty Top 15 Equal Weight - TRI,3,2026-08-31,-6.4422,-5.6783,-11.3864,,,-15.969917110828696,NIL,Financials,,,,Unrated,,,Equity : Index Funds,8.8603
TRUSTMF Overnight Fund-Reg(G),Growth,TRUSTMF Overnight Fund-Reg(G),500,NEQ,400057,20,523,45719,Open ended scheme,0.17,Jalpan Shah,0.01,0.0,0.0,1302.0521,2026-09-27,0.0,2022-01-18,5.79,1000.0,31.0771,Trust Mutual Fund,CRISIL Liquid Overnight Index,1,2026-08-31,0.3945,1.2278,5.0679,5.9317,,3.6569807664486293,Nil,-,,,,Unrated,,,Debt : Overnight,1301.8756
Motilal Oswal Multi Factor Passive FoF-Reg(G),Growth,Motilal Oswal Multi Factor Passive FoF-Reg(G),312,NEQ,400042,48,549,49312,Open ended scheme,0.73,Swapnil P Mayekar,1.69,,1.0,10.2322,2026-09-25,0.0,2026-03-12,2.32,500.0,30.471999999999998,Motilal Oswal Mutual Fund,NIFTY 500 - TRI,3,2026-08-31,-1.84,-2.1881,,,,,"1% on or before 15D, Nil after 15D",-,,,,Unrated,,,FoFs : Domestic,10.2322
The Wealth Company Gold ETF,Growth,The Wealth Company Gold ETF,65,NEQ,400068,56,854,50521,Open ended scheme,0.34,Niranjan Das,0.82,,,149.8101,2026-09-25,0.0,2025-12-29,8.37,5000.0,30.458135858000002,The Wealth Company Mutual Fund,Gold-India,1,2026-08-31,-5.9782,7.7518,,,,8.373494411690231,null,-,,,,Unrated,,,Metal : ETFs,149.8101
Mirae Asset Multi Factor Passive FOF-Reg(G),Growth,Mirae Asset Multi Factor Passive FOF-Reg(G),312,NEQ,400033,48,898,50137,Open ended scheme,0.65,Ritesh Patel,0.09,,0.05,10.556,2026-09-25,0.0,2025-08-29,5.17,5000.0,30.3175,Mirae Asset Mutual Fund,NIFTY 500 - TRI,3,2026-08-31,-3.351,-1.0406,3.0859,,,-0.38723082735170566,"0.05% on or before 5D, Nil after 5D",-,,,,Unrated,,,FoFs : Domestic,10.547
Axis BSE India Sector Leaders Index Fund-Reg(G),Growth,Axis BSE India Sector Leaders Index Fund-Reg(G),819,EQ,400040,18,397,50588,Open ended scheme,1.19,Nandik Mallik,0.21,,0.25,9.225,2026-09-25,0.0,2026-02-11,-7.75,100.0,30.285100000000003,Axis Mutual Fund,BSE India Sector Leaders Index - TRI,3,2026-08-31,-4.8724,-2.734,,,,,"0.25% on or before 15D, Nil after 15D",Financials,,,,Unrated,,,Equity : Index Funds,9.225
HDFC Income Plus Arbitrage Omni FOF-Reg(G),Growth,HDFC Income Plus Arbitrage Omni FOF-Reg(G),443,NEQ,400013,48,1087,50397,Open ended scheme,0.44,Bhavyesh Divecha,0.01,,1.0,10.3871,2026-09-25,0.0,2026-03-12,3.92,100.0,30.2393,HDFC Mutual Fund,Nifty Short Duration Debt Index,3,2026-08-31,0.2558,1.5367,,,,,"1% on or before 18M, Nil after 18M",-,,,,Unrated,,,FoFs : Domestic,10.3871
JM Medium to Long Term Fund-Reg(G),Growth,JM Medium to Long Term Fund-Reg(G),418,NEQ,400017,27,93,1921,Open ended scheme,1.04,Killol Pandya,-0.03,0.0,0.0,64.2002,2026-09-25,0.0,1995-04-01,6.08,1000.0,30.208509926,JM Financial Mutual Fund,CRISIL Medium to Long Term Debt Index,3,2026-08-31,-0.7481,-0.2471,2.6031,5.9391,4.7145,1.7669670526507548,Nil,-,,,,Unrated,,,Debt : Medium to Long Duration,64.2002
Aditya Birla SL BSE India Infrastructure Index Fund-Reg(G),Growth,Aditya Birla SL BSE India Infrastructure Index Fund-Reg(G),166,EQ,400004,11,671,49355,Open ended scheme,1.12,Mehul Dama,0.22,,0.05,8.8173,2026-09-25,0.0,2024-12-04,-6.72,500.0,30.0727,Aditya Birla Sun Life Mutual Fund,BSE India Infrastructure Index - TRI,3,2026-08-31,-2.5939,-8.1675,-4.5974,,,-3.299993419753903,"0.05% on or before 30D, Nil after 30D",Energy,,,,Unrated,,,Equity : Sectoral - Infrastructure,8.8173
Groww Nifty 500 Momentum 50 ETF,Growth,Groww Nifty 500 Momentum 50 ETF,767,EQ,400048,44,1097,49328,Open ended scheme,0.99,Aakash Chauhan,-0.04,181.0,,10.8089,2026-09-25,0.0,2025-04-23,4.68,500.0,29.963075617999998,Groww Mutual Fund,Nifty500 Momentum 50 - TRI,1,2026-08-31,-2.5224,-0.498,4.5975,,,2.5278873880710164,null,Financials,,,,Unrated,,,Equity : ETFs,10.8089
SBI FMP-34-3682D-Reg(G),Growth,SBI FMP-34-3682D-Reg(G),697,NEQ,400027,36,583,44969,Close ended scheme,0.33,Ranjana Gupta,-0.09,,,14.6521,2026-09-25,0.0,2020-05-05,6.16,5000.0,29.916999999999998,SBI Mutual Fund,CRISIL Long Duration Debt Index,3,2026-08-31,-0.4308,0.4022,4.7731,7.1187,6.1365,3.1852561303680407,null,-,,,,Unrated,,,Debt : FTP/FMP,14.6521
SBI FMP-59-1618D-Reg(G),Growth,SBI FMP-59-1618D-Reg(G),418,NEQ,400027,36,583,46334,Close ended scheme,,Ranjana Gupta,0.04,,,12.951,2026-07-06,0.0,2022-01-31,6.01,5000.0,29.8579,SBI Mutual Fund,CRISIL Medium to Long Term Debt Index,3,2026-06-30,0.4101,1.2477,5.2371,6.8206,,2.6122507190226107,null,-,,,,Unrated,,,Debt : FTP/FMP,12.951
Bajaj Finserv Gilt Fund-Reg(G),Growth,Bajaj Finserv Gilt Fund-Reg(G),422,NEQ,400060,29,419,48966,Open ended scheme,1.37,Siddharth Chaudhary,0.01,0.0,0.0,1059.4012,2026-09-25,0.0,2025-01-15,3.47,5000.0,28.3369,Bajaj Finserv Mutual Fund,CRISIL Dynamic Gilt Index,3,2026-08-31,-0.3224,-0.26,3.0399,,,2.9178948505555082,NIL,-,,,,Unrated,,,Debt : Gilt,1059.4012
Aditya Birla SL FTP-TJ-1838D-Reg(G),Growth,Aditya Birla SL FTP-TJ-1838D-Reg(G),418,NEQ,400004,36,586,45628,Close ended scheme,0.16,Mohit Sharma,0.04,,,13.572,2026-07-27,0.0,2021-07-16,6.26,1000.0,27.742600000000003,Aditya Birla Sun Life Mutual Fund,CRISIL Medium to Long Term Debt Index,3,2026-06-30,0.4455,1.2995,5.6787,7.1922,6.3094,3.1620553359683687,null,-,,,,Unrated,,,Debt : FTP/FMP,13.572
Samco Overnight Fund-Reg(G),Growth,Samco Overnight Fund-Reg(G),500,NEQ,400059,20,839,46969,Open ended scheme,0.43,Dhawal Ghanshyam Dhanani,0.01,0.0,0.0,1248.9197,2026-09-27,0.0,2022-10-12,5.77,5000.0,27.6919,Samco Mutual Fund,CRISIL Liquid Overnight Index,1,2026-08-31,0.3595,1.1362,4.7552,5.6055,,3.4225379035084504,Nil,-,,,,Unrated,,,Debt : Overnight,1248.7593
Aditya Birla SL Nifty IT ETF,Growth,Aditya Birla SL Nifty IT ETF,310,EQ,400004,44,671,45697,Open ended scheme,0.25,Mehul Dama,-0.17,33.0,,30.8516,2026-09-25,0.0,2021-10-29,-2.2,500.0,27.663,Aditya Birla Sun Life Mutual Fund,NIFTY IT - TRI,3,2026-08-31,-8.4935,3.2776,-16.163,-2.749,,-24.304855278879817,null,Technology,,,,Unrated,,,Equity : ETFs,30.8516
Navi Nifty 500 Multicap 50:25:25 Index Fund-Reg(G),Growth,Navi Nifty 500 Multicap 50:25:25 Index Fund-Reg(G),534,EQ,400041,18,959,48958,Open ended scheme,1.12,Ashutosh Shirwaikar,0.15,32.0,0.0,9.8336,2026-09-25,0.0,2024-08-01,-0.78,100.0,27.66232548,Navi Mutual Fund,Nifty500 Multicap 50:25:25 - TRI,3,2026-08-31,-3.7996,-1.3434,0.2477,,,-2.306821117049801,Nil,Financials,,,,Unrated,,,Equity : Index Funds,9.8336
Samco Arbitrage Fund-Reg(G),Growth,Samco Arbitrage Fund-Reg(G),717,EQ,400059,38,949,49350,Open ended scheme,2.54,Umeshkumar Mehta,0.09,890.0,0.25,10.74,2026-09-25,0.0,2024-11-29,4.0,5000.0,27.589499999999997,Samco Mutual Fund,Nifty 50 Arbitrage - TRI,3,2026-08-31,0.1866,0.656,3.7681,,,2.5787965616045803,"0.25% on or before 7D, Nil after 7D",Financials,,,,Unrated,,,Hybrid : Arbitrage,10.74
Aditya Birla SL CRISIL IBX Gilt April 2033 Index Fund-Reg(G),Growth,Aditya Birla SL CRISIL IBX Gilt April 2033 Index Fund-Reg(G),659,NEQ,400004,28,747,48411,Open ended scheme,0.45,Bhupesh Bameta,-0.01,0.0,0.0,12.0775,2026-09-25,0.0,2023-12-22,7.07,1000.0,27.4864,Aditya Birla Sun Life Mutual Fund,CRISIL IBX Gilt Index - April 2033,3,2026-08-31,-1.1815,-0.2024,3.9443,,,2.7916081535384585,Nil,-,,,,Unrated,,,Debt : Long Duration,12.0775
Nippon India Nifty 500 Low Volatility 50 Index Fund-Reg(G),Growth,Nippon India Nifty 500 Low Volatility 50 Index Fund-Reg(G),802,EQ,400025,18,1074,49833,Open ended scheme,1.28,Jitendra Tolani,0.31,101.0,0.0,10.3554,2026-09-25,0.0,2025-05-07,2.55,1000.0,27.315335567297403,Nippon India Mutual Fund,Nifty500 Low Volatility 50 - TRI,3,2026-08-31,-3.9432,-1.4982,-3.5469,,,-6.540554688134587,NIL,Healthcare,,,,Unrated,,,Equity : Index Funds,10.3554
Aditya Birla SL Retirement Fund-50-Reg(G),Growth,Aditya Birla SL Retirement Fund-50-Reg(G),303,NEQ,400004,52,788,42774,Open ended scheme,1.96,Harshil Suvarnkar,0.08,23.0,0.0,15.0595,2026-09-25,5.0,2019-03-11,5.57,1000.0,27.279,Aditya Birla Sun Life Mutual Fund,CRISIL Short Term Debt Hybrid 75+25 Index,3,2026-08-31,-1.4353,-0.2127,2.9878,6.5169,5.5455,1.736193210606314,Nil,Financials,,,,Unrated,,,Hybrid : Conservative Hybrid,15.0595
Groww Nifty 50 Index Fund-Reg(G),Growth,Groww Nifty 50 Index Fund-Reg(G),154,EQ,400048,18,1097,50018,Open ended scheme,1.13,Aakash Chauhan,0.33,18.0,0.0,9.2107,2026-09-25,0.0,2025-07-21,-6.73,500.0,26.811032724,Groww Mutual Fund,NIFTY 50 - TRI,3,2026-08-31,-4.963,-3.7544,-7.1212,,,-11.340950437486166,NIL,Financials,,,,Unrated,,,Equity : Index Funds,9.2107
Kotak Nifty500 Momentum 50 Index Fund-Reg(G),Growth,Kotak Nifty500 Momentum 50 Index Fund-Reg(G),767,EQ,400019,18,699,50233,Open ended scheme,1.23,Satish Dondapati,-0.04,151.98,0.0,10.173,2026-09-25,0.0,2025-12-11,1.73,100.0,26.2325,Kotak Mahindra Mutual Fund,Nifty500 Momentum 50 - TRI,3,2026-08-31,-2.5201,-0.6155,,,,2.2823245525839564,NIL,Financials,,,,Unrated,,,Equity : Index Funds,10.173
UTI Nifty 5 yr Benchmark G-Sec ETF,Growth,UTI Nifty 5 yr Benchmark G-Sec ETF,528,NEQ,400032,45,889,48533,Open ended scheme,0.23,Jaydeep Bhowal,0.02,549.07,,65.9558,2026-09-25,0.0,2024-01-29,7.17,5000.0,26.116999999999997,UTI Mutual Fund,Nifty 5 yr Benchmark G-Sec Index TRI,3,2026-08-31,-0.8262,0.0627,4.3535,,,3.3514580754344396,null,-,,,,Unrated,,,Debt : ETFs,65.9558
DSP BSE Sensex Next 30 Index Fund-Reg(G),Growth,DSP BSE Sensex Next 30 Index Fund-Reg(G),781,EQ,400009,18,597,49537,Open ended scheme,1.11,Anil Ghelani,0.02,29.0,0.0,11.8612,2026-09-25,0.0,2025-01-30,10.93,100.0,26.0568,DSP Mutual Fund,BSE Sensex Next 30 - TRI,3,2026-08-31,-4.1062,-0.5984,6.247,,,1.7177061804834994,NIL,Financials,,,,Unrated,,,Equity : Index Funds,11.8612
SBI BSE Sensex Next 50 ETF,Growth,SBI BSE Sensex Next 50 ETF,405,EQ,400027,44,675,38734,Open ended scheme,0.25,Harsh Sethi,0.06,22.0,,920.5258,2026-09-25,0.0,2018-09-25,13.85,5000.0,25.9285,SBI Mutual Fund,BSE Sensex Next 50 - TRI,3,2026-08-31,-5.0377,-1.6806,2.0887,15.3424,13.2053,-1.6666947967169443,null,Financials,,,,Unrated,,,Equity : ETFs,920.5258
DSP FMP 270-1172D-Reg(G),Growth,DSP FMP 270-1172D-Reg(G),417,NEQ,400009,36,863,47634,Close ended scheme,0.21,Sandeep Yadav,0.12,,,12.754,2026-09-25,0.0,2023-02-24,7.02,5000.0,25.9252,DSP Mutual Fund,CRISIL Medium Duration Debt Index,3,2026-08-31,-0.0658,0.8205,5.7291,6.9249,,4.087095615839127,null,-,,,,Unrated,,,Debt : FTP/FMP,12.754
ICICI Pru Nifty200 Quality 30 Index Fund-Reg(G),Growth,ICICI Pru Nifty200 Quality 30 Index Fund-Reg(G),504,EQ,400015,18,763,49749,Open ended scheme,0.94,Nishit Patel,0.42,33.0,0.0,9.4117,2026-09-25,0.0,2025-06-09,-4.57,1000.0,25.914367455900003,ICICI Prudential Mutual Fund,NIFTY200 Quality 30 - TRI,3,2026-08-31,-5.8783,-1.3924,-5.2501,,,-8.61717414944851,NIL,Technology,,,,Unrated,,,Equity : Index Funds,9.4117
UTI Nifty 1D Rate Liquid ETF(G),Growth,UTI Nifty 1D Rate Liquid ETF(G),293,NEQ,400032,45,889,50816,Open ended scheme,0.22,Jaydeep Bhowal,0.01,,,1009.6293,2026-09-27,0.0,2026-07-16,0.96,5000.0,25.636599999999998,UTI Mutual Fund,Nifty 1D Rate Index,1,2026-08-31,0.3815,,,,,,null,-,,,,Unrated,,,Debt : ETFs,1009.4941
ITI Dynamic Term Fund-Reg(G),Growth,ITI Dynamic Term Fund-Reg(G),419,NEQ,400056,31,332,45597,Open ended scheme,1.23,Laukik Bagwe,-0.01,0.0,0.0,12.7168,2026-09-25,0.0,2021-07-14,4.73,5000.0,25.6004,ITI Mutual Fund,CRISIL Dynamic Bond Index,3,2026-08-31,-0.9086,-0.815,1.7482,4.9481,4.6219,0.9662487792871736,Nil,-,,,,Unrated,,,Debt : Dynamic Bond,12.7168
Groww Dynamic Term Fund-Reg(G),Growth,Groww Dynamic Term Fund-Reg(G),419,NEQ,400048,31,751,38110,Open ended scheme,1.36,Kaustubh Sule,0.0,0.0,0.0,1500.8541,2026-09-25,0.0,2018-12-04,5.33,500.0,25.425883648,Groww Mutual Fund,CRISIL Dynamic Bond Index,3,2026-08-31,0.0798,0.6925,2.4755,4.8411,4.306,1.946047841322017,Nil,-,,,,Unrated,,,Debt : Dynamic Bond,1500.8541
DSP Nifty Healthcare Index Fund-Reg(G),Growth,DSP Nifty Healthcare Index Fund-Reg(G),544,EQ,400009,7,597,49905,Open ended scheme,1.09,Anil Ghelani,-0.47,23.0,0.0,11.7715,2026-09-25,0.0,2025-06-20,13.75,100.0,25.4104,DSP Mutual Fund,Nifty Healthcare Index - TRI,3,2026-08-31,0.4163,4.5333,14.9123,,,13.72990415829339,NIL,Healthcare,,,,Unrated,,,Equity : Sectoral - Pharma,11.7715
Bandhan BSE India Sector Leaders Index Fund-Reg(G),Growth,Bandhan BSE India Sector Leaders Index Fund-Reg(G),819,EQ,400028,18,992,50132,Open ended scheme,1.1,Abhishek Jain,0.21,58.0,0.25,9.2824,2026-09-25,0.0,2025-09-23,-7.14,1000.0,25.017927210737,Bandhan Mutual Fund,BSE India Sector Leaders Index - TRI,3,2026-08-31,-4.8769,-2.7277,-5.7739,,,-8.273054270919792,"0.25% on or before 15D, Nil after 15D",Financials,,,,Unrated,,,Equity : Index Funds,9.2824
Motilal Oswal Nifty MidSmall India Consumption Index Fund-Reg(G),Growth,Motilal Oswal Nifty MidSmall India Consumption Index Fund-Reg(G),705,EQ,400042,18,549,47385,Open ended scheme,1.13,Swapnil P Mayekar,0.15,42.0,1.0,9.4891,2026-09-25,0.0,2024-11-19,-2.8,500.0,24.3281,Motilal Oswal Mutual Fund,Nifty MidSmall India Consumption - TRI,3,2026-08-31,-4.6686,1.4888,-7.1162,,,-3.498388097344677,"1% on or before 15D, Nil after 15D",FMCG,,,,Unrated,,,Equity : Index Funds,9.4891
Kotak BSE Sensex ETF,Growth,Kotak BSE Sensex ETF,174,EQ,400019,44,699,5285,Open ended scheme,0.17,Satish Dondapati,0.43,10.54,0.0,81.1365,2026-09-25,0.0,2008-06-06,10.07,10000.0,24.255399999999998,Kotak Mahindra Mutual Fund,BSE SENSEX - TRI,1,2026-08-31,-4.8412,-3.9021,-8.1469,4.8078,5.2503,-12.645862059038715,NIL,Financials,,,,Unrated,,,Equity : ETFs,81.1365
Axis NIFTY Healthcare ETF,Growth,Axis NIFTY Healthcare ETF,544,EQ,400040,44,397,45520,Open ended scheme,0.44,Nandik Mallik,-0.47,,,169.7527,2026-09-25,0.0,2021-05-17,14.08,5000.0,24.2252,Axis Mutual Fund,Nifty Healthcare Index - TRI,3,2026-08-31,0.4595,4.5906,15.552,20.983,13.476,14.15860227708323,null,Healthcare,,,,Unrated,,,Equity : ETFs,169.7527
Aditya Birla SL Nifty 200 Quality 30 ETF,Growth,Aditya Birla SL Nifty 200 Quality 30 ETF,504,EQ,400004,44,671,46122,Open ended scheme,0.35,Mehul Dama,0.43,,,20.4252,2026-09-25,0.0,2022-08-12,8.31,100.0,23.9886,Aditya Birla Sun Life Mutual Fund,NIFTY200 Quality 30 - TRI,3,2026-08-31,-5.8395,-1.235,-4.6095,6.9316,,-8.162962496684008,null,Technology,,,,Unrated,,,Equity : ETFs,20.4252
UTI BSE Housing Index Fund-Reg(G),Growth,UTI BSE Housing Index Fund-Reg(G),703,EQ,400032,18,620,47964,Open ended scheme,1.06,Sharwan Kumar Goyal,0.56,28.0,0.0,13.3978,2026-09-25,0.0,2023-06-07,9.26,1000.0,23.9705,UTI Mutual Fund,BSE Housing - TRI,3,2026-08-31,-6.2206,-2.2757,-8.3942,6.7669,,-4.6107622424423695,Nil,Real Estate,,,,Unrated,,,Equity : Index Funds,13.3978
UTI Nifty 10 yr Benchmark G-Sec ETF,Growth,UTI Nifty 10 yr Benchmark G-Sec ETF,275,NEQ,400032,45,889,48534,Open ended scheme,0.3,Jaydeep Bhowal,0.0,536.79,,26.338,2026-09-25,0.0,2024-01-29,6.21,5000.0,23.8348,UTI Mutual Fund,Nifty 10 yr Benchmark G-Sec,3,2026-08-31,-1.1959,-0.6649,1.3265,,,0.9296657648474423,null,-,,,,Unrated,,,Debt : ETFs,26.338
Mirae Asset BSE LargeMid (60:40) Stable Dividend 50 ETF,Growth,Mirae Asset BSE LargeMid (60:40) Stable Dividend 50 ETF,882,EQ,400033,44,760,51073,Open ended scheme,0.08,Ekta Gala,0.27,,,35.0959,2026-09-25,0.0,2026-08-14,-5.0,5000.0,23.820500000000003,Mirae Asset Mutual Fund,BSE LargeMid (60:40) Stable Dividend 50 - TRI,1,2026-08-31,-4.9608,,,,,,null,Financials,,,,Unrated,,,Equity : ETFs,35.0959
Kotak BSE Sensex Index Fund-Reg(G),Growth,Kotak BSE Sensex Index Fund-Reg(G),174,EQ,400019,18,699,49580,Open ended scheme,0.5,Satish Dondapati,0.43,32.95,0.0,9.851,2026-09-25,0.0,2025-02-17,-0.93,100.0,23.6495,Kotak Mahindra Mutual Fund,BSE SENSEX - TRI,3,2026-08-31,-4.8672,-3.9489,-8.4394,,,-12.853857041755127,NIL,Financials,,,,Unrated,,,Equity : Index Funds,9.851
Mirae Asset BSE Select IPO ETF,Growth,Mirae Asset BSE Select IPO ETF,784,EQ,400033,44,760,49500,Open ended scheme,0.51,Ekta Gala,-0.62,,,47.2393,2026-09-25,0.0,2025-03-10,11.92,5000.0,23.4543,Mirae Asset Mutual Fund,BSE Select IPO Index - TRI,1,2026-08-31,-3.7343,5.3524,-3.3718,,,2.3186654190708937,null,Financials,,,,Unrated,,,Equity : ETFs,47.2393
Aditya Birla SL Nifty PSE ETF,Growth,Aditya Birla SL Nifty PSE ETF,157,EQ,400004,44,671,48469,Open ended scheme,0.21,Mehul Dama,0.18,,,9.9911,2026-09-25,0.0,2024-05-17,-1.41,500.0,23.0281,Aditya Birla Sun Life Mutual Fund,NIFTY PSE,3,2026-08-31,-1.9644,-3.1889,-0.3958,,,-1.550968123367994,null,Energy,,,,Unrated,,,Equity : ETFs,9.9911
SBI Nifty Consumption ETF,Growth,SBI Nifty Consumption ETF,323,EQ,400027,44,1000,45613,Open ended scheme,0.25,Viral Chhadva,0.55,20.0,,118.0069,2026-09-25,0.0,2021-07-22,12.47,5000.0,22.9195,SBI Mutual Fund,Nifty India Consumption - TRI,3,2026-08-31,-5.6266,-1.1838,-6.2938,10.9221,9.9802,-6.629695242902891,null,Automobile and Ancillaries,,,,Unrated,,,Equity : ETFs,118.0069
Capitalmind Arbitrage Fund-Reg(G),Growth,Capitalmind Arbitrage Fund-Reg(G),717,EQ,400067,38,1118,50667,Open ended scheme,2.0,Anoop Vijaykumar,0.1,69.0,0.25,10.2792,2026-09-25,0.0,2026-03-16,2.79,5000.0,22.875500000000002,Capitalmind Mutual Fund,Nifty 50 Arbitrage - TRI,3,2026-08-31,0.4701,1.1513,,,,,"0.25% on or before 15D, Nil after 15D",Financials,,,,Unrated,,,Hybrid : Arbitrage,10.2792
Bandhan Aggressive Hybrid Passive FOF-Reg(G),Growth,Bandhan Aggressive Hybrid Passive FOF-Reg(G),301,NEQ,400028,48,946,8457,Open ended scheme,0.35,Karthik Kumar,-0.12,0.0,1.0,48.7716,2026-09-25,0.0,2010-02-11,10.0,1000.0,22.836089385999998,Bandhan Mutual Fund,CRISIL Hybrid 35+65 - Aggressive Index,3,2026-08-31,-3.7523,-0.4424,6.9492,11.7172,9.1092,3.5648761594129095,"Nil upto 10% of investment and 1% for remaining investment on or before 365D, Nil after 365D",-,,,,Unrated,,,FoFs : Domestic,48.7716
Sundaram LT Tax Adv Fund-Sr IV-Reg(G),Growth,Sundaram LT Tax Adv Fund-Sr IV-Reg(G),22,EQ,400029,6,628,39388,Close ended scheme,1.22,Rohit Seksaria,-0.4,19.19,,36.0451,2026-09-25,3.0,2018-06-29,16.82,500.0,22.640548,Sundaram Mutual Fund,BSE 500,3,2026-08-31,-3.4707,-0.5002,8.0809,13.1484,16.3667,7.171825290637157,null,Financials,,,,Unrated,,,Equity : Tax Saving (ELSS),36.0451
Motilal Oswal Nifty Next 50 ETF,Growth,Motilal Oswal Nifty Next 50 ETF,165,EQ,400042,44,549,49855,Open ended scheme,1.16,Swapnil P Mayekar,0.56,107.0,,71.7491,2026-09-25,0.0,2025-05-09,11.38,500.0,22.448600000000003,Motilal Oswal Mutual Fund,NIFTY NEXT 50 - TRI,1,2026-08-31,-3.6361,-0.2978,5.7184,,,4.128020294696868,null,Financials,,,,Unrated,,,Equity : ETFs,71.7491
Bandhan Nifty 50 ETF,Growth,Bandhan Nifty 50 ETF,154,EQ,400028,44,992,34198,Open ended scheme,0.08,Abhishek Jain,0.34,10.0,,255.9525,2026-09-25,0.0,2016-10-07,11.43,5000.0,22.445616488583,Bandhan Mutual Fund,NIFTY 50 - TRI,3,2026-08-31,-4.8824,-3.5023,-6.1285,6.6792,6.4757,-10.669194453063144,null,Financials,,,,Unrated,,,Equity : ETFs,255.9525
UTI Annual Interval Fund-I-(G),Growth,UTI Annual Interval Fund-I-(G),435,NEQ,400032,36,619,3541,Interval scheme,,Amit Sharma,0.01,0.0,0.0,36.5759,2026-09-25,0.0,2007-07-18,6.99,10000.0,22.2407,UTI Mutual Fund,NIFTY Low Duration Debt Index,3,2026-08-31,0.3947,1.2229,5.1143,6.0617,6.0656,3.695523979088465,Nil,-,,,,Unrated,,,Debt : FTP/FMP,36.5759
Baroda BNP Paribas Nifty200 Momentum 30 Index Fund-Reg(G),Growth,Baroda BNP Paribas Nifty200 Momentum 30 Index Fund-Reg(G),554,EQ,400001,18,859,49199,Open ended scheme,1.98,Neeraj Saxena,-0.07,206.0,0.2,7.8943,2026-09-25,0.0,2024-10-15,-11.45,1000.0,22.1036,Baroda BNP Paribas Mutual Fund,Nifty200 Momentum 30 - TRI,3,2026-08-31,-3.5445,-3.2277,-1.4161,,,-3.4501736705640496,"0.20% on or before 7D, Nil after 7D",Financials,,,,Unrated,,,Equity : Index Funds,7.8943
Mirae Asset Income plus Arbitrage Active FOF-Reg(G),Growth,Mirae Asset Income plus Arbitrage Active FOF-Reg(G),443,NEQ,400033,48,916,49935,Open ended scheme,0.35,Basant Bafna,-0.03,,0.25,10.629,2026-09-25,0.0,2025-07-04,5.1,5000.0,22.0235,Mirae Asset Mutual Fund,Nifty Short Duration Debt Index,3,2026-08-31,0.0753,0.6725,5.0296,,,3.3346295936223993,"0.25% on or before 15D, Nil after 15D",-,,,,Unrated,,,FoFs : Domestic,10.629
HDFC NIFTY Growth Sectors 15 ETF,Growth,HDFC NIFTY Growth Sectors 15 ETF,357,EQ,400013,44,37,46047,Open ended scheme,0.3,Arun Agarwal,0.35,117.06,,113.4614,2026-09-25,0.0,2022-09-23,6.26,5000.0,21.9987,HDFC Mutual Fund,Nifty Growth Sectors 15 - TRI,3,2026-08-31,-6.9846,0.8915,-7.5919,4.1215,,-12.554643039910237,null,Technology,,,,Unrated,,,Equity : ETFs,113.4614
Mirae Asset Nifty India New Age Consumption ETF FoF-Reg(G),Growth,Mirae Asset Nifty India New Age Consumption ETF FoF-Reg(G),780,NEQ,400033,48,760,49481,Open ended scheme,0.57,Ekta Gala,-0.18,,0.05,9.482,2026-09-25,0.0,2025-01-02,-3.03,5000.0,21.9636,Mirae Asset Mutual Fund,Nifty India New Age Consumption - TRI,3,2026-08-31,-6.3599,1.7055,-4.7322,,,-2.6888341543514005,"0.05% on or before 15D, Nil after 15D",-,,,,Unrated,,,FoFs : Domestic,9.482
PGIM India CRISIL IBX Gilt Index - Apr 2028 Fund-Reg(G),Growth,PGIM India CRISIL IBX Gilt Index - Apr 2028 Fund-Reg(G),688,NEQ,400044,27,257,47617,Open ended scheme,0.6,Puneet Pal,0.01,0.0,0.0,12.8312,2026-09-25,0.0,2023-02-22,7.19,5000.0,21.682,PGIM India Mutual Fund,CRISIL IBX Gilt Index - April 2028,3,2026-08-31,0.1225,0.9488,4.9012,7.0052,,3.2949870792712868,Nil,-,,,,Unrated,,,Debt : Medium to Long Duration,12.8312
Kotak Nifty G-Sec July 2033 Index Fund-Reg(G),Growth,Kotak Nifty G-Sec July 2033 Index Fund-Reg(G),714,NEQ,400019,28,8,48255,Open ended scheme,0.39,Abhishek Bisen,-0.04,0.0,0.0,12.3186,2026-09-25,0.0,2023-10-11,7.3,100.0,21.5625,Kotak Mahindra Mutual Fund,Nifty G-Sec July 2033 Index,3,2026-08-31,-1.302,-0.3479,3.6378,,,2.5097778147624243,Nil,-,,,,Unrated,,,Debt : Long Duration,12.3186
HDFC NIFTY100 Quality 30 ETF,Growth,HDFC NIFTY100 Quality 30 ETF,340,EQ,400013,44,37,46043,Open ended scheme,0.3,Arun Agarwal,0.45,38.98,,56.682,2026-09-25,0.0,2022-09-23,10.1,5000.0,21.5058,HDFC Mutual Fund,NIFTY100 Quality 30 - TRI,3,2026-08-31,-5.0408,0.5776,-2.4488,7.9861,,-6.2399200718559324,null,FMCG,,,,Unrated,,,Equity : ETFs,56.682
Aditya Birla SL CRISIL IBX Gilt Apr 2028 Index Fund-Reg(G),Growth,Aditya Birla SL CRISIL IBX Gilt Apr 2028 Index Fund-Reg(G),688,NEQ,400004,27,747,47757,Open ended scheme,0.79,Bhupesh Bameta,0.01,0.0,0.0,12.5965,2026-09-25,0.0,2023-03-15,6.75,500.0,21.3063,Aditya Birla Sun Life Mutual Fund,CRISIL IBX Gilt Index - April 2028,3,2026-08-31,0.1487,0.8769,4.7875,6.7457,,3.2974152069802596,Nil,-,,,,Unrated,,,Debt : Medium to Long Duration,12.5965
Angel One Nifty 50 ETF,Growth,Angel One Nifty 50 ETF,154,EQ,400064,44,999,49843,Open ended scheme,0.21,Kewal Shah,0.33,0.76,,9.5668,2026-09-25,0.0,2025-05-22,-3.24,1000.0,21.100742204,Angel One Mutual Fund,NIFTY 50 - TRI,1,2026-08-31,-4.878,-3.4982,-6.0854,,,-10.636588669375554,null,Financials,,,,Unrated,,,Equity : ETFs,9.5668
Invesco India BSE Sensex Index Fund-Reg(G),Growth,Invesco India BSE Sensex Index Fund-Reg(G),174,EQ,400021,18,564,50838,Open ended scheme,1.35,Abhisek Bahinipati,0.42,,0.0,9.6685,2026-09-25,0.0,2026-05-13,-3.32,100.0,21.0721,Invesco Mutual Fund,BSE SENSEX - TRI,3,2026-08-31,-5.0963,-4.2476,,,,,Nil,Financials,,,,Unrated,,,Equity : Index Funds,9.6685
Bandhan BSE Healthcare Index Fund-Reg(G),Growth,Bandhan BSE Healthcare Index Fund-Reg(G),391,EQ,400028,18,992,48745,Open ended scheme,1.13,Abhishek Jain,-0.5,42.0,0.25,11.7211,2026-09-25,0.0,2024-09-06,8.05,1000.0,21.0138786690281,Bandhan Mutual Fund,BSE Health Care - TRI,3,2026-08-31,1.2937,6.1742,16.52,,,17.330677290836643,"0.25% on or before 15D, Nil after 15D",Healthcare,,,,Unrated,,,Equity : Index Funds,11.7211
Groww Nifty Capital Markets ETF FOF-Reg(G),Growth,Groww Nifty Capital Markets ETF FOF-Reg(G),773,NEQ,400048,48,1097,50196,Open ended scheme,0.64,Aakash Chauhan,-0.74,49.0,0.0,11.2101,2026-09-25,0.0,2025-12-04,12.1,500.0,20.944017038000002,Groww Mutual Fund,Nifty Capital Markets Index - TRI,3,2026-08-31,-3.7694,-3.5641,,,,12.524090580582993,NIL,-,,,,Unrated,,,FoFs : Domestic,11.2101
ICICI Pru Nifty 5 yr Benchmark G-SEC ETF,Growth,ICICI Pru Nifty 5 yr Benchmark G-SEC ETF,528,NEQ,400015,27,893,46440,Open ended scheme,0.21,Darshil Dedhia,0.02,0.0,,65.923,2026-09-25,0.0,2022-03-07,6.56,1000.0,20.705355602,ICICI Prudential Mutual Fund,Nifty 5 yr Benchmark G-Sec Index TRI,3,2026-08-31,-0.7786,0.1077,4.3794,7.397,,3.3645252535388845,null,-,,,,Unrated,,,Debt : Medium to Long Duration,65.923
Choice Nifty Next 50 Index Fund-Reg(G),Growth,Choice Nifty Next 50 Index Fund-Reg(G),165,EQ,400072,18,719,50792,Open ended scheme,1.31,Rochan Pattnayak,0.55,22.0,0.0,11.1429,2026-09-25,0.0,2026-04-07,11.43,1000.0,20.377200000000002,Choice Mutual Fund,NIFTY NEXT 50 - TRI,3,2026-08-31,-3.679,-0.42,,,,,NIL,Financials,,,,Unrated,,,Equity : Index Funds,11.1429
Bandhan Nifty Bank Index Fund-Reg(G),Growth,Bandhan Nifty Bank Index Fund-Reg(G),311,EQ,400028,18,992,48898,Open ended scheme,1.1,Abhishek Jain,0.25,52.0,0.25,10.7493,2026-09-25,0.0,2024-08-27,3.54,1000.0,20.325107573244,Bandhan Mutual Fund,NIFTY BANK - TRI,3,2026-08-31,-3.45,-4.577,0.5698,,,-6.942941487105345,"0.25% on or before 15D, Nil after 15D",Financials,,,,Unrated,,,Equity : Index Funds,10.7493
Bandhan Multi-Asset Passive FOF-Reg(G),Growth,Bandhan Multi-Asset Passive FOF-Reg(G),312,NEQ,400028,48,946,8458,Open ended scheme,0.35,Karthik Kumar,0.41,0.0,1.0,41.6566,2026-09-25,0.0,2010-02-11,8.96,1000.0,20.215630186000002,Bandhan Mutual Fund,NIFTY 500 - TRI,3,2026-08-31,-3.6338,1.2473,2.7346,8.9123,7.2839,0.14616860356093744,"Nil upto 10% of investment and 1% for remaining investment on or before 365D, Nil after 365D",-,,,,Unrated,,,FoFs : Domestic,41.6566
Kotak Nifty Next 50 ETF,Growth,Kotak Nifty Next 50 ETF,165,EQ,400019,44,699,50270,Open ended scheme,0.13,Satish Dondapati,0.56,33.36,,72.369,2026-09-25,0.0,2026-01-07,2.22,5000.0,20.1598,Kotak Mahindra Mutual Fund,NIFTY NEXT 50 - TRI,1,2026-08-31,-3.6224,-0.2495,,,,,null,Financials,,,,Unrated,,,Equity : ETFs,72.369
Mirae Asset BSE 200 Equal Weight ETF,Growth,Mirae Asset BSE 200 Equal Weight ETF,785,EQ,400033,44,760,49454,Open ended scheme,0.49,Ekta Gala,0.11,,,13.4332,2026-09-25,0.0,2025-03-10,11.64,5000.0,19.9229,Mirae Asset Mutual Fund,BSE 200 Equal Weight - TRI,3,2026-08-31,-4.341,-1.172,2.7066,,,-0.3597469161900996,null,Financials,,,,Unrated,,,Equity : ETFs,13.4332
Edelweiss BSE LargeMid (60:40) Stable Dividend 50 ETF,Growth,Edelweiss BSE LargeMid (60:40) Stable Dividend 50 ETF,882,EQ,400035,44,490,51054,Open ended scheme,,Bhavesh Jain,0.27,4.0,,35.0868,2026-09-25,0.0,2026-07-31,-4.15,5000.0,19.888199999999998,Edelweiss Mutual Fund,BSE LargeMid (60:40) Stable Dividend 50 - TRI,1,2026-08-31,-4.9697,,,,,,null,Financials,,,,Unrated,,,Equity : ETFs,35.0868
Tata Nifty Pvt Bank ETF,Growth,Tata Nifty Pvt Bank ETF,348,EQ,400030,44,1116,43854,Open ended scheme,0.47,Nitin Sharma,0.44,25.51,,278.9332,2026-09-25,0.0,2019-08-30,8.85,5000.0,19.8709251,Tata Mutual Fund,Nifty Private Bank - TRI,3,2026-08-31,-2.0704,-4.8787,0.885,5.6528,6.7679,-5.904855460208471,null,Financials,,,,Unrated,,,Equity : ETFs,278.9332
Mirae Asset Long Term Fund-Reg(G),Growth,Mirae Asset Long Term Fund-Reg(G),697,NEQ,400033,28,894,49233,Open ended scheme,0.73,Kruti Chheta,0.0,0.0,0.0,10.3985,2026-09-25,0.0,2024-12-06,2.19,5000.0,19.5062,Mirae Asset Mutual Fund,CRISIL Long Duration Debt Index,3,2026-08-31,-0.8675,-1.1906,1.5766,,,0.8691518978746596,NIL,-,,,,Unrated,,,Debt : Long Duration,10.3985
Navi BSE Sensex Index Fund-Reg(G),Growth,Navi BSE Sensex Index Fund-Reg(G),174,EQ,400041,18,959,48193,Open ended scheme,1.08,Ashutosh Shirwaikar,0.42,22.0,0.0,11.291,2026-09-25,0.0,2023-09-04,4.05,100.0,19.116428,Navi Mutual Fund,BSE SENSEX - TRI,3,2026-08-31,-4.8883,-4.1055,-8.6939,4.0103,,-13.15016230020153,Nil,Financials,,,,Unrated,,,Equity : Index Funds,11.291
Sundaram Conservative Hybrid Fund(G),Growth,Sundaram Conservative Hybrid Fund(G),302,NEQ,400029,52,97,8512,Open ended scheme,1.89,Kumaresh Ramakrishnan,0.08,0.0,0.0,29.1475,2026-09-25,0.0,2010-03-08,6.67,5000.0,18.915310559269997,Sundaram Mutual Fund,CRISIL Hybrid 85+15 - Conservative Index,3,2026-08-31,-1.6009,-0.5782,-0.9673,4.2746,4.697,-2.757065313489401,Nil,Financials,,,,Unrated,,,Hybrid : Conservative Hybrid,29.1475
DSP Nifty Healthcare ETF,Growth,DSP Nifty Healthcare ETF,544,EQ,400009,7,597,48427,Open ended scheme,0.31,Anil Ghelani,-0.47,20.0,,16.8434,2026-09-25,0.0,2024-02-01,16.01,5000.0,18.118199999999998,DSP Mutual Fund,Nifty Healthcare Index - TRI,1,2026-08-31,0.4754,4.6393,15.7158,,,14.297928937868132,null,Healthcare,,,,Unrated,,,Equity : Sectoral - Pharma,16.8434
Aditya Birla SL Conservative Hybrid Active FOF(G),Growth,Aditya Birla SL Conservative Hybrid Active FOF(G),302,NEQ,400004,48,1222,8297,Open ended scheme,0.89,Kartikeya Singh,-0.03,,1.0,35.4803,2026-09-25,0.0,2011-05-09,8.58,100.0,18.0817,Aditya Birla Sun Life Mutual Fund,CRISIL Hybrid 85+15 - Conservative Index,3,2026-08-31,-0.7722,0.4231,3.6754,8.9053,8.1994,1.7351794518977175,"1% on or before 1Y, Nil after 1Y",-,,,,Unrated,,,FoFs : Domestic,35.4893
Motilal Oswal Nifty 100 ETF,Growth,Motilal Oswal Nifty 100 ETF,314,EQ,400042,44,549,50366,Open ended scheme,0.65,Swapnil P Mayekar,0.38,51.0,,24.4752,2026-09-25,0.0,2025-10-13,-5.55,500.0,17.8898,Motilal Oswal Mutual Fund,NIFTY 100 - TRI,1,2026-08-31,-4.6894,-3.0094,,,,-8.47860716609454,null,Financials,,,,Unrated,,,Equity : ETFs,24.4752
DSP Nifty Midcap 150 Index Fund-Reg(G),Growth,DSP Nifty Midcap 150 Index Fund-Reg(G),349,EQ,400009,18,597,50481,Open ended scheme,1.12,Anil Ghelani,-0.15,17.0,0.0,10.1971,2026-09-25,0.0,2025-12-11,1.97,100.0,17.7978,DSP Mutual Fund,Nifty Midcap 150 - TRI,3,2026-08-31,-4.6822,-1.4163,,,,0.3266462676728498,NIL,Financials,,,,Unrated,,,Equity : Index Funds,10.1971
Groww Nifty PSE ETF,Growth,Groww Nifty PSE ETF,322,EQ,400048,44,1097,50180,Open ended scheme,0.54,Aakash Chauhan,0.18,12.0,,96.5164,2026-09-25,0.0,2026-02-09,-6.79,500.0,17.737509274,Groww Mutual Fund,NIFTY PSE - TRI,1,2026-08-31,-1.9898,-3.2685,,,,,null,Energy,,,,Unrated,,,Equity : ETFs,96.5164
DSP Nifty Smallcap 250 Index Fund-Reg(G),Growth,DSP Nifty Smallcap 250 Index Fund-Reg(G),350,EQ,400009,18,597,50482,Open ended scheme,1.28,Anil Ghelani,0.02,55.0,0.0,11.1085,2026-09-25,0.0,2025-12-11,11.08,100.0,17.584400000000002,DSP Mutual Fund,Nifty Smallcap 250 - TRI,3,2026-08-31,-1.0802,2.6047,,,,8.411570667343298,NIL,Financials,,,,Unrated,,,Equity : Index Funds,11.1085
Kotak Nifty 200 Quality 30 Index Fund-Reg(G),Growth,Kotak Nifty 200 Quality 30 Index Fund-Reg(G),504,EQ,400019,18,699,49688,Open ended scheme,0.73,Satish Dondapati,0.42,31.4,0.0,9.46,2026-09-25,0.0,2025-07-14,-4.52,100.0,17.5414,Kotak Mahindra Mutual Fund,NIFTY200 Quality 30 - TRI,3,2026-08-31,-5.8706,-1.2423,-5.001,,,-8.404337722695571,NIL,Technology,,,,Unrated,,,Equity : Index Funds,9.46
Motilal Oswal Nifty India Tourism ETF,Growth,Motilal Oswal Nifty India Tourism ETF,750,EQ,400042,44,549,49968,Open ended scheme,1.08,Swapnil P Mayekar,0.11,177.0,,77.394,2026-09-25,0.0,2025-06-09,-12.68,500.0,17.5111,Motilal Oswal Mutual Fund,Nifty India Tourism Index - TRI,1,2026-08-31,-3.5268,-3.0454,-14.0045,,,-9.587187955238681,null,Travel,,,,Unrated,,,Equity : ETFs,77.394
Groww Nifty Smallcap 250 ETF,Growth,Groww Nifty Smallcap 250 ETF,350,EQ,400048,44,1097,50236,Open ended scheme,0.38,Aakash Chauhan,0.02,61.0,,10.4887,2026-09-25,0.0,2025-10-28,4.89,500.0,17.493326392,Groww Mutual Fund,Nifty Smallcap 250 - TRI,1,2026-08-31,-1.0033,2.7629,,,,9.108404156827667,null,Financials,,,,Unrated,,,Equity : ETFs,10.4887
SBI Nifty G-sec Jul 2031 Index Fund-Reg(G),Growth,SBI Nifty G-sec Jul 2031 Index Fund-Reg(G),662,NEQ,400027,27,154,50823,Open ended scheme,0.41,Rajeev Radhakrishnan,-0.11,,0.0,10.1998,2026-09-25,0.0,2026-05-26,2.0,5000.0,17.2838,SBI Mutual Fund,Nifty G-Sec July 2031 Index,3,2026-08-31,-1.1906,-0.1879,,,,,NIL,-,,,,Unrated,,,Debt : Medium to Long Duration,10.1998
The Wealth Company Gold ETF FOF-Reg(G),Growth,The Wealth Company Gold ETF FOF-Reg(G),65,NEQ,400068,48,854,50522,Open ended scheme,0.67,Niranjan Das,0.64,,0.0,9.5264,2026-09-25,0.0,2026-01-30,-4.74,5000.0,17.061082901,The Wealth Company Mutual Fund,Gold-India,3,2026-08-31,-5.9428,7.2406,,,,,NIL,-,,,,Unrated,,,FoFs : Domestic,9.5264
Angel One Nifty Total Market Momentum Quality 50 ETF,Growth,Angel One Nifty Total Market Momentum Quality 50 ETF,827,EQ,400064,44,999,50396,Open ended scheme,1.37,Kewal Shah,0.14,,,10.1158,2026-09-25,0.0,2025-11-21,1.16,1000.0,16.635195194999998,Angel One Mutual Fund,Nifty Total Market Momentum Quality 50 - TRI,1,2026-08-31,-2.7869,-0.8585,,,,5.095945061452639,null,Capital Goods,,,,Unrated,,,Equity : ETFs,10.1158
LIC MF Childrens Fund-Reg(G),Growth,LIC MF Childrens Fund-Reg(G),301,EQ,400020,50,1257,2088,Open ended scheme,2.86,Siddharth Panjwani,0.13,85.0,0.0,33.9989,2026-09-25,0.0,2001-10-16,5.03,5000.0,16.4721,LIC Mutual Fund,CRISIL Hybrid 35+65 - Aggressive Index,3,2026-08-31,-2.9013,1.9011,4.9436,8.4748,6.7809,3.803926357890877,Nil,Automobile and Ancillaries,,,,Unrated,,,Equity : Flexi Cap,33.9989
Groww Nifty 200 ETF,Growth,Groww Nifty 200 ETF,326,EQ,400048,44,1097,49236,Open ended scheme,0.42,Aakash Chauhan,0.27,44.0,,10.9658,2026-09-25,0.0,2025-02-25,6.01,500.0,16.468320847,Groww Mutual Fund,NIFTY 200 - TRI,1,2026-08-31,-4.7488,-2.6517,-2.4265,,,-6.665304837048583,null,Financials,,,,Unrated,,,Equity : ETFs,10.9658
Kotak Nifty Private Bank ETF,Growth,Kotak Nifty Private Bank ETF,348,EQ,400019,44,699,50969,Open ended scheme,3.82,Satish Dondapati,0.44,34.43,,26.967,2026-09-25,0.0,2026-07-17,-5.5,1000.0,16.46,Kotak Mahindra Mutual Fund,Nifty Private Bank - TRI,1,2026-08-31,-2.0664,,,,,,null,Financials,,,,Unrated,,,Equity : ETFs,26.967
Groww Nifty India Internet ETF FOF-Reg(G),Growth,Groww Nifty India Internet ETF FOF-Reg(G),806,NEQ,400048,48,1097,49978,Open ended scheme,0.67,Aakash Chauhan,-2.1,23.0,0.0,10.1421,2026-09-25,0.0,2025-07-03,1.15,500.0,16.411425236,Groww Mutual Fund,Nifty India Internet & E-Commerce - TRI,3,2026-08-31,-6.6397,10.6902,-4.4838,,,-2.117454036577718,NIL,-,,,,Unrated,,,FoFs : Domestic,10.1421
DSP Nifty 500 Index Fund-Reg(G),Growth,DSP Nifty 500 Index Fund-Reg(G),312,EQ,400009,18,597,50490,Open ended scheme,1.05,Anil Ghelani,0.22,17.0,0.0,9.3913,2026-09-25,0.0,2026-01-05,-6.09,100.0,16.2326,DSP Mutual Fund,NIFTY 500 - TRI,3,2026-08-31,-4.3071,-2.1271,,,,,NIL,Financials,,,,Unrated,,,Equity : Index Funds,9.3913
Groww Nifty Realty ETF,Growth,Groww Nifty Realty ETF,320,EQ,400048,44,1097,50295,Open ended scheme,0.48,Aakash Chauhan,0.92,82.0,,9.751,2026-09-25,0.0,2025-10-07,-2.49,500.0,16.136721498,Groww Mutual Fund,NIFTY REALTY - TRI,3,2026-08-31,-5.2896,5.5543,,,,-0.801643980548954,null,Real Estate,,,,Unrated,,,Equity : ETFs,9.751
Edelweiss Nifty 50 ETF,Growth,Edelweiss Nifty 50 ETF,154,EQ,400035,44,490,50363,Open ended scheme,0.16,Bhavesh Jain,0.33,13.0,,23.3384,2026-09-25,0.0,2025-11-20,-10.9,5000.0,15.9503,Edelweiss Mutual Fund,NIFTY 50 - TRI,1,2026-08-31,-4.881,-3.4822,,,,-10.604476211269816,null,Financials,,,,Unrated,,,Equity : ETFs,23.3384
Edelweiss BSE Top 10 Bank ETF,Growth,Edelweiss BSE Top 10 Bank ETF,838,EQ,400035,44,490,51044,Open ended scheme,,Bhavesh Jain,0.38,26.0,,16.2981,2026-09-25,0.0,2026-07-31,-3.43,5000.0,15.836500000000001,Edelweiss Mutual Fund,BSE Top 10 Banks Index - TRI,1,2026-08-31,-3.0487,,,,,,null,Financials,,,,Unrated,,,Equity : ETFs,16.2981
Edelweiss BSE Capital Markets & Insurance ETF,Growth,Edelweiss BSE Capital Markets & Insurance ETF,778,EQ,400035,44,490,49456,Open ended scheme,0.58,Bhavesh Jain,-0.26,97.0,,23.3102,2026-09-25,0.0,2024-12-30,6.24,5000.0,15.8006,Edelweiss Mutual Fund,BSE Capital Markets & Insurance - TRI,3,2026-08-31,-4.493,-3.7933,2.1844,,,-3.5828328452540608,null,Financials,,,,Unrated,,,Equity : ETFs,23.3102
Groww Nifty Midcap 150 Index Fund-Reg(G),Growth,Groww Nifty Midcap 150 Index Fund-Reg(G),349,EQ,400048,18,1097,50135,Open ended scheme,1.13,Aakash Chauhan,-0.15,39.0,0.0,10.0008,2026-09-25,0.0,2025-11-13,0.01,500.0,15.599801084000001,Groww Mutual Fund,Nifty Midcap 150 - TRI,3,2026-08-31,-4.6871,-1.4292,,,,0.42173755874201524,NIL,Financials,,,,Unrated,,,Equity : Index Funds,10.0008
Mirae Asset Nifty200 Momentum 30 Plus 8-13 yr G-Sec 50:50 ETF,Growth,Mirae Asset Nifty200 Momentum 30 Plus 8-13 yr G-Sec 50:50 ETF,876,NEQ,400033,45,760,50988,Open ended scheme,0.1,Ekta Gala,-0.04,0.0,,9.9279,2026-09-25,0.0,2026-07-27,-0.72,5000.0,15.554,Mirae Asset Mutual Fund,Nifty200 Momentum 30 Plus 8-13 yr G-Sec 50:50 - TRI,1,2026-08-31,-2.3018,,,,,,null,Financials,,,,Unrated,,,Debt : ETFs,9.9279
Choice Nifty 50 Index Fund-Reg(G),Growth,Choice Nifty 50 Index Fund-Reg(G),154,EQ,400072,18,719,50790,Open ended scheme,1.17,Rochan Pattnayak,0.33,51.0,0.0,10.0019,2026-09-25,0.0,2026-04-07,0.02,1000.0,15.345,Choice Mutual Fund,NIFTY 50 - TRI,3,2026-08-31,-4.9041,-3.727,,,,,NIL,Financials,,,,Unrated,,,Equity : Index Funds,10.0019
Mirae Asset BSE 500 Dividend Leaders 50 ETF,Growth,Mirae Asset BSE 500 Dividend Leaders 50 ETF,820,EQ,400033,44,760,50138,Open ended scheme,0.53,Ekta Gala,0.2,,,34.7652,2026-09-25,0.0,2025-12-15,-2.32,5000.0,15.2178,Mirae Asset Mutual Fund,BSE 500 Dividend Leaders 50 TRI,1,2026-08-31,-2.9461,-0.227,,,,-4.412953461900119,null,Energy,,,,Unrated,,,Equity : ETFs,34.7652
Mirae Asset Nifty 500 Healthcare ETF,Growth,Mirae Asset Nifty 500 Healthcare ETF,829,EQ,400033,44,760,50604,Open ended scheme,0.35,Ekta Gala,-0.48,,,21.8535,2026-09-25,0.0,2026-02-10,20.09,5000.0,15.0814,Mirae Asset Mutual Fund,Nifty500 Healthcare Index - TRI,1,2026-08-31,1.059,5.9122,,,,,null,Healthcare,,,,Unrated,,,Equity : ETFs,21.8535
DSP Nifty500 Flexicap Quality 30 ETF,Growth,DSP Nifty500 Flexicap Quality 30 ETF,811,EQ,400009,44,597,50267,Open ended scheme,0.82,Anil Ghelani,0.23,146.0,,9.6796,2026-09-25,0.0,2025-10-10,-8.34,5000.0,14.8204,DSP Mutual Fund,Nifty500 Flexicap Quality 30 - TRI,1,2026-08-31,-5.5022,0.0548,,,,-8.899597184052995,null,Technology,,,,Unrated,,,Equity : ETFs,9.6796
Edelweiss BSE Sensex ETF,Growth,Edelweiss BSE Sensex ETF,174,EQ,400035,44,490,50362,Open ended scheme,0.17,Bhavesh Jain,0.43,8.0,,74.4559,2026-09-25,0.0,2025-11-20,-13.05,5000.0,14.7226,Edelweiss Mutual Fund,BSE SENSEX - TRI,1,2026-08-31,-4.8268,-3.9007,,,,-12.560979333378736,null,Financials,,,,Unrated,,,Equity : ETFs,74.4559
DSP Nifty 10 yr Benchmark G-Sec ETF,Growth,DSP Nifty 10 yr Benchmark G-Sec ETF,275,NEQ,400009,45,597,51072,Open ended scheme,0.15,Anil Ghelani,0.0,,,26.467,2026-09-25,0.0,2026-08-14,-1.56,5000.0,14.6097,DSP Mutual Fund,Nifty 10 yr Benchmark G-Sec,1,2026-08-31,-1.1754,,,,,,null,-,,,,Unrated,,,Debt : ETFs,26.467
Kotak Nifty Midcap 150 ETF,Growth,Kotak Nifty Midcap 150 ETF,349,EQ,400019,44,699,49318,Open ended scheme,0.11,Satish Dondapati,-0.15,303.79,,22.82,2026-09-25,0.0,2025-03-21,11.95,5000.0,14.431099999999999,Kotak Mahindra Mutual Fund,Nifty Midcap 150 - TRI,1,2026-08-31,-4.6146,-1.1907,5.4382,,,1.152482269503553,null,Financials,,,,Unrated,,,Equity : ETFs,22.82
ITI Overnight Fund-Reg(G),Growth,ITI Overnight Fund-Reg(G),500,NEQ,400056,20,332,44267,Open ended scheme,0.24,Laukik Bagwe,0.01,0.0,0.0,1385.8074,2026-09-25,0.0,2019-10-24,4.82,5000.0,14.4123,ITI Mutual Fund,CRISIL Liquid Overnight Index,1,2026-08-31,0.377,1.1709,4.8958,5.7154,5.4174,3.5110510042788916,Nil,-,,,,Unrated,,,Debt : Overnight,1385.8074
Bandhan Nifty 200 Quality 30 Index Fund-Reg(G),Growth,Bandhan Nifty 200 Quality 30 Index Fund-Reg(G),504,EQ,400028,18,992,49390,Open ended scheme,1.17,Abhishek Jain,0.42,40.0,0.25,9.1449,2026-09-25,0.0,2024-12-04,-4.82,1000.0,14.3716743309847,Bandhan Mutual Fund,NIFTY200 Quality 30 - TRI,3,2026-08-31,-5.8963,-1.4282,-5.4341,,,-8.728067548955023,"0.25% on or before 15D, Nil after 15D",Technology,,,,Unrated,,,Equity : Index Funds,9.1449
SBI Nifty Midcap 150 ETF,Growth,SBI Nifty Midcap 150 ETF,349,EQ,400027,44,1000,50743,Open ended scheme,0.22,Viral Chhadva,-0.15,4.0,,22.4996,2026-09-25,0.0,2026-03-30,15.79,5000.0,14.148800000000001,SBI Mutual Fund,Nifty Midcap 150 - TRI,1,2026-08-31,-4.6215,-1.2166,,,,,null,Financials,,,,Unrated,,,Equity : ETFs,22.4996
Mirae Asset Nifty Top 20 Equal Weight ETF,Growth,Mirae Asset Nifty Top 20 Equal Weight ETF,787,EQ,400033,44,898,50019,Open ended scheme,0.25,Ritesh Patel,0.45,,,8.5484,2026-09-25,0.0,2025-12-15,-11.81,5000.0,13.8765,Mirae Asset Mutual Fund,Nifty Top 20 Equal Weight - TRI,1,2026-08-31,-5.4119,-1.4616,,,,-11.711972238288014,null,Financials,,,,Unrated,,,Equity : ETFs,8.5484
Aditya Birla SL Retirement Fund-50 Plus-Debt Plan-Reg(G),Growth,Aditya Birla SL Retirement Fund-50 Plus-Debt Plan-Reg(G),44,NEQ,400004,25,788,42778,Open ended scheme,2.05,Harshil Suvarnkar,-0.03,5.0,0.0,13.586,2026-09-25,5.0,2019-03-11,4.14,1000.0,13.730599999999999,Aditya Birla Sun Life Mutual Fund,CRISIL Short Term Bond Index,3,2026-08-31,-0.5228,-0.075,2.4284,4.6355,3.7709,1.6627007288346194,Nil,-,,,,Unrated,,,Debt : Short Duration,13.586
UTI Nifty Midcap 150 ETF,Growth,UTI Nifty Midcap 150 ETF,349,EQ,400032,44,620,48183,Open ended scheme,0.29,Sharwan Kumar Goyal,-0.15,42.83,,226.9313,2026-09-25,0.0,2023-08-30,15.25,5000.0,13.4931,UTI Mutual Fund,Nifty Midcap 150 - TRI,3,2026-08-31,-4.6134,-1.1851,5.3882,14.645,,1.1209103815328525,null,Financials,,,,Unrated,,,Equity : ETFs,226.9313
Navi Nifty MidSmallcap 400 Index Fund-Reg(G),Growth,Navi Nifty MidSmallcap 400 Index Fund-Reg(G),354,EQ,400041,18,959,50519,Open ended scheme,1.42,Ashutosh Shirwaikar,-0.09,74.0,0.0,10.5276,2026-09-25,0.0,2025-12-09,5.28,100.0,13.482799,Navi Mutual Fund,Nifty MidSmallcap 400 - TRI,3,2026-08-31,-3.4741,-0.148,,,,2.6181889073008993,NIL,Financials,,,,Unrated,,,Equity : Index Funds,10.5276
Mirae Asset Nifty200 Momentum 30 Plus 8-13yr G-Sec 75:25 Index Fund-Reg(G),Growth,Mirae Asset Nifty200 Momentum 30 Plus 8-13yr G-Sec 75:25 Index Fund-Reg(G),877,EQ,400033,18,760,50989,Open ended scheme,0.85,Ekta Gala,-0.06,0.0,0.0,10.0235,2026-09-25,0.0,2026-07-28,0.24,5000.0,13.4429,Mirae Asset Mutual Fund,Nifty200 Momentum 30 Plus 8-13 yr G-Sec 75:25 Index - TRI,3,2026-08-31,-2.9389,,,,,,NIL,Financials,,,,Unrated,,,Equity : Index Funds,10.0235
Axis NIFTY India Consumption ETF,Growth,Axis NIFTY India Consumption ETF,323,EQ,400040,44,397,45820,Open ended scheme,0.46,Nandik Mallik,0.54,,,117.6509,2026-09-25,0.0,2021-09-17,10.18,5000.0,13.437999999999999,Axis Mutual Fund,Nifty India Consumption - TRI,3,2026-08-31,-5.6394,-1.2298,-6.4068,10.7813,9.9182,-6.723617811569679,null,Automobile and Ancillaries,,,,Unrated,,,Equity : ETFs,117.6509
DSP Nifty Midcap 150 ETF,Growth,DSP Nifty Midcap 150 ETF,349,EQ,400009,44,597,50484,Open ended scheme,0.39,Anil Ghelani,-0.15,108.0,,22.4999,2026-09-25,0.0,2025-12-12,1.57,5000.0,13.220999999999998,DSP Mutual Fund,Nifty Midcap 150 - TRI,1,2026-08-31,-4.6255,-1.2187,,,,1.0382285449981419,null,Financials,,,,Unrated,,,Equity : ETFs,22.4999
HDFC NIFTY100 Low Volatility 30 ETF,Growth,HDFC NIFTY100 Low Volatility 30 ETF,360,EQ,400013,44,37,46044,Open ended scheme,0.3,Arun Agarwal,0.33,81.7,,19.8019,2026-09-25,0.0,2022-10-11,12.09,500.0,13.2119,HDFC Mutual Fund,Nifty100 Low Volatility 30 - TRI,3,2026-08-31,-5.1928,-2.5526,-3.9214,9.3956,,-8.205544223994064,null,Financials,,,,Unrated,,,Equity : ETFs,19.8019
Kotak Nifty200 Value 30 Index Fund-Reg(G),Growth,Kotak Nifty200 Value 30 Index Fund-Reg(G),762,EQ,400019,18,699,50234,Open ended scheme,1.52,Satish Dondapati,-0.09,170.99,0.0,9.376,2026-09-25,0.0,2026-02-05,-6.24,100.0,13.1795,Kotak Mahindra Mutual Fund,Nifty200 Value 30 - TRI,3,2026-08-31,-2.8796,-4.3558,,,,,NIL,Energy,,,,Unrated,,,Equity : Index Funds,9.376
ICICI Pru Nifty Top 15 Equal Weight ETF,Growth,ICICI Pru Nifty Top 15 Equal Weight ETF,793,EQ,400015,44,763,49744,Open ended scheme,0.38,Nishit Patel,0.45,76.0,,9.341,2026-09-25,0.0,2025-06-26,-8.76,1000.0,13.043155775,ICICI Prudential Mutual Fund,Nifty Top 15 Equal Weight - TRI,1,2026-08-31,-6.4066,-5.5587,-10.9533,,,-15.797539099472674,null,Financials,,,,Unrated,,,Equity : ETFs,9.341
Mahindra Manulife Income Plus Arbitrage Active FOF-Reg(G),Growth,Mahindra Manulife Income Plus Arbitrage Active FOF-Reg(G),40,NEQ,400054,48,472,50005,Open ended scheme,0.68,Amit Garg,-0.03,,0.0,10.4292,2026-09-25,0.0,2025-12-05,4.29,1000.0,12.784600000000001,Mahindra Manulife Mutual Fund,CRISIL Composite Bond Index,3,2026-08-31,0.0854,0.8841,,,,3.9759132237996453,NIL,-,,,,Unrated,,,FoFs : Domestic,10.4292
Aditya Birla SL CRISIL IBX Gilt June 2027 Index Fund-Reg(G),Growth,Aditya Birla SL CRISIL IBX Gilt June 2027 Index Fund-Reg(G),692,NEQ,400004,29,747,48450,Open ended scheme,0.61,Bhupesh Bameta,0.01,0.0,0.0,11.6403,2026-09-25,0.0,2024-06-05,6.81,1000.0,12.753,Aditya Birla Sun Life Mutual Fund,CRISIL IBX Gilt Index - June 2027,3,2026-08-31,0.2118,0.9812,5.0616,,,3.518101861321333,Nil,-,,,,Unrated,,,Debt : Gilt,11.6403
Kotak BSE Housing Index Fund-Reg(G),Growth,Kotak BSE Housing Index Fund-Reg(G),703,EQ,400019,18,699,48163,Open ended scheme,0.77,Satish Dondapati,0.57,31.16,0.0,12.458,2026-09-25,0.0,2023-08-28,7.4,100.0,12.73,Kotak Mahindra Mutual Fund,BSE Housing - TRI,3,2026-08-31,-6.2392,-2.3821,-8.4442,6.6814,,-4.689771249330576,Nil,Real Estate,,,,Unrated,,,Equity : Index Funds,12.458
Mirae Asset Nifty 500 Value 50 ETF,Growth,Mirae Asset Nifty 500 Value 50 ETF,506,EQ,400033,44,760,50402,Open ended scheme,1.31,Ekta Gala,-0.07,,,15.7699,2026-09-25,0.0,2026-03-20,2.43,5000.0,12.700999999999999,Mirae Asset Mutual Fund,NIFTY500 Value 50 - TRI,1,2026-08-31,-2.6934,-2.9574,,,,,null,Energy,,,,Unrated,,,Equity : ETFs,15.7699
AlphaGrep Liquid Omni FOF-Reg(G),Growth,AlphaGrep Liquid Omni FOF-Reg(G),446,NEQ,400087,48,1262,51071,Open ended scheme,0.28,Ashish Jain,0.0,,0.07,1007.7473,2026-09-25,0.0,2026-08-07,0.77,500.0,12.201300000000002,AlphaGrep Mutual Fund,Nifty Liquid Fund Index,3,2026-08-31,0.4626,,,,,,"0.007% for Day 1, 0.0065% on Day 2, 0.0060% on Day 3, 0.0055% on Day 4, 0.0050% on Day 5, 0.0045% on Day 6, NIL on or after 7D",-,,,,Unrated,,,FoFs : Domestic,1007.7473
Groww Nifty PSE ETF FOF-Reg(G),Growth,Groww Nifty PSE ETF FOF-Reg(G),322,NEQ,400048,48,1097,50654,Open ended scheme,0.52,Aakash Chauhan,0.01,3.0,0.0,9.2829,2026-09-25,0.0,2026-02-11,-7.17,500.0,12.131488116999998,Groww Mutual Fund,NIFTY PSE - TRI,3,2026-08-31,-1.315,-3.6824,,,,,NIL,-,,,,Unrated,,,FoFs : Domestic,9.2829
Aditya Birla SL CRISIL Broad Based Gilt ETF,Growth,Aditya Birla SL CRISIL Broad Based Gilt ETF,749,NEQ,400004,45,287,48976,Open ended scheme,0.08,Kaustubh Gupta,-0.05,0.0,,113.5667,2026-09-25,0.0,2024-07-05,5.89,1000.0,12.023800000000001,Aditya Birla Sun Life Mutual Fund,CRISIL Broad Based Gilt Index,3,2026-08-31,-0.9677,-0.4056,2.947,,,1.86267826710916,null,-,,,,Unrated,,,Debt : ETFs,113.5667
Angel One Silver ETF FOF-Reg(G),Growth,Angel One Silver ETF FOF-Reg(G),199,NEQ,400064,48,999,50670,Open ended scheme,0.7,Kewal Shah,1.38,,0.0,7.9239,2026-09-25,0.0,2026-03-02,-20.76,500.0,11.855886522,Angel One Mutual Fund,Silver,3,2026-08-31,-4.1873,5.4229,,,,,NIL,-,,,,Unrated,,,FoFs : Domestic,7.9239
Groww Overnight Fund-Reg(G),Growth,Groww Overnight Fund-Reg(G),500,NEQ,400048,20,751,42042,Open ended scheme,0.29,Kaustubh Sule,0.01,0.0,0.0,1412.2944,2026-09-27,0.0,2019-07-08,4.89,500.0,11.721997848,Groww Mutual Fund,CRISIL Liquid Overnight Index,1,2026-08-31,0.3915,1.2104,5.0553,5.8701,5.4888,3.637839092651365,Nil,-,,,,Unrated,,,Debt : Overnight,1412.1038
Nippon India Nifty India Manufacturing ETF,Growth,Nippon India Nifty India Manufacturing ETF,584,EQ,400025,44,1074,50131,Open ended scheme,0.29,Jitendra Tolani,0.45,92.0,,159.6142,2026-09-25,0.0,2025-08-26,10.15,1000.0,11.715187149,Nippon India Mutual Fund,Nifty India Manufacturing - TRI,1,2026-08-31,-4.2098,-0.0091,6.6531,,,3.6367012697612924,null,Automobile and Ancillaries,,,,Unrated,,,Equity : ETFs,159.6142
Aditya Birla SL MSCI India ETF,Growth,Aditya Birla SL MSCI India ETF,56,EQ,400004,44,671,50673,Open ended scheme,0.22,Mehul Dama,0.27,,,28.5189,2026-09-25,0.0,2026-02-17,-6.13,5000.0,11.211500000000001,Aditya Birla Sun Life Mutual Fund,MSCI India,1,2026-08-31,-4.7707,-2.7187,,,,,null,Financials,,,,Unrated,,,Equity : ETFs,28.5189
Groww Nifty Next 50 Index Fund-Reg(G),Growth,Groww Nifty Next 50 Index Fund-Reg(G),165,EQ,400048,18,1097,50134,Open ended scheme,1.17,Aakash Chauhan,0.55,51.0,0.0,10.5583,2026-09-25,0.0,2025-08-25,5.13,500.0,11.136345388,Groww Mutual Fund,NIFTY NEXT 50 - TRI,3,2026-08-31,-3.7135,-0.5192,4.7908,,,3.4275694526076554,NIL,Financials,,,,Unrated,,,Equity : Index Funds,10.5583
Taurus Banking & Fin Serv Fund-Reg(G),Growth,Taurus Banking & Fin Serv Fund-Reg(G),308,EQ,400031,8,911,15063,Open ended scheme,2.54,Anuj Kapil,0.22,51.0,1.0,51.18,2026-09-25,0.0,2012-05-22,12.05,500.0,11.043800000000001,Taurus Mutual Fund,BSE BANKEX - TRI,3,2026-08-31,-3.7608,-5.3974,-4.6927,6.6781,7.5095,-6.9116042197162555,"1% on or before 365D, Nil after 365D",Financials,,,,Unrated,,,Equity : Sectoral - Financial Services,51.18
Mirae Asset Nifty India Infrastructure & Logistics ETF,Growth,Mirae Asset Nifty India Infrastructure & Logistics ETF,821,EQ,400033,44,760,50237,Open ended scheme,0.37,Ekta Gala,0.34,,,11.7346,2026-09-25,0.0,2026-02-12,1.67,5000.0,10.933699999999998,Mirae Asset Mutual Fund,Nifty India Infrastructure & Logistics Index - TRI,1,2026-08-31,-4.0444,-4.8389,,,,,null,Capital Goods,,,,Unrated,,,Equity : ETFs,11.7346
Groww Nifty 500 Momentum 50 ETF FOF-Reg(G),Growth,Groww Nifty 500 Momentum 50 ETF FOF-Reg(G),767,NEQ,400048,48,1097,49327,Open ended scheme,0.59,Aakash Chauhan,-0.1,10.0,1.0,10.6381,2026-09-25,0.0,2025-04-24,4.45,500.0,10.645365555000001,Groww Mutual Fund,Nifty500 Momentum 50 - TRI,3,2026-08-31,-2.1397,-0.6574,4.0941,,,1.8263091899342356,"1% on or before 30D, Nil after 30D",-,,,,Unrated,,,FoFs : Domestic,10.6381
Baroda BNP Paribas NIFTY Midcap 150 Index Fund-Reg(G),Growth,Baroda BNP Paribas NIFTY Midcap 150 Index Fund-Reg(G),349,EQ,400001,18,859,49282,Open ended scheme,1.22,Neeraj Saxena,-0.15,81.0,0.2,10.6649,2026-09-25,0.0,2024-11-04,3.46,1000.0,10.508199999999999,Baroda BNP Paribas Mutual Fund,Nifty Midcap 150 - TRI,3,2026-08-31,-4.7334,-1.5317,4.0844,,,0.14272702517441904,"0.20% on or before 7D, Nil after 7D",Financials,,,,Unrated,,,Equity : Index Funds,10.6649
Aditya Birla SL CRISIL-IBX AAA Financial Services Index-Sep 2027 Fund-Reg(G),Growth,Aditya Birla SL CRISIL-IBX AAA Financial Services Index-Sep 2027 Fund-Reg(G),754,NEQ,400004,27,788,49205,Open ended scheme,0.43,Harshil Suvarnkar,-0.02,0.0,0.0,11.3918,2026-09-25,0.0,2024-11-13,7.23,1000.0,10.167,Aditya Birla Sun Life Mutual Fund,CRISIL IBX AAA Financial Services Index - Sep 2027,3,2026-08-31,0.4152,1.476,5.9929,,,4.368300503893732,NIL,-,,,,Unrated,,,Debt : Medium to Long Duration,11.3918
SBI BSE 100 ETF,Growth,SBI BSE 100 ETF,300,EQ,400027,44,377,30042,Open ended scheme,0.16,Raviprakash Sharma,0.29,5.0,,275.4169,2026-09-25,0.0,2015-03-20,10.78,5000.0,9.6201,SBI Mutual Fund,BSE 100 - TRI,3,2026-08-31,-4.8199,-2.9361,-4.1734,8.2366,7.6834,-8.673551236766219,null,Financials,,,,Unrated,,,Equity : ETFs,275.4169
DSP Nifty Next 50 ETF,Growth,DSP Nifty Next 50 ETF,165,EQ,400009,44,597,50489,Open ended scheme,0.28,Anil Ghelani,0.56,30.0,,72.2004,2026-09-25,0.0,2026-01-05,2.54,5000.0,9.4365,DSP Mutual Fund,NIFTY NEXT 50 - TRI,1,2026-08-31,-3.635,-0.2749,,,,,null,Financials,,,,Unrated,,,Equity : ETFs,72.2004
Mirae Asset BSE Select IPO ETF FoF-Reg(G),Growth,Mirae Asset BSE Select IPO ETF FoF-Reg(G),784,NEQ,400033,48,760,49499,Open ended scheme,0.64,Ekta Gala,-0.66,,0.05,11.515,2026-09-25,0.0,2025-03-18,9.7,5000.0,9.3623,Mirae Asset Mutual Fund,BSE Select IPO Index - TRI,3,2026-08-31,-4.0577,4.8534,-3.8975,,,2.492211838006241,"0.05% on or before 15D, Nil after 15D",-,,,,Unrated,,,FoFs : Domestic,11.515
ICICI Pru Nifty Smallcap 250 ETF,Growth,ICICI Pru Nifty Smallcap 250 ETF,350,EQ,400015,44,763,50893,Open ended scheme,1.42,Nishit Patel,0.02,,,18.1985,2026-09-25,0.0,2026-06-19,2.63,1000.0,9.146073636,ICICI Prudential Mutual Fund,Nifty Smallcap 250 - TRI,1,2026-08-31,-0.9929,2.7949,,,,,null,Financials,,,,Unrated,,,Equity : ETFs,18.1985
UTI Nifty 500 ETF,Growth,UTI Nifty 500 ETF,312,EQ,400032,44,620,50962,Open ended scheme,0.15,Sharwan Kumar Goyal,0.22,,,36.3678,2026-09-25,0.0,2026-08-25,-3.9,5000.0,9.1399,UTI Mutual Fund,NIFTY 500 - TRI,1,2026-08-31,-3.9046,,,,,,null,Financials,,,,Unrated,,,Equity : ETFs,36.3678
Bandhan Nifty Alpha Low Volatility 30 Index Fund-Reg(G),Growth,Bandhan Nifty Alpha Low Volatility 30 Index Fund-Reg(G),361,EQ,400028,18,992,49119,Open ended scheme,1.35,Abhishek Jain,0.31,144.0,0.25,9.8451,2026-09-25,0.0,2025-01-23,-0.93,1000.0,9.01852597483414,Bandhan Mutual Fund,NIFTY Alpha Low-Volatility 30 - TRI,3,2026-08-31,-4.7494,-1.5647,-1.6051,,,-4.145693171971287,"0.25% on or before 15D, Nil after 15D",Healthcare,,,,Unrated,,,Equity : Index Funds,9.8451
Groww Nifty Next 50 ETF,Growth,Groww Nifty Next 50 ETF,165,EQ,400048,44,1097,50133,Open ended scheme,0.4,Aakash Chauhan,0.55,267.0,,72.1398,2026-09-25,0.0,2025-08-22,6.09,500.0,9.015416624,Groww Mutual Fund,NIFTY NEXT 50 - TRI,1,2026-08-31,-3.6481,-0.3218,5.5965,,,4.045287372899691,null,Financials,,,,Unrated,,,Equity : ETFs,72.1398
Groww Nifty Smallcap 250 Momentum Quality 100 Index Fund-Reg(G),Growth,Groww Nifty Smallcap 250 Momentum Quality 100 Index Fund-Reg(G),731,EQ,400048,18,1097,50889,Open ended scheme,3.29,Aakash Chauhan,0.38,48.0,0.0,10.5961,2026-09-25,0.0,2026-06-17,5.96,500.0,8.667432668,Groww Mutual Fund,Nifty Smallcap250 Momentum Quality 100,3,2026-08-31,-0.317,4.8081,,,,,NIL,Financials,,,,Unrated,,,Equity : Index Funds,10.5961
Taurus Infrastructure Fund-Reg(G),Growth,Taurus Infrastructure Fund-Reg(G),319,EQ,400031,11,911,3308,Open ended scheme,2.52,Anuj Kapil,0.05,44.0,1.0,60.64,2026-09-25,0.0,2007-03-05,9.65,500.0,8.6192,Taurus Mutual Fund,Nifty Infrastructure - TRI,3,2026-08-31,-4.9828,-6.8367,-10.7448,7.2032,9.6432,-10.109694633857092,"1% on or before 365D, Nil after 365D",Energy,,,,Unrated,,,Equity : Sectoral - Infrastructure,60.64
SBI Nifty Smallcap 250 ETF,Growth,SBI Nifty Smallcap 250 ETF,350,EQ,400027,44,1000,50742,Open ended scheme,0.91,Viral Chhadva,0.02,6.0,,18.1866,2026-09-25,0.0,2026-05-20,9.04,5000.0,8.416699999999999,SBI Mutual Fund,Nifty Smallcap 250 - TRI,1,2026-08-31,-0.9962,2.7863,,,,,null,Financials,,,,Unrated,,,Equity : ETFs,18.1866
DSP Nifty Smallcap 250 ETF,Growth,DSP Nifty Smallcap 250 ETF,350,EQ,400009,44,597,50483,Open ended scheme,0.67,Anil Ghelani,0.02,132.0,,18.2749,2026-09-25,0.0,2025-12-12,11.45,5000.0,8.3857,DSP Mutual Fund,Nifty Smallcap 250 - TRI,1,2026-08-31,-0.9786,2.8257,,,,9.614980895998643,null,Financials,,,,Unrated,,,Equity : ETFs,18.2749
Edelweiss Nifty Next 50 ETF,Growth,Edelweiss Nifty Next 50 ETF,165,EQ,400035,44,490,50535,Open ended scheme,0.77,Bhavesh Jain,0.56,6.0,,71.581,2026-09-25,0.0,2026-05-20,3.2,5000.0,8.3063,Edelweiss Mutual Fund,NIFTY NEXT 50 - TRI,1,2026-08-31,-3.6264,-0.2063,,,,,null,Financials,,,,Unrated,,,Equity : ETFs,71.581
Groww Nifty Cements ETF,Growth,Groww Nifty Cements ETF,843,EQ,400048,44,1097,50970,Open ended scheme,0.47,Aakash Chauhan,-0.21,3.0,,14.1152,2026-09-25,0.0,2026-07-24,-7.59,500.0,8.097520855,Groww Mutual Fund,Nifty Cements - TRI,1,2026-08-31,-5.0121,,,,,,null,Construction,,,,Unrated,,,Equity : ETFs,14.1152
Axis CRISIL-IBX AAA Bond NBFC-HFC - Jun 2027 Index Fund-Reg(G),Growth,Axis CRISIL-IBX AAA Bond NBFC-HFC - Jun 2027 Index Fund-Reg(G),777,NEQ,400040,25,493,49126,Open ended scheme,1.07,Aditya Pagaria,0.07,0.0,0.0,11.3074,2026-09-11,0.0,2024-12-11,7.27,5000.0,7.6272,Axis Mutual Fund,CRISIL-IBX AAA NBFC-HFC Index - Jun 2027,3,2026-08-31,0.5174,1.8373,6.2017,,,4.239686563724354,NIL,-,,,,Unrated,,,Debt : Short Duration,11.3074
Invesco India Nifty Bank ETF,Growth,Invesco India Nifty Bank ETF,311,EQ,400021,44,564,50999,Open ended scheme,0.13,Abhisek Bahinipati,0.25,,,55.5274,2026-09-25,0.0,2026-08-20,-3.35,5000.0,7.603899999999999,Invesco Mutual Fund,NIFTY BANK - TRI,1,2026-08-31,-3.3735,,,,,,null,Financials,,,,Unrated,,,Equity : ETFs,55.5274
Mirae Asset BSE 200 Equal Weight ETF FoF-Reg(G),Growth,Mirae Asset BSE 200 Equal Weight ETF FoF-Reg(G),785,NEQ,400033,48,760,49699,Open ended scheme,0.63,Ekta Gala,-0.08,,0.05,11.366,2026-09-25,0.0,2025-03-18,8.77,5000.0,7.5373,Mirae Asset Mutual Fund,BSE 200 Equal Weight - TRI,3,2026-08-31,-4.5516,-1.3625,1.5819,,,-1.2682418346073732,"0.05% on or before 15D, Nil after 15D",-,,,,Unrated,,,FoFs : Domestic,11.366
Edelweiss Nifty Metal ETF,Growth,Edelweiss Nifty Metal ETF,325,EQ,400035,44,490,50933,Open ended scheme,5.33,Bhavesh Jain,0.35,1.0,,13.0765,2026-09-25,0.0,2026-07-23,4.87,5000.0,7.4774,Edelweiss Mutual Fund,NIFTY METAL - TRI,1,2026-08-31,-2.1359,,,,,,null,Metals,,,,Unrated,,,Equity : ETFs,13.0765
Groww Nifty Smallcap 250 Momentum Quality 100 ETF,Growth,Groww Nifty Smallcap 250 Momentum Quality 100 ETF,731,EQ,400048,44,1097,50890,Open ended scheme,2.23,Aakash Chauhan,0.38,40.0,,48.7264,2026-09-25,0.0,2026-06-16,6.68,500.0,7.377754725999999,Groww Mutual Fund,Nifty Smallcap250 Momentum Quality 100,1,2026-08-31,-0.261,4.8682,,,,,null,Financials,,,,Unrated,,,Equity : ETFs,48.7264
Groww Nifty 200 ETF FOF-Reg(G),Growth,Groww Nifty 200 ETF FOF-Reg(G),326,EQ,400048,44,1097,49642,Open ended scheme,0.67,Aakash Chauhan,-0.55,32.0,1.0,11.0968,2026-09-25,0.0,2025-02-28,6.84,500.0,7.326474957,Groww Mutual Fund,NIFTY 200 - TRI,3,2026-08-31,-5.1166,-3.2756,-4.229,,,-7.721221092197282,"1% on or before 30D, Nil after 30D",-,,,,Unrated,,,Equity : ETFs,11.0968
Kotak Nifty Alpha Low-Volatility 30 Index Fund-Reg(G),Growth,Kotak Nifty Alpha Low-Volatility 30 Index Fund-Reg(G),361,EQ,400019,18,699,50599,Open ended scheme,2.52,Satish Dondapati,0.31,31.04,0.0,9.92,2026-09-25,0.0,2026-06-17,-0.8,1000.0,7.3264,Kotak Mahindra Mutual Fund,NIFTY Alpha Low-Volatility 30 - TRI,3,2026-08-31,-4.7253,-1.5287,,,,,NIL,Healthcare,,,,Unrated,,,Equity : Index Funds,9.92
Nippon India Inv-Qrtly-II(G),Growth,Nippon India Inv-Qrtly-II(G),42,NEQ,400025,36,876,2611,Interval scheme,0.17,Vikash Agarwal,0.0,0.0,0.0,38.6206,2026-09-25,0.0,2007-05-07,7.21,5000.0,7.187714145999999,Nippon India Mutual Fund,CRISIL Liquid Debt Index,3,2026-08-31,0.4622,1.409,5.8539,6.5219,6.1686,4.2937462530987975,Nil,-,,,,Unrated,,,Debt : FTP/FMP,38.6206
Nippon India BSE Sensex Next 30 ETF,Growth,Nippon India BSE Sensex Next 30 ETF,781,EQ,400025,44,987,49931,Open ended scheme,0.22,Himanshu Mange,0.02,36.0,,41.7111,2026-09-25,0.0,2025-06-10,6.16,1000.0,6.850450005,Nippon India Mutual Fund,BSE Sensex Next 30 - TRI,1,2026-08-31,-4.037,-0.4401,7.1568,,,2.342203084170621,null,Financials,,,,Unrated,,,Equity : ETFs,41.7111
UTI Nifty IT ETF,Growth,UTI Nifty IT ETF,310,EQ,400032,44,620,48249,Open ended scheme,0.32,Sharwan Kumar Goyal,-0.17,10.62,,296.4812,2026-09-25,0.0,2024-01-25,-7.51,5000.0,6.806900000000001,UTI Mutual Fund,NIFTY IT - TRI,3,2026-08-31,-8.4508,3.3154,-16.7209,,,-24.665744981061067,null,Technology,,,,Unrated,,,Equity : ETFs,296.4812
Groww Nifty Private Bank ETF,Growth,Groww Nifty Private Bank ETF,348,EQ,400048,44,1097,50750,Open ended scheme,0.91,Aakash Chauhan,0.44,14.0,,27.0022,2026-09-25,0.0,2026-05-22,2.32,500.0,6.803182495,Groww Mutual Fund,Nifty Private Bank - TRI,1,2026-08-31,-2.0804,-4.893,,,,,null,Financials,,,,Unrated,,,Equity : ETFs,27.0022
Axis Nifty Energy ETF,Growth,Axis Nifty Energy ETF,317,EQ,400040,44,397,14653,Open ended scheme,0.29,Nandik Mallik,0.21,,,18.7636,2026-09-25,0.0,2026-08-27,-1.55,5000.0,6.7964,Axis Mutual Fund,NIFTY ENERGY - TRI,1,2026-08-31,,,,,,,null,Energy,,,,Unrated,,,Equity : ETFs,18.7636
Kotak Nifty Bank Index Fund-Reg(G),Growth,Kotak Nifty Bank Index Fund-Reg(G),311,EQ,400019,18,699,50932,Open ended scheme,0.51,Satish Dondapati,0.25,,0.0,9.629,2026-09-25,0.0,2026-08-21,-3.71,1000.0,6.7852,Kotak Mahindra Mutual Fund,NIFTY BANK - TRI,3,2026-08-31,-3.71,,,,,,NIL,Financials,,,,Unrated,,,Equity : Index Funds,9.629
360 ONE MSCI India ETF,Growth,360 ONE MSCI India ETF,56,EQ,400047,44,1176,50860,Open ended scheme,1.16,Viral Mehta,0.26,5.0,,9.7549,2026-09-25,0.0,2026-05-22,-2.45,5000.0,6.705599802999431,360 ONE Mutual Fund,MSCI India,1,2026-08-31,-4.7587,-2.7699,,,,,null,Financials,,,,Unrated,,,Equity : ETFs,9.7549
Taurus Nifty 50 Index Fund-Reg(G),Growth,Taurus Nifty 50 Index Fund-Reg(G),154,EQ,400031,18,911,8151,Open ended scheme,1.12,Anuj Kapil,0.33,11.0,1.0,44.0085,2026-09-25,0.0,2010-06-19,9.53,500.0,6.6528,Taurus Mutual Fund,NIFTY 50 - TRI,3,2026-08-31,-4.9197,-3.7041,-7.0456,5.5306,5.4163,-11.367357666350479,"1% on or before 365D, Nil after 365D",Financials,,,,Unrated,,,Equity : Index Funds,44.0085
Groww Nifty Midcap 150 ETF,Growth,Groww Nifty Midcap 150 ETF,349,EQ,400048,44,1097,50136,Open ended scheme,0.27,Aakash Chauhan,-0.15,151.0,,225.0837,2026-09-25,0.0,2025-11-13,0.72,500.0,6.505473111,Groww Mutual Fund,Nifty Midcap 150 - TRI,1,2026-08-31,-4.6237,-1.2375,,,,1.039375889657542,null,Financials,,,,Unrated,,,Equity : ETFs,225.0837
Motilal Oswal BSE Select IPO ETF,Growth,Motilal Oswal BSE Select IPO ETF,784,EQ,400042,44,549,50477,Open ended scheme,0.66,Swapnil P Mayekar,-0.62,112.0,,47.2828,2026-09-25,0.0,2025-11-17,-3.93,100.0,6.3767,Motilal Oswal Mutual Fund,BSE Select IPO Index - TRI,1,2026-08-31,-3.6816,5.3719,,,,2.2640366813738315,null,Financials,,,,Unrated,,,Equity : ETFs,47.2828
DSP Nifty FMCG ETF,Growth,DSP Nifty FMCG ETF,315,EQ,400009,44,597,50871,Open ended scheme,0.84,Anil Ghelani,0.4,0.02,,46.1442,2026-09-25,0.0,2026-05-18,-9.24,5000.0,6.2927,DSP Mutual Fund,NIFTY FMCG - TRI,1,2026-08-31,-3.7074,-6.7992,,,,,null,FMCG,,,,Unrated,,,Equity : ETFs,46.1442
Motilal Oswal Nifty Services Sector ETF,Growth,Motilal Oswal Nifty Services Sector ETF,329,EQ,400042,44,549,50368,Open ended scheme,0.61,Swapnil P Mayekar,0.25,6.0,,29.7882,2026-09-25,0.0,2025-11-24,-12.13,500.0,6.281499999999999,Motilal Oswal Mutual Fund,Nifty Services Sector - TRI,1,2026-08-31,-4.4843,-3.3033,,,,-11.446374105937814,null,Financials,,,,Unrated,,,Equity : ETFs,29.7882
Groww Nifty PSU Bank ETF,Growth,Groww Nifty PSU Bank ETF,321,EQ,400048,44,1097,50752,Open ended scheme,0.49,Aakash Chauhan,0.28,23.0,,83.178,2026-09-25,0.0,2026-03-24,-0.57,500.0,6.196069338999999,Groww Mutual Fund,NIFTY PSU BANK - TRI,1,2026-08-31,-3.6257,-4.0452,,,,,null,Financials,,,,Unrated,,,Equity : ETFs,83.178
DSP BSE MidSmall Private Banks ETF,Growth,DSP BSE MidSmall Private Banks ETF,881,EQ,400009,44,597,51051,Open ended scheme,0.2,Anil Ghelani,0.02,,,16.8162,2026-09-25,0.0,2026-08-03,-3.0,5000.0,5.9666999999999994,DSP Mutual Fund,BSE MidSmall Private Banks Index - TRI,1,2026-08-31,-3.8574,,,,,,null,Financials,,,,Unrated,,,Equity : ETFs,16.8162
SBI Nifty200 Value 30 ETF,Growth,SBI Nifty200 Value 30 ETF,762,EQ,400027,44,1000,50694,Open ended scheme,1.35,Viral Chhadva,-0.09,75.0,,14.403,2026-09-25,0.0,2026-05-20,-5.99,5000.0,5.8986,SBI Mutual Fund,Nifty200 Value 30 - TRI,1,2026-08-31,-2.8583,-4.1857,,,,,null,Energy,,,,Unrated,,,Equity : ETFs,14.403
Invesco India BSE Sensex ETF,Growth,Invesco India BSE Sensex ETF,174,EQ,400021,44,564,50998,Open ended scheme,0.06,Abhisek Bahinipati,0.43,,,73.9414,2026-09-25,0.0,2026-08-20,-4.68,5000.0,5.6607,Invesco Mutual Fund,BSE SENSEX - TRI,1,2026-08-31,-4.8185,,,,,,null,Financials,,,,Unrated,,,Equity : ETFs,73.9414
Groww Nifty Private Bank Index Fund-Reg(G),Growth,Groww Nifty Private Bank Index Fund-Reg(G),348,EQ,400048,18,1097,50749,Open ended scheme,2.26,Aakash Chauhan,0.44,47.0,0.0,9.9925,2026-09-25,0.0,2026-05-25,-0.08,500.0,5.653655009,Groww Mutual Fund,Nifty Private Bank - TRI,3,2026-08-31,-2.1705,-5.1306,,,,,NIL,Financials,,,,Unrated,,,Equity : Index Funds,9.9925
Bandhan Conservative Hybrid Passive FOF-Reg(G),Growth,Bandhan Conservative Hybrid Passive FOF-Reg(G),302,NEQ,400028,48,946,8459,Open ended scheme,0.29,Karthik Kumar,-0.06,0.0,1.0,34.5716,2026-09-25,0.0,2010-02-11,7.74,1000.0,5.481864928999999,Bandhan Mutual Fund,CRISIL Hybrid 85+15 - Conservative Index,3,2026-08-31,-1.4507,-0.0298,2.4881,6.9774,5.9612,0.39377395748634164,"Nil upto 10% of investment and 1% for remaining investment on or before 365D, Nil after 365D",-,,,,Unrated,,,FoFs : Domestic,34.5716
Motilal Oswal BSE Top 10 Banks ETF,Growth,Motilal Oswal BSE Top 10 Banks ETF,838,EQ,400042,44,549,50813,Open ended scheme,0.51,Swapnil P Mayekar,0.38,11.0,,16.4235,2026-09-25,0.0,2026-04-06,4.01,100.0,5.349600000000001,Motilal Oswal Mutual Fund,BSE Top 10 Banks Index - TRI,1,2026-08-31,-3.0541,-5.3461,,,,,null,Financials,,,,Unrated,,,Equity : ETFs,16.4235
Axis CRISIL-IBX AAA Bond Financial Services - Sep 2027 Index Fund-Reg(G),Growth,Axis CRISIL-IBX AAA Bond Financial Services - Sep 2027 Index Fund-Reg(G),,NEQ,400040,27,493,49254,Open ended scheme,1.06,Aditya Pagaria,-0.02,0.0,0.0,11.3612,2026-09-11,0.0,2024-11-22,7.34,5000.0,5.335,Axis Mutual Fund,null,3,2026-08-31,0.4998,1.7782,6.0387,,,4.0622109052272934,NIL,-,,,,Unrated,,,Debt : Medium to Long Duration,11.3612
Groww Nifty PSU Bank Index Fund-Reg(G),Growth,Groww Nifty PSU Bank Index Fund-Reg(G),321,EQ,400048,18,1097,50751,Open ended scheme,1.8,Aakash Chauhan,0.27,157.0,0.0,9.8193,2026-09-25,0.0,2026-03-24,-1.81,500.0,4.4693635910000005,Groww Mutual Fund,NIFTY PSU BANK - TRI,3,2026-08-31,-3.7305,-5.1898,,,,,NIL,Financials,,,,Unrated,,,Equity : Index Funds,9.8193
Baroda BNP Paribas NIFTY Bank ETF,Growth,Baroda BNP Paribas NIFTY Bank ETF,311,EQ,400001,44,859,48464,Open ended scheme,0.55,Neeraj Saxena,0.27,67.0,,56.0953,2026-09-25,0.0,2024-06-18,4.79,5000.0,4.3161000000000005,Baroda BNP Paribas Mutual Fund,NIFTY BANK - TRI,3,2026-08-31,-3.3535,-4.3464,1.5057,,,-6.307018042003359,null,Financials,,,,Unrated,,,Equity : ETFs,56.0953
Groww Nifty 500 Low Volatility 50 ETF,Growth,Groww Nifty 500 Low Volatility 50 ETF,802,EQ,400048,44,1097,49742,Open ended scheme,0.61,Aakash Chauhan,0.31,95.0,,10.0921,2026-09-25,0.0,2025-06-13,0.72,500.0,3.957722178,Groww Mutual Fund,Nifty500 Low Volatility 50 - TRI,1,2026-08-31,-3.8261,-1.2698,-2.738,,,-5.933617306849848,null,Healthcare,,,,Unrated,,,Equity : ETFs,10.0921
DSP BSE Sensex ETF,Growth,DSP BSE Sensex ETF,174,EQ,400009,44,597,48088,Open ended scheme,0.16,Anil Ghelani,0.43,94.0,,76.2976,2026-09-25,0.0,2023-07-27,4.55,5000.0,3.8336,DSP Mutual Fund,BSE SENSEX - TRI,3,2026-08-31,-4.8155,-3.8596,-7.9976,4.8855,,-12.52151201519857,null,Financials,,,,Unrated,,,Equity : ETFs,76.2976
Motilal Oswal Nifty Alpha 50 ETF,Growth,Motilal Oswal Nifty Alpha 50 ETF,332,EQ,400042,44,549,49969,Open ended scheme,0.82,Swapnil P Mayekar,-0.08,176.0,,54.7021,2026-09-25,0.0,2025-07-07,2.05,500.0,3.6038,Motilal Oswal Mutual Fund,Nifty Alpha 50 - TRI,1,2026-08-31,-3.5315,2.6984,8.3706,,,9.098070813297882,null,Financials,,,,Unrated,,,Equity : ETFs,54.7021
Edelweiss Nifty Bank ETF,Growth,Edelweiss Nifty Bank ETF,311,EQ,400035,44,490,49134,Open ended scheme,0.98,Bhavesh Jain,0.25,174.0,,56.1142,2026-09-25,0.0,2024-09-10,4.52,5000.0,3.3481,Edelweiss Mutual Fund,NIFTY BANK - TRI,1,2026-08-31,-3.3792,-4.3404,1.4294,,,-6.351156045247156,null,Financials,,,,Unrated,,,Equity : ETFs,56.1142
Motilal Oswal BSE India Infrastructure ETF,Growth,Motilal Oswal BSE India Infrastructure ETF,166,EQ,400042,44,549,49857,Open ended scheme,0.64,Swapnil P Mayekar,0.22,62.0,,57.8369,2026-09-25,0.0,2025-05-16,-2.75,500.0,3.1969,Motilal Oswal Mutual Fund,BSE India Infrastructure Index - TRI,1,2026-08-31,-2.5591,-8.0434,-4.2478,,,-3.0782353394622093,null,Energy,,,,Unrated,,,Equity : ETFs,57.8369
Kotak Nifty200 Quality 30 ETF,Growth,Kotak Nifty200 Quality 30 ETF,504,EQ,400019,44,699,49777,Open ended scheme,0.33,Satish Dondapati,0.43,78.38,,19.827,2026-09-25,0.0,2025-07-14,-3.99,5000.0,2.8577999999999997,Kotak Mahindra Mutual Fund,NIFTY200 Quality 30 - TRI,1,2026-08-31,-5.8279,-1.1024,-4.5126,,,-8.03376779999072,null,Technology,,,,Unrated,,,Equity : ETFs,19.827
DSP MSCI India ETF,Growth,DSP MSCI India ETF,56,EQ,400009,44,597,50466,Open ended scheme,0.48,Anil Ghelani,0.27,113.0,,28.5357,2026-09-25,0.0,2025-11-25,-6.04,5000.0,2.7641000000000004,DSP Mutual Fund,MSCI India,1,2026-08-31,-4.789,-2.7632,,,,-7.101581855057932,null,Financials,,,,Unrated,,,Equity : ETFs,28.5357
Motilal Oswal Nifty MNC ETF,Growth,Motilal Oswal Nifty MNC ETF,316,EQ,400042,44,549,50369,Open ended scheme,0.6,Swapnil P Mayekar,0.46,169.0,,31.3107,2026-09-25,0.0,2025-12-01,3.18,500.0,2.4751,Motilal Oswal Mutual Fund,NIFTY MNC - TRI,3,2026-08-31,-5.7528,-3.2761,,,,3.06149318973292,null,FMCG,,,,Unrated,,,Equity : ETFs,31.3107
Motilal Oswal Nifty PSE ETF,Growth,Motilal Oswal Nifty PSE ETF,322,EQ,400042,44,549,49966,Open ended scheme,0.67,Swapnil P Mayekar,0.18,23.0,,97.6968,2026-09-25,0.0,2025-06-02,-1.17,1000.0,2.0742,Motilal Oswal Mutual Fund,NIFTY PSE - TRI,1,2026-08-31,-1.9857,-3.2635,-0.7472,,,-1.7987401280377335,null,Energy,,,,Unrated,,,Equity : ETFs,97.6968
Motilal Oswal Nifty India Manufacturing ETF,Growth,Motilal Oswal Nifty India Manufacturing ETF,584,EQ,400042,44,549,49856,Open ended scheme,0.67,Swapnil P Mayekar,0.45,74.0,,158.5083,2026-09-25,0.0,2025-05-23,9.27,500.0,1.6554,Motilal Oswal Mutual Fund,Nifty India Manufacturing - TRI,1,2026-08-31,-4.2439,-0.1094,6.2701,,,3.349590209361601,null,Automobile and Ancillaries,,,,Unrated,,,Equity : ETFs,158.5083
Motilal Oswal Nifty Metal ETF,Growth,Motilal Oswal Nifty Metal ETF,325,EQ,400042,44,549,51063,Open ended scheme,0.41,Swapnil P Mayekar,0.35,193.0,,13.0869,2026-09-25,0.0,2026-08-03,1.62,100.0,1.6491999999999998,Motilal Oswal Mutual Fund,NIFTY METAL - TRI,1,2026-08-31,-2.1394,,,,,,null,Metals,,,,Unrated,,,Equity : ETFs,13.0869
Motilal Oswal Nifty Oil & Gas ETF,Growth,Motilal Oswal Nifty Oil & Gas ETF,553,EQ,400042,44,549,51062,Open ended scheme,0.41,Swapnil P Mayekar,-0.07,217.0,,10.8771,2026-09-25,0.0,2026-08-03,-3.71,100.0,1.3888,Motilal Oswal Mutual Fund,NIFTY OIL & GAS - TRI,1,2026-08-31,-3.0743,,,,,,null,Energy,,,,Unrated,,,Equity : ETFs,10.8771
Bandhan BSE Sensex ETF,Growth,Bandhan BSE Sensex ETF,174,EQ,400028,44,992,34197,Open ended scheme,0.32,Abhishek Jain,0.43,3.0,,804.4572,2026-09-25,0.0,2016-10-07,11.14,5000.0,1.17967665798676,Bandhan Mutual Fund,BSE SENSEX - TRI,3,2026-08-31,-4.8466,-3.9359,-8.3269,4.6161,5.0902,-12.740736385881544,null,Financials,,,,Unrated,,,Equity : ETFs,804.4572
Bandhan CRISIL-IBX 10:90 Gilt+SDL Index - Dec 2029 Fund-Reg(G),Growth,Bandhan CRISIL-IBX 10:90 Gilt+SDL Index - Dec 2029 Fund-Reg(G),783,NEQ,400028,27,680,49630,Open ended scheme,0.3,Brijesh Shah,-0.19,0.0,0.0,10.974,2026-09-11,0.0,2025-03-10,6.36,1000.0,0.360875073,Bandhan Mutual Fund,CRISIL-IBX 10:90 Gilt + SDL Index - Dec 2029,3,2026-08-31,-0.0018,1.1615,5.1059,,,3.295399994352351,NIL,-,,,,Unrated,,,Debt : Medium to Long Duration,10.974
Invesco India Pharma and Healthcare Fund-Reg(G),Growth,Invesco India Pharma and Healthcare Fund-Reg(G),391,EQ,400021,7,259,50808,Open ended scheme,,Aditya Khemani,-0.7,,0.5,9.95,2026-09-25,0.0,2026-09-07,-0.5,1000.0,,Invesco Mutual Fund,BSE Health Care - TRI,3,0000-00-00,,,,,,,"0.50% on or before 3M, NIL after 3M",-,,,,Unrated,,,Equity : Sectoral - Pharma,9.95
HDFC Gold Silver Passive FOF-Reg(G),Growth,HDFC Gold Silver Passive FOF-Reg(G),65,NEQ,400013,48,846,50842,Open ended scheme,,Bhagyesh Kagalkar,0.95,,,9.9636,2026-09-25,0.0,2026-09-01,-0.3,100.0,,HDFC Mutual Fund,Gold-India,3,0000-00-00,,,,,,,null,-,,,,Unrated,,,FoFs : Domestic,9.9636
ICICI Pru Life Cycle Fund 2031-Reg(G),Growth,ICICI Pru Life Cycle Fund 2031-Reg(G),326,NEQ,400015,27,1096,50942,Open ended scheme,,Aatur Shah,0.0,,3.0,9.9786,2026-09-25,0.0,2026-09-15,-0.21,100.0,,ICICI Prudential Mutual Fund,NIFTY 200 - TRI,3,0000-00-00,,,,,,,"3% within 1Y, 2% within 2Y, 1% within 3Y, NIL after 3Y",-,,,,Unrated,,,Debt : Medium to Long Duration,9.9786
ICICI Pru Life Cycle Fund 2036-Reg(G),Growth,ICICI Pru Life Cycle Fund 2036-Reg(G),326,NEQ,400015,28,1119,50943,Open ended scheme,,Manasvi Shah,0.12,,3.0,10.0112,2026-09-25,0.0,2026-09-15,0.11,100.0,,ICICI Prudential Mutual Fund,NIFTY 200 - TRI,3,0000-00-00,,,,,,,"3% within 1Y, 2% within 2Y, 1% within 3Y, NIL after 3Y",-,,,,Unrated,,,Debt : Long Duration,10.0112
ICICI Pru Life Cycle Fund 2041-Reg(G),Growth,ICICI Pru Life Cycle Fund 2041-Reg(G),326,NEQ,400015,28,1125,50944,Open ended scheme,,Divya Jain,0.05,,3.0,9.9961,2026-09-25,0.0,2026-09-15,-0.04,100.0,,ICICI Prudential Mutual Fund,NIFTY 200 - TRI,3,0000-00-00,,,,,,,"3% within 1Y, 2% within 2Y, 1% within 3Y, NIL after 3Y",-,,,,Unrated,,,Debt : Long Duration,9.9961
UTI BSE India Sector Leaders Index Fund-Reg(G),Growth,UTI BSE India Sector Leaders Index Fund-Reg(G),819,EQ,400032,18,620,50954,Open ended scheme,,Sharwan Kumar Goyal,0.2,,0.0,9.9938,2026-09-25,0.0,2026-09-17,-0.06,1000.0,,UTI Mutual Fund,BSE India Sector Leaders Index - TRI,3,0000-00-00,,,,,,,NIL,-,,,,Unrated,,,Equity : Index Funds,9.9938
UTI BSE India Sector Leaders ETF,Growth,UTI BSE India Sector Leaders ETF,819,EQ,400032,44,620,50961,Open ended scheme,,Sharwan Kumar Goyal,0.21,,,14.2082,2026-09-25,0.0,2026-09-15,42.08,5000.0,,UTI Mutual Fund,BSE India Sector Leaders Index - TRI,1,0000-00-00,,,,,,,null,-,,,,Unrated,,,Equity : ETFs,14.2082
Quantum Flexi Cap Fund-Reg(G),Growth,Quantum Flexi Cap Fund-Reg(G),379,EQ,400024,50,275,50971,Open ended scheme,,Chirag Mehta,0.0,,0.0,9.78,2026-09-25,0.0,2026-09-10,-2.2,500.0,,Quantum Mutual Fund,BSE 500 - TRI,3,0000-00-00,,,,,,,"NIL upto 10% of units and 1% for remaining units on or before 180D, NIL after 180D",-,,,,Unrated,,,Equity : Flexi Cap,9.78
Quant Income Plus Arbitrage Active FoF-Reg(G),Growth,Quant Income Plus Arbitrage Active FoF-Reg(G),433,NEQ,400010,48,179,50994,Open ended scheme,,Sanjeev Sharma,0.03,,0.0,10.0309,2026-09-25,0.0,2026-09-04,0.31,5000.0,,Quant Mutual Fund,NIFTY Composite Debt Index,3,0000-00-00,,,,,,,NIL,-,,,,Unrated,,,FoFs : Domestic,10.0309
Quant Silver ETF,Growth,Quant Silver ETF,199,NEQ,400010,48,1076,50995,Open ended scheme,0.59,Sameer Kate,1.5,,,23.1935,2026-09-25,0.0,2026-08-20,-2.69,2000.0,,Quant Mutual Fund,Silver,1,0000-00-00,-4.0663,,,,,,null,-,,,,Unrated,,,FoFs : Domestic,23.1935
The Wealth Company Multi Cap Fund-Reg(G),Growth,The Wealth Company Multi Cap Fund-Reg(G),534,EQ,400068,3,1213,51011,Open ended scheme,,Chinmay Sathe,0.09,,1.0,9.9414,2026-09-25,0.0,2026-09-17,-0.59,1000.0,,The Wealth Company Mutual Fund,Nifty500 Multicap 50:25:25 - TRI,3,0000-00-00,,,,,,,"1% on or before 180D, NIL after 180D",-,,,,Unrated,,,Equity : Multi Cap,9.9414
ITI Multi Asset Allocation Fund-Reg(G),Growth,ITI Multi Asset Allocation Fund-Reg(G),312,NEQ,400056,42,930,51024,Open ended scheme,,Nilay Dalal,0.09,,0.5,9.9476,2026-09-25,0.0,2026-09-07,-0.52,5000.0,,ITI Mutual Fund,NIFTY 500 - TRI,3,0000-00-00,,,,,,,"0.50% on or before 3M, NIL after 3M",-,,,,Unrated,,,Hybrid : Multi Asset Allocation,9.9476
Nippon India Income Plus Arbitrage Omni FOF-Reg(G),Growth,Nippon India Income Plus Arbitrage Omni FOF-Reg(G),44,NEQ,400025,48,728,51061,Open ended scheme,,Sushil Budhia,0.01,,0.0,10.0272,2026-09-25,0.0,2026-09-03,0.21,500.0,,Nippon India Mutual Fund,CRISIL Short Term Bond Index,3,0000-00-00,,,,,,,NIL,-,,,,Unrated,,,FoFs : Domestic,10.0272
ICICI Pru Dynamic Asset Allocation Passive FOF(G),Growth,ICICI Pru Dynamic Asset Allocation Passive FOF(G),415,NEQ,400015,48,297,51104,Open ended scheme,,Manish Banthia,-0.16,,0.0,9.9631,2026-09-25,0.0,2026-09-15,-0.37,1000.0,,ICICI Prudential Mutual Fund,CRISIL Hybrid 50+50 - Moderate Index,3,0000-00-00,,,,,,,"NIL upto 30% of units and 1% for remaining units on or before 12M, NIL after 12M",-,,,,Unrated,,,FoFs : Domestic,9.9631
Bank of India Value Fund-Reg(G),Growth,Bank of India Value Fund-Reg(G),312,EQ,400034,17,1121,51118,Open ended scheme,,Nav Bhardwaj,0.1,,0.0,10.02,2026-09-25,0.0,2026-09-21,0.2,5000.0,,Bank of India Mutual Fund,NIFTY 500 - TRI,3,0000-00-00,,,,,,,"NIL for 10% of investments and 1% for remaining investments on or before 3M, NIL after 3M",-,,,,Unrated,,,Equity : Value / Contra,10.02
UTI Balanced Hybrid Fund-Reg(G),Growth,UTI Balanced Hybrid Fund-Reg(G),450,NEQ,400032,53,535,51121,Open ended scheme,,Ajay Tyagi,0.11,,0.0,9.9928,2026-09-25,0.0,2026-09-02,-0.07,1000.0,,UTI Mutual Fund,NIFTY 50 Hybrid Composite Debt 50:50 Index,3,0000-00-00,,,,,,,"NIL upto 10% of units and 1% for remaining units on or before 12M, NIL after 12M",-,,,,Unrated,,,Hybrid : Balanced Hybrid,9.9928
ASK Liquid Fund-Reg(G),Growth,ASK Liquid Fund-Reg(G),42,NEQ,400089,21,340,51122,Open ended scheme,,Dinesh Ahuja,0.02,,0.007,1004.801,2026-09-27,0.0,2026-09-01,0.48,500.0,,ASK Mutual Fund,CRISIL Liquid Debt Index,1,0000-00-00,,,,,,,"0.007% for Day 1, 0.0065% on Day 2, 0.0060% on Day 3, 0.0055% on Day 4, 0.0050% on Day 5, 0.0045% on Day 6, NIL on or after 7D",-,,,,Unrated,,,Debt : Liquid,1004.6396
Motilal Oswal Quality Fund-Reg(G),Growth,Motilal Oswal Quality Fund-Reg(G),504,EQ,400042,13,713,51157,Open ended scheme,,Ankit Agarwal,0.0,,1.0,10.0021,2026-09-25,0.0,2026-09-15,0.02,500.0,,Motilal Oswal Mutual Fund,NIFTY200 Quality 30 - TRI,3,0000-00-00,,,,,,,"1% on or before 90D, Nil after 90D",-,,,,Unrated,,,Equity : Thematic,10.0021
JioBlackRock Nifty Midcap 150 Index Fund-Reg(G),Growth,JioBlackRock Nifty Midcap 150 Index Fund-Reg(G),349,EQ,400066,18,1123,51174,Open ended scheme,0.85,Anand Shah,-0.15,,,9.5977,2026-09-25,0.0,2026-08-17,-4.02,500.0,,Jio BlackRock Mutual Fund,Nifty Midcap 150 - TRI,3,0000-00-00,-4.6873,,,,,,null,-,,,,Unrated,,,Equity : Index Funds,9.5977
HDFC BSE REITS and Commercial Real Estate Index Fund-Reg(G),Growth,HDFC BSE REITS and Commercial Real Estate Index Fund-Reg(G),887,EQ,400013,18,1091,51196,Open ended scheme,,Nandita Menezes,0.11,,0.5,9.9834,2026-09-25,0.0,2026-09-22,-0.01,100.0,,HDFC Mutual Fund,BSE REITS & Commercial Real Estate Index - TRI,3,0000-00-00,,,,,,,"0.50% on or before 3M, NIL after 3M",-,,,,Unrated,,,Equity : Index Funds,9.9834
Monarch Overnight Fund-Reg(G),Growth,Monarch Overnight Fund-Reg(G),500,NEQ,400090,20,1268,51204,Open ended scheme,,Sanjay Motta,0.01,,0.0,1002.632,2026-09-27,0.0,2026-09-09,0.23,5000.0,,Monarch Mutual Fund,CRISIL Liquid Overnight Index,1,0000-00-00,,,,,,,NIL,-,,,,Unrated,,,Debt : Overnight,1002.4992
Navi Nifty REITs & Realty Index Fund-Reg(G),Growth,Navi Nifty REITs & Realty Index Fund-Reg(G),867,EQ,400041,18,959,51212,Open ended scheme,,Ashutosh Shirwaikar,0.32,,0.0,10.1857,2026-09-25,0.0,2026-09-16,1.86,100.0,,Navi Mutual Fund,Nifty REITs & Realty - TRI,3,0000-00-00,,,,,,,Nil,-,,,,Unrated,,,Equity : Index Funds,10.1857
Lakshya Overnight Fund-Reg(G),Growth,Lakshya Overnight Fund-Reg(G),500,NEQ,400091,20,1275,51260,Open ended scheme,,Sarthak Shah,0.01,,0.0,1001.2586,2026-09-27,0.0,2026-09-24,0.04,5000.0,,Lakshya Mutual Fund,CRISIL Liquid Overnight Index,1,0000-00-00,,,,,,,NIL,-,,,,Unrated,,,Debt : Overnight,1001.1258
Sapphire Equity Long-Short SIF-Reg(G),Growth,Sapphire Equity Long-Short SIF-Reg(G),312,EQ,400080,58,1166,75097,Open ended scheme,3.05,Arihant Jain,0.32,32.6,1.0,976.6719,2026-09-25,0.0,2026-04-29,-2.33,1000000.0,,Franklin Sapphire SIF,NIFTY 500 - TRI,3,0000-00-00,-3.8936,-2.9311,,,,,"1% on or before 1Y, Nil after 1Y",-,,,,Unrated,,,Hybrid : Long - Short,976.6719
Magnum Equity Ex-Top 100 Long-Short Fund-Reg(G),Growth,Magnum Equity Ex-Top 100 Long-Short Fund-Reg(G),379,EQ,400071,58,693,75151,Open ended scheme,,Gaurav Mehta,-0.04,,1.0,9.9116,2026-09-25,0.0,2026-08-27,-0.88,1000000.0,,SBI Magnum SIF,BSE 500 - TRI,3,0000-00-00,,,,,,,"1% on or before 3M, NIL after 3M",-,,,,Unrated,,,Hybrid : Long - Short,9.9116
