MF Code,schemecode,fund_house,returns_1month,returns_3month,returns_6month,returns_1year,index_name,returns_3year,returns_5year,returns_10year,ytd_returns,rank_ytd,rank_1month,rank_3month,rank_6month,rank_1year,rank_3year,rank_5year,rank_10year,s_name,classification,funds_num_ytd,funds_num_month1,funds_num_month3,funds_num_month6,funds_num_year1,funds_num_year3,funds_num_year5,funds_num_year10,ytd_avg,avg_month1,avg_month3,avg_month6,avg_year1,avg_year3,avg_year5,avg_year10,monthret_1,monthret_3,monthret_6,yrret_1,yrret_3,yrret_5,yrret_10,ytdret
SBI Nifty 50 ETF,33369,SBI Mutual Fund,-4.88,-3.49,0.09,-6.06,NIFTY 50 - TRI,6.73,6.5,11.33,-10.63,183,201,175,183,156,99,58,18,SBI Nifty 50 ETF,Equity : ETFs,232,273,256,246,208,137,85,42,-3.6,-4.03,-1.43,6.06,0.15,10.34,8.93,11.73,,,,,,,,
Parag Parikh Flexi Cap Fund-Reg(G),21520,PPFAS Mutual Fund,-1.4,0.12,2.1,-4.05,NIFTY 500 - TRI,12.0,10.27,16.03,-6.27,48,6,29,51,45,17,11,1,Parag Parikh Flexi Cap Fund-Reg(G),Equity : Flexi Cap,55,58,56,56,53,47,36,24,-0.83,-3.33,0.32,9.42,1.07,10.83,9.29,11.79,,,,,,,,
SBI BSE Sensex ETF,20447,SBI Mutual Fund,-4.83,-3.87,-1.06,-8.05,BSE SENSEX - TRI,4.96,5.43,11.16,-12.55,206,187,198,204,183,117,74,27,SBI BSE Sensex ETF,Equity : ETFs,232,273,256,246,208,137,85,42,-3.6,-4.03,-1.43,6.06,0.15,10.34,8.93,11.73,,,,,,,,
HDFC Flexi Cap Fund(G),1131,HDFC Mutual Fund,-3.67,-0.18,6.16,-0.95,NIFTY 500 - TRI,14.67,15.76,14.71,-3.0,34,32,34,39,34,11,2,3,HDFC Flexi Cap Fund(G),Equity : Flexi Cap,55,58,56,56,53,47,36,24,-0.83,-3.33,0.32,9.42,1.07,10.83,9.29,11.79,,,,,,,,
HDFC Mid Cap Fund-Reg(G),1305,HDFC Mutual Fund,-4.78,-0.38,8.74,5.48,Nifty Midcap 150 - TRI,16.02,17.54,16.15,0.3,30,30,22,32,19,12,3,6,HDFC Mid Cap Fund-Reg(G),Equity : Mid Cap,32,35,34,34,32,30,25,20,4.31,-3.8,0.67,13.28,6.21,15.36,13.92,14.96,,,,,,,,
HDFC Balanced Advantage Fund(G),1273,HDFC Mutual Fund,-2.91,-1.57,2.74,-1.26,NIFTY 50 Hybrid Composite Debt 50:50 Index,10.36,13.42,13.16,-4.18,33,27,32,29,26,5,1,1,HDFC Balanced Advantage Fund(G),Hybrid : Dynamic Asset Allocation,37,38,38,38,37,30,22,11,-1.63,-2.48,-0.35,4.38,0.68,8.22,7.48,8.98,,,,,,,,
SBI Liquid Fund-Reg(G),2828,SBI Mutual Fund,0.49,1.56,3.43,6.37,Nifty Liquid Fund Index,6.79,6.21,5.97,4.76,19,24,16,9,19,23,24,21,SBI Liquid Fund-Reg(G),Debt : Liquid,44,45,44,44,41,37,35,30,4.6,0.48,1.52,3.27,6.19,6.73,6.19,5.94,,,,,,,,
SBI Aggressive Hybrid Fund-Reg(G),2747,SBI Mutual Fund,-3.56,-1.19,6.66,2.27,CRISIL Hybrid 35+65 - Aggressive Index,11.15,8.56,11.23,-0.39,13,36,26,16,12,12,19,9,SBI Aggressive Hybrid Fund-Reg(G),Hybrid : Aggressive Hybrid,43,44,43,43,43,41,41,28,-1.6,-2.93,-0.57,6.19,0.55,9.9,8.59,10.55,,,,,,,,
ICICI Pru Multi Asset Allocation Fund(G),1495,ICICI Prudential Mutual Fund,-3.57,-0.71,2.59,2.48,NIFTY 200 - TRI,13.35,14.74,14.23,-3.06,32,25,32,31,28,8,2,2,ICICI Pru Multi Asset Allocation Fund(G),Hybrid : Multi Asset Allocation,33,36,34,34,30,14,8,6,1.18,-3.02,0.54,4.52,7.5,13.59,12.21,12.2,,,,,,,,
Nippon India Small Cap Fund(G),12758,Nippon India Mutual Fund,-0.91,2.38,20.2,8.82,Nifty Smallcap 250 - TRI,14.84,17.69,19.78,10.64,22,24,32,26,20,13,5,2,Nippon India Small Cap Fund(G),Equity : Small Cap,33,36,36,36,31,24,23,13,14.42,-0.14,5.3,25.2,12.13,15.61,15.16,16.28,,,,,,,,
ICICI Pru Large Cap Fund(G),4980,ICICI Prudential Mutual Fund,-4.69,-3.57,0.62,-5.66,NIFTY 100 - TRI,9.82,9.79,12.28,-9.47,30,24,29,31,29,9,3,2,ICICI Pru Large Cap Fund(G),Equity : Large Cap,33,35,34,34,33,30,28,23,-6.14,-4.26,-1.72,3.8,-2.94,8.89,7.38,10.73,,,,,,,,
Kotak Arbitrage Fund(G),1979,Kotak Mahindra Mutual Fund,0.43,1.44,2.95,6.19,Nifty 50 Arbitrage,6.88,6.3,5.88,4.43,5,21,8,7,8,1,3,1,Kotak Arbitrage Fund(G),Hybrid : Arbitrage,34,38,37,36,32,25,24,15,4.25,0.41,1.37,2.79,5.98,6.56,5.9,5.56,0.4,1.74,3.05,7.22,7.4,6.62,,6.8
ICICI Pru Balanced Advantage Fund(G),1470,ICICI Prudential Mutual Fund,-3.47,-0.06,4.81,3.09,CRISIL Hybrid 50+50 - Moderate Index,10.33,9.81,10.25,-0.28,10,34,17,14,7,6,2,3,ICICI Pru Balanced Advantage Fund(G),Hybrid : Dynamic Asset Allocation,37,38,38,38,37,30,22,11,-1.63,-2.48,-0.35,4.38,0.68,8.22,7.48,8.98,,,,,,,,
UTI Nifty 50 ETF,33150,UTI Mutual Fund,-4.88,-3.49,0.09,-6.04,NIFTY 50 - TRI,6.74,6.52,11.35,-10.62,181,197,174,182,151,94,54,14,UTI Nifty 50 ETF,Equity : ETFs,232,273,256,246,208,137,85,42,-3.6,-4.03,-1.43,6.06,0.15,10.34,8.93,11.73,,,,,,,,
HDFC Liquid Fund(G),1286,HDFC Mutual Fund,0.5,1.56,3.41,6.39,CRISIL Liquid Debt Index,6.83,6.24,5.96,4.77,15,9,21,15,14,17,17,22,HDFC Liquid Fund(G),Debt : Liquid,44,45,44,44,41,37,35,30,4.6,0.48,1.52,3.27,6.19,6.73,6.19,5.94,,,,,,,,
Kotak Mid Cap Fund-Reg(G),1977,Kotak Mahindra Mutual Fund,-4.21,-1.34,11.57,3.76,Nifty Midcap 150 - TRI,16.0,15.0,16.17,4.02,15,22,29,20,25,13,10,5,Kotak Mid Cap Fund-Reg(G),Equity : Mid Cap,32,35,34,34,32,30,25,20,4.31,-3.8,0.67,13.28,6.21,15.36,13.92,14.96,,,,,,,,
Aditya Birla SL Liquid Fund(G),293,Aditya Birla Sun Life Mutual Fund,0.5,1.57,3.44,6.42,Nifty Liquid Fund Index,6.86,6.29,6.06,4.8,8,19,10,7,7,6,5,5,Aditya Birla SL Liquid Fund(G),Debt : Liquid,44,45,44,44,41,37,35,30,4.6,0.48,1.52,3.27,6.19,6.73,6.19,5.94,,,,,,,,
Nippon India ETF Nifty 50 BeES,2272,Nippon India Mutual Fund,-4.88,-3.48,0.09,-6.05,NIFTY 50 - TRI,6.75,6.53,11.34,-10.62,177,194,170,178,153,93,53,16,Nippon India ETF Nifty 50 BeES,Equity : ETFs,232,273,256,246,208,137,85,42,-3.6,-4.03,-1.43,6.06,0.15,10.34,8.93,11.73,,,,,,,,
Axis Liquid Fund-Reg(G),8029,Axis Mutual Fund,0.5,1.58,3.46,6.48,Nifty Liquid Fund Index,6.9,6.32,6.08,4.85,1,6,6,2,1,3,2,2,Axis Liquid Fund-Reg(G),Debt : Liquid,44,45,44,44,41,37,35,30,4.6,0.48,1.52,3.27,6.19,6.73,6.19,5.94,,,,,,,,
ICICI Pru Liquid Fund(G),1659,ICICI Prudential Mutual Fund,0.49,1.56,3.4,6.36,CRISIL Liquid Debt Index,6.83,6.24,6.02,4.74,25,21,18,18,20,18,18,13,ICICI Pru Liquid Fund(G),Debt : Liquid,44,45,44,44,41,37,35,30,4.6,0.48,1.52,3.27,6.19,6.73,6.19,5.94,,,,,,,,
ICICI Pru Value Fund(G),1492,ICICI Prudential Mutual Fund,-4.2,-3.9,-1.73,-5.77,NIFTY 500 - TRI,10.81,13.16,13.31,-10.89,23,20,22,23,22,16,5,8,ICICI Pru Value Fund(G),Equity : Value / Contra,23,25,24,23,23,22,20,15,-2.25,-3.2,-1.06,7.17,1.48,12.23,11.84,12.8,,,,,,,,
Nippon India ETF Gold BeES,1024,Nippon India Mutual Fund,-6.12,7.88,4.05,32.29,Gold-India,35.25,25.4,15.64,13.24,19,39,19,24,34,22,11,10,Nippon India ETF Gold BeES,Metal : ETFs,40,42,42,42,38,22,11,11,3.29,-5.3,7.04,2.11,46.95,39.54,25.66,15.77,,,,,,,,
UTI BSE Sensex ETF,33151,UTI Mutual Fund,-4.83,-3.86,-1.05,-8.02,BSE SENSEX - TRI,4.97,5.44,11.19,-12.55,203,179,194,201,178,114,72,25,UTI BSE Sensex ETF,Equity : ETFs,232,273,256,246,208,137,85,42,-3.6,-4.03,-1.43,6.06,0.15,10.34,8.93,11.73,,,,,,,,
Kotak Flexi Cap Fund(G),7874,Kotak Mahindra Mutual Fund,-4.07,-2.45,3.61,-2.1,NIFTY 500 - TRI,10.36,9.21,11.92,-4.83,42,38,48,49,38,23,17,13,Kotak Flexi Cap Fund(G),Equity : Flexi Cap,55,58,56,56,53,47,36,24,-0.83,-3.33,0.32,9.42,1.07,10.83,9.29,11.79,,,,,,,,
Nippon India Multi Cap Fund(G),2466,Nippon India Mutual Fund,-3.73,-2.55,6.02,-2.21,Nifty500 Multicap 50:25:25 - TRI,12.18,15.08,14.39,-2.02,29,25,33,31,31,13,1,2,Nippon India Multi Cap Fund(G),Equity : Multi Cap,33,33,33,33,33,22,10,7,3.1,-2.77,1.52,13.44,4.67,13.3,11.47,13.51,,,,,,,,
SBI Large Cap Fund-Reg(G),2711,SBI Mutual Fund,-3.79,-3.89,3.69,-1.61,BSE 100 - TRI,8.32,7.76,10.74,-5.79,12,8,33,12,10,21,10,13,SBI Large Cap Fund-Reg(G),Equity : Large Cap,33,35,34,34,33,30,28,23,-6.14,-4.26,-1.72,3.8,-2.94,8.89,7.38,10.73,,,,,,,,
Nippon India Large Cap Fund(G),2455,Nippon India Mutual Fund,-4.25,-3.64,1.78,-5.41,BSE 100 - TRI,9.82,11.44,12.77,-7.78,22,12,31,28,27,8,1,1,Nippon India Large Cap Fund(G),Equity : Large Cap,33,35,34,34,33,30,28,23,-6.14,-4.26,-1.72,3.8,-2.94,8.89,7.38,10.73,,,,,,,,
ICICI Pru Aggressive Hybrid Fund(G),1482,ICICI Prudential Mutual Fund,-2.64,-1.54,3.03,-0.36,CRISIL Hybrid 35+65 - Aggressive Index,12.45,13.6,14.04,-2.97,25,11,31,34,20,5,2,3,ICICI Pru Aggressive Hybrid Fund(G),Hybrid : Aggressive Hybrid,43,44,43,43,43,41,41,28,-1.6,-2.93,-0.57,6.19,0.55,9.9,8.59,10.55,,,,,,,,
Nippon India Growth Mid Cap Fund(G),2573,Nippon India Mutual Fund,-3.82,-1.16,10.35,6.78,Nifty Midcap 150 - TRI,17.05,16.57,17.1,4.62,14,17,27,25,14,9,5,3,Nippon India Growth Mid Cap Fund(G),Equity : Mid Cap,32,35,34,34,32,30,25,20,4.31,-3.8,0.67,13.28,6.21,15.36,13.92,14.96,,,,,,,,
SBI Focused Fund-Reg(G),2817,SBI Mutual Fund,-4.04,1.99,11.71,9.75,BSE 500 - TRI,14.32,10.13,13.83,2.38,8,14,7,10,3,5,9,1,SBI Focused Fund-Reg(G),Equity : Focused,28,28,28,28,28,27,25,14,-0.57,-3.87,0.24,9.79,1.93,11.27,9.35,12.18,,,,,,,,
Kotak Liquid Fund-Reg(G),2060,Kotak Mahindra Mutual Fund,0.48,1.55,3.4,6.36,Nifty Liquid Fund Index,6.81,6.23,5.98,4.74,22,31,26,19,21,21,21,19,Kotak Liquid Fund-Reg(G),Debt : Liquid,44,45,44,44,41,37,35,30,4.6,0.48,1.52,3.27,6.19,6.73,6.19,5.94,,,,,,,,
SBI Contra Fund-Reg(G),2809,SBI Mutual Fund,-3.06,-1.22,2.32,-2.74,BSE 500 - TRI,9.79,13.52,14.21,-7.66,19,7,11,20,18,18,3,3,SBI Contra Fund-Reg(G),Equity : Value / Contra,23,25,24,23,23,22,20,15,-2.25,-3.2,-1.06,7.17,1.48,12.23,11.84,12.8,,,,,,,,
SBI Arbitrage Fund-Reg(G),2709,SBI Mutual Fund,0.43,1.41,2.89,6.12,Nifty 50 Arbitrage,6.77,6.31,5.73,4.37,12,20,17,16,11,6,2,7,SBI Arbitrage Fund-Reg(G),Hybrid : Arbitrage,34,38,37,36,32,25,24,15,4.25,0.41,1.37,2.79,5.98,6.56,5.9,5.56,0.4,1.74,3.05,7.22,7.4,6.62,,6.8
Mirae Asset Large & Midcap Fund-Reg(G),9767,Mirae Asset Mutual Fund,-4.66,-1.51,6.91,1.02,NIFTY LargeMidcap 250 - TRI,10.69,9.18,14.93,-3.64,25,29,27,22,20,21,21,2,Mirae Asset Large & Midcap Fund-Reg(G),Equity : Large & Mid Cap,33,36,34,33,33,26,26,20,-0.52,-3.92,-0.34,9.21,1.84,12.73,11.15,13.02,,,,,,,,
ICICI Pru Nifty 50 ETF,20803,ICICI Prudential Mutual Fund,-4.88,-3.48,0.09,-6.04,NIFTY 50 - TRI,6.76,6.54,11.34,-10.62,176,195,169,177,152,90,50,17,ICICI Pru Nifty 50 ETF,Equity : ETFs,232,273,256,246,208,137,85,42,-3.6,-4.03,-1.43,6.06,0.15,10.34,8.93,11.73,,,,,,,,
Nippon India Liquid Fund(G),2637,Nippon India Mutual Fund,0.5,1.56,3.42,6.4,Nifty Liquid Fund Index,6.83,6.24,6.04,4.79,11,16,13,11,12,16,15,9,Nippon India Liquid Fund(G),Debt : Liquid,44,45,44,44,41,37,35,30,4.6,0.48,1.52,3.27,6.19,6.73,6.19,5.94,,,,,,,,
Motilal Oswal Midcap Fund-Reg(G),22533,Motilal Oswal Mutual Fund,-5.39,7.51,18.62,-0.9,Nifty Midcap 150 - TRI,17.46,19.18,15.71,2.05,23,34,2,6,32,7,1,9,Motilal Oswal Midcap Fund-Reg(G),Equity : Mid Cap,32,35,34,34,32,30,25,20,4.31,-3.8,0.67,13.28,6.21,15.36,13.92,14.96,,,,,,,,
SBI Small Cap Fund-Reg(G),7885,SBI Mutual Fund,-1.16,4.01,20.67,6.83,BSE 250 Small Cap - TRI,11.03,13.09,17.34,9.03,25,30,23,24,24,23,19,5,SBI Small Cap Fund-Reg(G),Equity : Small Cap,33,36,36,36,31,24,23,13,14.42,-0.14,5.3,25.2,12.13,15.61,15.16,16.28,,,,,,,,
SBI Large & Midcap Fund-Reg(G),2801,SBI Mutual Fund,-4.11,-2.78,4.19,1.02,NIFTY LargeMidcap 250 - TRI,11.42,11.96,13.35,-3.77,26,19,32,31,21,19,9,11,SBI Large & Midcap Fund-Reg(G),Equity : Large & Mid Cap,33,36,34,33,33,26,26,20,-0.52,-3.92,-0.34,9.21,1.84,12.73,11.15,13.02,,,,,,,,
HDFC Small Cap Fund-Reg(G),4455,HDFC Mutual Fund,-0.53,0.91,12.45,-2.54,BSE 250 Small Cap - TRI,10.13,13.57,16.19,0.62,33,21,34,36,31,24,16,6,HDFC Small Cap Fund-Reg(G),Equity : Small Cap,33,36,36,36,31,24,23,13,14.42,-0.14,5.3,25.2,12.13,15.61,15.16,16.28,,,,,,,,
SBI Balanced Advantage Fund-Reg(G),32097,SBI Mutual Fund,-2.05,-1.58,1.67,1.7,NIFTY 50 Hybrid Composite Debt 50:50 Index,8.78,8.91,,-3.23,29,10,33,36,14,13,5,,SBI Balanced Advantage Fund-Reg(G),Hybrid : Dynamic Asset Allocation,37,38,38,38,37,30,22,11,-1.63,-2.48,-0.35,4.38,0.68,8.22,7.48,8.98,,,,,,,,
HDFC Large Cap Fund(G),1331,HDFC Mutual Fund,-4.91,-2.46,2.4,-3.82,NIFTY 100 - TRI,8.08,9.67,11.31,-7.48,19,30,21,24,18,22,4,8,HDFC Large Cap Fund(G),Equity : Large Cap,33,35,34,34,33,30,28,23,-6.14,-4.26,-1.72,3.8,-2.94,8.89,7.38,10.73,,,,,,,,
ICICI Pru India Opp Fund(G),42140,ICICI Prudential Mutual Fund,-4.37,-2.87,1.67,-1.78,NIFTY 500 - TRI,12.5,15.72,,-6.73,98,89,100,106,80,31,7,,ICICI Pru India Opp Fund(G),Equity : Thematic,112,120,117,117,108,51,33,9,2.18,-3.04,1.09,11.89,4.44,13.34,11.3,12.9,,,,,,,,
Mirae Asset Large Cap Fund-Reg(G),4457,Mirae Asset Mutual Fund,-5.08,-2.7,3.62,-4.09,NIFTY 100 - TRI,7.31,6.18,11.25,-8.14,27,32,24,14,20,24,21,9,Mirae Asset Large Cap Fund-Reg(G),Equity : Large Cap,33,35,34,34,33,30,28,23,-6.14,-4.26,-1.72,3.8,-2.94,8.89,7.38,10.73,,,,,,,,
ICICI Pru Money Market Fund(G),1690,ICICI Prudential Mutual Fund,0.54,1.69,3.61,6.37,Nifty Money Market Index,7.24,6.57,6.58,4.69,10,7,6,12,9,6,7,5,ICICI Pru Money Market Fund(G),Debt : Money Market,24,26,25,25,23,22,19,13,4.6,0.52,1.64,3.55,6.27,7.03,6.36,6.38,,,,,,,,
Quant Small Cap Fund(G),876,Quant Mutual Fund,-0.1,3.64,26.83,13.91,Nifty Smallcap 250 - TRI,16.98,17.89,19.83,14.52,17,12,27,15,13,8,4,1,Quant Small Cap Fund(G),Equity : Small Cap,33,36,36,36,31,24,23,13,14.42,-0.14,5.3,25.2,12.13,15.61,15.16,16.28,,,,,,,,
Axis Midcap Fund-Reg(G),13049,Axis Mutual Fund,-2.97,0.6,11.84,5.7,BSE 150 MidCap - TRI,15.07,11.4,16.14,5.84,11,6,17,18,18,17,22,7,Axis Midcap Fund-Reg(G),Equity : Mid Cap,32,35,34,34,32,30,25,20,4.31,-3.8,0.67,13.28,6.21,15.36,13.92,14.96,,,,,,,,
ICICI Pru Arbitrage Fund(G),1467,ICICI Prudential Mutual Fund,0.46,1.48,2.99,6.22,Nifty 50 Arbitrage,6.77,6.13,5.73,4.43,4,10,5,4,4,5,5,6,ICICI Pru Arbitrage Fund(G),Hybrid : Arbitrage,34,38,37,36,32,25,24,15,4.25,0.41,1.37,2.79,5.98,6.56,5.9,5.56,0.4,1.74,3.05,7.22,7.4,6.62,,6.8
Tata Money Market Fund-Reg(G),3267,Tata Mutual Fund,0.53,1.68,3.63,6.39,CRISIL Money Market Index,7.25,6.58,5.85,4.73,4,11,10,10,5,4,5,13,Tata Money Market Fund-Reg(G),Debt : Money Market,24,26,25,25,23,22,19,13,4.6,0.52,1.64,3.55,6.27,7.03,6.36,6.38,,,,,,,,
Bandhan Small Cap Fund-Reg(G),42342,Bandhan Mutual Fund,0.44,5.27,22.63,11.14,BSE 250 Small Cap - TRI,23.53,18.06,,12.24,19,6,16,22,17,1,3,,Bandhan Small Cap Fund-Reg(G),Equity : Small Cap,33,36,36,36,31,24,23,13,14.42,-0.14,5.3,25.2,12.13,15.61,15.16,16.28,,,,,,,,
ICICI Pru Large & Mid Cap Fund(G),1608,ICICI Prudential Mutual Fund,-5.31,-0.37,5.17,-0.21,NIFTY LargeMidcap 250 - TRI,14.14,14.16,14.0,-3.93,28,34,16,29,24,5,4,5,ICICI Pru Large & Mid Cap Fund(G),Equity : Large & Mid Cap,33,36,34,33,33,26,26,20,-0.52,-3.92,-0.34,9.21,1.84,12.73,11.15,13.02,,,,,,,,
HDFC Money Market Fund-Reg(G),1119,HDFC Mutual Fund,0.53,1.67,3.6,6.36,CRISIL Money Market Index,7.2,6.53,6.57,4.71,8,15,12,13,10,9,8,6,HDFC Money Market Fund-Reg(G),Debt : Money Market,24,26,25,25,23,22,19,13,4.6,0.52,1.64,3.55,6.27,7.03,6.36,6.38,,,,,,,,
ICICI Pru BSE Sensex ETF,2848,ICICI Prudential Mutual Fund,-4.83,-3.86,-1.05,-8.03,BSE SENSEX - TRI,5.0,5.48,11.14,-12.54,200,183,196,200,179,112,69,30,ICICI Pru BSE Sensex ETF,Equity : ETFs,232,273,256,246,208,137,85,42,-3.6,-4.03,-1.43,6.06,0.15,10.34,8.93,11.73,,,,,,,,
Axis ELSS-Tax Saver Fund-Reg(G),8408,Axis Mutual Fund,-4.06,-0.38,6.98,-1.42,NIFTY 500 - TRI,9.51,4.19,10.97,-2.41,26,32,18,28,31,32,47,23,Axis ELSS-Tax Saver Fund-Reg(G),Equity : Tax Saving (ELSS),53,53,53,53,53,52,47,30,-2.04,-3.49,-0.87,8.56,-0.32,10.55,10.24,12.18,,,,,,,,
Tata Liquid Fund-Reg(G),3212,Tata Mutual Fund,0.49,1.57,3.37,6.38,CRISIL Liquid Debt Index,6.83,6.24,6.03,4.75,20,26,11,27,17,15,16,11,Tata Liquid Fund-Reg(G),Debt : Liquid,44,45,44,44,41,37,35,30,4.6,0.48,1.52,3.27,6.19,6.73,6.19,5.94,,,,,,,,
Kotak Large & Mid Cap Fund(G),2069,Kotak Mahindra Mutual Fund,-3.95,-1.62,4.52,0.41,NIFTY LargeMidcap 250 - TRI,11.92,11.81,13.73,-2.67,21,17,29,30,22,15,10,7,Kotak Large & Mid Cap Fund(G),Equity : Large & Mid Cap,33,36,34,33,33,26,26,20,-0.52,-3.92,-0.34,9.21,1.84,12.73,11.15,13.02,,,,,,,,
Nippon India Silver ETF,46199,Nippon India Mutual Fund,-4.17,5.74,-1.38,66.41,Silver,45.03,,,0.58,35,14,35,38,12,8,,,Nippon India Silver ETF,Metal : ETFs,40,42,42,42,38,22,11,11,3.29,-5.3,7.04,2.11,46.95,39.54,25.66,15.77,,,,,,,,
SBI Money Market Fund-Reg(G),2774,SBI Mutual Fund,0.51,1.59,3.41,5.99,CRISIL Money Market Index,6.83,6.14,6.19,4.4,22,21,22,22,22,19,17,11,SBI Money Market Fund-Reg(G),Debt : Money Market,24,26,25,25,23,22,19,13,4.6,0.52,1.64,3.55,6.27,7.03,6.36,6.38,,,,,,,,
SBI ELSS Tax Saver Fund-Reg(G),2815,SBI Mutual Fund,-4.62,-4.87,1.71,-4.13,BSE 500 - TRI,12.44,13.42,12.95,-8.53,44,42,53,47,40,14,10,9,SBI ELSS Tax Saver Fund-Reg(G),Equity : Tax Saving (ELSS),53,53,53,53,53,52,47,30,-2.04,-3.49,-0.87,8.56,-0.32,10.55,10.24,12.18,,,,,,,,
Axis Small Cap Fund-Reg(G),21651,Axis Mutual Fund,-0.98,4.37,20.58,9.33,Nifty Smallcap 250 - TRI,14.7,14.46,17.92,11.06,20,26,21,25,19,14,14,3,Axis Small Cap Fund-Reg(G),Equity : Small Cap,33,36,36,36,31,24,23,13,14.42,-0.14,5.3,25.2,12.13,15.61,15.16,16.28,,,,,,,,
Axis Large Cap Fund-Reg(G),8250,Axis Mutual Fund,-4.49,-1.47,3.89,-3.64,BSE 100 - TRI,7.81,4.06,10.9,-5.71,11,15,13,10,16,23,28,11,Axis Large Cap Fund-Reg(G),Equity : Large Cap,33,35,34,34,33,30,28,23,-6.14,-4.26,-1.72,3.8,-2.94,8.89,7.38,10.73,,,,,,,,
Invesco India Arbitrage Fund-Reg(G),2167,Invesco Mutual Fund,0.45,1.46,2.96,6.21,Nifty 50 Arbitrage,6.79,6.34,5.78,4.4,9,12,6,6,5,3,1,4,Invesco India Arbitrage Fund-Reg(G),Hybrid : Arbitrage,34,38,37,36,32,25,24,15,4.25,0.41,1.37,2.79,5.98,6.56,5.9,5.56,0.4,1.74,3.05,7.22,7.4,6.62,,6.8
Kotak Multi Cap Fund-Reg(G),45336,Kotak Mahindra Mutual Fund,-1.22,0.6,9.75,3.79,Nifty500 Multicap 50:25:25 - TRI,15.63,,,-0.32,24,5,20,26,19,7,,,Kotak Multi Cap Fund-Reg(G),Equity : Multi Cap,33,33,33,33,33,22,10,7,3.1,-2.77,1.52,13.44,4.67,13.3,11.47,13.51,,,,,,,,
HDFC Large & Mid Cap Fund-Reg(G),2271,HDFC Mutual Fund,-4.09,-1.08,8.05,-0.33,NIFTY LargeMidcap 250 - TRI,11.69,13.07,13.78,-2.96,22,18,21,18,25,17,6,6,HDFC Large & Mid Cap Fund-Reg(G),Equity : Large & Mid Cap,33,36,34,33,33,26,26,20,-0.52,-3.92,-0.34,9.21,1.84,12.73,11.15,13.02,,,,,,,,
HDFC Corp Bond Fund(G),8241,HDFC Mutual Fund,-0.3,0.18,2.66,4.1,NIFTY Corporate Bond Index,6.65,5.89,6.99,2.59,19,21,21,18,18,15,8,3,HDFC Corp Bond Fund(G),Debt : Corporate Bond,21,21,21,21,21,21,19,13,3.17,0.0,0.66,2.88,4.63,6.78,5.84,6.57,,,,,,,,
Aditya Birla SL Money Market Fund(G),394,Aditya Birla Sun Life Mutual Fund,0.54,1.73,3.7,6.41,CRISIL Money Market Index,7.27,6.62,6.71,4.74,2,4,1,1,3,3,3,1,Aditya Birla SL Money Market Fund(G),Debt : Money Market,24,26,25,25,23,22,19,13,4.6,0.52,1.64,3.55,6.27,7.03,6.36,6.38,,,,,,,,
Kotak Money Market Fund(G),1999,Kotak Mahindra Mutual Fund,0.53,1.67,3.6,6.38,CRISIL Money Market Index,7.22,6.58,6.55,4.71,7,14,11,15,7,8,6,7,Kotak Money Market Fund(G),Debt : Money Market,24,26,25,25,23,22,19,13,4.6,0.52,1.64,3.55,6.27,7.03,6.36,6.38,,,,,,,,
Aditya Birla SL Large Cap Fund-Reg(G),447,Aditya Birla Sun Life Mutual Fund,-4.9,-1.85,3.26,-4.47,NIFTY 100 - TRI,8.56,7.66,10.51,-8.3,28,28,16,17,23,19,13,14,Aditya Birla SL Large Cap Fund-Reg(G),Equity : Large Cap,33,35,34,34,33,30,28,23,-6.14,-4.26,-1.72,3.8,-2.94,8.89,7.38,10.73,,,,,,,,
ICICI Pru Corp Bond Fund(G),7925,ICICI Prudential Mutual Fund,-0.12,0.64,3.1,5.32,NIFTY Corporate Bond Index,7.08,6.44,7.08,3.58,5,17,12,4,4,4,1,2,ICICI Pru Corp Bond Fund(G),Debt : Corporate Bond,21,21,21,21,21,21,19,13,3.17,0.0,0.66,2.88,4.63,6.78,5.84,6.57,,,,,,,,
UTI Nifty 50 Index Fund-Reg(G),3641,UTI Mutual Fund,-4.91,-3.55,-0.04,-6.3,NIFTY 50 - TRI,6.43,6.21,11.04,-10.81,181,187,176,182,163,70,24,4,UTI Nifty 50 Index Fund-Reg(G),Equity : Index Funds,228,253,245,234,219,101,45,18,-3.26,-4.15,-1.59,6.96,-0.34,10.34,8.4,10.7,,,,,,,,
UTI Liquid Fund-Reg(G),3590,UTI Mutual Fund,0.5,1.56,3.42,6.42,Nifty Liquid Fund Index,6.85,6.28,6.04,4.8,9,12,15,12,8,10,7,7,UTI Liquid Fund-Reg(G),Debt : Liquid,44,45,44,44,41,37,35,30,4.6,0.48,1.52,3.27,6.19,6.73,6.19,5.94,,,,,,,,
Aditya Birla SL Flexi Cap Fund-Reg(G),445,Aditya Birla Sun Life Mutual Fund,-3.46,1.37,11.05,6.93,NIFTY 500 - TRI,13.82,10.13,12.61,1.19,21,27,18,23,8,12,14,7,Aditya Birla SL Flexi Cap Fund-Reg(G),Equity : Flexi Cap,55,58,56,56,53,47,36,24,-0.83,-3.33,0.32,9.42,1.07,10.83,9.29,11.79,,,,,,,,
Nippon India ETF BSE Sensex,30127,Nippon India Mutual Fund,-4.83,-3.87,-1.06,-8.04,BSE SENSEX - TRI,4.98,5.46,11.16,-12.55,204,185,200,206,182,113,70,28,Nippon India ETF BSE Sensex,Equity : ETFs,232,273,256,246,208,137,85,42,-3.6,-4.03,-1.43,6.06,0.15,10.34,8.93,11.73,,,,,,,,
ICICI Pru Dynamic Asset Allocation Active FOF(G),1704,ICICI Prudential Mutual Fund,-2.76,-0.89,4.04,1.0,CRISIL Hybrid 50+50 - Moderate Index,9.48,9.6,10.96,-1.76,92,51,108,64,83,37,19,13,ICICI Pru Dynamic Asset Allocation Active FOF(G),FoFs : Domestic,108,135,127,125,99,61,41,27,2.81,-3.15,2.04,5.11,14.87,17.1,10.87,10.45,,,,,,,,
ICICI Pru Gold ETF,12328,ICICI Prudential Mutual Fund,-6.08,7.95,4.21,32.67,Gold-India,35.59,25.69,15.67,13.47,9,32,11,12,23,14,4,9,ICICI Pru Gold ETF,Metal : ETFs,40,42,42,42,38,22,11,11,3.29,-5.3,7.04,2.11,46.95,39.54,25.66,15.77,,,,,,,,
HDFC Focused Fund-Reg(G),1129,HDFC Mutual Fund,-3.58,-0.96,4.96,-2.71,NIFTY 500 - TRI,14.02,16.37,13.18,-4.39,19,9,19,22,22,6,1,5,HDFC Focused Fund-Reg(G),Equity : Focused,28,28,28,28,28,27,25,14,-0.57,-3.87,0.24,9.79,1.93,11.27,9.35,12.18,,,,,,,,
DSP Liquid Fund-Reg(G),708,DSP Mutual Fund,0.5,1.57,3.44,6.44,CRISIL Liquid Debt Index,6.87,6.28,6.01,4.81,5,8,9,8,5,4,10,14,DSP Liquid Fund-Reg(G),Debt : Liquid,44,45,44,44,41,37,35,30,4.6,0.48,1.52,3.27,6.19,6.73,6.19,5.94,,,,,,,,
Aditya Birla SL Arbitrage Fund(G),7889,Aditya Birla Sun Life Mutual Fund,0.44,1.42,2.92,6.07,Nifty 50 Arbitrage - TRI,6.71,6.04,5.69,4.31,18,16,13,11,16,8,9,8,Aditya Birla SL Arbitrage Fund(G),Hybrid : Arbitrage,34,38,37,36,32,25,24,15,4.25,0.41,1.37,2.79,5.98,6.56,5.9,5.56,,,,,,,,
SBI Gold ETF,7741,SBI Mutual Fund,-6.1,7.92,4.13,32.43,Gold-India,35.33,25.49,15.7,13.35,13,35,14,20,29,21,10,8,SBI Gold ETF,Metal : ETFs,40,42,42,42,38,22,11,11,3.29,-5.3,7.04,2.11,46.95,39.54,25.66,15.77,,,,,,,,
Mirae Asset ELSS Tax Saver Fund-Reg(G),33536,Mirae Asset Mutual Fund,-4.62,-2.56,6.57,-0.78,NIFTY 500 - TRI,10.82,9.17,14.87,-4.89,33,41,41,30,26,26,29,3,Mirae Asset ELSS Tax Saver Fund-Reg(G),Equity : Tax Saving (ELSS),53,53,53,53,53,52,47,30,-2.04,-3.49,-0.87,8.56,-0.32,10.55,10.24,12.18,,,,,,,,
Canara Rob Large and Mid Cap Fund-Reg(G),523,Canara Robeco Mutual Fund,-4.86,-0.28,8.86,-3.14,NIFTY LargeMidcap 250 - TRI,11.2,8.83,13.42,-1.21,18,30,15,15,31,20,22,10,Canara Rob Large and Mid Cap Fund-Reg(G),Equity : Large & Mid Cap,33,36,34,33,33,26,26,20,-0.52,-3.92,-0.34,9.21,1.84,12.73,11.15,13.02,,,,,,,,
ICICI Pru Flexi Cap Fund(G),45492,ICICI Prudential Mutual Fund,-4.68,2.13,13.52,3.23,BSE 500 - TRI,14.84,13.33,,1.82,17,54,11,16,19,9,5,,ICICI Pru Flexi Cap Fund(G),Equity : Flexi Cap,55,58,56,56,53,47,36,24,-0.83,-3.33,0.32,9.42,1.07,10.83,9.29,11.79,,,,,,,,
HDFC Arbitrage Fund-Reg(G),1103,HDFC Mutual Fund,0.43,1.44,2.96,6.19,Nifty 50 Arbitrage,6.77,6.1,5.59,4.41,7,19,9,5,7,4,7,12,HDFC Arbitrage Fund-Reg(G),Hybrid : Arbitrage,34,38,37,36,32,25,24,15,4.25,0.41,1.37,2.79,5.98,6.56,5.9,5.56,0.4,1.74,3.05,7.22,7.4,6.62,,6.8
Tata Arbitrage Fund-Reg(G),38865,Tata Mutual Fund,0.43,1.39,2.87,6.06,Nifty 50 Arbitrage,6.7,6.0,,4.29,20,17,19,20,18,9,11,,Tata Arbitrage Fund-Reg(G),Hybrid : Arbitrage,34,38,37,36,32,25,24,15,4.25,0.41,1.37,2.79,5.98,6.56,5.9,5.56,0.4,1.74,3.05,7.22,7.4,6.62,,6.8
BHARAT Bond ETF - April 2030,44421,Edelweiss Mutual Fund,-0.06,0.27,3.08,4.7,NIFTY BHARAT Bond Index - April 2030,7.36,6.38,,2.98,21,17,17,1,16,2,1,,BHARAT Bond ETF - April 2030,Debt : ETFs,31,34,31,31,30,15,10,4,3.01,-0.35,0.44,2.25,4.33,6.47,5.55,5.58,,,,,,,,
SBI Multicap Fund-Reg(G),46405,SBI Mutual Fund,-2.64,0.59,10.11,-0.23,Nifty500 Multicap 50:25:25 - TRI,12.1,,,0.48,22,15,21,23,28,15,,,SBI Multicap Fund-Reg(G),Equity : Multi Cap,33,33,33,33,33,22,10,7,3.1,-2.77,1.52,13.44,4.67,13.3,11.47,13.51,,,,,,,,
SBI Midcap Fund-Reg(G),2789,SBI Mutual Fund,-3.06,-1.7,9.5,3.78,Nifty Midcap 150 - TRI,9.71,12.18,12.79,0.3,29,8,31,28,24,28,18,18,SBI Midcap Fund-Reg(G),Equity : Mid Cap,32,35,34,34,32,30,25,20,4.31,-3.8,0.67,13.28,6.21,15.36,13.92,14.96,,,,,,,,
HDFC Gold ETF,12319,HDFC Mutual Fund,-6.11,7.96,4.17,32.57,Gold-India,35.45,25.58,15.81,13.42,10,38,9,17,28,19,9,5,HDFC Gold ETF,Metal : ETFs,40,42,42,42,38,22,11,11,3.29,-5.3,7.04,2.11,46.95,39.54,25.66,15.77,,,,,,,,
UTI Flexi Cap Fund-Reg(G),3461,UTI Mutual Fund,-4.63,3.25,13.62,-2.38,NIFTY 500 - TRI,7.36,3.38,11.03,-0.79,27,52,8,15,40,42,36,16,UTI Flexi Cap Fund-Reg(G),Equity : Flexi Cap,55,58,56,56,53,47,36,24,-0.83,-3.33,0.32,9.42,1.07,10.83,9.29,11.79,,,,,,,,
HDFC Nifty 50 Index Fund(G),12633,HDFC Mutual Fund,-4.91,-3.59,-0.12,-6.42,NIFTY 50 - TRI,6.35,6.11,10.89,-10.89,189,191,184,191,169,73,27,5,HDFC Nifty 50 Index Fund(G),Equity : Index Funds,228,253,245,234,219,101,45,18,-3.26,-4.15,-1.59,6.96,-0.34,10.34,8.4,10.7,,,,,,,,
Nippon India Money Market Fund(G),2628,Nippon India Mutual Fund,0.53,1.68,3.63,6.35,Nifty Money Market Index,7.25,6.63,6.63,4.68,12,13,9,11,11,5,2,2,Nippon India Money Market Fund(G),Debt : Money Market,24,26,25,25,23,22,19,13,4.6,0.52,1.64,3.55,6.27,7.03,6.36,6.38,,,,,,,,
SBI Overnight Fund-Reg(G),2787,SBI Mutual Fund,0.41,1.25,2.55,5.16,CRISIL Liquid Overnight Index,5.95,5.61,5.27,3.72,21,10,15,18,19,22,20,2,SBI Overnight Fund-Reg(G),Debt : Overnight,35,37,35,35,35,33,27,3,3.71,0.4,1.24,2.54,5.14,5.94,5.62,5.27,,,,,,,,
SBI Flexicap Fund-Reg(G),2799,SBI Mutual Fund,-2.54,0.44,6.06,-1.76,BSE 500 - TRI,7.75,6.94,10.89,-5.2,45,12,25,40,35,40,29,17,SBI Flexicap Fund-Reg(G),Equity : Flexi Cap,55,58,56,56,53,47,36,24,-0.83,-3.33,0.32,9.42,1.07,10.83,9.29,11.79,,,,,,,,
Aditya Birla SL Corp Bond Fund(G),453,Aditya Birla Sun Life Mutual Fund,-0.28,0.32,2.8,4.38,NIFTY Corporate Bond Index,6.77,6.11,7.12,2.78,17,20,19,13,14,11,4,1,Aditya Birla SL Corp Bond Fund(G),Debt : Corporate Bond,21,21,21,21,21,21,19,13,3.17,0.0,0.66,2.88,4.63,6.78,5.84,6.57,,,,,,,,
HDFC Aggressive Hybrid Fund(G),1311,HDFC Mutual Fund,-2.8,-1.79,1.99,-5.26,NIFTY 50 Hybrid Composite Debt 65:35 Index,5.58,7.17,9.3,-7.46,41,14,34,41,41,41,30,19,HDFC Aggressive Hybrid Fund(G),Hybrid : Aggressive Hybrid,43,44,43,43,43,41,41,28,-1.6,-2.93,-0.57,6.19,0.55,9.9,8.59,10.55,,,,,,,,
SBI Corp Bond Fund-Reg(G),40450,SBI Mutual Fund,-0.04,0.72,2.82,4.45,NIFTY Corporate Bond Index,6.72,5.79,,2.97,14,15,6,10,12,13,10,,SBI Corp Bond Fund-Reg(G),Debt : Corporate Bond,21,21,21,21,21,21,19,13,3.17,0.0,0.66,2.88,4.63,6.78,5.84,6.57,,,,,,,,
DSP Small Cap Fund-Reg(G),714,DSP Mutual Fund,-0.02,6.91,26.56,17.64,BSE 250 Small Cap - TRI,17.16,17.02,16.03,18.31,9,11,9,16,7,7,7,8,DSP Small Cap Fund-Reg(G),Equity : Small Cap,33,36,36,36,31,24,23,13,14.42,-0.14,5.3,25.2,12.13,15.61,15.16,16.28,,,,,,,,
Axis Money Market Fund-Reg(G),21218,Axis Mutual Fund,0.53,1.69,3.65,6.43,Nifty Money Market Index,7.27,6.59,,4.75,1,8,5,4,2,2,4,,Axis Money Market Fund-Reg(G),Debt : Money Market,24,26,25,25,23,22,19,13,4.6,0.52,1.64,3.55,6.27,7.03,6.36,6.38,,,,,,,,
ICICI Pru Ultra Short to Short Term Fund(G),1500,ICICI Prudential Mutual Fund,0.36,1.43,3.36,6.21,NIFTY Low Duration Debt Index,7.25,6.54,6.98,4.41,3,23,11,9,1,2,2,1,ICICI Pru Ultra Short to Short Term Fund(G),Debt : Low Duration,26,31,30,29,26,20,20,19,4.14,0.39,1.39,3.25,5.72,6.8,6.09,6.18,,,,,,,,
Bandhan Large & Mid Cap Fund-Reg(G),2858,Bandhan Mutual Fund,-2.79,-0.21,8.71,2.83,NIFTY LargeMidcap 250 - TRI,16.38,15.04,14.35,-0.74,14,5,14,16,14,3,3,4,Bandhan Large & Mid Cap Fund-Reg(G),Equity : Large & Mid Cap,33,36,34,33,33,26,26,20,-0.52,-3.92,-0.34,9.21,1.84,12.73,11.15,13.02,,,,,,,,
DSP Midcap Fund-Reg(G),735,DSP Mutual Fund,-4.61,-1.19,9.01,2.79,Nifty Midcap 150 - TRI,13.01,10.18,12.92,1.52,26,27,28,31,28,25,24,17,DSP Midcap Fund-Reg(G),Equity : Mid Cap,32,35,34,34,32,30,25,20,4.31,-3.8,0.67,13.28,6.21,15.36,13.92,14.96,,,,,,,,
HSBC Liquid Fund(G),1340,HSBC Mutual Fund,0.49,1.56,3.41,6.38,Nifty Liquid Fund Index,6.84,6.27,6.02,4.77,13,20,22,13,16,14,11,12,HSBC Liquid Fund(G),Debt : Liquid,44,45,44,44,41,37,35,30,4.6,0.48,1.52,3.27,6.19,6.73,6.19,5.94,,,,,,,,
SBI Multi Asset Allocation Fund-Reg(G),2796,SBI Mutual Fund,-1.81,0.36,4.07,9.13,BSE 500 - TRI,13.97,12.34,11.03,1.36,19,4,19,20,12,6,4,3,SBI Multi Asset Allocation Fund-Reg(G),Hybrid : Multi Asset Allocation,33,36,34,34,30,14,8,6,1.18,-3.02,0.54,4.52,7.5,13.59,12.21,12.2,,,,,,,,
Mirae Asset Midcap Fund-Reg(G),43349,Mirae Asset Mutual Fund,-4.52,0.99,13.4,6.8,Nifty Midcap 150 - TRI,14.15,13.75,,2.56,22,26,12,14,13,21,12,,Mirae Asset Midcap Fund-Reg(G),Equity : Mid Cap,32,35,34,34,32,30,25,20,4.31,-3.8,0.67,13.28,6.21,15.36,13.92,14.96,,,,,,,,
Invesco India Liquid Fund(G),2240,Invesco Mutual Fund,0.51,1.58,3.46,6.43,Nifty Liquid Fund Index,6.87,6.28,6.01,4.81,6,3,7,4,6,5,9,15,Invesco India Liquid Fund(G),Debt : Liquid,44,45,44,44,41,37,35,30,4.6,0.48,1.52,3.27,6.19,6.73,6.19,5.94,,,,,,,,
HDFC Multi Cap Fund-Reg(G),46093,HDFC Mutual Fund,-4.03,-1.94,5.92,-3.28,Nifty500 Multicap 50:25:25 - TRI,10.33,,,-4.54,32,27,31,32,32,19,,,HDFC Multi Cap Fund-Reg(G),Equity : Multi Cap,33,33,33,33,33,22,10,7,3.1,-2.77,1.52,13.44,4.67,13.3,11.47,13.51,,,,,,,,
Invesco India Contra Fund-Reg(G),2169,Invesco Mutual Fund,-4.48,-0.92,7.94,-1.98,BSE 500 - TRI,12.83,11.31,14.15,-4.72,13,22,10,9,17,9,14,4,Invesco India Contra Fund-Reg(G),Equity : Value / Contra,23,25,24,23,23,22,20,15,-2.25,-3.2,-1.06,7.17,1.48,12.23,11.84,12.8,,,,,,,,
Bandhan Liquid Fund-Reg(G),1032,Bandhan Mutual Fund,0.48,1.53,3.38,6.31,Nifty Liquid Fund Index,6.77,6.22,5.95,4.69,29,37,33,24,26,25,22,23,Bandhan Liquid Fund-Reg(G),Debt : Liquid,44,45,44,44,41,37,35,30,4.6,0.48,1.52,3.27,6.19,6.73,6.19,5.94,,,,,,,,
Motilal Oswal Large & Midcap Fund-Reg(G),42803,Motilal Oswal Mutual Fund,-2.21,3.5,18.42,6.57,NIFTY LargeMidcap 250 - TRI,20.61,17.0,,10.37,1,2,2,3,4,2,1,,Motilal Oswal Large & Midcap Fund-Reg(G),Equity : Large & Mid Cap,33,36,34,33,33,26,26,20,-0.52,-3.92,-0.34,9.21,1.84,12.73,11.15,13.02,,,,,,,,
Edelweiss Mid Cap Fund-Reg(G),3790,Edelweiss Mutual Fund,-4.14,-0.21,10.68,5.84,Nifty Midcap 150 - TRI,18.99,16.55,17.16,1.71,25,21,20,23,17,5,6,2,Edelweiss Mid Cap Fund-Reg(G),Equity : Mid Cap,32,35,34,34,32,30,25,20,4.31,-3.8,0.67,13.28,6.21,15.36,13.92,14.96,,,,,,,,
Kotak Small Cap Fund(G),2066,Kotak Mahindra Mutual Fund,-0.22,4.81,21.62,6.54,Nifty Smallcap 250 - TRI,11.86,11.68,15.8,10.78,21,15,18,23,25,19,23,9,Kotak Small Cap Fund(G),Equity : Small Cap,33,36,36,36,31,24,23,13,14.42,-0.14,5.3,25.2,12.13,15.61,15.16,16.28,,,,,,,,
ICICI Pru Multi Cap Fund(G),1677,ICICI Prudential Mutual Fund,-3.97,-0.92,12.87,6.67,Nifty500 Multicap 50:25:25 - TRI,14.84,13.51,13.47,4.45,14,26,28,17,12,9,3,3,ICICI Pru Multi Cap Fund(G),Equity : Multi Cap,33,33,33,33,33,22,10,7,3.1,-2.77,1.52,13.44,4.67,13.3,11.47,13.51,,,,,,,,
UTI Money Market Fund-Reg(G),7914,UTI Mutual Fund,0.54,1.71,3.66,6.44,CRISIL Money Market Index,7.28,6.64,6.63,4.73,3,3,3,2,1,1,1,3,UTI Money Market Fund-Reg(G),Debt : Money Market,24,26,25,25,23,22,19,13,4.6,0.52,1.64,3.55,6.27,7.03,6.36,6.38,,,,,,,,
ICICI Pru Short Term Fund(G),1682,ICICI Prudential Mutual Fund,0.0,0.76,3.04,5.33,Nifty Short Duration Debt Index,7.07,6.41,6.98,3.62,8,28,17,9,8,3,3,2,ICICI Pru Short Term Fund(G),Debt : Short Duration,32,33,32,32,32,25,23,18,3.45,0.12,0.88,2.91,4.9,6.61,5.86,6.24,,,,,,,,
Franklin India Flexi Cap Fund(G),950,Franklin Templeton Mutual Fund,-4.68,-3.45,2.34,-4.73,NIFTY 500 - TRI,9.77,10.21,12.1,-7.18,50,53,54,50,46,27,12,10,Franklin India Flexi Cap Fund(G),Equity : Flexi Cap,55,58,56,56,53,47,36,24,-0.83,-3.33,0.32,9.42,1.07,10.83,9.29,11.79,,,,,,,,
HSBC Small Cap Fund-Reg(G),22139,HSBC Mutual Fund,0.18,5.3,28.9,12.33,Nifty Smallcap 250 - TRI,14.02,16.11,17.51,16.21,15,9,15,10,16,16,9,4,HSBC Small Cap Fund-Reg(G),Equity : Small Cap,33,36,36,36,31,24,23,13,14.42,-0.14,5.3,25.2,12.13,15.61,15.16,16.28,,,,,,,,
CPSE ETF,27621,Nippon India Mutual Fund,-0.86,-3.02,-7.23,0.16,Nifty CPSE - TRI,21.17,26.92,14.38,1.68,55,13,150,244,96,9,4,3,CPSE ETF,Equity : ETFs,232,273,256,246,208,137,85,42,-3.6,-4.03,-1.43,6.06,0.15,10.34,8.93,11.73,,,,,,,,
Aditya Birla SL Ultra Short Term Fund-Reg(G),468,Aditya Birla Sun Life Mutual Fund,0.52,1.64,3.5,6.33,NIFTY Ultra Short Duration Debt Index,7.22,6.53,6.8,4.61,11,5,8,12,9,1,1,1,Aditya Birla SL Ultra Short Term Fund-Reg(G),Debt : Ultra Short Duration,31,34,33,32,31,24,24,13,4.54,0.49,1.56,3.46,6.12,6.65,6.0,5.88,,,,,,,,
DSP Large & Mid Cap Fund-Reg(G),716,DSP Mutual Fund,-4.45,-3.77,2.72,-2.21,NIFTY LargeMidcap 250 - TRI,11.92,10.29,12.9,-7.12,32,25,34,32,29,16,16,13,DSP Large & Mid Cap Fund-Reg(G),Equity : Large & Mid Cap,33,36,34,33,33,26,26,20,-0.52,-3.92,-0.34,9.21,1.84,12.73,11.15,13.02,,,,,,,,
Nippon India Multi Asset Allocation Fund-Reg(G),26169,Nippon India Mutual Fund,-3.31,1.59,6.47,9.81,BSE 500 - TRI,17.6,13.84,,3.38,8,20,6,8,8,2,3,,Nippon India Multi Asset Allocation Fund-Reg(G),Hybrid : Multi Asset Allocation,33,36,34,34,30,14,8,6,1.18,-3.02,0.54,4.52,7.5,13.59,12.21,12.2,,,,,,,,
ICICI Pru Focused Fund(G),7747,ICICI Prudential Mutual Fund,-4.65,-1.45,6.03,-1.02,BSE 500 - TRI,15.44,13.19,13.53,-5.86,23,17,21,18,17,3,2,3,ICICI Pru Focused Fund(G),Equity : Focused,28,28,28,28,28,27,25,14,-0.57,-3.87,0.24,9.79,1.93,11.27,9.35,12.18,,,,,,,,
HDFC Ultra Short to Short Term Fund(G),1114,HDFC Mutual Fund,0.35,1.26,3.03,5.6,NIFTY Low Duration Debt Index,6.72,6.09,6.45,4.0,20,28,28,26,18,13,7,5,HDFC Ultra Short to Short Term Fund(G),Debt : Low Duration,26,31,30,29,26,20,20,19,4.14,0.39,1.39,3.25,5.72,6.8,6.09,6.18,,,,,,,,
SBI Gold Fund-Reg(G),14666,SBI Mutual Fund,-6.26,8.42,4.26,31.79,Gold-London Bullion Market association (LBMA),35.06,25.24,15.6,12.95,3,2,3,4,1,2,2,3,SBI Gold Fund-Reg(G),Metal : MFs,6,6,6,6,6,6,6,6,12.81,-6.31,8.36,4.36,31.57,34.82,25.02,15.5,,,,,,,,
Nippon India Arbitrage Fund(G),12938,Nippon India Mutual Fund,0.42,1.41,2.91,6.1,Nifty 50 Arbitrage,6.62,6.02,5.75,4.34,15,23,16,13,13,11,10,5,Nippon India Arbitrage Fund(G),Hybrid : Arbitrage,34,38,37,36,32,25,24,15,4.25,0.41,1.37,2.79,5.98,6.56,5.9,5.56,0.4,1.74,3.05,7.22,7.4,6.62,,6.8
LIC MF Liquid Fund-Reg(G),2137,LIC Mutual Fund,0.48,1.56,3.41,6.39,CRISIL Liquid Debt Index,6.83,6.23,6.0,4.78,12,34,20,14,15,19,19,17,LIC MF Liquid Fund-Reg(G),Debt : Liquid,44,45,44,44,41,37,35,30,4.6,0.48,1.52,3.27,6.19,6.73,6.19,5.94,,,,,,,,
HDFC Ultra Short Term Fund-Reg(G),39949,HDFC Mutual Fund,0.51,1.58,3.35,6.03,CRISIL Ultra Short Term Debt Index,6.86,6.21,,4.4,23,9,14,24,18,9,9,,HDFC Ultra Short Term Fund-Reg(G),Debt : Ultra Short Duration,31,34,33,32,31,24,24,13,4.54,0.49,1.56,3.46,6.12,6.65,6.0,5.88,,,,,,,,
Kotak Balanced Advantage Fund-Reg(G),40623,Kotak Mahindra Mutual Fund,-2.65,-0.65,4.39,1.16,NIFTY 50 Hybrid Composite Debt 50:50 Index,8.3,7.53,,-1.25,18,20,19,18,17,16,10,,Kotak Balanced Advantage Fund-Reg(G),Hybrid : Dynamic Asset Allocation,37,38,38,38,37,30,22,11,-1.63,-2.48,-0.35,4.38,0.68,8.22,7.48,8.98,,,,,,,,
Mirae Asset Liquid Fund-Reg(G),7554,Mirae Asset Mutual Fund,0.5,1.56,3.36,6.31,Nifty Liquid Fund Index,6.81,6.25,6.01,4.68,31,11,23,29,27,20,14,16,Mirae Asset Liquid Fund-Reg(G),Debt : Liquid,44,45,44,44,41,37,35,30,4.6,0.48,1.52,3.27,6.19,6.73,6.19,5.94,,,,,,,,
Axis Large & Mid Cap Fund-Reg(G),38080,Axis Mutual Fund,-3.08,0.7,11.35,4.76,NIFTY LargeMidcap 250 - TRI,13.95,10.4,,2.91,6,8,9,10,8,6,15,,Axis Large & Mid Cap Fund-Reg(G),Equity : Large & Mid Cap,33,36,34,33,33,26,26,20,-0.52,-3.92,-0.34,9.21,1.84,12.73,11.15,13.02,,,,,,,,
ICICI Pru Nifty 50 Index Fund-Reg(G),1623,ICICI Prudential Mutual Fund,-4.91,-3.58,-0.11,-6.4,NIFTY 50 - TRI,6.34,6.1,10.7,-10.88,186,188,181,190,168,75,28,8,ICICI Pru Nifty 50 Index Fund-Reg(G),Equity : Index Funds,228,253,245,234,219,101,45,18,-3.26,-4.15,-1.59,6.96,-0.34,10.34,8.4,10.7,,,,,,,,
HSBC Midcap Fund-Reg(G),611,HSBC Mutual Fund,-3.01,1.14,21.68,16.62,Nifty Midcap 150 - TRI,22.08,16.76,16.13,14.49,1,7,10,1,1,1,4,8,HSBC Midcap Fund-Reg(G),Equity : Mid Cap,32,35,34,34,32,30,25,20,4.31,-3.8,0.67,13.28,6.21,15.36,13.92,14.96,,,,,,,,
Canara Rob Large Cap Fund-Reg(G),8217,Canara Robeco Mutual Fund,-4.96,-2.45,2.51,-5.09,BSE 100 - TRI,8.71,6.97,11.95,-7.98,25,31,20,22,25,15,18,3,Canara Rob Large Cap Fund-Reg(G),Equity : Large Cap,33,35,34,34,33,30,28,23,-6.14,-4.26,-1.72,3.8,-2.94,8.89,7.38,10.73,,,,,,,,
DSP ELSS Tax Saver Fund-Reg(G),745,DSP Mutual Fund,-4.43,-3.92,2.66,-3.21,NIFTY 500 - TRI,11.6,10.21,13.27,-7.79,42,36,51,42,35,20,21,8,DSP ELSS Tax Saver Fund-Reg(G),Equity : Tax Saving (ELSS),53,53,53,53,53,52,47,30,-2.04,-3.49,-0.87,8.56,-0.32,10.55,10.24,12.18,,,,,,,,
HDFC Floating Interest Rates Fund(G),3728,HDFC Mutual Fund,0.15,0.88,3.01,5.64,CRISIL Short Duration Debt Index,7.22,6.57,7.02,3.91,9,7,10,7,9,4,2,1,HDFC Floating Interest Rates Fund(G),Debt : Floater,12,12,12,12,12,12,12,5,4.1,0.16,1.06,3.2,5.76,7.18,6.36,6.78,,,,,,,,
HDFC ELSS-Tax Saver Fund(G),1329,HDFC Mutual Fund,-4.6,-2.27,1.93,-7.07,NIFTY 500 - TRI,11.79,12.7,12.12,-8.76,45,40,35,45,50,19,11,14,HDFC ELSS-Tax Saver Fund(G),Equity : Tax Saving (ELSS),53,53,53,53,53,52,47,30,-2.04,-3.49,-0.87,8.56,-0.32,10.55,10.24,12.18,,,,,,,,
ICICI Pru Ultra Short Term Fund(G),12454,ICICI Prudential Mutual Fund,0.5,1.55,3.45,6.23,NIFTY Ultra Short Duration Debt Index,6.97,6.3,6.62,4.57,14,19,19,16,11,5,6,3,ICICI Pru Ultra Short Term Fund(G),Debt : Ultra Short Duration,31,34,33,32,31,24,24,13,4.54,0.49,1.56,3.46,6.12,6.65,6.0,5.88,,,,,,,,
Kotak Ultra Short Term Fund(G),1995,Kotak Mahindra Mutual Fund,0.52,1.54,3.27,6.02,NIFTY Ultra Short Duration Debt Index,6.72,6.11,6.26,4.41,22,6,22,28,19,12,12,5,Kotak Ultra Short Term Fund(G),Debt : Ultra Short Duration,31,34,33,32,31,24,24,13,4.54,0.49,1.56,3.46,6.12,6.65,6.0,5.88,,,,,,,,
Invesco India Midcap Fund-Reg(G),2259,Invesco Mutual Fund,-3.32,0.62,18.23,8.16,BSE 150 MidCap - TRI,22.05,17.72,17.66,6.2,9,13,16,7,9,2,2,1,Invesco India Midcap Fund-Reg(G),Equity : Mid Cap,32,35,34,34,32,30,25,20,4.31,-3.8,0.67,13.28,6.21,15.36,13.92,14.96,,,,,,,,
ICICI Pru Business Cycle Fund(G),44146,ICICI Prudential Mutual Fund,-4.57,-4.68,2.06,-3.91,NIFTY 500 - TRI,13.56,13.75,,-7.93,101,92,116,104,92,25,12,,ICICI Pru Business Cycle Fund(G),Equity : Thematic,112,120,117,117,108,51,33,9,2.18,-3.04,1.09,11.89,4.44,13.34,11.3,12.9,,,,,,,,
ICICI Pru Equity Savings Fund-Reg(G),31230,ICICI Prudential Mutual Fund,-0.51,0.65,2.15,2.24,NIFTY 50 Equity Savings Index,6.33,6.82,7.17,-0.26,18,3,9,19,18,18,10,9,ICICI Pru Equity Savings Fund-Reg(G),Hybrid : Equity Savings,24,24,24,24,24,21,21,14,1.27,-1.02,0.5,3.63,3.17,7.57,6.8,7.45,,,,,,,,
Invesco India Smallcap Fund-Reg(G),40339,Invesco Mutual Fund,-1.28,3.86,24.99,15.25,BSE 250 Small Cap - TRI,21.82,18.2,,14.81,16,31,25,20,11,3,2,,Invesco India Smallcap Fund-Reg(G),Equity : Small Cap,33,36,36,36,31,24,23,13,14.42,-0.14,5.3,25.2,12.13,15.61,15.16,16.28,,,,,,,,
HSBC Value Fund-Reg(G),8262,HSBC Mutual Fund,-3.66,-1.54,5.55,2.14,NIFTY 500 - TRI,14.53,14.31,14.51,-2.66,10,15,13,12,8,6,2,1,HSBC Value Fund-Reg(G),Equity : Value / Contra,23,25,24,23,23,22,20,15,-2.25,-3.2,-1.06,7.17,1.48,12.23,11.84,12.8,,,,,,,,
Bandhan Money Market Fund-Reg(G),1052,Bandhan Mutual Fund,0.54,1.66,3.6,6.38,Nifty Money Market Index,6.97,6.13,5.87,4.71,6,5,13,14,6,16,18,12,Bandhan Money Market Fund-Reg(G),Debt : Money Market,24,26,25,25,23,22,19,13,4.6,0.52,1.64,3.55,6.27,7.03,6.36,6.38,,,,,,,,
Kotak Multi Asset Allocation Fund-Reg(G),48028,Kotak Mahindra Mutual Fund,-2.16,1.49,5.82,12.88,NIFTY 500 - TRI,16.69,,,1.86,12,7,7,12,3,3,,,Kotak Multi Asset Allocation Fund-Reg(G),Hybrid : Multi Asset Allocation,33,36,34,34,30,14,8,6,1.18,-3.02,0.54,4.52,7.5,13.59,12.21,12.2,,,,,,,,
ICICI Pru Silver ETF,46214,ICICI Prudential Mutual Fund,-4.17,5.82,-1.24,66.99,Silver,45.44,,,0.7,29,13,28,31,3,4,,,ICICI Pru Silver ETF,Metal : ETFs,40,42,42,42,38,22,11,11,3.29,-5.3,7.04,2.11,46.95,39.54,25.66,15.77,,,,,,,,
Kotak Corporate Bond Fund(G),265,Kotak Mahindra Mutual Fund,-0.01,0.59,2.8,4.6,NIFTY Corporate Bond Index,6.94,6.05,6.92,3.07,11,11,14,12,10,8,6,5,Kotak Corporate Bond Fund(G),Debt : Corporate Bond,21,21,21,21,21,21,19,13,3.17,0.0,0.66,2.88,4.63,6.78,5.84,6.57,,,,,,,,
Kotak Gold ETF,2050,Kotak Mahindra Mutual Fund,-6.11,7.98,4.22,32.64,Gold-India,35.49,25.61,15.77,13.49,8,37,5,9,25,18,8,6,Kotak Gold ETF,Metal : ETFs,40,42,42,42,38,22,11,11,3.29,-5.3,7.04,2.11,46.95,39.54,25.66,15.77,,,,,,,,
Sundaram Mid Cap Fund-Reg(G),3067,Sundaram Mutual Fund,-5.22,-0.96,9.65,5.17,Nifty Midcap 150 - TRI,16.71,15.39,13.35,1.09,27,32,26,26,21,10,9,15,Sundaram Mid Cap Fund-Reg(G),Equity : Mid Cap,32,35,34,34,32,30,25,20,4.31,-3.8,0.67,13.28,6.21,15.36,13.92,14.96,,,,,,,,
Edelweiss Arbitrage Fund-Reg(G),27622,Edelweiss Mutual Fund,0.41,1.42,2.9,6.07,Nifty 50 Arbitrage,6.73,6.15,5.8,4.33,17,27,14,15,17,7,4,2,Edelweiss Arbitrage Fund-Reg(G),Hybrid : Arbitrage,34,38,37,36,32,25,24,15,4.25,0.41,1.37,2.79,5.98,6.56,5.9,5.56,0.4,1.74,3.05,7.22,7.4,6.62,,6.8
Franklin India Small Cap Fund(G),952,Franklin Templeton Mutual Fund,-2.46,0.0,16.68,4.43,Nifty Smallcap 250,12.3,14.53,13.98,7.22,30,34,36,35,29,18,13,11,Franklin India Small Cap Fund(G),Equity : Small Cap,33,36,36,36,31,24,23,13,14.42,-0.14,5.3,25.2,12.13,15.61,15.16,16.28,-1.03,2.57,21.57,6.51,14.64,14.29,,12.23
Nippon India ELSS Tax Saver Fund(G),2667,Nippon India Mutual Fund,-2.68,-2.39,4.94,-0.28,NIFTY 500 - TRI,11.45,10.57,9.7,-1.88,25,15,39,36,23,21,18,26,Nippon India ELSS Tax Saver Fund(G),Equity : Tax Saving (ELSS),53,53,53,53,53,52,47,30,-2.04,-3.49,-0.87,8.56,-0.32,10.55,10.24,12.18,,,,,,,,
Canara Rob Small Cap Fund-Reg(G),42350,Canara Robeco Mutual Fund,-2.24,2.42,16.87,4.96,Nifty Smallcap 250 - TRI,11.58,13.17,,5.62,32,33,31,34,27,21,18,,Canara Rob Small Cap Fund-Reg(G),Equity : Small Cap,33,36,36,36,31,24,23,13,14.42,-0.14,5.3,25.2,12.13,15.61,15.16,16.28,,,,,,,,
Aditya Birla SL ELSS Tax Saver Fund(G),4637,Aditya Birla Sun Life Mutual Fund,-4.55,-2.29,5.45,-1.58,NIFTY 500 - TRI,9.84,6.81,9.43,-4.09,32,37,37,32,32,30,41,29,Aditya Birla SL ELSS Tax Saver Fund(G),Equity : Tax Saving (ELSS),53,53,53,53,53,52,47,30,-2.04,-3.49,-0.87,8.56,-0.32,10.55,10.24,12.18,,,,,,,,
HDFC Short Term Fund(G),11925,HDFC Mutual Fund,0.02,0.65,2.86,5.04,CRISIL Short Duration Debt Index,7.06,6.15,7.02,3.4,13,22,24,19,10,4,4,1,HDFC Short Term Fund(G),Debt : Short Duration,32,33,32,32,32,25,23,18,3.45,0.12,0.88,2.91,4.9,6.61,5.86,6.24,,,,,,,,
Kotak Short Term Fund(G),1971,Kotak Mahindra Mutual Fund,0.09,0.74,2.7,4.52,Nifty Short Duration Debt Index,6.55,5.59,6.4,3.1,24,15,19,24,23,17,14,10,Kotak Short Term Fund(G),Debt : Short Duration,32,33,32,32,32,25,23,18,3.45,0.12,0.88,2.91,4.9,6.61,5.86,6.24,,,,,,,,
ICICI Pru Overnight Fund(G),41653,ICICI Prudential Mutual Fund,0.41,1.26,2.56,5.2,CRISIL Liquid Overnight Index,5.98,5.63,,3.74,17,13,13,13,11,10,12,,ICICI Pru Overnight Fund(G),Debt : Overnight,35,37,35,35,35,33,27,3,3.71,0.4,1.24,2.54,5.14,5.94,5.62,5.27,,,,,,,,
ICICI Pru ELSS-Tax Saver Fund(G),1694,ICICI Prudential Mutual Fund,-3.75,-1.95,4.45,-3.34,NIFTY 500 - TRI,10.36,8.67,11.52,-5.0,34,30,33,37,37,27,33,18,ICICI Pru ELSS-Tax Saver Fund(G),Equity : Tax Saving (ELSS),53,53,53,53,53,52,47,30,-2.04,-3.49,-0.87,8.56,-0.32,10.55,10.24,12.18,,,,,,,,
Motilal Oswal Flexi Cap Fund-Reg(G),26481,Motilal Oswal Mutual Fund,-2.06,8.17,17.6,1.9,NIFTY 500 - TRI,17.14,11.57,11.81,4.07,11,10,2,5,24,4,7,15,Motilal Oswal Flexi Cap Fund-Reg(G),Equity : Flexi Cap,55,58,56,56,53,47,36,24,-0.83,-3.33,0.32,9.42,1.07,10.83,9.29,11.79,,,,,,,,
Axis Flexi Cap Fund-Reg(G),38212,Axis Mutual Fund,-2.89,2.09,13.81,3.53,NIFTY 500 - TRI,12.72,7.16,,4.9,9,15,12,13,17,15,28,,Axis Flexi Cap Fund-Reg(G),Equity : Flexi Cap,55,58,56,56,53,47,36,24,-0.83,-3.33,0.32,9.42,1.07,10.83,9.29,11.79,,,,,,,,
SBI Nifty Index Fund-Reg(G),2782,SBI Mutual Fund,-4.91,-3.58,-0.12,-6.46,NIFTY 50 - TRI,6.25,6.01,10.62,-10.9,190,189,182,192,173,78,30,10,SBI Nifty Index Fund-Reg(G),Equity : Index Funds,228,253,245,234,219,101,45,18,-3.26,-4.15,-1.59,6.96,-0.34,10.34,8.4,10.7,,,,,,,,
Motilal Oswal Nasdaq 100 ETF,13397,Motilal Oswal Mutual Fund,5.21,5.6,29.28,35.7,Nasdaq-100,33.68,21.02,24.3,29.12,3,2,11,3,2,2,5,1,Motilal Oswal Nasdaq 100 ETF,Equity : ETFs,232,273,256,246,208,137,85,42,-3.6,-4.03,-1.43,6.06,0.15,10.34,8.93,11.73,4.79,3.97,26.67,25.46,27.47,14.81,,29.41
Canara Rob Flexi Cap Fund-Reg(G),526,Canara Robeco Mutual Fund,-4.7,-1.48,5.73,-2.84,BSE 500 - TRI,10.19,7.72,12.73,-4.58,41,55,42,42,41,24,27,6,Canara Rob Flexi Cap Fund-Reg(G),Equity : Flexi Cap,55,58,56,56,53,47,36,24,-0.83,-3.33,0.32,9.42,1.07,10.83,9.29,11.79,,,,,,,,
ICICI Pru Technology Fund(G),1695,ICICI Prudential Mutual Fund,-6.39,4.85,4.15,-11.12,BSE TECk Index - TRI,3.85,1.01,16.17,-17.26,10,8,8,9,9,3,4,1,ICICI Pru Technology Fund(G),Equity : Sectoral - Technology,12,13,13,13,12,7,5,5,-10.68,-4.97,6.29,11.37,-7.14,4.09,2.44,15.63,,,,,,,,
Bandhan Corp Bond Fund-Reg(G),31896,Bandhan Mutual Fund,0.12,0.72,3.29,5.25,NIFTY Corporate Bond Index,6.89,5.76,6.65,3.89,3,4,7,3,5,9,13,7,Bandhan Corp Bond Fund-Reg(G),Debt : Corporate Bond,21,21,21,21,21,21,19,13,3.17,0.0,0.66,2.88,4.63,6.78,5.84,6.57,,,,,,,,
Quant ELSS Tax Saver Fund(G),889,Quant Mutual Fund,-1.83,0.28,16.46,10.27,NIFTY 500 - TRI,13.88,13.58,18.41,7.54,4,6,14,12,1,8,9,1,Quant ELSS Tax Saver Fund(G),Equity : Tax Saving (ELSS),53,53,53,53,53,52,47,30,-2.04,-3.49,-0.87,8.56,-0.32,10.55,10.24,12.18,,,,,,,,
Edelweiss Balanced Advantage Fund-Reg(G),7912,Edelweiss Mutual Fund,-2.67,0.56,4.94,3.06,NIFTY 50 Hybrid Composite Debt 50:50 Index,9.3,7.74,10.47,-0.42,13,21,10,12,8,9,9,2,Edelweiss Balanced Advantage Fund-Reg(G),Hybrid : Dynamic Asset Allocation,37,38,38,38,37,30,22,11,-1.63,-2.48,-0.35,4.38,0.68,8.22,7.48,8.98,,,,,,,,
SBI Short Term Fund-Reg(G),2843,SBI Mutual Fund,0.02,0.65,2.64,4.51,CRISIL Short Duration Debt Index,6.72,5.85,6.49,3.08,26,25,25,26,24,11,10,8,SBI Short Term Fund-Reg(G),Debt : Short Duration,32,33,32,32,32,25,23,18,3.45,0.12,0.88,2.91,4.9,6.61,5.86,6.24,,,,,,,,
BHARAT Bond ETF - April 2031,45008,Edelweiss Mutual Fund,-0.34,-0.21,2.9,4.13,NIFTY BHARAT Bond Index - April 2031,7.23,6.21,,2.45,22,19,21,3,21,3,2,,BHARAT Bond ETF - April 2031,Debt : ETFs,31,34,31,31,30,15,10,4,3.01,-0.35,0.44,2.25,4.33,6.47,5.55,5.58,,,,,,,,
Edelweiss Liquid Fund-Reg(G),6688,Edelweiss Mutual Fund,0.5,1.58,3.46,6.46,CRISIL Liquid Debt Index,6.86,6.22,5.97,4.82,4,10,8,3,4,8,23,20,Edelweiss Liquid Fund-Reg(G),Debt : Liquid,44,45,44,44,41,37,35,30,4.6,0.48,1.52,3.27,6.19,6.73,6.19,5.94,,,,,,,,
Aditya Birla SL Floating Interest Rates Fund(G),7727,Aditya Birla Sun Life Mutual Fund,0.38,1.31,3.21,5.89,NIFTY Low Duration Debt Index,7.15,6.52,6.94,4.16,4,1,3,4,5,8,3,2,Aditya Birla SL Floating Interest Rates Fund(G),Debt : Floater,12,12,12,12,12,12,12,5,4.1,0.16,1.06,3.2,5.76,7.18,6.36,6.78,,,,,,,,
Baroda BNP Paribas Liquid Fund(G),7594,Baroda BNP Paribas Mutual Fund,0.49,1.56,3.38,6.35,CRISIL Liquid Debt Index,6.78,6.25,6.03,4.74,23,23,17,25,22,24,13,10,Baroda BNP Paribas Liquid Fund(G),Debt : Liquid,44,45,44,44,41,37,35,30,4.6,0.48,1.52,3.27,6.19,6.73,6.19,5.94,,,,,,,,
ICICI Pru Dynamic Term Fund(G),8499,ICICI Prudential Mutual Fund,-0.48,0.29,3.11,4.5,NIFTY Composite Debt Index,6.81,6.21,7.18,3.14,9,14,10,8,8,5,4,1,ICICI Pru Dynamic Term Fund(G),Debt : Dynamic Bond,23,23,23,23,23,23,23,19,2.57,-0.36,0.16,2.58,3.62,6.05,5.37,6.1,,,,,,,,
Tata Small Cap Fund-Reg(G),35242,Tata Mutual Fund,2.67,6.69,26.37,-0.25,Nifty Smallcap 250 - TRI,11.69,14.19,,9.11,24,2,10,17,30,20,15,,Tata Small Cap Fund-Reg(G),Equity : Small Cap,33,36,36,36,31,24,23,13,14.42,-0.14,5.3,25.2,12.13,15.61,15.16,16.28,,,,,,,,
Franklin India Mid Cap Fund(G),948,Franklin Templeton Mutual Fund,-5.32,-0.71,9.06,0.64,Nifty Midcap 150 - TRI,14.29,12.02,13.22,-2.56,32,33,23,30,30,20,19,16,Franklin India Mid Cap Fund(G),Equity : Mid Cap,32,35,34,34,32,30,25,20,4.31,-3.8,0.67,13.28,6.21,15.36,13.92,14.96,,,,,,,,
UTI Mid Cap Fund-Reg(G),3628,UTI Mutual Fund,-4.65,0.12,10.38,2.5,Nifty Midcap 150 - TRI,10.59,10.34,12.71,1.05,28,28,19,24,29,26,23,19,UTI Mid Cap Fund-Reg(G),Equity : Mid Cap,32,35,34,34,32,30,25,20,4.31,-3.8,0.67,13.28,6.21,15.36,13.92,14.96,,,,,,,,
DSP Flexi Cap Fund-Reg(G),642,DSP Mutual Fund,-4.08,-2.28,6.55,-2.09,NIFTY 500 - TRI,9.72,8.04,12.43,-3.97,38,39,47,35,37,30,25,9,DSP Flexi Cap Fund-Reg(G),Equity : Flexi Cap,55,58,56,56,53,47,36,24,-0.83,-3.33,0.32,9.42,1.07,10.83,9.29,11.79,,,,,,,,
Nippon India Ultra Short Term Fund(G),2615,Nippon India Mutual Fund,0.5,1.52,3.42,6.19,CRISIL Ultra Short Term Debt Index,6.77,6.17,5.79,4.58,13,17,25,19,13,11,10,9,Nippon India Ultra Short Term Fund(G),Debt : Ultra Short Duration,31,34,33,32,31,24,24,13,4.54,0.49,1.56,3.46,6.12,6.65,6.0,5.88,,,,,,,,
Invesco India Large & Mid Cap Fund-Reg(G),2235,Invesco Mutual Fund,-3.02,0.58,18.5,7.09,NIFTY LargeMidcap 250 - TRI,21.37,15.24,15.56,7.48,2,7,10,2,3,1,2,1,Invesco India Large & Mid Cap Fund-Reg(G),Equity : Large & Mid Cap,33,36,34,33,33,26,26,20,-0.52,-3.92,-0.34,9.21,1.84,12.73,11.15,13.02,,,,,,,,
HDFC Gold ETF FoF(G),15381,HDFC Mutual Fund,-6.21,8.38,4.37,31.45,Gold-India,34.79,24.97,15.48,12.69,4,122,6,51,19,12,3,2,HDFC Gold ETF FoF(G),FoFs : Domestic,108,135,127,125,99,61,41,27,2.81,-3.15,2.04,5.11,14.87,17.1,10.87,10.45,,,,,,,,
HDFC Overnight Fund(G),1117,HDFC Mutual Fund,0.4,1.24,2.54,5.13,CRISIL Liquid Overnight Index,5.92,5.58,5.25,3.71,24,27,24,24,25,27,24,3,HDFC Overnight Fund(G),Debt : Overnight,35,37,35,35,35,33,27,3,3.71,0.4,1.24,2.54,5.14,5.94,5.62,5.27,,,,,,,,
UTI Large Cap Fund-Reg(G),3626,UTI Mutual Fund,-4.61,-1.86,2.17,-6.51,BSE 100 - TRI,6.06,5.21,10.13,-9.59,31,21,17,26,30,28,25,17,UTI Large Cap Fund-Reg(G),Equity : Large Cap,33,35,34,34,33,30,28,23,-6.14,-4.26,-1.72,3.8,-2.94,8.89,7.38,10.73,,,,,,,,
JioBlackRock Liquid Fund-Reg(G),51169,Jio BlackRock Mutual Fund,0.5,,,,Nifty Liquid Fund Index,,,,,,7,,,,,,,JioBlackRock Liquid Fund-Reg(G),Debt : Liquid,44,45,44,44,41,37,35,30,4.6,0.48,1.52,3.27,6.19,6.73,6.19,5.94,,,,,,,,
Kotak Ultra Short to Short Term Fund(G),4573,Kotak Mahindra Mutual Fund,0.31,1.3,3.01,5.46,NIFTY Low Duration Debt Index,6.61,5.89,6.51,3.91,23,30,24,27,22,16,15,3,Kotak Ultra Short to Short Term Fund(G),Debt : Low Duration,26,31,30,29,26,20,20,19,4.14,0.39,1.39,3.25,5.72,6.8,6.09,6.18,,,,,,,,
Bandhan Banking and PSU Debt Fund-Reg(G),20747,Bandhan Mutual Fund,0.19,0.85,3.4,5.35,NIFTY Banking and PSU Debt Index,6.78,5.92,6.9,3.98,3,5,6,2,4,7,5,3,Bandhan Banking and PSU Debt Fund-Reg(G),Debt : Banking & PSU,21,21,21,21,21,20,18,16,3.22,0.08,0.74,2.9,4.74,6.68,5.83,6.66,,,,,,,,
Axis Banking and PSU Debt Fund-Reg(G),16903,Axis Mutual Fund,-0.01,0.55,2.77,4.63,NIFTY Banking and PSU Debt Index,6.61,5.82,6.86,3.13,10,15,14,14,10,13,7,5,Axis Banking and PSU Debt Fund-Reg(G),Debt : Banking & PSU,21,21,21,21,21,20,18,16,3.22,0.08,0.74,2.9,4.74,6.68,5.83,6.66,,,,,,,,
Axis Multicap Fund-Reg(G),45362,Axis Mutual Fund,-1.76,5.73,17.47,8.9,Nifty500 Multicap 50:25:25 - TRI,18.15,,,8.24,6,7,2,5,8,1,,,Axis Multicap Fund-Reg(G),Equity : Multi Cap,33,33,33,33,33,22,10,7,3.1,-2.77,1.52,13.44,4.67,13.3,11.47,13.51,,,,,,,,
SBI Ultra Short Term Fund-Reg(G),2785,SBI Mutual Fund,0.53,1.59,3.43,6.23,CRISIL Ultra Short Term Debt Index,6.93,6.25,6.39,4.57,15,2,13,17,12,7,8,4,SBI Ultra Short Term Fund-Reg(G),Debt : Ultra Short Duration,31,34,33,32,31,24,24,13,4.54,0.49,1.56,3.46,6.12,6.65,6.0,5.88,,,,,,,,
DSP Aggressive Hybrid Fund-Reg(G),635,DSP Mutual Fund,-2.61,-2.87,2.15,-4.19,CRISIL Hybrid 35+65 - Aggressive Index,8.59,7.25,10.38,-6.42,40,10,42,40,40,27,29,16,DSP Aggressive Hybrid Fund-Reg(G),Hybrid : Aggressive Hybrid,43,44,43,43,43,41,41,28,-1.6,-2.93,-0.57,6.19,0.55,9.9,8.59,10.55,,,,,,,,
SBI Ultra Short to Short Term Fund-Reg(G),2832,SBI Mutual Fund,0.45,1.36,3.09,5.45,CRISIL Low Duration Debt Index,6.66,5.95,6.33,3.95,22,3,15,22,23,15,13,11,SBI Ultra Short to Short Term Fund-Reg(G),Debt : Low Duration,26,31,30,29,26,20,20,19,4.14,0.39,1.39,3.25,5.72,6.8,6.09,6.18,,,,,,,,
Franklin India Focused Equity Fund(G),938,Franklin Templeton Mutual Fund,-6.2,-4.31,-1.36,-11.19,NIFTY 500 - TRI,6.55,8.21,11.55,-12.61,28,27,27,28,28,26,17,10,Franklin India Focused Equity Fund(G),Equity : Focused,28,28,28,28,28,27,25,14,-0.57,-3.87,0.24,9.79,1.93,11.27,9.35,12.18,,,,,,,,
HDFC Defence Fund-Reg(G),46585,HDFC Mutual Fund,-1.49,2.85,30.77,22.78,Nifty India Defence - TRI,36.96,,,28.25,1,22,32,3,2,1,,,HDFC Defence Fund-Reg(G),Equity : Thematic,112,120,117,117,108,51,33,9,2.18,-3.04,1.09,11.89,4.44,13.34,11.3,12.9,,,,,,,,
Axis Focused Fund-Reg(G),15557,Axis Mutual Fund,-4.71,1.39,11.27,-1.18,NIFTY 500 - TRI,8.83,2.43,10.54,0.33,11,22,9,12,18,20,25,13,Axis Focused Fund-Reg(G),Equity : Focused,28,28,28,28,28,27,25,14,-0.57,-3.87,0.24,9.79,1.93,11.27,9.35,12.18,,,,,,,,
Canara Rob Aggressive Hybrid Fund-Reg(G),513,Canara Robeco Mutual Fund,-3.46,-1.03,4.6,-0.15,CRISIL Hybrid 35+65 - Aggressive Index,9.45,7.64,11.05,-2.29,20,33,24,24,19,20,24,11,Canara Rob Aggressive Hybrid Fund-Reg(G),Hybrid : Aggressive Hybrid,43,44,43,43,43,41,41,28,-1.6,-2.93,-0.57,6.19,0.55,9.9,8.59,10.55,,,,,,,,
ICICI Pru Banking & Fin Serv Fund(G),5736,ICICI Prudential Mutual Fund,-2.61,-3.91,3.69,-3.74,Nifty Financial Services - TRI,8.56,8.16,10.66,-7.93,23,2,15,21,22,14,11,7,ICICI Pru Banking & Fin Serv Fund(G),Equity : Sectoral - Financial Services,24,28,28,28,23,17,13,11,-4.0,-4.78,-3.54,5.32,2.41,10.9,9.73,11.13,,,,,,,,
Axis Overnight Fund-Reg(G),42062,Axis Mutual Fund,0.41,1.27,2.59,5.25,Nifty 1D Rate Index,6.05,5.71,,3.8,3,3,6,3,4,2,2,,Axis Overnight Fund-Reg(G),Debt : Overnight,35,37,35,35,35,33,27,3,3.71,0.4,1.24,2.54,5.14,5.94,5.62,5.27,0.41,1.27,2.59,5.24,6.06,5.75,,5.14
PGIM India Midcap Fund-Reg(G),24741,PGIM India Mutual Fund,-3.5,0.77,11.2,-0.43,Nifty Midcap 150 - TRI,10.3,8.86,14.28,1.91,24,15,14,22,31,27,25,13,PGIM India Midcap Fund-Reg(G),Equity : Mid Cap,32,35,34,34,32,30,25,20,4.31,-3.8,0.67,13.28,6.21,15.36,13.92,14.96,,,,,,,,
UTI Arbitrage Fund-Reg(G),3660,UTI Mutual Fund,0.46,1.43,2.94,6.18,Nifty 50 Arbitrage,6.83,6.13,5.78,4.38,11,9,10,10,9,2,6,3,UTI Arbitrage Fund-Reg(G),Hybrid : Arbitrage,34,38,37,36,32,25,24,15,4.25,0.41,1.37,2.79,5.98,6.56,5.9,5.56,0.4,1.74,3.05,7.22,7.4,6.62,,6.8
Nippon India ETF Nifty 1D Rate Liquid BeES,2155,Nippon India Mutual Fund,0.33,1.09,2.18,4.35,Nifty 1D Rate Index,4.58,4.49,4.49,3.22,19,16,16,24,19,15,10,4,Nippon India ETF Nifty 1D Rate Liquid BeES,Debt : ETFs,31,34,31,31,30,15,10,4,3.01,-0.35,0.44,2.25,4.33,6.47,5.55,5.58,0.41,1.27,2.59,5.24,6.06,5.75,,5.14
DSP Money Market Fund-Reg(G),695,DSP Mutual Fund,0.51,1.65,3.64,6.33,CRISIL Money Market Index,6.98,6.21,6.2,4.68,11,19,15,5,13,15,14,10,DSP Money Market Fund-Reg(G),Debt : Money Market,24,26,25,25,23,22,19,13,4.6,0.52,1.64,3.55,6.27,7.03,6.36,6.38,,,,,,,,
DSP Multi Asset Allocation Fund-Reg(G),48206,DSP Mutual Fund,-3.35,-0.2,3.21,10.79,NIFTY 500 - TRI,,,,2.29,11,22,27,27,4,,,,DSP Multi Asset Allocation Fund-Reg(G),Hybrid : Multi Asset Allocation,33,36,34,34,30,14,8,6,1.18,-3.02,0.54,4.52,7.5,13.59,12.21,12.2,,,,,,,,
Kotak Large Cap Fund(G),1962,Kotak Mahindra Mutual Fund,-4.79,-2.69,1.69,-4.45,NIFTY 100 - TRI,8.71,7.32,11.1,-8.02,26,27,23,29,22,16,16,10,Kotak Large Cap Fund(G),Equity : Large Cap,33,35,34,34,33,30,28,23,-6.14,-4.26,-1.72,3.8,-2.94,8.89,7.38,10.73,,,,,,,,
SBI Banking & Financial Services Fund-Reg(G),30125,SBI Mutual Fund,-4.11,-4.84,1.48,-0.96,Nifty Financial Services - TRI,13.66,10.58,13.36,-7.87,22,5,22,25,19,3,4,2,SBI Banking & Financial Services Fund-Reg(G),Equity : Sectoral - Financial Services,24,28,28,28,23,17,13,11,-4.0,-4.78,-3.54,5.32,2.41,10.9,9.73,11.13,,,,,,,,
HDFC Manufacturing Fund-Reg(G),48655,HDFC Mutual Fund,-1.52,4.21,15.16,7.31,Nifty India Manufacturing - TRI,,,,6.98,30,24,24,35,37,,,,HDFC Manufacturing Fund-Reg(G),Equity : Thematic,112,120,117,117,108,51,33,9,2.18,-3.04,1.09,11.89,4.44,13.34,11.3,12.9,,,,,,,,
Kotak Equity Savings Fund(G),30690,Kotak Mahindra Mutual Fund,-0.98,1.06,4.26,3.01,NIFTY 50 Equity Savings Index - TRI,8.97,8.83,8.86,0.74,16,12,5,6,13,3,2,3,Kotak Equity Savings Fund(G),Hybrid : Equity Savings,24,24,24,24,24,21,21,14,1.27,-1.02,0.5,3.63,3.17,7.57,6.8,7.45,,,,,,,,
HDFC Childrens Fund,1126,HDFC Mutual Fund,-1.79,-0.43,5.44,-1.13,NIFTY 50 Hybrid Composite Debt 65:35 Index,7.9,9.19,11.72,-3.35,27,4,16,19,29,31,17,4,HDFC Childrens Fund,Hybrid : Aggressive Hybrid,43,44,43,43,43,41,41,28,-1.6,-2.93,-0.57,6.19,0.55,9.9,8.59,10.55,,,,,,,,
Axis Arbitrage Fund-Reg(G),30097,Axis Mutual Fund,0.44,1.41,2.91,6.08,Nifty 50 Arbitrage,6.69,6.08,5.69,4.34,16,13,15,14,15,10,8,10,Axis Arbitrage Fund-Reg(G),Hybrid : Arbitrage,34,38,37,36,32,25,24,15,4.25,0.41,1.37,2.79,5.98,6.56,5.9,5.56,0.4,1.74,3.05,7.22,7.4,6.62,,6.8
BHARAT Bond ETF - April 2032,46127,Edelweiss Mutual Fund,-0.57,-0.4,2.64,3.97,NIFTY BHARAT Bond Index - April 2032,7.18,,,2.11,24,20,24,7,22,4,,,BHARAT Bond ETF - April 2032,Debt : ETFs,31,34,31,31,30,15,10,4,3.01,-0.35,0.44,2.25,4.33,6.47,5.55,5.58,,,,,,,,
Aditya Birla SL Overnight Fund-Reg(G),41518,Aditya Birla Sun Life Mutual Fund,0.4,1.24,2.53,5.14,CRISIL Liquid Overnight Index,5.94,5.61,,3.71,22,28,26,25,23,24,22,,Aditya Birla SL Overnight Fund-Reg(G),Debt : Overnight,35,37,35,35,35,33,27,3,3.71,0.4,1.24,2.54,5.14,5.94,5.62,5.27,,,,,,,,
Tata Digital India Fund-Reg(G),33727,Tata Mutual Fund,-7.62,2.77,2.26,-14.16,NIFTY IT - TRI,2.31,0.32,15.35,-19.23,12,13,11,13,11,6,5,4,Tata Digital India Fund-Reg(G),Equity : Sectoral - Technology,12,13,13,13,12,7,5,5,-10.68,-4.97,6.29,11.37,-7.14,4.09,2.44,15.63,,,,,,,,
SBI Conservative Hybrid Fund-Reg(G),2797,SBI Mutual Fund,-0.64,0.12,4.12,4.44,NIFTY 50 Hybrid Composite Debt 15:85 Index,7.75,7.99,8.13,2.69,4,4,8,5,3,8,4,4,SBI Conservative Hybrid Fund-Reg(G),Hybrid : Conservative Hybrid,27,27,27,27,27,27,27,21,0.82,-1.18,-0.16,3.0,2.31,6.88,6.44,6.9,,,,,,,,
Zerodha Nifty 1D Rate Liquid ETF,48471,Zerodha Mutual Fund,0.39,1.23,2.45,4.97,Nifty 1D Rate Index,,,,3.56,7,7,2,14,7,,,,Zerodha Nifty 1D Rate Liquid ETF,Debt : ETFs,31,34,31,31,30,15,10,4,3.01,-0.35,0.44,2.25,4.33,6.47,5.55,5.58,0.41,1.27,2.59,5.24,6.06,5.75,,5.14
Aditya Birla SL Balanced Advantage Fund(G),1713,Aditya Birla Sun Life Mutual Fund,-2.31,1.26,6.97,5.35,CRISIL Hybrid 50+50 - Moderate Index,10.54,8.74,9.7,1.89,3,13,5,2,2,3,6,4,Aditya Birla SL Balanced Advantage Fund(G),Hybrid : Dynamic Asset Allocation,37,38,38,38,37,30,22,11,-1.63,-2.48,-0.35,4.38,0.68,8.22,7.48,8.98,,,,,,,,
ICICI Pru Nifty Next 50 Index Fund(G),11889,ICICI Prudential Mutual Fund,-3.68,-0.39,12.92,5.11,NIFTY NEXT 50 - TRI,16.73,10.78,11.98,3.64,34,80,55,40,46,14,12,1,ICICI Pru Nifty Next 50 Index Fund(G),Equity : Index Funds,228,253,245,234,219,101,45,18,-3.26,-4.15,-1.59,6.96,-0.34,10.34,8.4,10.7,,,,,,,,
Bandhan Value Fund-Reg(G),4270,Bandhan Mutual Fund,-3.31,-2.29,4.55,-1.83,BSE 500 - TRI,8.97,11.26,13.81,-5.95,17,11,17,15,16,19,15,7,Bandhan Value Fund-Reg(G),Equity : Value / Contra,23,25,24,23,23,22,20,15,-2.25,-3.2,-1.06,7.17,1.48,12.23,11.84,12.8,,,,,,,,
Bharat 22 ETF,38252,ICICI Prudential Mutual Fund,-2.71,-5.42,-3.27,2.06,BSE Bharat 22 Index - TRI,14.75,20.61,,-4.87,116,47,249,226,69,37,6,,Bharat 22 ETF,Equity : ETFs,232,273,256,246,208,137,85,42,-3.6,-4.03,-1.43,6.06,0.15,10.34,8.93,11.73,,,,,,,,
Nippon India Balanced Advantage Fund(G),2654,Nippon India Mutual Fund,-2.81,-0.74,4.41,1.36,CRISIL Hybrid 50+50 - Moderate Index,9.2,8.14,9.59,-0.5,14,24,21,17,16,10,7,5,Nippon India Balanced Advantage Fund(G),Hybrid : Dynamic Asset Allocation,37,38,38,38,37,30,22,11,-1.63,-2.48,-0.35,4.38,0.68,8.22,7.48,8.98,,,,,,,,
Nippon India Flexi Cap Fund-Reg(G),45335,Nippon India Mutual Fund,-4.46,-1.78,7.63,-2.21,NIFTY 500 - TRI,8.89,8.73,,-3.4,36,49,43,32,39,34,20,,Nippon India Flexi Cap Fund-Reg(G),Equity : Flexi Cap,55,58,56,56,53,47,36,24,-0.83,-3.33,0.32,9.42,1.07,10.83,9.29,11.79,,,,,,,,
ICICI Pru Small Cap Fund(G),1625,ICICI Prudential Mutual Fund,0.41,2.79,18.68,4.82,Nifty Smallcap 250 - TRI,11.32,12.98,14.85,7.22,31,7,29,31,28,22,20,10,ICICI Pru Small Cap Fund(G),Equity : Small Cap,33,36,36,36,31,24,23,13,14.42,-0.14,5.3,25.2,12.13,15.61,15.16,16.28,,,,,,,,
Aditya Birla SL Ultra Short to Short Term Fund(G),440,Aditya Birla Sun Life Mutual Fund,0.35,1.21,2.93,5.3,NIFTY Low Duration Debt Index,6.48,5.89,6.36,3.69,25,26,29,28,24,20,16,10,Aditya Birla SL Ultra Short to Short Term Fund(G),Debt : Low Duration,26,31,30,29,26,20,20,19,4.14,0.39,1.39,3.25,5.72,6.8,6.09,6.18,,,,,,,,
Franklin India Opportunities Fund(G),946,Franklin Templeton Mutual Fund,-1.51,1.76,13.11,2.22,NIFTY 500,19.97,16.72,15.48,1.53,54,23,44,46,60,2,6,1,Franklin India Opportunities Fund(G),Equity : Thematic,112,120,117,117,108,51,33,9,2.18,-3.04,1.09,11.89,4.44,13.34,11.3,12.9,-4.27,-2.21,5.24,-1.82,9.37,8.26,10.42,-7.47
Mirae Asset Aggressive Hybrid Fund-Reg(G),33228,Mirae Asset Mutual Fund,-2.85,-0.73,4.64,1.72,CRISIL Hybrid 35+65 - Aggressive Index,9.56,8.14,11.3,-2.1,19,17,21,23,14,18,20,8,Mirae Asset Aggressive Hybrid Fund-Reg(G),Hybrid : Aggressive Hybrid,43,44,43,43,43,41,41,28,-1.6,-2.93,-0.57,6.19,0.55,9.9,8.59,10.55,,,,,,,,
WOC Flexi Cap Fund-Reg(G),46367,WhiteOak Capital Mutual Fund,-4.08,0.78,10.57,1.96,BSE 500 - TRI,12.83,,,-0.5,25,40,22,24,23,14,,,WOC Flexi Cap Fund-Reg(G),Equity : Flexi Cap,55,58,56,56,53,47,36,24,-0.83,-3.33,0.32,9.42,1.07,10.83,9.29,11.79,,,,,,,,
UTI Value Fund-Reg(G),3644,UTI Mutual Fund,-4.51,-2.48,3.0,-4.63,NIFTY 500 - TRI,11.01,9.6,12.18,-8.01,20,23,18,18,20,14,18,11,UTI Value Fund-Reg(G),Equity : Value / Contra,23,25,24,23,23,22,20,15,-2.25,-3.2,-1.06,7.17,1.48,12.23,11.84,12.8,,,,,,,,
Nippon India Pharma Fund(G),2659,Nippon India Mutual Fund,-0.06,3.98,14.48,12.72,BSE Health Care - TRI,18.61,12.98,14.55,12.42,19,19,19,21,17,12,8,1,Nippon India Pharma Fund(G),Equity : Sectoral - Pharma,21,21,21,21,20,12,9,4,18.65,0.58,6.96,21.05,18.29,21.08,14.12,13.63,,,,,,,,
ICICI Pru Aggressive Hybrid Active FOF(G),1706,ICICI Prudential Mutual Fund,-3.33,-0.1,5.64,-1.5,CRISIL Hybrid 35+65 - Aggressive Index,12.15,11.66,14.24,-4.67,101,65,91,39,89,27,10,6,ICICI Pru Aggressive Hybrid Active FOF(G),FoFs : Domestic,108,135,127,125,99,61,41,27,2.81,-3.15,2.04,5.11,14.87,17.1,10.87,10.45,,,,,,,,
Kotak Aggressive Hybrid Fund-Reg(G),31224,Kotak Mahindra Mutual Fund,-3.37,-0.62,6.95,1.7,NIFTY 50 Hybrid Composite Debt 65:35 Index,11.21,10.35,11.69,0.82,10,32,20,13,15,11,9,5,Kotak Aggressive Hybrid Fund-Reg(G),Hybrid : Aggressive Hybrid,43,44,43,43,43,41,41,28,-1.6,-2.93,-0.57,6.19,0.55,9.9,8.59,10.55,,,,,,,,
Sundaram Aggressive Hybrid Fund(G),2321,Sundaram Mutual Fund,-4.16,-1.36,2.84,-2.73,CRISIL Hybrid 35+65 - Aggressive Index,7.78,6.83,10.22,-5.27,37,43,27,35,35,32,32,17,Sundaram Aggressive Hybrid Fund(G),Hybrid : Aggressive Hybrid,43,44,43,43,43,41,41,28,-1.6,-2.93,-0.57,6.19,0.55,9.9,8.59,10.55,,,,,,,,
Altiva Hybrid Long-Short Fund-Reg(G),75009,Edelweiss Altiva SIF,-0.22,2.81,7.53,,NIFTY 50 Hybrid Composite Debt 50:50 Index,,,,7.38,4,11,8,6,,,,,Altiva Hybrid Long-Short Fund-Reg(G),Hybrid : Long - Short,10,30,27,14,,,,,5.49,-0.21,3.32,9.54,,,,,,,,,,,,
ICICI Pru Floating Interest Rates Fund(G),1512,ICICI Prudential Mutual Fund,0.11,0.92,2.97,5.91,Nifty Short Duration Debt Index,7.04,6.35,6.87,3.96,7,8,8,9,4,10,7,3,ICICI Pru Floating Interest Rates Fund(G),Debt : Floater,12,12,12,12,12,12,12,5,4.1,0.16,1.06,3.2,5.76,7.18,6.36,6.78,,,,,,,,
Sundaram Liquid Fund(G),2323,Sundaram Mutual Fund,0.48,1.61,3.45,6.35,Nifty Liquid Fund Index,6.79,6.23,4.98,4.76,17,32,1,5,23,22,20,30,Sundaram Liquid Fund(G),Debt : Liquid,44,45,44,44,41,37,35,30,4.6,0.48,1.52,3.27,6.19,6.73,6.19,5.94,,,,,,,,
Nippon India Corp Bond Fund(G),2646,Nippon India Mutual Fund,-0.01,0.65,2.93,4.66,NIFTY Corporate Bond Index,7.04,6.33,6.84,3.26,8,12,11,9,9,5,2,6,Nippon India Corp Bond Fund(G),Debt : Corporate Bond,21,21,21,21,21,21,19,13,3.17,0.0,0.66,2.88,4.63,6.78,5.84,6.57,,,,,,,,
Nippon India Value Fund(G),2662,Nippon India Mutual Fund,-4.71,-3.49,2.86,-4.23,NIFTY 500 - TRI,12.73,12.1,13.86,-6.57,18,25,20,19,19,10,10,6,Nippon India Value Fund(G),Equity : Value / Contra,23,25,24,23,23,22,20,15,-2.25,-3.2,-1.06,7.17,1.48,12.23,11.84,12.8,,,,,,,,
Nippon India ETF Nifty Next 50 Junior BeES,2273,Nippon India Mutual Fund,-3.63,-0.21,13.47,5.97,NIFTY NEXT 50 - TRI,17.55,11.51,12.73,4.26,35,102,60,39,46,21,24,9,Nippon India ETF Nifty Next 50 Junior BeES,Equity : ETFs,232,273,256,246,208,137,85,42,-3.6,-4.03,-1.43,6.06,0.15,10.34,8.93,11.73,,,,,,,,
BHARAT Bond FOF - April 2030 -Reg(G),44426,Edelweiss Mutual Fund,-0.22,0.37,2.79,4.52,NIFTY BHARAT Bond Index - April 2030,7.25,6.27,,2.65,54,25,85,93,64,50,33,,BHARAT Bond FOF - April 2030 -Reg(G),FoFs : Domestic,108,135,127,125,99,61,41,27,2.81,-3.15,2.04,5.11,14.87,17.1,10.87,10.45,,,,,,,,
WOC Multi Asset Allocation Fund-Reg(G),47946,WhiteOak Capital Mutual Fund,-1.92,2.53,5.93,9.68,CRISIL Short Term Bond Index,15.4,,,5.35,4,6,1,10,10,4,,,WOC Multi Asset Allocation Fund-Reg(G),Hybrid : Multi Asset Allocation,33,36,34,34,30,14,8,6,1.18,-3.02,0.54,4.52,7.5,13.59,12.21,12.2,,,,,,,,
Helios Flexi Cap Fund-Reg(G),48299,Helios Mutual Fund,-3.35,0.79,12.92,3.24,NIFTY 500 - TRI,,,,1.33,19,23,21,20,18,,,,Helios Flexi Cap Fund-Reg(G),Equity : Flexi Cap,55,58,56,56,53,47,36,24,-0.83,-3.33,0.32,9.42,1.07,10.83,9.29,11.79,,,,,,,,
Bandhan Short Term Fund-Reg(G),1097,Bandhan Mutual Fund,0.23,0.92,3.45,5.57,Nifty Short Duration Debt Index,7.14,5.97,6.61,4.18,6,9,11,5,6,1,7,5,Bandhan Short Term Fund-Reg(G),Debt : Short Duration,32,33,32,32,32,25,23,18,3.45,0.12,0.88,2.91,4.9,6.61,5.86,6.24,,,,,,,,
Canara Rob ELSS-Tax Saver Fund-Reg(G),7600,Canara Robeco Mutual Fund,-4.33,-2.16,5.23,-1.13,BSE 500 - TRI,10.08,8.22,13.38,-3.4,30,35,34,33,29,28,35,7,Canara Rob ELSS-Tax Saver Fund-Reg(G),Equity : Tax Saving (ELSS),53,53,53,53,53,52,47,30,-2.04,-3.49,-0.87,8.56,-0.32,10.55,10.24,12.18,,,,,,,,
Aditya Birla SL Banking & PSU Debt Fund(G),5183,Aditya Birla Sun Life Mutual Fund,-0.06,0.48,2.66,4.38,NIFTY Banking and PSU Debt Index,6.57,5.82,6.74,2.86,17,17,17,18,16,15,6,8,Aditya Birla SL Banking & PSU Debt Fund(G),Debt : Banking & PSU,21,21,21,21,21,20,18,16,3.22,0.08,0.74,2.9,4.74,6.68,5.83,6.66,,,,,,,,
ICICI Pru Banking and PSU Debt Fund(G),8080,ICICI Prudential Mutual Fund,0.0,0.59,3.02,5.09,NIFTY Banking and PSU Debt Index,6.81,6.21,6.81,3.28,7,14,12,6,5,6,2,6,ICICI Pru Banking and PSU Debt Fund(G),Debt : Banking & PSU,21,21,21,21,21,20,18,16,3.22,0.08,0.74,2.9,4.74,6.68,5.83,6.66,,,,,,,,
Tata Value Fund(G),3098,Tata Mutual Fund,-3.87,0.28,4.79,-0.04,NIFTY 500 - TRI,11.81,11.73,12.73,-5.1,15,17,7,14,10,11,11,10,Tata Value Fund(G),Equity : Value / Contra,23,25,24,23,23,22,20,15,-2.25,-3.2,-1.06,7.17,1.48,12.23,11.84,12.8,,,,,,,,
Bajaj Finserv Flexi Cap Fund-Reg(G),48061,Bajaj Finserv Mutual Fund,-2.99,0.33,12.61,4.57,BSE 500 - TRI,15.11,,,2.76,14,20,27,21,15,7,,,Bajaj Finserv Flexi Cap Fund-Reg(G),Equity : Flexi Cap,55,58,56,56,53,47,36,24,-0.83,-3.33,0.32,9.42,1.07,10.83,9.29,11.79,,,,,,,,
Nippon India Focused Fund(G),2641,Nippon India Mutual Fund,-4.49,-2.6,5.74,-1.66,BSE 500 - TRI,8.3,9.15,11.85,-4.06,16,16,24,19,20,22,14,8,Nippon India Focused Fund(G),Equity : Focused,28,28,28,28,28,27,25,14,-0.57,-3.87,0.24,9.79,1.93,11.27,9.35,12.18,,,,,,,,
Kotak Overnight Fund-Reg(G),41944,Kotak Mahindra Mutual Fund,0.4,1.25,2.54,5.17,Nifty 1D Rate Index,5.97,5.63,,3.74,16,24,22,21,18,13,13,,Kotak Overnight Fund-Reg(G),Debt : Overnight,35,37,35,35,35,33,27,3,3.71,0.4,1.24,2.54,5.14,5.94,5.62,5.27,0.41,1.27,2.59,5.24,6.06,5.75,,5.14
Bajaj Finserv Liquid Fund-Reg(G),48041,Bajaj Finserv Mutual Fund,0.49,1.55,3.38,6.3,Nifty Liquid Fund Index,6.76,,,4.71,26,28,27,26,28,26,,,Bajaj Finserv Liquid Fund-Reg(G),Debt : Liquid,44,45,44,44,41,37,35,30,4.6,0.48,1.52,3.27,6.19,6.73,6.19,5.94,,,,,,,,
ICICI Pru Infrastructure Fund(G),1629,ICICI Prudential Mutual Fund,-2.92,-3.05,8.67,1.91,BSE India Infrastructure Index - TRI,16.94,20.32,16.73,0.54,14,14,10,13,12,6,2,4,ICICI Pru Infrastructure Fund(G),Equity : Sectoral - Infrastructure,22,22,22,22,21,19,19,18,3.92,-2.54,-2.88,10.36,3.25,15.22,16.22,14.92,,,,,,,,
SBI Dividend Yield Fund-Reg(G),47653,SBI Mutual Fund,-3.46,0.32,7.23,2.28,NIFTY 500 - TRI,9.82,,,-1.53,3,5,2,3,3,7,,,SBI Dividend Yield Fund-Reg(G),Equity : Thematic - Dividend Yield,10,11,11,11,10,9,8,5,-3.23,-3.53,-1.33,5.12,0.13,11.44,11.5,12.77,,,,,,,,
Nippon India Overnight Fund-Reg(G),41900,Nippon India Mutual Fund,0.41,1.26,2.56,5.19,CRISIL Liquid Overnight Index,5.99,5.65,,3.75,11,12,12,12,15,8,6,,Nippon India Overnight Fund-Reg(G),Debt : Overnight,35,37,35,35,35,33,27,3,3.71,0.4,1.24,2.54,5.14,5.94,5.62,5.27,,,,,,,,
Tata Balanced Adv Fund-Reg(G),39531,Tata Mutual Fund,-4.09,-2.82,2.54,0.12,CRISIL Hybrid 50+50 - Moderate Index,6.7,7.06,,-3.0,26,38,37,32,23,26,12,,Tata Balanced Adv Fund-Reg(G),Hybrid : Dynamic Asset Allocation,37,38,38,38,37,30,22,11,-1.63,-2.48,-0.35,4.38,0.68,8.22,7.48,8.98,,,,,,,,
UTI Nifty200 Momentum 30 Index Fund-Reg(G),45342,UTI Mutual Fund,-3.52,-3.03,5.21,-0.66,Nifty200 Momentum 30 - TRI,9.64,8.83,,-2.98,100,61,156,123,105,50,20,,UTI Nifty200 Momentum 30 Index Fund-Reg(G),Equity : Index Funds,228,253,245,234,219,101,45,18,-3.26,-4.15,-1.59,6.96,-0.34,10.34,8.4,10.7,,,,,,,,
HDFC BSE Sensex Index Fund(G),12635,HDFC Mutual Fund,-4.86,-3.95,-1.23,-8.38,BSE SENSEX - TRI,4.6,5.06,10.7,-12.79,209,172,208,210,195,92,42,7,HDFC BSE Sensex Index Fund(G),Equity : Index Funds,228,253,245,234,219,101,45,18,-3.26,-4.15,-1.59,6.96,-0.34,10.34,8.4,10.7,,,,,,,,
ICICI Pru Mid Cap Fund(G),1499,ICICI Prudential Mutual Fund,-4.35,-0.79,11.64,12.79,Nifty Midcap 150 - TRI,20.36,15.74,15.63,6.51,7,25,25,19,2,3,7,10,ICICI Pru Mid Cap Fund(G),Equity : Mid Cap,32,35,34,34,32,30,25,20,4.31,-3.8,0.67,13.28,6.21,15.36,13.92,14.96,,,,,,,,
Nippon India ETF Nifty Bank BeES,267,Nippon India Mutual Fund,-3.38,-4.33,4.03,1.49,NIFTY BANK - TRI,8.06,8.62,11.07,-6.29,137,78,224,130,83,82,35,33,Nippon India ETF Nifty Bank BeES,Equity : ETFs,232,273,256,246,208,137,85,42,-3.6,-4.03,-1.43,6.06,0.15,10.34,8.93,11.73,,,,,,,,
Motilal Oswal Nasdaq 100 FOF-Reg(G),41322,Motilal Oswal Mutual Fund,-1.55,-0.65,36.93,50.77,Nasdaq-100,38.13,23.15,,39.43,1,35,41,4,3,5,4,,Motilal Oswal Nasdaq 100 FOF-Reg(G),FoFs : Overseas,54,55,55,55,54,53,38,23,18.34,0.21,3.61,15.81,24.5,25.31,13.29,11.62,4.79,3.97,26.67,25.46,27.47,14.81,,29.41
SBI Energy Opportunities Fund-Reg(G),48474,SBI Mutual Fund,-2.8,-3.76,7.79,2.82,NIFTY ENERGY - TRI,,,,-0.27,7,7,7,5,7,,,,SBI Energy Opportunities Fund-Reg(G),Equity : Sectoral - Energy / Power,8,8,8,8,8,4,4,4,4.78,-2.25,-1.88,8.0,7.3,16.31,14.88,16.22,,,,,,,,
HDFC Silver ETF,46223,HDFC Mutual Fund,-4.19,5.62,-1.47,66.04,Silver,45.47,,,0.33,36,15,41,40,14,2,,,HDFC Silver ETF,Metal : ETFs,40,42,42,42,38,22,11,11,3.29,-5.3,7.04,2.11,46.95,39.54,25.66,15.77,,,,,,,,
ICICI Pru Energy Opportunities Fund-Reg(G),48896,ICICI Prudential Mutual Fund,-1.55,-2.23,9.5,12.41,NIFTY ENERGY - TRI,,,,8.77,1,1,4,4,2,,,,ICICI Pru Energy Opportunities Fund-Reg(G),Equity : Sectoral - Energy / Power,8,8,8,8,8,4,4,4,4.78,-2.25,-1.88,8.0,7.3,16.31,14.88,16.22,,,,,,,,
HDFC Value Fund-Reg(G),1112,HDFC Mutual Fund,-3.14,1.18,10.82,5.11,NIFTY 500 - TRI,15.02,12.45,13.04,0.85,6,9,6,5,6,5,8,9,HDFC Value Fund-Reg(G),Equity : Value / Contra,23,25,24,23,23,22,20,15,-2.25,-3.2,-1.06,7.17,1.48,12.23,11.84,12.8,,,,,,,,
SBI Gilt Fund-Reg(G),2754,SBI Mutual Fund,0.08,0.63,3.0,3.54,Nifty All Duration G-Sec Index,6.12,5.74,6.96,3.12,11,8,9,12,14,16,4,2,SBI Gilt Fund-Reg(G),Debt : Gilt,38,38,38,38,38,34,23,21,2.34,-0.55,-0.06,2.74,3.22,5.99,4.93,5.98,,,,,,,,
Motilal Oswal Small Cap Fund-Reg(G),48388,Motilal Oswal Mutual Fund,-0.99,5.61,32.99,20.51,Nifty Smallcap 250 - TRI,,,,21.1,6,27,13,6,4,,,,Motilal Oswal Small Cap Fund-Reg(G),Equity : Small Cap,33,36,36,36,31,24,23,13,14.42,-0.14,5.3,25.2,12.13,15.61,15.16,16.28,,,,,,,,
Nippon India Power & Infra Fund(G),2452,Nippon India Mutual Fund,-2.91,-2.33,11.33,7.72,Nifty Infrastructure - TRI,17.84,19.58,16.73,8.74,2,8,5,2,4,2,1,2,Nippon India Power & Infra Fund(G),Equity : Sectoral - Energy / Power,8,8,8,8,8,4,4,4,4.78,-2.25,-1.88,8.0,7.3,16.31,14.88,16.22,,,,,,,,
Quant Mid Cap Fund(G),887,Quant Mutual Fund,-2.97,-1.96,11.48,3.71,Nifty Midcap 150 - TRI,9.58,13.6,16.59,3.28,19,5,33,21,26,30,13,4,Quant Mid Cap Fund(G),Equity : Mid Cap,32,35,34,34,32,30,25,20,4.31,-3.8,0.67,13.28,6.21,15.36,13.92,14.96,,,,,,,,
ICICI Pru Innovation Fund-Reg(G),47918,ICICI Prudential Mutual Fund,-3.47,1.64,12.11,2.51,NIFTY 500 - TRI,17.64,,,-0.52,65,58,47,52,57,10,,,ICICI Pru Innovation Fund-Reg(G),Equity : Thematic,112,120,117,117,108,51,33,9,2.18,-3.04,1.09,11.89,4.44,13.34,11.3,12.9,,,,,,,,
Aditya Birla SL Focused Fund(G),489,Aditya Birla Sun Life Mutual Fund,-4.99,-0.8,4.96,2.12,NIFTY 500 - TRI,11.45,8.72,11.43,-4.35,18,24,16,21,13,12,16,11,Aditya Birla SL Focused Fund(G),Equity : Focused,28,28,28,28,28,27,25,14,-0.57,-3.87,0.24,9.79,1.93,11.27,9.35,12.18,,,,,,,,
ICICI Pru Nifty PSU Bond Plus SDL Sep 2027 40:60 Index Fund-Reg(G),45898,ICICI Prudential Mutual Fund,0.36,1.44,3.1,5.74,Nifty PSU Bond Plus SDL Sep 2027 40:60 Index,7.27,,,4.12,13,15,9,10,15,6,,,ICICI Pru Nifty PSU Bond Plus SDL Sep 2027 40:60 Index Fund-Reg(G),Debt : Medium to Long Duration,58,59,59,58,58,50,12,11,3.39,0.01,0.87,2.74,4.94,6.88,5.21,5.53,,,,,,,,
ICICI Pru Gilt Fund(G),1606,ICICI Prudential Mutual Fund,-1.19,-0.45,2.91,3.51,Nifty All Duration G-Sec Index,6.34,5.82,6.82,2.44,17,34,27,14,15,14,1,3,ICICI Pru Gilt Fund(G),Debt : Gilt,38,38,38,38,38,34,23,21,2.34,-0.55,-0.06,2.74,3.22,5.99,4.93,5.98,,,,,,,,
Nippon India Ultra Short to Short Term Fund(G),2621,Nippon India Mutual Fund,0.42,1.37,3.23,5.73,CRISIL Low Duration Debt Index,6.81,6.08,6.4,4.11,14,8,14,15,13,9,10,8,Nippon India Ultra Short to Short Term Fund(G),Debt : Low Duration,26,31,30,29,26,20,20,19,4.14,0.39,1.39,3.25,5.72,6.8,6.09,6.18,,,,,,,,
Nippon India Banking & Financial Services Fund(G),2445,Nippon India Mutual Fund,-4.55,-4.2,3.97,0.06,Nifty Financial Services - TRI,10.29,11.71,11.71,-5.77,17,12,17,20,17,10,2,5,Nippon India Banking & Financial Services Fund(G),Equity : Sectoral - Financial Services,24,28,28,28,23,17,13,11,-4.0,-4.78,-3.54,5.32,2.41,10.9,9.73,11.13,,,,,,,,
Kotak Income Plus Arbitrage Omni FOF-Reg(G),47093,Kotak Mahindra Mutual Fund,0.16,1.01,2.94,5.44,NIFTY Composite Debt Index,7.32,,,3.8,37,17,64,85,50,49,,,Kotak Income Plus Arbitrage Omni FOF-Reg(G),FoFs : Domestic,108,135,127,125,99,61,41,27,2.81,-3.15,2.04,5.11,14.87,17.1,10.87,10.45,,,,,,,,
Nippon India Vision Large & Mid Cap Fund(G),2669,Nippon India Mutual Fund,-5.13,-2.25,5.58,-1.7,NIFTY LargeMidcap 250 - TRI,13.53,11.73,12.0,-3.31,24,32,30,28,28,9,11,15,Nippon India Vision Large & Mid Cap Fund(G),Equity : Large & Mid Cap,33,36,34,33,33,26,26,20,-0.52,-3.92,-0.34,9.21,1.84,12.73,11.15,13.02,,,,,,,,
Bandhan Arbitrage Fund-Reg(G),2854,Bandhan Mutual Fund,0.44,1.37,2.81,5.82,Nifty 50 Arbitrage,6.58,5.98,5.61,4.14,26,15,24,22,25,14,12,11,Bandhan Arbitrage Fund-Reg(G),Hybrid : Arbitrage,34,38,37,36,32,25,24,15,4.25,0.41,1.37,2.79,5.98,6.56,5.9,5.56,0.4,1.74,3.05,7.22,7.4,6.62,,6.8
Axis Corp Bond Fund-Reg(G),36744,Axis Mutual Fund,0.0,0.57,2.96,4.72,NIFTY Corporate Bond Index,6.95,6.05,,3.28,6,10,15,7,8,6,5,,Axis Corp Bond Fund-Reg(G),Debt : Corporate Bond,21,21,21,21,21,21,19,13,3.17,0.0,0.66,2.88,4.63,6.78,5.84,6.57,,,,,,,,
SBI Childrens Fund-Investment Plan-Reg(G),34199,SBI Mutual Fund,-1.82,2.07,19.21,13.9,CRISIL Hybrid 35+65 - Aggressive Index,19.84,18.25,,11.44,1,5,5,1,1,1,1,,SBI Childrens Fund-Investment Plan-Reg(G),Hybrid : Aggressive Hybrid,43,44,43,43,43,41,41,28,-1.6,-2.93,-0.57,6.19,0.55,9.9,8.59,10.55,,,,,,,,
Quant Multi Cap Fund(G),871,Quant Mutual Fund,-0.77,0.0,18.26,6.32,NIFTY 500 - TRI,9.11,10.13,16.63,8.25,5,2,24,4,14,20,8,1,Quant Multi Cap Fund(G),Equity : Multi Cap,33,33,33,33,33,22,10,7,3.1,-2.77,1.52,13.44,4.67,13.3,11.47,13.51,,,,,,,,
Tata Large & Mid Cap Fund-Reg(G),3096,Tata Mutual Fund,-3.33,-2.53,6.86,-5.38,NIFTY LargeMidcap 250 - TRI,6.03,7.95,11.21,-7.35,33,10,31,23,32,26,25,18,Tata Large & Mid Cap Fund-Reg(G),Equity : Large & Mid Cap,33,36,34,33,33,26,26,20,-0.52,-3.92,-0.34,9.21,1.84,12.73,11.15,13.02,,,,,,,,
HDFC Credit Risk Fund(G),21538,HDFC Mutual Fund,0.07,1.4,3.79,6.58,NIFTY Credit Risk Bond Index,7.53,6.45,7.2,4.78,9,12,7,8,8,11,12,4,HDFC Credit Risk Fund(G),Debt : Credit Risk,15,15,15,15,15,15,15,12,5.72,0.13,1.25,4.35,7.51,8.7,8.78,6.15,,,,,,,,
Mahindra Manulife Multi Cap Fund-Reg(G),36401,Mahindra Manulife Mutual Fund,-2.72,3.65,16.64,11.33,Nifty500 Multicap 50:25:25 - TRI,15.86,13.91,,8.53,4,17,8,6,5,6,2,,Mahindra Manulife Multi Cap Fund-Reg(G),Equity : Multi Cap,33,33,33,33,33,22,10,7,3.1,-2.77,1.52,13.44,4.67,13.3,11.47,13.51,,,,,,,,
Aditya Birla SL Multi Asset Allocation Fund-Reg(G),47416,Aditya Birla Sun Life Mutual Fund,-3.52,0.54,6.81,9.84,BSE 200,14.58,,,1.72,17,24,16,5,7,5,,,Aditya Birla SL Multi Asset Allocation Fund-Reg(G),Hybrid : Multi Asset Allocation,33,36,34,34,30,14,8,6,1.18,-3.02,0.54,4.52,7.5,13.59,12.21,12.2,-4.67,-2.97,2.68,-3.56,8.16,7.21,15.74,-10.71
Nippon India Gold Savings Fund(G),14108,Nippon India Mutual Fund,-6.31,8.17,4.17,31.3,Gold-India,34.8,24.96,15.33,12.72,4,3,6,5,6,3,4,6,Nippon India Gold Savings Fund(G),Metal : MFs,6,6,6,6,6,6,6,6,12.81,-6.31,8.36,4.36,31.57,34.82,25.02,15.5,,,,,,,,
Union Liquid Fund(G),14561,Union Mutual Fund,0.49,1.55,3.39,6.4,CRISIL Liquid Debt Index,6.85,6.28,5.63,4.77,16,22,25,22,13,11,8,28,Union Liquid Fund(G),Debt : Liquid,44,45,44,44,41,37,35,30,4.6,0.48,1.52,3.27,6.19,6.73,6.19,5.94,,,,,,,,
UTI Nifty Next 50 Index Fund-Reg(G),38439,UTI Mutual Fund,-3.68,-0.39,13.09,5.29,NIFTY NEXT 50 - TRI,16.84,10.82,,3.76,31,78,54,35,41,11,10,,UTI Nifty Next 50 Index Fund-Reg(G),Equity : Index Funds,228,253,245,234,219,101,45,18,-3.26,-4.15,-1.59,6.96,-0.34,10.34,8.4,10.7,,,,,,,,
Sundaram Large and Mid Cap Fund(G),2947,Sundaram Mutual Fund,-5.72,1.39,12.64,5.54,NIFTY LargeMidcap 250 - TRI,12.86,10.17,13.61,2.17,9,35,6,6,5,10,18,8,Sundaram Large and Mid Cap Fund(G),Equity : Large & Mid Cap,33,36,34,33,33,26,26,20,-0.52,-3.92,-0.34,9.21,1.84,12.73,11.15,13.02,,,,,,,,
Aditya Birla SL Multi-Cap Fund-Reg(G),45476,Aditya Birla Sun Life Mutual Fund,-2.22,3.68,16.16,7.7,Nifty500 Multicap 50:25:25 - TRI,13.49,11.18,,6.39,9,12,7,8,9,10,5,,Aditya Birla SL Multi-Cap Fund-Reg(G),Equity : Multi Cap,33,33,33,33,33,22,10,7,3.1,-2.77,1.52,13.44,4.67,13.3,11.47,13.51,,,,,,,,
Bandhan Flexi Cap Fund-Reg(G),2906,Bandhan Mutual Fund,-4.11,-2.27,5.04,-2.04,BSE 500 - TRI,9.74,8.42,10.09,-5.28,46,41,46,44,36,29,24,19,Bandhan Flexi Cap Fund-Reg(G),Equity : Flexi Cap,55,58,56,56,53,47,36,24,-0.83,-3.33,0.32,9.42,1.07,10.83,9.29,11.79,,,,,,,,
Nippon India Floating Interest Rates Fund(G),2566,Nippon India Mutual Fund,0.07,0.77,2.88,5.03,Nifty Short Duration Debt Index,7.06,6.21,6.83,3.48,12,10,11,10,12,9,10,4,Nippon India Floating Interest Rates Fund(G),Debt : Floater,12,12,12,12,12,12,12,5,4.1,0.16,1.06,3.2,5.76,7.18,6.36,6.78,,,,,,,,
Axis Short Term Fund-Reg(G),8488,Axis Mutual Fund,0.12,0.81,3.06,5.12,Nifty Short Duration Debt Index,7.12,6.13,6.8,3.59,9,12,14,8,9,2,5,3,Axis Short Term Fund-Reg(G),Debt : Short Duration,32,33,32,32,32,25,23,18,3.45,0.12,0.88,2.91,4.9,6.61,5.86,6.24,,,,,,,,
Franklin India Large Cap Fund(G),931,Franklin Templeton Mutual Fund,-5.81,-2.13,1.68,-4.25,NIFTY 100,8.57,6.61,9.57,-7.91,24,35,19,30,21,18,20,19,Franklin India Large Cap Fund(G),Equity : Large Cap,33,35,34,34,33,30,28,23,-6.14,-4.26,-1.72,3.8,-2.94,8.89,7.38,10.73,-4.67,-3.21,1.64,-4.91,7.42,6.08,,-12.36
WOC Mid Cap Fund-Reg(G),46769,WhiteOak Capital Mutual Fund,-3.65,2.61,17.2,11.72,BSE 150 MidCap - TRI,19.78,,,7.68,5,16,5,9,3,4,,,WOC Mid Cap Fund-Reg(G),Equity : Mid Cap,32,35,34,34,32,30,25,20,4.31,-3.8,0.67,13.28,6.21,15.36,13.92,14.96,,,,,,,,
Abakkus Flexi Cap Fund-Reg(G),50546,Abakkus Mutual Fund,-3.4,1.37,16.17,,BSE 500 - TRI,,,,9.56,1,25,17,6,,,,,Abakkus Flexi Cap Fund-Reg(G),Equity : Flexi Cap,55,58,56,56,53,47,36,24,-0.83,-3.33,0.32,9.42,1.07,10.83,9.29,11.79,,,,,,,,
Quant Flexi Cap Fund(G),6305,Quant Mutual Fund,-2.73,-2.15,16.91,10.2,NIFTY 500 - TRI,14.29,13.05,17.78,7.99,3,6,3,1,3,4,3,1,Quant Flexi Cap Fund(G),Equity : Sectoral - Energy / Power,8,8,8,8,8,4,4,4,4.78,-2.25,-1.88,8.0,7.3,16.31,14.88,16.22,,,,,,,,
Edelweiss Small Cap Fund-Reg(G),40559,Edelweiss Mutual Fund,-2.5,2.78,18.72,8.01,Nifty Smallcap 250 - TRI,14.35,15.06,,7.56,27,36,30,30,23,15,11,,Edelweiss Small Cap Fund-Reg(G),Equity : Small Cap,33,36,36,36,31,24,23,13,14.42,-0.14,5.3,25.2,12.13,15.61,15.16,16.28,,,,,,,,
Aditya Birla SL Aggressive Hybrid Fund(G),430,Aditya Birla Sun Life Mutual Fund,-3.76,-0.45,4.83,-0.75,CRISIL Hybrid 35+65 - Aggressive Index,8.86,6.69,8.84,-3.65,29,40,17,22,26,26,33,23,Aditya Birla SL Aggressive Hybrid Fund(G),Hybrid : Aggressive Hybrid,43,44,43,43,43,41,41,28,-1.6,-2.93,-0.57,6.19,0.55,9.9,8.59,10.55,,,,,,,,
Kotak Gold Fund(G),14148,Kotak Mahindra Mutual Fund,-6.22,8.53,4.52,31.64,Gold-India,34.77,24.71,15.65,13.2,1,1,2,2,3,4,6,2,Kotak Gold Fund(G),Metal : MFs,6,6,6,6,6,6,6,6,12.81,-6.31,8.36,4.36,31.57,34.82,25.02,15.5,,,,,,,,
ICICI Pru Manufacturing Fund(G),32077,ICICI Prudential Mutual Fund,-3.68,0.05,11.94,7.25,Nifty India Manufacturing - TRI,18.66,17.95,,7.07,27,65,61,53,38,5,4,,ICICI Pru Manufacturing Fund(G),Equity : Thematic,112,120,117,117,108,51,33,9,2.18,-3.04,1.09,11.89,4.44,13.34,11.3,12.9,,,,,,,,
ICICI Pru Gold ETF FOF(G),14885,ICICI Prudential Mutual Fund,-6.21,8.67,4.19,31.52,Gold-India,34.94,25.08,15.46,12.51,8,123,2,59,17,11,2,3,ICICI Pru Gold ETF FOF(G),FoFs : Domestic,108,135,127,125,99,61,41,27,2.81,-3.15,2.04,5.11,14.87,17.1,10.87,10.45,,,,,,,,
DSP Large Cap Fund-Reg(G),748,DSP Mutual Fund,-4.58,-4.08,0.46,-6.53,NIFTY 100 - TRI,9.57,7.68,9.49,-9.6,32,17,34,32,31,10,12,21,DSP Large Cap Fund-Reg(G),Equity : Large Cap,33,35,34,34,33,30,28,23,-6.14,-4.26,-1.72,3.8,-2.94,8.89,7.38,10.73,,,,,,,,
SBI CPSE Bond Plus SDL Sep 2026 50:50 Index Fund-Reg(G),45947,SBI Mutual Fund,0.43,1.39,3.02,5.85,Nifty CPSE Bond Plus SDL Sep 2026 50:50 Index,7.04,,,4.25,4,3,1,9,4,13,,,SBI CPSE Bond Plus SDL Sep 2026 50:50 Index Fund-Reg(G),Debt : Medium Duration,22,23,23,22,22,22,13,12,3.74,0.01,0.88,2.92,5.3,7.09,6.23,6.18,,,,,,,,
UTI Multi Asset Allocation Fund-Reg(G),7143,UTI Mutual Fund,-4.33,-0.45,3.65,2.79,BSE 200 - TRI,13.75,11.76,9.9,-2.9,30,34,28,23,27,7,5,6,UTI Multi Asset Allocation Fund-Reg(G),Hybrid : Multi Asset Allocation,33,36,34,34,30,14,8,6,1.18,-3.02,0.54,4.52,7.5,13.59,12.21,12.2,,,,,,,,
HDFC Retirement Fund-Equity Plan-Reg(G),24803,HDFC Mutual Fund,-3.87,-2.86,1.67,-6.42,NIFTY 500 - TRI,7.95,10.3,13.54,-8.71,52,34,50,56,50,39,10,4,HDFC Retirement Fund-Equity Plan-Reg(G),Equity : Flexi Cap,55,58,56,56,53,47,36,24,-0.83,-3.33,0.32,9.42,1.07,10.83,9.29,11.79,,,,,,,,
ICICI Pru Healthcare Fund-(G),36398,ICICI Prudential Mutual Fund,-0.55,1.5,15.14,8.47,BSE Health Care - TRI,22.15,15.31,,8.69,21,20,21,18,20,3,2,,ICICI Pru Healthcare Fund-(G),Equity : Sectoral - Pharma,21,21,21,21,20,12,9,4,18.65,0.58,6.96,21.05,18.29,21.08,14.12,13.63,,,,,,,,
HSBC Money Market Fund-Reg(G),621,HSBC Mutual Fund,0.53,1.66,3.58,6.28,Nifty Money Market Index,7.06,6.23,6.38,4.62,15,12,14,16,15,11,13,8,HSBC Money Market Fund-Reg(G),Debt : Money Market,24,26,25,25,23,22,19,13,4.6,0.52,1.64,3.55,6.27,7.03,6.36,6.38,,,,,,,,
Aditya Birla SL Midcap Fund(G),417,Aditya Birla Sun Life Mutual Fund,-4.67,-0.23,14.21,6.14,Nifty Midcap 150 - TRI,13.7,12.44,12.39,3.18,20,29,21,12,15,22,17,20,Aditya Birla SL Midcap Fund(G),Equity : Mid Cap,32,35,34,34,32,30,25,20,4.31,-3.8,0.67,13.28,6.21,15.36,13.92,14.96,,,,,,,,
Bandhan ELSS-Tax Saver Fund-Reg(G),7433,Bandhan Mutual Fund,-3.7,-2.39,5.01,-0.74,BSE 500 - TRI,8.22,9.67,13.47,-5.33,36,29,40,34,25,37,27,6,Bandhan ELSS-Tax Saver Fund-Reg(G),Equity : Tax Saving (ELSS),53,53,53,53,53,52,47,30,-2.04,-3.49,-0.87,8.56,-0.32,10.55,10.24,12.18,,,,,,,,
Aditya Birla SL Value Fund-Reg(G),4453,Aditya Birla Sun Life Mutual Fund,-2.14,2.68,14.67,11.4,NIFTY 500 - TRI,13.49,13.07,11.05,5.5,3,4,3,3,3,7,6,13,Aditya Birla SL Value Fund-Reg(G),Equity : Value / Contra,23,25,24,23,23,22,20,15,-2.25,-3.2,-1.06,7.17,1.48,12.23,11.84,12.8,,,,,,,,
Aditya Birla SL Nifty SDL Plus PSU Bond Sep 2026 60:40 Index Fund-Reg(G),45732,Aditya Birla Sun Life Mutual Fund,0.42,1.34,2.98,5.76,Nifty SDL Plus PSU Bond Sep 2026 60:40 Index,7.03,5.78,,4.16,10,10,13,13,14,34,2,,Aditya Birla SL Nifty SDL Plus PSU Bond Sep 2026 60:40 Index Fund-Reg(G),Debt : Medium to Long Duration,58,59,59,58,58,50,12,11,3.39,0.01,0.87,2.74,4.94,6.88,5.21,5.53,,,,,,,,
360 ONE Focused Fund-Reg(G),30046,360 ONE Mutual Fund,-3.35,-0.07,10.2,2.3,BSE 500 - TRI,10.26,9.45,13.81,0.31,12,6,14,14,12,18,12,2,360 ONE Focused Fund-Reg(G),Equity : Focused,28,28,28,28,28,27,25,14,-0.57,-3.87,0.24,9.79,1.93,11.27,9.35,12.18,,,,,,,,
Canara Rob Liquid Fund-Reg(G),5926,Canara Robeco Mutual Fund,0.49,1.56,3.4,6.38,CRISIL Liquid Debt Index,6.85,6.28,5.94,4.74,24,27,19,21,18,9,6,25,Canara Rob Liquid Fund-Reg(G),Debt : Liquid,44,45,44,44,41,37,35,30,4.6,0.48,1.52,3.27,6.19,6.73,6.19,5.94,,,,,,,,
Mirae Asset Focused Fund-Reg(G),42898,Mirae Asset Mutual Fund,-3.74,3.48,13.75,-3.9,NIFTY 500 - TRI,6.57,4.75,,-4.5,20,10,4,6,24,25,24,,Mirae Asset Focused Fund-Reg(G),Equity : Focused,28,28,28,28,28,27,25,14,-0.57,-3.87,0.24,9.79,1.93,11.27,9.35,12.18,,,,,,,,
UTI Aggressive Hybrid Fund-Reg(G),3437,UTI Mutual Fund,-3.32,-1.51,2.62,-0.69,CRISIL Hybrid 35+65 - Aggressive Index,9.83,9.78,10.73,-5.02,36,30,30,38,25,17,11,13,UTI Aggressive Hybrid Fund-Reg(G),Hybrid : Aggressive Hybrid,43,44,43,43,43,41,41,28,-1.6,-2.93,-0.57,6.19,0.55,9.9,8.59,10.55,,,,,,,,
Parag Parikh Liquid Fund-Reg(G),38735,PPFAS Mutual Fund,0.49,1.55,3.39,6.33,CRISIL Liquid Debt Index,6.58,5.98,,4.75,21,29,28,23,24,31,32,,Parag Parikh Liquid Fund-Reg(G),Debt : Liquid,44,45,44,44,41,37,35,30,4.6,0.48,1.52,3.27,6.19,6.73,6.19,5.94,,,,,,,,
SBI MNC Fund-Reg(G),2766,SBI Mutual Fund,-1.66,4.62,20.43,15.4,NIFTY MNC - TRI,7.04,7.56,10.77,15.72,1,1,1,1,2,3,2,1,SBI MNC Fund-Reg(G),Equity : Thematic - MNC,7,7,7,7,7,5,4,3,3.14,-3.6,0.35,12.03,3.96,7.31,7.36,9.16,,,,,,,,
ICICI Pru Dividend Yield Fund(G),17588,ICICI Prudential Mutual Fund,-4.46,-4.67,0.24,-4.33,NIFTY 500 - TRI,13.11,14.5,13.83,-7.35,9,10,11,10,9,2,1,1,ICICI Pru Dividend Yield Fund(G),Equity : Thematic - Dividend Yield,10,11,11,11,10,9,8,5,-3.23,-3.53,-1.33,5.12,0.13,11.44,11.5,12.77,,,,,,,,
SBI PSU Fund-Reg(G),9252,SBI Mutual Fund,-3.4,-3.81,-1.03,4.13,BSE PSU - TRI,18.21,22.04,12.75,-1.63,69,55,108,114,49,6,1,6,SBI PSU Fund-Reg(G),Equity : Thematic,112,120,117,117,108,51,33,9,2.18,-3.04,1.09,11.89,4.44,13.34,11.3,12.9,,,,,,,,
DSP Arbitrage Fund-Reg(G),30760,DSP Mutual Fund,0.44,1.38,2.85,5.96,Nifty 50 Arbitrage,6.57,5.95,,4.25,23,14,22,21,22,16,13,,DSP Arbitrage Fund-Reg(G),Hybrid : Arbitrage,34,38,37,36,32,25,24,15,4.25,0.41,1.37,2.79,5.98,6.56,5.9,5.56,0.4,1.74,3.05,7.22,7.4,6.62,,6.8
Invesco India Money Market Fund(G),7934,Invesco Mutual Fund,0.53,1.65,3.54,6.22,Nifty Money Market Index,7.0,6.18,6.23,4.58,18,16,16,17,16,14,16,9,Invesco India Money Market Fund(G),Debt : Money Market,24,26,25,25,23,22,19,13,4.6,0.52,1.64,3.55,6.27,7.03,6.36,6.38,,,,,,,,
Nippon India Short Term Fund(G),2664,Nippon India Mutual Fund,0.05,0.69,2.83,4.87,CRISIL Short Duration Debt Index,6.98,5.96,6.56,3.35,14,19,21,21,12,5,8,6,Nippon India Short Term Fund(G),Debt : Short Duration,32,33,32,32,32,25,23,18,3.45,0.12,0.88,2.91,4.9,6.61,5.86,6.24,,,,,,,,
Quant Multi Asset Allocation Fund(G),869,Quant Mutual Fund,-2.84,-0.94,6.86,14.16,NIFTY 500 - TRI,20.96,17.63,17.59,5.12,5,13,33,4,2,1,1,1,Quant Multi Asset Allocation Fund(G),Hybrid : Multi Asset Allocation,33,36,34,34,30,14,8,6,1.18,-3.02,0.54,4.52,7.5,13.59,12.21,12.2,,,,,,,,
UTI Large & Mid Cap Fund-Reg(G),16672,UTI Mutual Fund,-3.82,-1.28,5.62,1.86,NIFTY LargeMidcap 250 - TRI,13.79,12.64,13.01,-3.84,27,16,25,27,18,7,7,12,UTI Large & Mid Cap Fund-Reg(G),Equity : Large & Mid Cap,33,36,34,33,33,26,26,20,-0.52,-3.92,-0.34,9.21,1.84,12.73,11.15,13.02,,,,,,,,
ICICI Pru Silver ETF FOF(G),46215,ICICI Prudential Mutual Fund,-4.52,5.39,-1.14,63.31,Silver,43.87,,,0.76,72,99,34,113,6,5,,,ICICI Pru Silver ETF FOF(G),FoFs : Domestic,108,135,127,125,99,61,41,27,2.81,-3.15,2.04,5.11,14.87,17.1,10.87,10.45,,,,,,,,
HSBC Multi Cap Fund-Reg(G),47272,HSBC Mutual Fund,-2.17,2.22,15.36,7.45,Nifty500 Multicap 50:25:25 - TRI,17.13,,,5.86,10,10,10,13,10,2,,,HSBC Multi Cap Fund-Reg(G),Equity : Multi Cap,33,33,33,33,33,22,10,7,3.1,-2.77,1.52,13.44,4.67,13.3,11.47,13.51,,,,,,,,
Tata Ultra Short Term Fund-Reg(G),41798,Tata Mutual Fund,0.51,1.56,3.46,6.09,CRISIL Ultra Short Term Debt Index,6.6,5.89,,4.54,16,11,16,15,16,15,15,,Tata Ultra Short Term Fund-Reg(G),Debt : Ultra Short Duration,31,34,33,32,31,24,24,13,4.54,0.49,1.56,3.46,6.12,6.65,6.0,5.88,,,,,,,,
SBI Medium Term Fund-Reg(G),2778,SBI Mutual Fund,-0.04,1.21,3.66,5.94,NIFTY Medium Duration Debt Index,7.15,6.22,7.48,4.25,3,13,7,3,3,9,5,2,SBI Medium Term Fund-Reg(G),Debt : Medium Duration,22,23,23,22,22,22,13,12,3.74,0.01,0.88,2.92,5.3,7.09,6.23,6.18,,,,,,,,
DSP India T.I.G.E.R Fund-Reg(G),698,DSP Mutual Fund,-2.48,-1.43,15.43,13.0,BSE India Infrastructure Index - TRI,19.4,20.11,16.57,13.4,2,10,7,6,3,3,3,5,DSP India T.I.G.E.R Fund-Reg(G),Equity : Sectoral - Infrastructure,22,22,22,22,21,19,19,18,3.92,-2.54,-2.88,10.36,3.25,15.22,16.22,14.92,,,,,,,,
Invesco India Focused Fund-Reg(G),45058,Invesco Mutual Fund,-3.53,3.32,20.68,2.99,BSE 500 - TRI,19.61,13.08,,8.1,2,8,5,2,10,1,3,,Invesco India Focused Fund-Reg(G),Equity : Focused,28,28,28,28,28,27,25,14,-0.57,-3.87,0.24,9.79,1.93,11.27,9.35,12.18,,,,,,,,
Bandhan Ultra Short to Short Term Fund-Reg(G),2902,Bandhan Mutual Fund,0.41,1.35,3.29,5.76,NIFTY Low Duration Debt Index,6.82,6.08,6.45,4.18,12,11,16,11,12,8,11,4,Bandhan Ultra Short to Short Term Fund-Reg(G),Debt : Low Duration,26,31,30,29,26,20,20,19,4.14,0.39,1.39,3.25,5.72,6.8,6.09,6.18,,,,,,,,
Kotak ELSS Tax Saver Fund(G),2075,Kotak Mahindra Mutual Fund,-3.25,0.26,7.44,0.04,NIFTY 500 - TRI,9.77,10.2,12.73,-1.86,24,23,15,23,22,31,22,10,Kotak ELSS Tax Saver Fund(G),Equity : Tax Saving (ELSS),53,53,53,53,53,52,47,30,-2.04,-3.49,-0.87,8.56,-0.32,10.55,10.24,12.18,,,,,,,,
Kotak Nifty SDL Apr 2027 Top 12 Equal Weight Index Fund-Reg(G),46381,Kotak Mahindra Mutual Fund,0.37,1.27,2.74,5.93,Nifty SDL Apr 2027 Top 12 Equal Weight Index,7.27,,,4.15,11,14,17,27,7,7,,,Kotak Nifty SDL Apr 2027 Top 12 Equal Weight Index Fund-Reg(G),Debt : Medium to Long Duration,58,59,59,58,58,50,12,11,3.39,0.01,0.87,2.74,4.94,6.88,5.21,5.53,,,,,,,,
SBI Automotive Opportunities Fund-Reg(G),48475,SBI Mutual Fund,-2.58,9.25,24.12,24.37,NIFTY AUTO - TRI,,,,17.11,1,2,2,2,1,,,,SBI Automotive Opportunities Fund-Reg(G),Equity : Sectoral - Auto,10,11,10,10,10,5,1,1,3.61,-5.03,4.97,15.41,6.29,19.52,18.61,11.14,,,,,,,,
ICICI Pru Credit Risk Fund(G),12456,ICICI Prudential Mutual Fund,0.16,1.6,4.04,7.31,CRISIL Credit Risk Debt Index,8.33,7.3,7.64,4.97,8,6,4,7,4,5,7,3,ICICI Pru Credit Risk Fund(G),Debt : Credit Risk,15,15,15,15,15,15,15,12,5.72,0.13,1.25,4.35,7.51,8.7,8.78,6.15,,,,,,,,
Tata Mid Cap Fund-Reg(G),3237,Tata Mutual Fund,-4.84,-0.78,8.36,4.49,Nifty Midcap 150 - TRI,13.37,13.33,14.92,-0.27,31,31,24,33,23,24,14,11,Tata Mid Cap Fund-Reg(G),Equity : Mid Cap,32,35,34,34,32,30,25,20,4.31,-3.8,0.67,13.28,6.21,15.36,13.92,14.96,,,,,,,,
Aditya Birla SL Small Cap Fund(G),477,Aditya Birla Sun Life Mutual Fund,-0.25,6.24,26.02,17.98,BSE 250 Small Cap - TRI,15.0,12.76,12.28,18.22,10,16,11,18,6,12,21,13,Aditya Birla SL Small Cap Fund(G),Equity : Small Cap,33,36,36,36,31,24,23,13,14.42,-0.14,5.3,25.2,12.13,15.61,15.16,16.28,,,,,,,,
Franklin India ELSS Tax Saver Fund(G),957,Franklin Templeton Mutual Fund,-4.57,-3.17,2.32,-5.61,NIFTY 500 - TRI,9.46,10.06,11.34,-7.58,40,39,45,43,43,34,23,20,Franklin India ELSS Tax Saver Fund(G),Equity : Tax Saving (ELSS),53,53,53,53,53,52,47,30,-2.04,-3.49,-0.87,8.56,-0.32,10.55,10.24,12.18,,,,,,,,
HDFC Multi-Asset Active FOF-Reg(G),45488,HDFC Mutual Fund,-3.22,0.37,4.33,3.7,NIFTY 50 - TRI,11.91,11.45,,-0.01,81,59,84,53,72,30,11,,HDFC Multi-Asset Active FOF-Reg(G),FoFs : Domestic,108,135,127,125,99,61,41,27,2.81,-3.15,2.04,5.11,14.87,17.1,10.87,10.45,,,,,,,,
SBI Silver ETF,48967,SBI Mutual Fund,-4.13,5.76,-1.24,66.64,Silver,,,,0.74,27,7,33,32,7,,,,SBI Silver ETF,Metal : ETFs,40,42,42,42,38,22,11,11,3.29,-5.3,7.04,2.11,46.95,39.54,25.66,15.77,,,,,,,,
BHARAT Bond ETF - April 2033,47283,Edelweiss Mutual Fund,-0.58,-0.27,2.87,3.91,NIFTY BHARAT Bond Index - April 2033,7.16,,,2.15,23,21,22,4,23,5,,,BHARAT Bond ETF - April 2033,Debt : ETFs,31,34,31,31,30,15,10,4,3.01,-0.35,0.44,2.25,4.33,6.47,5.55,5.58,,,,,,,,
Tata Gold ETF,48435,Tata Mutual Fund,-6.04,7.93,4.24,32.82,Gold-India,,,,11.85,22,22,12,5,20,,,,Tata Gold ETF,Metal : ETFs,40,42,42,42,38,22,11,11,3.29,-5.3,7.04,2.11,46.95,39.54,25.66,15.77,,,,,,,,
Nippon India Nivesh Lakshya Long Term Fund(G),35207,Nippon India Mutual Fund,-1.02,-0.62,2.81,1.76,CRISIL Long Duration Debt Index,5.61,5.14,,0.96,23,13,15,6,21,16,1,,Nippon India Nivesh Lakshya Long Term Fund(G),Debt : Long Duration,25,27,25,25,25,19,3,2,2.17,-1.06,-0.5,2.55,3.05,6.26,4.81,5.99,,,,,,,,
Aditya Birla SL Consumption Fund-Reg(G),409,Aditya Birla Sun Life Mutual Fund,-4.6,-0.35,5.45,-7.7,Nifty India Consumption - TRI,7.56,7.9,11.99,-7.72,24,13,22,25,19,13,11,6,Aditya Birla SL Consumption Fund-Reg(G),Equity : Thematic - Consumption,26,27,27,27,22,15,13,10,-1.97,-4.07,2.02,11.36,-3.98,9.03,9.56,12.06,,,,,,,,
Franklin India Liquid Fund-Super Inst(G),3406,Franklin Templeton Mutual Fund,0.51,1.61,3.49,6.48,Nifty Liquid Fund Index,6.91,6.31,6.1,4.85,2,5,2,1,2,2,3,1,Franklin India Liquid Fund-Super Inst(G),Debt : Liquid,44,45,44,44,41,37,35,30,4.6,0.48,1.52,3.27,6.19,6.73,6.19,5.94,,,,,,,,
Axis Ultra Short Term Fund-Reg(G),29356,Axis Mutual Fund,0.49,1.53,3.31,5.88,NIFTY Ultra Short Duration Debt Index,6.54,5.87,,4.33,26,22,23,25,25,16,16,,Axis Ultra Short Term Fund-Reg(G),Debt : Ultra Short Duration,31,34,33,32,31,24,24,13,4.54,0.49,1.56,3.46,6.12,6.65,6.0,5.88,,,,,,,,
Aditya Birla SL PSU Equity Fund-Reg(G),43788,Aditya Birla Sun Life Mutual Fund,-3.03,-2.79,2.74,7.08,BSE PSU - TRI,17.25,21.35,,1.67,53,45,98,98,40,12,2,,Aditya Birla SL PSU Equity Fund-Reg(G),Equity : Thematic,112,120,117,117,108,51,33,9,2.18,-3.04,1.09,11.89,4.44,13.34,11.3,12.9,,,,,,,,
HSBC Corporate Bond Fund-Reg(G),631,HSBC Mutual Fund,0.11,0.8,2.94,4.8,NIFTY Corporate Bond Index,6.95,5.68,6.59,3.27,7,5,4,8,6,7,14,9,HSBC Corporate Bond Fund-Reg(G),Debt : Corporate Bond,21,21,21,21,21,21,19,13,3.17,0.0,0.66,2.88,4.63,6.78,5.84,6.57,,,,,,,,
HDFC Multi Asset Allocation Fund(G),1307,HDFC Mutual Fund,-3.15,0.12,2.08,1.36,NIFTY 50 - TRI,10.6,9.43,10.26,-2.14,26,18,20,32,29,12,7,4,HDFC Multi Asset Allocation Fund(G),Hybrid : Multi Asset Allocation,33,36,34,34,30,14,8,6,1.18,-3.02,0.54,4.52,7.5,13.59,12.21,12.2,,,,,,,,
HSBC Flexi Cap Fund-Reg(G),1441,HSBC Mutual Fund,-2.87,2.27,14.94,5.49,NIFTY 500 - TRI,14.87,11.83,12.1,4.07,10,14,10,9,11,8,6,11,HSBC Flexi Cap Fund-Reg(G),Equity : Flexi Cap,55,58,56,56,53,47,36,24,-0.83,-3.33,0.32,9.42,1.07,10.83,9.29,11.79,,,,,,,,
Aditya Birla SL Large & Mid Cap Fund-Reg(G),277,Aditya Birla Sun Life Mutual Fund,-4.12,0.85,10.3,4.02,NIFTY LargeMidcap 250 - TRI,10.49,6.24,10.1,2.27,8,20,7,11,10,22,26,20,Aditya Birla SL Large & Mid Cap Fund-Reg(G),Equity : Large & Mid Cap,33,36,34,33,33,26,26,20,-0.52,-3.92,-0.34,9.21,1.84,12.73,11.15,13.02,,,,,,,,
PGIM India Flexi Cap Fund-Reg(G),31642,PGIM India Mutual Fund,-3.43,0.8,9.06,-0.11,NIFTY 500 - TRI,9.24,6.32,12.57,-1.2,30,26,20,28,31,33,32,8,PGIM India Flexi Cap Fund-Reg(G),Equity : Flexi Cap,55,58,56,56,53,47,36,24,-0.83,-3.33,0.32,9.42,1.07,10.83,9.29,11.79,,,,,,,,
Franklin U.S. Opportunities Equity Active FOF(G),16071,Franklin Templeton Mutual Fund,3.74,4.8,20.24,17.45,Russell 3000 Growth Index,23.65,9.61,16.44,16.75,32,11,20,16,40,30,28,3,Franklin U.S. Opportunities Equity Active FOF(G),FoFs : Overseas,54,55,55,55,54,53,38,23,18.34,0.21,3.61,15.81,24.5,25.31,13.29,11.62,,,,,,,,
Canara Rob Multi Cap Fund-Reg(G),46370,Canara Robeco Mutual Fund,-4.64,-0.14,8.97,0.34,Nifty500 Multicap 50:25:25 - TRI,12.67,,,-2.15,30,32,25,29,26,12,,,Canara Rob Multi Cap Fund-Reg(G),Equity : Multi Cap,33,33,33,33,33,22,10,7,3.1,-2.77,1.52,13.44,4.67,13.3,11.47,13.51,,,,,,,,
HSBC Large & Mid Cap Fund-Reg(G),42701,HSBC Mutual Fund,-3.2,0.31,15.14,7.7,NIFTY LargeMidcap 250 - TRI,16.27,12.54,,7.4,3,9,11,5,2,4,8,,HSBC Large & Mid Cap Fund-Reg(G),Equity : Large & Mid Cap,33,36,34,33,33,26,26,20,-0.52,-3.92,-0.34,9.21,1.84,12.73,11.15,13.02,,,,,,,,
HSBC Aggressive Hybrid Fund-Reg(G),13017,HSBC Mutual Fund,-1.87,1.76,11.74,4.45,NIFTY 50 Hybrid Composite Debt 65:35 Index,12.24,9.61,10.51,4.71,5,6,6,6,8,6,13,15,HSBC Aggressive Hybrid Fund-Reg(G),Hybrid : Aggressive Hybrid,43,44,43,43,43,41,41,28,-1.6,-2.93,-0.57,6.19,0.55,9.9,8.59,10.55,,,,,,,,
Axis Gold ETF,12461,Axis Mutual Fund,-6.11,7.87,4.08,32.36,Gold-India,35.5,25.62,15.52,13.24,18,36,20,22,32,16,6,11,Axis Gold ETF,Metal : ETFs,40,42,42,42,38,22,11,11,3.29,-5.3,7.04,2.11,46.95,39.54,25.66,15.77,,,,,,,,
SBI Healthcare Opp Fund-Reg(G),2813,SBI Mutual Fund,0.51,7.77,23.24,21.91,BSE Health Care - TRI,23.63,17.39,13.41,23.79,4,10,9,10,7,2,1,3,SBI Healthcare Opp Fund-Reg(G),Equity : Sectoral - Pharma,21,21,21,21,20,12,9,4,18.65,0.58,6.96,21.05,18.29,21.08,14.12,13.63,,,,,,,,
Axis India Manufacturing Fund-Reg(G),48253,Axis Mutual Fund,-1.04,6.39,18.74,13.96,Nifty India Manufacturing - TRI,,,,14.29,13,18,17,29,16,,,,Axis India Manufacturing Fund-Reg(G),Equity : Thematic,112,120,117,117,108,51,33,9,2.18,-3.04,1.09,11.89,4.44,13.34,11.3,12.9,,,,,,,,
Aditya Birla SL Short Term Fund(G),287,Aditya Birla Sun Life Mutual Fund,0.04,0.76,2.93,4.97,Nifty Short Duration Debt Index,6.87,6.11,6.76,3.27,22,20,18,13,11,7,6,4,Aditya Birla SL Short Term Fund(G),Debt : Short Duration,32,33,32,32,32,25,23,18,3.45,0.12,0.88,2.91,4.9,6.61,5.86,6.24,,,,,,,,
HDFC Equity Savings Fund(G),1309,HDFC Mutual Fund,-1.48,-0.11,2.08,1.31,NIFTY 50 Equity Savings Index - TRI,7.23,7.2,8.33,-0.89,21,21,20,20,22,13,8,5,HDFC Equity Savings Fund(G),Hybrid : Equity Savings,24,24,24,24,24,21,21,14,1.27,-1.02,0.5,3.63,3.17,7.57,6.8,7.45,,,,,,,,
Mirae Asset Small Cap Fund-Reg(G),49453,Mirae Asset Mutual Fund,-0.57,4.22,19.22,9.51,Nifty Smallcap 250 - TRI,,,,8.5,26,22,22,27,18,,,,Mirae Asset Small Cap Fund-Reg(G),Equity : Small Cap,33,36,36,36,31,24,23,13,14.42,-0.14,5.3,25.2,12.13,15.61,15.16,16.28,,,,,,,,
Invesco India Flexi Cap Fund-Reg(G),45945,Invesco Mutual Fund,-4.42,-0.1,14.85,-0.57,BSE 500 - TRI,15.89,,,1.22,20,47,32,10,33,5,,,Invesco India Flexi Cap Fund-Reg(G),Equity : Flexi Cap,55,58,56,56,53,47,36,24,-0.83,-3.33,0.32,9.42,1.07,10.83,9.29,11.79,,,,,,,,
UTI Overnight Fund-Reg(G),3574,UTI Mutual Fund,0.41,1.26,2.57,5.21,CRISIL Liquid Overnight Index,6.0,5.67,5.29,3.76,7,9,11,9,8,6,3,1,UTI Overnight Fund-Reg(G),Debt : Overnight,35,37,35,35,35,33,27,3,3.71,0.4,1.24,2.54,5.14,5.94,5.62,5.27,,,,,,,,
Mirae Asset Multicap Fund-Reg(G),48089,Mirae Asset Mutual Fund,-2.91,0.26,9.51,0.91,Nifty500 Multicap 50:25:25 - TRI,12.02,,,-1.93,28,18,22,28,23,16,,,Mirae Asset Multicap Fund-Reg(G),Equity : Multi Cap,33,33,33,33,33,22,10,7,3.1,-2.77,1.52,13.44,4.67,13.3,11.47,13.51,,,,,,,,
Parag Parikh ELSS Tax Saver Fund-Reg(G),42577,PPFAS Mutual Fund,-2.49,-2.3,-0.37,-10.61,NIFTY 500 - TRI,7.3,9.0,,-10.53,50,12,38,52,53,43,30,,Parag Parikh ELSS Tax Saver Fund-Reg(G),Equity : Tax Saving (ELSS),53,53,53,53,53,52,47,30,-2.04,-3.49,-0.87,8.56,-0.32,10.55,10.24,12.18,,,,,,,,
HDFC Dividend Yield Fund-Reg(G),45197,HDFC Mutual Fund,-2.96,-1.12,6.55,-2.14,NIFTY 500 - TRI,9.55,11.65,,-3.65,6,3,6,4,6,8,4,,HDFC Dividend Yield Fund-Reg(G),Equity : Thematic - Dividend Yield,10,11,11,11,10,9,8,5,-3.23,-3.53,-1.33,5.12,0.13,11.44,11.5,12.77,,,,,,,,
Motilal Oswal Nifty India Defence Index Fund-Reg(G),48892,Motilal Oswal Mutual Fund,-3.75,-0.03,22.99,14.95,Nifty India Defence - TRI,,,,20.96,1,97,42,8,8,,,,Motilal Oswal Nifty India Defence Index Fund-Reg(G),Equity : Index Funds,228,253,245,234,219,101,45,18,-3.26,-4.15,-1.59,6.96,-0.34,10.34,8.4,10.7,,,,,,,,
Mirae Asset Nifty 50 ETF,41174,Mirae Asset Mutual Fund,-4.88,-3.48,0.09,-6.06,NIFTY 50 - TRI,6.73,6.51,,-10.63,182,192,171,181,155,97,56,,Mirae Asset Nifty 50 ETF,Equity : ETFs,232,273,256,246,208,137,85,42,-3.6,-4.03,-1.43,6.06,0.15,10.34,8.93,11.73,,,,,,,,
Kotak Contra Fund-Reg(G),1973,Kotak Mahindra Mutual Fund,-4.17,-1.47,4.88,-0.54,NIFTY 500 - TRI,13.46,12.28,14.47,-4.73,14,19,12,13,12,8,9,2,Kotak Contra Fund-Reg(G),Equity : Value / Contra,23,25,24,23,23,22,20,15,-2.25,-3.2,-1.06,7.17,1.48,12.23,11.84,12.8,,,,,,,,
SBI Innovative Opportunities Fund-Reg(G),48899,SBI Mutual Fund,-2.22,11.27,25.04,7.57,NIFTY 500 - TRI,,,,6.71,32,35,3,14,35,,,,SBI Innovative Opportunities Fund-Reg(G),Equity : Thematic,112,120,117,117,108,51,33,9,2.18,-3.04,1.09,11.89,4.44,13.34,11.3,12.9,,,,,,,,
SBI Equity Savings Fund-Reg(G),32901,SBI Mutual Fund,-0.58,0.28,2.64,3.08,NIFTY 50 Equity Savings Index,7.38,7.49,8.08,1.21,13,5,16,17,11,10,5,7,SBI Equity Savings Fund-Reg(G),Hybrid : Equity Savings,24,24,24,24,24,21,21,14,1.27,-1.02,0.5,3.63,3.17,7.57,6.8,7.45,,,,,,,,
Mahindra Manulife Small Cap Fund-Reg(G),37922,Mahindra Manulife Mutual Fund,-0.21,7.12,27.02,16.63,BSE 250 Small Cap - TRI,19.3,,,16.34,14,14,7,14,8,5,,,Mahindra Manulife Small Cap Fund-Reg(G),Equity : Small Cap,33,36,36,36,31,24,23,13,14.42,-0.14,5.3,25.2,12.13,15.61,15.16,16.28,,,,,,,,
UTI Small Cap Fund-Reg(G),44511,UTI Mutual Fund,-2.49,0.9,19.0,5.0,Nifty Smallcap 250 - TRI,12.88,13.45,,7.49,28,35,35,28,26,17,17,,UTI Small Cap Fund-Reg(G),Equity : Small Cap,33,36,36,36,31,24,23,13,14.42,-0.14,5.3,25.2,12.13,15.61,15.16,16.28,,,,,,,,
Tata Silver ETF,48436,Tata Mutual Fund,-4.12,5.62,-1.42,68.97,Silver,,,,-1.62,38,2,42,39,1,,,,Tata Silver ETF,Metal : ETFs,40,42,42,42,38,22,11,11,3.29,-5.3,7.04,2.11,46.95,39.54,25.66,15.77,,,,,,,,
HDFC Nifty 50 ETF,33325,HDFC Mutual Fund,-4.88,-3.49,0.08,-6.07,NIFTY 50 - TRI,6.73,6.51,11.33,-10.64,185,202,177,185,158,101,57,19,HDFC Nifty 50 ETF,Equity : ETFs,232,273,256,246,208,137,85,42,-3.6,-4.03,-1.43,6.06,0.15,10.34,8.93,11.73,,,,,,,,
ICICI Pru Medium Term Fund(G),1667,ICICI Prudential Mutual Fund,-0.04,1.12,3.72,6.4,NIFTY Medium Duration Debt Index,7.67,6.63,7.12,4.27,2,14,9,2,2,4,2,3,ICICI Pru Medium Term Fund(G),Debt : Medium Duration,22,23,23,22,22,22,13,12,3.74,0.01,0.88,2.92,5.3,7.09,6.23,6.18,,,,,,,,
Mahindra Manulife Mid Cap Fund-Reg(G),38444,Mahindra Manulife Mutual Fund,-5.63,-3.14,9.34,7.13,Nifty Midcap 150 - TRI,15.62,15.61,,3.98,16,35,34,29,12,15,8,,Mahindra Manulife Mid Cap Fund-Reg(G),Equity : Mid Cap,32,35,34,34,32,30,25,20,4.31,-3.8,0.67,13.28,6.21,15.36,13.92,14.96,,,,,,,,
SBI ESG Exclusionary Strategy Fund-Reg(G),2752,SBI Mutual Fund,-4.74,-2.68,4.84,-2.86,NIFTY100 ESG - TRI,7.8,6.8,10.51,-6.16,92,95,95,89,86,42,26,8,SBI ESG Exclusionary Strategy Fund-Reg(G),Equity : Thematic,112,120,117,117,108,51,33,9,2.18,-3.04,1.09,11.89,4.44,13.34,11.3,12.9,,,,,,,,
Baroda BNP Paribas Balanced Advantage Fund-Reg(G),38263,Baroda BNP Paribas Mutual Fund,-3.9,-0.87,6.61,4.35,BSE 200,10.56,9.31,,-0.03,7,37,22,4,3,2,3,,Baroda BNP Paribas Balanced Advantage Fund-Reg(G),Hybrid : Dynamic Asset Allocation,37,38,38,38,37,30,22,11,-1.63,-2.48,-0.35,4.38,0.68,8.22,7.48,8.98,-4.67,-2.97,2.68,-3.56,8.16,7.21,15.74,-10.71
Bajaj Finserv Money Market Fund-Reg(G),48065,Bajaj Finserv Mutual Fund,0.48,1.53,3.35,5.85,Nifty Money Market Index,6.72,,,4.33,23,25,24,24,23,20,,,Bajaj Finserv Money Market Fund-Reg(G),Debt : Money Market,24,26,25,25,23,22,19,13,4.6,0.52,1.64,3.55,6.27,7.03,6.36,6.38,,,,,,,,
JM Flexi Cap Fund-Reg(G),6075,JM Financial Mutual Fund,-2.51,1.74,13.45,0.72,BSE 500 - TRI,13.46,13.6,14.77,1.97,16,11,14,17,28,13,4,2,JM Flexi Cap Fund-Reg(G),Equity : Flexi Cap,55,58,56,56,53,47,36,24,-0.83,-3.33,0.32,9.42,1.07,10.83,9.29,11.79,,,,,,,,
Franklin India Multi Cap Fund-Reg(G),48901,Franklin Templeton Mutual Fund,-0.96,2.78,15.72,5.73,Nifty500 Multicap 50:25:25 - TRI,,,,3.12,15,3,9,11,15,,,,Franklin India Multi Cap Fund-Reg(G),Equity : Multi Cap,33,33,33,33,33,22,10,7,3.1,-2.77,1.52,13.44,4.67,13.3,11.47,13.51,,,,,,,,
Sundaram Services Fund-Reg(G),37849,Sundaram Mutual Fund,-4.8,1.77,12.67,1.83,Nifty Services Sector - TRI,12.57,11.11,,-1.33,68,100,43,48,62,30,17,,Sundaram Services Fund-Reg(G),Equity : Thematic,112,120,117,117,108,51,33,9,2.18,-3.04,1.09,11.89,4.44,13.34,11.3,12.9,,,,,,,,
Bandhan CRISIL IBX Gilt June 2027 Index Fund-Reg(G),45412,Bandhan Mutual Fund,0.26,1.08,2.56,5.2,CRISIL IBX Gilt Index - June 2027,7.0,5.7,,3.63,5,3,3,24,6,9,5,,Bandhan CRISIL IBX Gilt June 2027 Index Fund-Reg(G),Debt : Gilt,38,38,38,38,38,34,23,21,2.34,-0.55,-0.06,2.74,3.22,5.99,4.93,5.98,,,,,,,,
Tata Multi Asset Allocation Fund-Reg(G),44648,Tata Mutual Fund,-3.64,-1.34,4.49,4.09,BSE 200,11.37,10.38,,-2.74,29,27,34,18,24,11,6,,Tata Multi Asset Allocation Fund-Reg(G),Hybrid : Multi Asset Allocation,33,36,34,34,30,14,8,6,1.18,-3.02,0.54,4.52,7.5,13.59,12.21,12.2,-4.67,-2.97,2.68,-3.56,8.16,7.21,15.74,-10.71
Canara Rob Mid Cap Fund-Reg(G),46001,Canara Robeco Mutual Fund,-3.45,1.11,14.11,5.32,BSE 150 MidCap - TRI,15.65,,,5.2,13,14,11,13,20,14,,,Canara Rob Mid Cap Fund-Reg(G),Equity : Mid Cap,32,35,34,34,32,30,25,20,4.31,-3.8,0.67,13.28,6.21,15.36,13.92,14.96,,,,,,,,
HDFC Banking and PSU Debt Fund-Reg(G),23913,HDFC Mutual Fund,-0.14,0.34,2.76,4.48,NIFTY Banking and PSU Debt Index,6.58,5.78,6.71,2.87,16,20,20,16,13,14,9,9,HDFC Banking and PSU Debt Fund-Reg(G),Debt : Banking & PSU,21,21,21,21,21,20,18,16,3.22,0.08,0.74,2.9,4.74,6.68,5.83,6.66,,,,,,,,
Nippon India Banking and PSU Debt Fund(G),13656,Nippon India Mutual Fund,0.0,0.44,2.96,4.47,CRISIL Banking and PSU Debt Index,6.62,5.75,6.79,3.1,12,13,18,8,14,12,10,7,Nippon India Banking and PSU Debt Fund(G),Debt : Banking & PSU,21,21,21,21,21,20,18,16,3.22,0.08,0.74,2.9,4.74,6.68,5.83,6.66,,,,,,,,
Motilal Oswal ELSS Tax Saver Fund-Reg(G),31189,Motilal Oswal Mutual Fund,-2.44,2.44,18.16,7.38,NIFTY 500 - TRI,20.01,15.52,15.59,11.52,1,11,6,9,5,2,3,2,Motilal Oswal ELSS Tax Saver Fund-Reg(G),Equity : Tax Saving (ELSS),53,53,53,53,53,52,47,30,-2.04,-3.49,-0.87,8.56,-0.32,10.55,10.24,12.18,,,,,,,,
UTI ULIP(G),3662,UTI Mutual Fund,-2.26,1.34,6.5,0.97,NIFTY 50 Hybrid Composite Debt 50:50 Index,6.95,5.16,6.99,0.92,2,6,1,2,2,3,4,3,UTI ULIP(G),Hybrid : Balanced Hybrid,5,6,5,5,5,5,4,4,-0.67,-1.79,-0.36,4.03,0.5,7.43,6.29,7.31,,,,,,,,
Edelweiss Large & Mid Cap Fund-Reg(G),1956,Edelweiss Mutual Fund,-4.46,-0.95,6.72,2.5,NIFTY LargeMidcap 250 - TRI,12.49,10.85,13.53,-2.45,19,26,20,24,16,11,12,9,Edelweiss Large & Mid Cap Fund-Reg(G),Equity : Large & Mid Cap,33,36,34,33,33,26,26,20,-0.52,-3.92,-0.34,9.21,1.84,12.73,11.15,13.02,,,,,,,,
Kotak Banking and PSU Debt Fund(G),2044,Kotak Mahindra Mutual Fund,0.06,0.51,2.81,5.04,CRISIL Banking and PSU Debt Index,6.84,5.98,6.95,3.16,9,10,16,12,6,5,4,2,Kotak Banking and PSU Debt Fund(G),Debt : Banking & PSU,21,21,21,21,21,20,18,16,3.22,0.08,0.74,2.9,4.74,6.68,5.83,6.66,,,,,,,,
SBI Infrastructure Fund-Reg(G),2743,SBI Mutual Fund,-3.23,-4.19,8.76,1.88,Nifty Infrastructure - TRI,12.39,14.7,14.23,-0.18,15,15,14,12,13,15,15,12,SBI Infrastructure Fund-Reg(G),Equity : Sectoral - Infrastructure,22,22,22,22,21,19,19,18,3.92,-2.54,-2.88,10.36,3.25,15.22,16.22,14.92,,,,,,,,
DSP Ultra Short to Short Term Fund-Reg(G),17625,DSP Mutual Fund,0.38,1.29,3.18,5.64,NIFTY Low Duration Debt Index,6.77,6.08,6.43,4.07,16,20,25,18,16,10,9,7,DSP Ultra Short to Short Term Fund-Reg(G),Debt : Low Duration,26,31,30,29,26,20,20,19,4.14,0.39,1.39,3.25,5.72,6.8,6.09,6.18,,,,,,,,
Tata ELSS-Tax Saver Fund-Reg(G),31025,Tata Mutual Fund,-4.63,-0.24,8.25,3.85,NIFTY 500 - TRI,11.44,10.39,12.58,-0.67,20,44,16,22,13,22,20,12,Tata ELSS-Tax Saver Fund-Reg(G),Equity : Tax Saving (ELSS),53,53,53,53,53,52,47,30,-2.04,-3.49,-0.87,8.56,-0.32,10.55,10.24,12.18,,,,,,,,
Mirae Asset Great Consumer Fund-Reg(G),14314,Mirae Asset Mutual Fund,-5.19,0.98,10.06,-5.54,Nifty India Consumption - TRI,9.22,10.37,13.95,-4.32,12,22,14,12,10,5,5,2,Mirae Asset Great Consumer Fund-Reg(G),Equity : Thematic - Consumption,26,27,27,27,22,15,13,10,-1.97,-4.07,2.02,11.36,-3.98,9.03,9.56,12.06,,,,,,,,
UTI Corporate Bond Fund-Reg(G),39515,UTI Mutual Fund,0.08,0.69,3.0,4.73,NIFTY Corporate Bond Index,6.88,5.95,,3.25,9,6,9,6,7,10,7,,UTI Corporate Bond Fund-Reg(G),Debt : Corporate Bond,21,21,21,21,21,21,19,13,3.17,0.0,0.66,2.88,4.63,6.78,5.84,6.57,,,,,,,,
UTI Retirement Fund,3650,UTI Mutual Fund,-2.04,-0.83,2.41,0.86,CRISIL Short Term Debt Hybrid 60+40 Index,8.01,7.98,8.27,-1.88,3,4,3,4,3,2,1,1,UTI Retirement Fund,Hybrid : Balanced Hybrid,5,6,5,5,5,5,4,4,-0.67,-1.79,-0.36,4.03,0.5,7.43,6.29,7.31,,,,,,,,
HDFC Silver ETF FoF-Reg(G),46465,HDFC Mutual Fund,-4.45,5.78,-1.62,63.1,Silver,43.9,,,0.74,73,93,26,122,9,3,,,HDFC Silver ETF FoF-Reg(G),FoFs : Domestic,108,135,127,125,99,61,41,27,2.81,-3.15,2.04,5.11,14.87,17.1,10.87,10.45,,,,,,,,
HDFC Banking & Financial Services Fund-Reg(G),37759,HDFC Mutual Fund,-4.54,-4.7,5.44,3.07,Nifty Financial Services - TRI,10.54,9.84,,-4.68,12,11,21,10,9,8,6,,HDFC Banking & Financial Services Fund-Reg(G),Equity : Sectoral - Financial Services,24,28,28,28,23,17,13,11,-4.0,-4.78,-3.54,5.32,2.41,10.9,9.73,11.13,,,,,,,,
Motilal Oswal Multi Cap Fund-Reg(G),48489,Motilal Oswal Mutual Fund,-1.16,12.7,30.92,9.14,Nifty500 Multicap 50:25:25 - TRI,,,,12.34,2,4,1,1,7,,,,Motilal Oswal Multi Cap Fund-Reg(G),Equity : Multi Cap,33,33,33,33,33,22,10,7,3.1,-2.77,1.52,13.44,4.67,13.3,11.47,13.51,,,,,,,,
DSP Ultra Short Term Fund-Reg(G),702,DSP Mutual Fund,0.47,1.5,3.4,5.92,CRISIL Ultra Short Term Debt Index,6.63,5.89,5.65,4.39,24,29,27,20,23,14,14,10,DSP Ultra Short Term Fund-Reg(G),Debt : Ultra Short Duration,31,34,33,32,31,24,24,13,4.54,0.49,1.56,3.46,6.12,6.65,6.0,5.88,,,,,,,,
Motilal Oswal S&P 500 Index Fund-Reg(G),44958,Motilal Oswal Mutual Fund,1.26,6.73,19.53,26.33,S&P 500 - TRI,26.79,17.51,,19.98,5,3,3,4,5,3,1,,Motilal Oswal S&P 500 Index Fund-Reg(G),Equity : International,8,8,8,8,8,8,6,5,29.41,1.22,4.33,21.73,37.46,27.84,11.65,12.62,,,,,,,,
BHARAT Bond FOF - April 2031 -Reg(G),45013,Edelweiss Mutual Fund,-0.23,-0.16,3.03,4.06,NIFTY BHARAT Bond Index - April 2031,7.16,6.12,,2.38,56,26,92,81,68,51,36,,BHARAT Bond FOF - April 2031 -Reg(G),FoFs : Domestic,108,135,127,125,99,61,41,27,2.81,-3.15,2.04,5.11,14.87,17.1,10.87,10.45,,,,,,,,
Tata Overnight Fund-Reg(G),42706,Tata Mutual Fund,0.4,1.25,2.54,5.16,CRISIL Liquid Overnight Index,5.96,5.61,,3.73,19,23,23,20,20,16,17,,Tata Overnight Fund-Reg(G),Debt : Overnight,35,37,35,35,35,33,27,3,3.71,0.4,1.24,2.54,5.14,5.94,5.62,5.27,,,,,,,,
Nippon India Silver ETF FOF-Reg(G),46198,Nippon India Mutual Fund,-4.49,5.79,-1.44,63.16,Silver,43.75,,,0.66,75,96,25,119,7,6,,,Nippon India Silver ETF FOF-Reg(G),FoFs : Domestic,108,135,127,125,99,61,41,27,2.81,-3.15,2.04,5.11,14.87,17.1,10.87,10.45,,,,,,,,
Axis Ultra Short to Short Term Fund-Reg(G),8032,Axis Mutual Fund,0.43,1.39,3.28,5.95,NIFTY Low Duration Debt Index,7.05,6.32,6.63,4.26,11,5,12,12,8,4,4,2,Axis Ultra Short to Short Term Fund-Reg(G),Debt : Low Duration,26,31,30,29,26,20,20,19,4.14,0.39,1.39,3.25,5.72,6.8,6.09,6.18,,,,,,,,
Kotak Focused Fund-Reg(G),43968,Kotak Mahindra Mutual Fund,-4.68,-1.34,7.08,4.09,NIFTY 500 - TRI,13.03,10.13,,-1.42,15,20,20,17,9,9,10,,Kotak Focused Fund-Reg(G),Equity : Focused,28,28,28,28,28,27,25,14,-0.57,-3.87,0.24,9.79,1.93,11.27,9.35,12.18,,,,,,,,
Kotak US Specific Equity Passive FOF-Reg(G),45260,Kotak Mahindra Mutual Fund,4.75,5.49,28.35,34.66,Nasdaq-100 - TRI,33.18,20.77,,26.49,14,7,16,7,13,9,5,,Kotak US Specific Equity Passive FOF-Reg(G),FoFs : Overseas,54,55,55,55,54,53,38,23,18.34,0.21,3.61,15.81,24.5,25.31,13.29,11.62,,,,,,,,
HSBC Overnight Fund-Reg(G),42784,HSBC Mutual Fund,0.4,1.25,2.55,5.19,Nifty 1D Rate Index,5.97,5.63,,3.76,9,15,16,16,12,14,14,,HSBC Overnight Fund-Reg(G),Debt : Overnight,35,37,35,35,35,33,27,3,3.71,0.4,1.24,2.54,5.14,5.94,5.62,5.27,0.41,1.27,2.59,5.24,6.06,5.75,,5.14
Invesco India Multicap Fund-Reg(G),4256,Invesco Mutual Fund,-2.94,1.22,15.05,0.35,Nifty500 Multicap 50:25:25 - TRI,12.1,10.08,12.68,2.64,17,19,17,14,25,14,9,6,Invesco India Multicap Fund-Reg(G),Equity : Multi Cap,33,33,33,33,33,22,10,7,3.1,-2.77,1.52,13.44,4.67,13.3,11.47,13.51,,,,,,,,
UTI Gold ETF,3564,UTI Mutual Fund,-6.13,7.99,3.83,33.26,Gold-India,35.96,25.81,15.81,14.45,2,41,4,25,18,10,2,4,UTI Gold ETF,Metal : ETFs,40,42,42,42,38,22,11,11,3.29,-5.3,7.04,2.11,46.95,39.54,25.66,15.77,,,,,,,,
Mirae Asset Flexi Cap Fund-Reg(G),47596,Mirae Asset Mutual Fund,-2.94,-0.04,7.12,1.49,NIFTY 500 - TRI,10.73,,,-3.2,35,17,31,34,26,22,,,Mirae Asset Flexi Cap Fund-Reg(G),Equity : Flexi Cap,55,58,56,56,53,47,36,24,-0.83,-3.33,0.32,9.42,1.07,10.83,9.29,11.79,,,,,,,,
SBI Technology Opp Fund-Reg(G),19247,SBI Mutual Fund,-6.27,8.37,5.82,-9.53,BSE TECk Index - TRI,6.51,4.45,15.63,-15.51,9,7,2,8,6,2,2,3,SBI Technology Opp Fund-Reg(G),Equity : Sectoral - Technology,12,13,13,13,12,7,5,5,-10.68,-4.97,6.29,11.37,-7.14,4.09,2.44,15.63,,,,,,,,
Kotak Nifty Bank ETF,30020,Kotak Mahindra Mutual Fund,-3.37,-4.32,4.06,1.55,NIFTY BANK - TRI,8.1,8.61,11.06,-6.25,132,74,220,124,75,77,37,34,Kotak Nifty Bank ETF,Equity : ETFs,232,273,256,246,208,137,85,42,-3.6,-4.03,-1.43,6.06,0.15,10.34,8.93,11.73,,,,,,,,
UTI Childrens Hybrid Fund,3449,UTI Mutual Fund,-2.24,-1.12,2.45,-1.32,CRISIL Short Term Debt Hybrid 60+40 Index,6.1,5.91,7.08,-2.33,5,5,5,3,5,5,3,2,UTI Childrens Hybrid Fund,Hybrid : Balanced Hybrid,5,6,5,5,5,5,4,4,-0.67,-1.79,-0.36,4.03,0.5,7.43,6.29,7.31,,,,,,,,
WOC Multi Cap Fund-Reg(G),48199,WhiteOak Capital Mutual Fund,-3.57,1.6,13.39,4.96,Nifty500 Multicap 50:25:25 - TRI,16.51,,,2.7,16,24,12,16,17,4,,,WOC Multi Cap Fund-Reg(G),Equity : Multi Cap,33,33,33,33,33,22,10,7,3.1,-2.77,1.52,13.44,4.67,13.3,11.47,13.51,,,,,,,,
Old Bridge Focused Fund-Reg(G),48527,Old Bridge Mutual Fund,-2.59,3.12,17.23,16.02,BSE 500 - TRI,,,,7.72,4,4,6,4,2,,,,Old Bridge Focused Fund-Reg(G),Equity : Focused,28,28,28,28,28,27,25,14,-0.57,-3.87,0.24,9.79,1.93,11.27,9.35,12.18,,,,,,,,
Edelweiss US Technology Equity FOF-Reg(G),44630,Edelweiss Mutual Fund,7.23,3.88,28.98,25.42,Russell 1000 Equal Weighted Technology Index,32.64,15.21,,20.67,21,3,26,6,27,12,10,,Edelweiss US Technology Equity FOF-Reg(G),FoFs : Overseas,54,55,55,55,54,53,38,23,18.34,0.21,3.61,15.81,24.5,25.31,13.29,11.62,,,,,,,,
UTI Transportation & Logistics Fund-Reg(G),3435,UTI Mutual Fund,-5.37,2.98,11.22,-0.82,Nifty Transportation & Logistics - TRI,16.88,18.61,11.14,-1.24,7,7,6,7,10,5,1,1,UTI Transportation & Logistics Fund-Reg(G),Equity : Sectoral - Auto,10,11,10,10,10,5,1,1,3.61,-5.03,4.97,15.41,6.29,19.52,18.61,11.14,,,,,,,,
Mirae Asset NYSE FANG+ ETF,45379,Mirae Asset Mutual Fund,5.55,19.07,38.78,29.56,NYSE FANG+ TRI,43.8,27.67,,29.93,2,1,1,1,5,1,3,,Mirae Asset NYSE FANG+ ETF,Equity : ETFs,232,273,256,246,208,137,85,42,-3.6,-4.03,-1.43,6.06,0.15,10.34,8.93,11.73,,,,,,,,
ICICI Pru Nifty Private Bank ETF,42119,ICICI Prudential Mutual Fund,-2.07,-4.86,5.98,0.8,Nifty Private Bank - TRI,5.59,6.8,,-5.94,124,33,234,101,91,109,45,,ICICI Pru Nifty Private Bank ETF,Equity : ETFs,232,273,256,246,208,137,85,42,-3.6,-4.03,-1.43,6.06,0.15,10.34,8.93,11.73,,,,,,,,
Kotak Pioneer Fund-Reg(G),43927,Kotak Mahindra Mutual Fund,-0.05,5.48,22.91,9.4,NIFTY 500 - TRI,19.41,14.11,,11.22,21,11,20,19,27,3,10,,Kotak Pioneer Fund-Reg(G),Equity : Thematic,112,120,117,117,108,51,33,9,2.18,-3.04,1.09,11.89,4.44,13.34,11.3,12.9,,,,,,,,
ICICI Pru Commodities Fund-Reg(G),41999,ICICI Prudential Mutual Fund,-3.11,1.91,8.52,7.97,NIFTY COMMODITIES - TRI,14.99,14.24,,3.76,38,49,40,69,33,18,9,,ICICI Pru Commodities Fund-Reg(G),Equity : Thematic,112,120,117,117,108,51,33,9,2.18,-3.04,1.09,11.89,4.44,13.34,11.3,12.9,,,,,,,,
HSBC ELSS Tax saver Fund-Reg(G),927,HSBC Mutual Fund,-2.64,0.72,11.96,3.94,NIFTY 500 - TRI,15.29,11.66,12.58,2.93,13,13,11,16,12,4,14,11,HSBC ELSS Tax saver Fund-Reg(G),Equity : Tax Saving (ELSS),53,53,53,53,53,52,47,30,-2.04,-3.49,-0.87,8.56,-0.32,10.55,10.24,12.18,,,,,,,,
LIC MF Money Market Fund-Reg(G),46587,LIC Mutual Fund,0.53,1.68,3.66,6.37,Nifty Money Market Index,6.42,,,4.7,9,9,7,3,8,22,,,LIC MF Money Market Fund-Reg(G),Debt : Money Market,24,26,25,25,23,22,19,13,4.6,0.52,1.64,3.55,6.27,7.03,6.36,6.38,,,,,,,,
BHARAT Bond ETF FOF - April 2032 -Reg(G),46128,Edelweiss Mutual Fund,-0.81,-0.58,2.66,3.75,NIFTY BHARAT Bond Index - April 2032,6.99,,,1.68,65,30,101,97,71,54,,,BHARAT Bond ETF FOF - April 2032 -Reg(G),FoFs : Domestic,108,135,127,125,99,61,41,27,2.81,-3.15,2.04,5.11,14.87,17.1,10.87,10.45,,,,,,,,
Bandhan Ultra Short Term Fund-Reg(G),40482,Bandhan Mutual Fund,0.51,1.59,3.54,6.3,NIFTY Ultra Short Duration Debt Index,6.94,6.26,,4.66,9,8,12,10,10,6,7,,Bandhan Ultra Short Term Fund-Reg(G),Debt : Ultra Short Duration,31,34,33,32,31,24,24,13,4.54,0.49,1.56,3.46,6.12,6.65,6.0,5.88,,,,,,,,
Sundaram Small Cap Fund(G),3052,Sundaram Mutual Fund,-1.74,3.41,25.45,13.26,Nifty Smallcap 250 - TRI,15.9,15.05,13.92,13.51,18,32,28,19,14,10,12,12,Sundaram Small Cap Fund(G),Equity : Small Cap,33,36,36,36,31,24,23,13,14.42,-0.14,5.3,25.2,12.13,15.61,15.16,16.28,,,,,,,,
Motilal Oswal Nifty Midcap 150 Index Fund-Reg(G),43810,Motilal Oswal Mutual Fund,-4.69,-1.41,9.82,4.56,Nifty Midcap 150 - TRI,13.82,14.35,,0.54,73,142,97,70,63,32,3,,Motilal Oswal Nifty Midcap 150 Index Fund-Reg(G),Equity : Index Funds,228,253,245,234,219,101,45,18,-3.26,-4.15,-1.59,6.96,-0.34,10.34,8.4,10.7,,,,,,,,
Navi Nifty 50 Index Fund-Reg(G),45614,Navi Mutual Fund,-4.9,-3.56,-0.07,-6.34,NIFTY 50 - TRI,6.39,6.14,,-10.83,183,185,177,186,165,71,25,,Navi Nifty 50 Index Fund-Reg(G),Equity : Index Funds,228,253,245,234,219,101,45,18,-3.26,-4.15,-1.59,6.96,-0.34,10.34,8.4,10.7,,,,,,,,
ICICI Pru Transportation and Logistics Fund-Reg(G),46979,ICICI Prudential Mutual Fund,-4.97,6.17,17.2,6.74,Nifty Transportation & Logistics - TRI,20.96,,,4.76,5,5,5,5,4,2,,,ICICI Pru Transportation and Logistics Fund-Reg(G),Equity : Sectoral - Auto,10,11,10,10,10,5,1,1,3.61,-5.03,4.97,15.41,6.29,19.52,18.61,11.14,,,,,,,,
Aditya Birla SL Digital India Fund-Reg(G),482,Aditya Birla Sun Life Mutual Fund,-5.32,8.03,8.67,-8.72,BSE TECk Index - TRI,2.77,1.64,15.9,-13.94,6,4,3,6,5,5,3,2,Aditya Birla SL Digital India Fund-Reg(G),Equity : Sectoral - Technology,12,13,13,13,12,7,5,5,-10.68,-4.97,6.29,11.37,-7.14,4.09,2.44,15.63,,,,,,,,
Invesco India Corporate Bond Fund-Reg(G),2158,Invesco Mutual Fund,-0.25,0.35,2.69,4.22,NIFTY Corporate Bond Index,6.69,5.68,6.02,2.77,18,19,18,17,17,14,15,11,Invesco India Corporate Bond Fund-Reg(G),Debt : Corporate Bond,21,21,21,21,21,21,19,13,3.17,0.0,0.66,2.88,4.63,6.78,5.84,6.57,,,,,,,,
Nippon India Aggressive Hybrid Fund(G),2660,Nippon India Mutual Fund,-3.75,-1.51,3.86,-0.77,CRISIL Hybrid 35+65 - Aggressive Index,9.55,9.64,8.76,-2.58,24,39,29,29,27,19,12,24,Nippon India Aggressive Hybrid Fund(G),Hybrid : Aggressive Hybrid,43,44,43,43,43,41,41,28,-1.6,-2.93,-0.57,6.19,0.55,9.9,8.59,10.55,,,,,,,,
ICICI Pru US Bluechip Equity Fund(G),15655,ICICI Prudential Mutual Fund,-5.29,8.2,11.57,18.75,S&P 500 ,15.87,11.73,15.19,8.36,8,8,2,8,7,8,3,1,ICICI Pru US Bluechip Equity Fund(G),Equity : International,8,8,8,8,8,8,6,5,29.41,1.22,4.33,21.73,37.46,27.84,11.65,12.62,0.86,5.25,17.47,17.24,21.29,11.67,,17.71
Tata Aggressive Hybrid Fund-Reg(G),3082,Tata Mutual Fund,-4.46,-2.68,3.49,-2.0,CRISIL Hybrid 35+65 - Aggressive Index,6.89,6.85,8.55,-5.92,38,44,40,32,31,38,31,26,Tata Aggressive Hybrid Fund-Reg(G),Hybrid : Aggressive Hybrid,43,44,43,43,43,41,41,28,-1.6,-2.93,-0.57,6.19,0.55,9.9,8.59,10.55,,,,,,,,
Nippon India ETF Nifty Midcap 150,40028,Nippon India Mutual Fund,-4.61,-1.19,10.26,5.42,Nifty Midcap 150 - TRI,14.63,15.22,,1.12,63,148,93,66,55,40,10,,Nippon India ETF Nifty Midcap 150,Equity : ETFs,232,273,256,246,208,137,85,42,-3.6,-4.03,-1.43,6.06,0.15,10.34,8.93,11.73,,,,,,,,
Axis Greater China Equity FoF-Reg(G),44318,Axis Mutual Fund,0.75,6.43,14.81,22.24,MSCI Golden Dragon Index (Total Return Net),22.52,7.62,,20.94,20,27,11,28,33,34,31,,Axis Greater China Equity FoF-Reg(G),FoFs : Overseas,54,55,55,55,54,53,38,23,18.34,0.21,3.61,15.81,24.5,25.31,13.29,11.62,,,,,,,,
Nippon India ETF Nifty PSU Bank BeES,3722,Nippon India Mutual Fund,-3.63,-4.04,-2.96,12.43,NIFTY PSU BANK - TRI,16.86,29.17,10.11,-2.46,93,104,210,223,19,26,1,38,Nippon India ETF Nifty PSU Bank BeES,Equity : ETFs,232,273,256,246,208,137,85,42,-3.6,-4.03,-1.43,6.06,0.15,10.34,8.93,11.73,,,,,,,,
Magnum Hybrid Long Short Fund-Reg(G),75013,SBI Magnum SIF,-1.7,0.0,3.43,,NIFTY 50 Hybrid Composite Debt 50:50 Index,,,,1.92,5,18,20,11,,,,,Magnum Hybrid Long Short Fund-Reg(G),Hybrid : Long - Short,10,30,27,14,,,,,5.49,-0.21,3.32,9.54,,,,,,,,,,,,
Edelweiss Aggressive Hybrid Fund-Reg(G),7922,Edelweiss Mutual Fund,-3.03,-0.12,5.62,0.49,CRISIL Hybrid 35+65 - Aggressive Index,11.29,10.99,11.66,-1.46,18,21,13,17,17,9,7,6,Edelweiss Aggressive Hybrid Fund-Reg(G),Hybrid : Aggressive Hybrid,43,44,43,43,43,41,41,28,-1.6,-2.93,-0.57,6.19,0.55,9.9,8.59,10.55,,,,,,,,
Kotak Silver ETF,46627,Kotak Mahindra Mutual Fund,-4.15,5.83,-1.19,66.82,Silver,45.38,,,0.7,30,11,27,27,6,5,,,Kotak Silver ETF,Metal : ETFs,40,42,42,42,38,22,11,11,3.29,-5.3,7.04,2.11,46.95,39.54,25.66,15.77,,,,,,,,
Franklin India Money Market Fund(G),3361,Franklin Templeton Mutual Fund,0.55,1.72,3.63,6.4,Nifty Money Market Index,7.23,6.47,6.61,4.72,5,1,2,6,4,7,9,4,Franklin India Money Market Fund(G),Debt : Money Market,24,26,25,25,23,22,19,13,4.6,0.52,1.64,3.55,6.27,7.03,6.36,6.38,,,,,,,,
SBI Silver ETF FOF-Reg(G),48895,SBI Mutual Fund,-4.44,5.7,-1.42,65.38,Silver,,,,1.48,66,91,29,117,1,,,,SBI Silver ETF FOF-Reg(G),FoFs : Domestic,108,135,127,125,99,61,41,27,2.81,-3.15,2.04,5.11,14.87,17.1,10.87,10.45,,,,,,,,
Nippon India Index Fund-Nifty 50 Plan(G),12860,Nippon India Mutual Fund,-4.92,-3.58,-0.11,-6.43,NIFTY 50 - TRI,6.23,5.86,10.36,-10.89,188,195,183,189,170,80,37,13,Nippon India Index Fund-Nifty 50 Plan(G),Equity : Index Funds,228,253,245,234,219,101,45,18,-3.26,-4.15,-1.59,6.96,-0.34,10.34,8.4,10.7,,,,,,,,
Nippon India Dynamic Term Fund(G),2656,Nippon India Mutual Fund,-0.58,0.18,2.1,4.34,NIFTY Composite Debt Index,6.69,5.63,6.06,2.89,11,18,12,19,10,6,10,9,Nippon India Dynamic Term Fund(G),Debt : Dynamic Bond,23,23,23,23,23,23,23,19,2.57,-0.36,0.16,2.58,3.62,6.05,5.37,6.1,,,,,,,,
HSBC Short Term Fund-Reg(G),15772,HSBC Mutual Fund,0.05,0.74,2.87,4.75,Nifty Short Duration Debt Index,6.78,5.65,6.41,3.33,16,18,20,18,14,8,12,9,HSBC Short Term Fund-Reg(G),Debt : Short Duration,32,33,32,32,32,25,23,18,3.45,0.12,0.88,2.91,4.9,6.61,5.86,6.24,,,,,,,,
SBI Banking and PSU Debt Fund-Reg(G),8004,SBI Mutual Fund,0.12,0.91,3.08,4.68,NIFTY Banking and PSU Debt Index,6.66,5.63,6.6,3.3,6,7,5,5,9,11,14,10,SBI Banking and PSU Debt Fund-Reg(G),Debt : Banking & PSU,21,21,21,21,21,20,18,16,3.22,0.08,0.74,2.9,4.74,6.68,5.83,6.66,,,,,,,,
Tata Ethical Fund-Reg(G),3283,Tata Mutual Fund,-4.84,-1.22,1.04,-7.9,Nifty500 Shariah - TRI,3.11,4.19,9.76,-10.09,110,101,77,108,108,51,31,9,Tata Ethical Fund-Reg(G),Equity : Thematic,112,120,117,117,108,51,33,9,2.18,-3.04,1.09,11.89,4.44,13.34,11.3,12.9,,,,,,,,
Mirae Asset Arbitrage Fund-Reg(G),44983,Mirae Asset Mutual Fund,0.48,1.43,2.78,5.98,Nifty 50 Arbitrage,6.58,5.94,,4.26,22,4,11,23,21,15,14,,Mirae Asset Arbitrage Fund-Reg(G),Hybrid : Arbitrage,34,38,37,36,32,25,24,15,4.25,0.41,1.37,2.79,5.98,6.56,5.9,5.56,0.4,1.74,3.05,7.22,7.4,6.62,,6.8
Axis Balanced Advantage Fund-Reg(G),37918,Axis Mutual Fund,-2.76,-1.12,2.77,1.05,NIFTY 50 Hybrid Composite Debt 50:50 Index,10.12,7.84,,-2.49,23,23,26,28,19,7,8,,Axis Balanced Advantage Fund-Reg(G),Hybrid : Dynamic Asset Allocation,37,38,38,38,37,30,22,11,-1.63,-2.48,-0.35,4.38,0.68,8.22,7.48,8.98,,,,,,,,
DSP Healthcare Fund-Reg(G),36002,DSP Mutual Fund,0.01,7.31,24.13,17.37,BSE Health Care - TRI,21.32,14.32,,16.87,13,17,11,6,12,6,5,,DSP Healthcare Fund-Reg(G),Equity : Sectoral - Pharma,21,21,21,21,20,12,9,4,18.65,0.58,6.96,21.05,18.29,21.08,14.12,13.63,,,,,,,,
DSP Dynamic Asset Allocation Fund-Reg(G),25872,DSP Mutual Fund,-2.49,-1.4,2.98,2.12,CRISIL Hybrid 50+50 - Moderate Index,9.01,7.16,7.91,-0.81,16,16,30,26,12,12,11,8,DSP Dynamic Asset Allocation Fund-Reg(G),Hybrid : Dynamic Asset Allocation,37,38,38,38,37,30,22,11,-1.63,-2.48,-0.35,4.38,0.68,8.22,7.48,8.98,,,,,,,,
Nippon India ETF Nifty IT,44506,Nippon India Mutual Fund,-8.49,3.25,-4.38,-16.92,NIFTY IT - TRI,-3.0,-3.67,,-24.76,231,271,31,241,205,135,84,,Nippon India ETF Nifty IT,Equity : ETFs,232,273,256,246,208,137,85,42,-3.6,-4.03,-1.43,6.06,0.15,10.34,8.93,11.73,,,,,,,,
HSBC Banking and PSU Debt Fund-Reg(G),916,HSBC Mutual Fund,-0.03,0.53,2.78,4.49,NIFTY Banking and PSU Debt Index,6.5,5.24,6.3,3.04,15,16,15,13,12,17,17,15,HSBC Banking and PSU Debt Fund-Reg(G),Debt : Banking & PSU,21,21,21,21,21,20,18,16,3.22,0.08,0.74,2.9,4.74,6.68,5.83,6.66,,,,,,,,
UTI Dividend Yield Fund-Reg(G),3454,UTI Mutual Fund,-3.56,-2.41,2.11,-2.62,NIFTY 500 - TRI,11.67,9.3,12.75,-6.03,8,7,9,8,8,4,7,3,UTI Dividend Yield Fund-Reg(G),Equity : Thematic - Dividend Yield,10,11,11,11,10,9,8,5,-3.23,-3.53,-1.33,5.12,0.13,11.44,11.5,12.77,,,,,,,,
SBI Nifty Bank ETF,30043,SBI Mutual Fund,-3.38,-4.33,4.03,1.5,NIFTY BANK - TRI,8.08,8.63,11.09,-6.29,136,79,225,129,82,79,33,32,SBI Nifty Bank ETF,Equity : ETFs,232,273,256,246,208,137,85,42,-3.6,-4.03,-1.43,6.06,0.15,10.34,8.93,11.73,,,,,,,,
Bandhan Multi Asset Allocation Fund-Reg(G),48252,Bandhan Mutual Fund,-2.88,0.45,6.68,10.64,NIFTY 500 - TRI,,,,3.33,9,14,17,7,5,,,,Bandhan Multi Asset Allocation Fund-Reg(G),Hybrid : Multi Asset Allocation,33,36,34,34,30,14,8,6,1.18,-3.02,0.54,4.52,7.5,13.59,12.21,12.2,,,,,,,,
Edelweiss Flexi Cap Fund-Reg(G),31778,Edelweiss Mutual Fund,-4.83,-1.28,4.52,-0.41,NIFTY 500 - TRI,12.55,10.39,13.24,-5.07,43,56,41,46,32,16,8,5,Edelweiss Flexi Cap Fund-Reg(G),Equity : Flexi Cap,55,58,56,56,53,47,36,24,-0.83,-3.33,0.32,9.42,1.07,10.83,9.29,11.79,,,,,,,,
Mirae Asset Multi Asset Allocation Fund-Reg(G),48465,Mirae Asset Mutual Fund,-2.65,1.15,4.68,8.41,NIFTY 500 - TRI,,,,1.45,18,12,12,16,15,,,,Mirae Asset Multi Asset Allocation Fund-Reg(G),Hybrid : Multi Asset Allocation,33,36,34,34,30,14,8,6,1.18,-3.02,0.54,4.52,7.5,13.59,12.21,12.2,,,,,,,,
Aditya Birla SL Banking & Financial Services Fund-Reg(G),24150,Aditya Birla Sun Life Mutual Fund,-5.36,-4.97,4.3,0.23,Nifty Financial Services - TRI,8.29,8.6,10.59,-6.21,20,20,24,18,16,15,10,8,Aditya Birla SL Banking & Financial Services Fund-Reg(G),Equity : Sectoral - Financial Services,24,28,28,28,23,17,13,11,-4.0,-4.78,-3.54,5.32,2.41,10.9,9.73,11.13,,,,,,,,
Tata Flexi Cap Fund-Reg(G),39283,Tata Mutual Fund,-4.13,-2.78,1.85,-6.27,NIFTY 500 - TRI,8.42,6.9,,-8.43,51,42,49,54,49,36,30,,Tata Flexi Cap Fund-Reg(G),Equity : Flexi Cap,55,58,56,56,53,47,36,24,-0.83,-3.33,0.32,9.42,1.07,10.83,9.29,11.79,,,,,,,,
Quant Large Cap Fund-Reg(G),46678,Quant Mutual Fund,-3.66,-1.04,13.85,3.69,NIFTY 100 - TRI,11.99,,,2.17,2,4,9,1,2,3,,,Quant Large Cap Fund-Reg(G),Equity : Large Cap,33,35,34,34,33,30,28,23,-6.14,-4.26,-1.72,3.8,-2.94,8.89,7.38,10.73,,,,,,,,
HSBC Ultra Short Term Fund-Reg(G),44328,HSBC Mutual Fund,0.52,1.6,3.58,6.43,NIFTY Ultra Short Duration Debt Index,6.99,6.31,,4.77,7,4,10,9,6,4,5,,HSBC Ultra Short Term Fund-Reg(G),Debt : Ultra Short Duration,31,34,33,32,31,24,24,13,4.54,0.49,1.56,3.46,6.12,6.65,6.0,5.88,,,,,,,,
Baroda BNP Paribas Money Market Fund-Reg(G),25167,Baroda BNP Paribas Mutual Fund,0.54,1.68,3.63,6.3,CRISIL Money Market Index,7.03,6.25,,4.64,14,6,8,9,14,13,11,,Baroda BNP Paribas Money Market Fund-Reg(G),Debt : Money Market,24,26,25,25,23,22,19,13,4.6,0.52,1.64,3.55,6.27,7.03,6.36,6.38,,,,,,,,
Franklin India Large & Mid Cap Fund(G),933,Franklin Templeton Mutual Fund,-6.08,-0.94,5.92,-2.63,NIFTY LargeMidcap 250,10.43,8.57,10.63,-5.44,30,36,19,26,30,23,23,19,Franklin India Large & Mid Cap Fund(G),Equity : Large & Mid Cap,33,36,34,33,33,26,26,20,-0.52,-3.92,-0.34,9.21,1.84,12.73,11.15,13.02,-4.66,-2.29,5.8,-0.04,10.86,10.42,,-6.04
ITI Small Cap Fund-Reg(G),44399,ITI Mutual Fund,-0.48,7.26,31.41,20.05,Nifty Smallcap 250 - TRI,23.37,17.16,,21.5,5,20,6,8,5,2,6,,ITI Small Cap Fund-Reg(G),Equity : Small Cap,33,36,36,36,31,24,23,13,14.42,-0.14,5.3,25.2,12.13,15.61,15.16,16.28,,,,,,,,
HDFC Medium Term Fund(G),1278,HDFC Mutual Fund,-0.06,0.94,3.39,5.69,NIFTY Medium Duration Debt Index,7.07,6.0,6.71,3.97,9,15,14,5,7,12,7,5,HDFC Medium Term Fund(G),Debt : Medium Duration,22,23,23,22,22,22,13,12,3.74,0.01,0.88,2.92,5.3,7.09,6.23,6.18,,,,,,,,
Mirae Asset Money Market Fund-Reg(G),45753,Mirae Asset Mutual Fund,0.51,1.62,3.54,6.11,Nifty Money Market Index,7.04,6.23,,4.5,21,20,17,18,19,12,12,,Mirae Asset Money Market Fund-Reg(G),Debt : Money Market,24,26,25,25,23,22,19,13,4.6,0.52,1.64,3.55,6.27,7.03,6.36,6.38,,,,,,,,
ICICI Pru NASDAQ 100 Index Fund(G),45683,ICICI Prudential Mutual Fund,4.91,5.28,28.77,34.83,Nasdaq-100,33.09,,,28.2,2,2,4,2,3,2,,,ICICI Pru NASDAQ 100 Index Fund(G),Equity : International,8,8,8,8,8,8,6,5,29.41,1.22,4.33,21.73,37.46,27.84,11.65,12.62,4.79,3.97,26.67,25.46,27.47,14.81,,29.41
Tata Multicap Fund-Reg(G),47480,Tata Mutual Fund,-4.03,-2.11,10.45,5.3,Nifty500 Multicap 50:25:25 - TRI,8.61,,,1.16,19,28,32,21,16,21,,,Tata Multicap Fund-Reg(G),Equity : Multi Cap,33,33,33,33,33,22,10,7,3.1,-2.77,1.52,13.44,4.67,13.3,11.47,13.51,,,,,,,,
Mirae Asset Healthcare Fund-Reg(G),39122,Mirae Asset Mutual Fund,1.21,7.75,20.44,20.38,BSE Health Care - TRI,22.05,14.33,,21.16,8,6,10,12,8,4,4,,Mirae Asset Healthcare Fund-Reg(G),Equity : Sectoral - Pharma,21,21,21,21,20,12,9,4,18.65,0.58,6.96,21.05,18.29,21.08,14.12,13.63,,,,,,,,
SBI Dynamic Term Fund-Reg(G),2805,SBI Mutual Fund,0.23,1.01,3.06,4.6,CRISIL Dynamic Bond Index,6.53,5.91,6.74,3.95,4,2,2,9,7,9,5,5,SBI Dynamic Term Fund-Reg(G),Debt : Dynamic Bond,23,23,23,23,23,23,23,19,2.57,-0.36,0.16,2.58,3.62,6.05,5.37,6.1,,,,,,,,
Edelweiss Multi Cap Fund-Reg(G),48147,Edelweiss Mutual Fund,-4.3,0.08,10.04,4.3,Nifty500 Multicap 50:25:25 - TRI,,,,0.72,21,30,23,24,18,,,,Edelweiss Multi Cap Fund-Reg(G),Equity : Multi Cap,33,33,33,33,33,22,10,7,3.1,-2.77,1.52,13.44,4.67,13.3,11.47,13.51,,,,,,,,
Mirae Asset Gold ETF,47117,Mirae Asset Mutual Fund,-6.05,7.95,4.24,32.58,Gold-India,35.5,,,13.49,7,26,10,6,26,17,,,Mirae Asset Gold ETF,Metal : ETFs,40,42,42,42,38,22,11,11,3.29,-5.3,7.04,2.11,46.95,39.54,25.66,15.77,,,,,,,,
Kotak Nifty 50 ETF,8469,Kotak Mahindra Mutual Fund,-4.88,-3.47,0.11,-6.01,NIFTY 50 - TRI,6.76,6.48,11.27,-10.6,174,193,168,175,149,91,60,23,Kotak Nifty 50 ETF,Equity : ETFs,232,273,256,246,208,137,85,42,-3.6,-4.03,-1.43,6.06,0.15,10.34,8.93,11.73,,,,,,,,
Nippon India Nifty Smallcap 250 Index Fund-Reg(G),44504,Nippon India Mutual Fund,-1.05,2.61,21.41,6.02,Nifty Smallcap 250 - TRI,13.74,13.45,,8.57,21,17,26,18,31,33,6,,Nippon India Nifty Smallcap 250 Index Fund-Reg(G),Equity : Index Funds,228,253,245,234,219,101,45,18,-3.26,-4.15,-1.59,6.96,-0.34,10.34,8.4,10.7,,,,,,,,
Kotak Business Cycle Fund-Reg(G),46472,Kotak Mahindra Mutual Fund,-1.65,2.9,15.27,4.69,NIFTY 500 - TRI,14.46,,,4.05,37,28,30,34,47,22,,,Kotak Business Cycle Fund-Reg(G),Equity : Thematic,112,120,117,117,108,51,33,9,2.18,-3.04,1.09,11.89,4.44,13.34,11.3,12.9,,,,,,,,
Baroda BNP Paribas Multi Cap Fund-Reg(G),500,Baroda BNP Paribas Mutual Fund,-4.23,-0.24,9.65,1.59,Nifty500 Multicap 50:25:25 - TRI,13.48,11.16,13.08,0.23,23,29,26,27,21,11,6,5,Baroda BNP Paribas Multi Cap Fund-Reg(G),Equity : Multi Cap,33,33,33,33,33,22,10,7,3.1,-2.77,1.52,13.44,4.67,13.3,11.47,13.51,,,,,,,,
Quant Large & Mid Cap Fund(G),874,Quant Mutual Fund,-2.72,-1.11,19.1,9.23,NIFTY LargeMidcap 250 - TRI,13.61,13.71,14.59,7.19,4,4,22,1,1,8,5,3,Quant Large & Mid Cap Fund(G),Equity : Large & Mid Cap,33,36,34,33,33,26,26,20,-0.52,-3.92,-0.34,9.21,1.84,12.73,11.15,13.02,,,,,,,,
Motilal Oswal Arbitrage Fund-Reg(G),49485,Motilal Oswal Mutual Fund,0.4,1.37,2.73,6.05,Nifty 50 Arbitrage - TRI,,,,4.26,21,29,25,26,19,,,,Motilal Oswal Arbitrage Fund-Reg(G),Hybrid : Arbitrage,34,38,37,36,32,25,24,15,4.25,0.41,1.37,2.79,5.98,6.56,5.9,5.56,,,,,,,,
UTI ELSS Tax Saver Fund-Reg(G),3462,UTI Mutual Fund,-5.04,-3.09,3.44,-5.14,NIFTY 500 - TRI,6.98,5.81,10.49,-7.61,41,48,44,39,41,45,45,25,UTI ELSS Tax Saver Fund-Reg(G),Equity : Tax Saving (ELSS),53,53,53,53,53,52,47,30,-2.04,-3.49,-0.87,8.56,-0.32,10.55,10.24,12.18,,,,,,,,
Parag Parikh Conservative Hybrid Fund-Reg(G),45338,PPFAS Mutual Fund,-0.45,0.36,2.48,4.26,CRISIL Hybrid 85+15 - Conservative Index,8.86,8.93,,2.83,3,3,4,17,4,2,2,,Parag Parikh Conservative Hybrid Fund-Reg(G),Hybrid : Conservative Hybrid,27,27,27,27,27,27,27,21,0.82,-1.18,-0.16,3.0,2.31,6.88,6.44,6.9,,,,,,,,
JioBlackRock Money Market Fund-Reg(G),51171,Jio BlackRock Mutual Fund,0.52,,,,Nifty Money Market Index,,,,,,18,,,,,,,JioBlackRock Money Market Fund-Reg(G),Debt : Money Market,24,26,25,25,23,22,19,13,4.6,0.52,1.64,3.55,6.27,7.03,6.36,6.38,,,,,,,,
TRUSTMF Small Cap Fund-Reg(G),48991,Trust Mutual Fund,0.3,7.97,35.13,28.95,Nifty Smallcap 250 - TRI,,,,26.66,3,8,4,3,1,,,,TRUSTMF Small Cap Fund-Reg(G),Equity : Small Cap,33,36,36,36,31,24,23,13,14.42,-0.14,5.3,25.2,12.13,15.61,15.16,16.28,,,,,,,,
Kotak Floating Interest Rates Fund-Reg(G),42597,Kotak Mahindra Mutual Fund,0.18,0.91,2.86,5.36,NIFTY Ultra Short Duration Debt Index,7.22,6.25,,3.6,11,5,9,11,10,5,9,,Kotak Floating Interest Rates Fund-Reg(G),Debt : Floater,12,12,12,12,12,12,12,5,4.1,0.16,1.06,3.2,5.76,7.18,6.36,6.78,,,,,,,,
ICICI Pru Nifty 100 Low Volatility 30 ETF,36395,ICICI Prudential Mutual Fund,-5.2,-2.56,1.88,-4.0,Nifty100 Low Volatility 30 - TRI,9.29,7.94,,-8.24,159,228,129,161,133,62,40,,ICICI Pru Nifty 100 Low Volatility 30 ETF,Equity : ETFs,232,273,256,246,208,137,85,42,-3.6,-4.03,-1.43,6.06,0.15,10.34,8.93,11.73,,,,,,,,
Sundaram Multi Asset Allocation Fund-Reg(G),48460,Sundaram Mutual Fund,-5.22,-0.01,2.83,3.18,NIFTY 500 - TRI,,,,-2.27,28,36,22,29,26,,,,Sundaram Multi Asset Allocation Fund-Reg(G),Hybrid : Multi Asset Allocation,33,36,34,34,30,14,8,6,1.18,-3.02,0.54,4.52,7.5,13.59,12.21,12.2,,,,,,,,
Bandhan CRISIL IBX Gilt April 2028 Index Fund-Reg(G),45422,Bandhan Mutual Fund,0.17,0.99,2.54,5.12,CRISIL IBX Gilt Index - April 2028,7.12,5.79,,3.52,7,7,6,26,7,5,2,,Bandhan CRISIL IBX Gilt April 2028 Index Fund-Reg(G),Debt : Gilt,38,38,38,38,38,34,23,21,2.34,-0.55,-0.06,2.74,3.22,5.99,4.93,5.98,,,,,,,,
NJ Balanced Advantage Fund-Reg(G),45927,NJ Mutual Fund,-2.32,0.22,4.73,-1.39,NIFTY 50 Hybrid Composite Debt 50:50 Index,6.8,,,-1.24,17,14,12,16,27,23,,,NJ Balanced Advantage Fund-Reg(G),Hybrid : Dynamic Asset Allocation,37,38,38,38,37,30,22,11,-1.63,-2.48,-0.35,4.38,0.68,8.22,7.48,8.98,,,,,,,,
UTI Ultra Short Term Fund-Reg(G),3533,UTI Mutual Fund,0.49,1.55,3.35,5.99,NIFTY Ultra Short Duration Debt Index,6.67,6.32,5.96,4.42,21,21,20,23,20,13,4,8,UTI Ultra Short Term Fund-Reg(G),Debt : Ultra Short Duration,31,34,33,32,31,24,24,13,4.54,0.49,1.56,3.46,6.12,6.65,6.0,5.88,,,,,,,,
ICICI Pru Conservative Hybrid Fund-Reg(G),1615,ICICI Prudential Mutual Fund,-1.07,-0.43,2.71,2.2,NIFTY 50 Hybrid Composite Debt 15:85 Index,7.96,7.45,8.44,0.82,15,10,19,16,13,6,5,2,ICICI Pru Conservative Hybrid Fund-Reg(G),Hybrid : Conservative Hybrid,27,27,27,27,27,27,27,21,0.82,-1.18,-0.16,3.0,2.31,6.88,6.44,6.9,,,,,,,,
Aditya Birla SL Nifty 50 ETF,12811,Aditya Birla Sun Life Mutual Fund,-4.88,-3.49,0.09,-6.01,NIFTY 50 - TRI,6.75,6.54,11.29,-10.62,178,198,176,179,148,92,51,21,Aditya Birla SL Nifty 50 ETF,Equity : ETFs,232,273,256,246,208,137,85,42,-3.6,-4.03,-1.43,6.06,0.15,10.34,8.93,11.73,,,,,,,,
Aditya Birla SL Medium Term Fund-Reg(G),7683,Aditya Birla Sun Life Mutual Fund,-0.02,0.98,3.8,8.02,CRISIL Medium Duration Debt Index,9.67,11.82,8.29,6.13,1,11,13,1,1,1,1,1,Aditya Birla SL Medium Term Fund-Reg(G),Debt : Medium Duration,22,23,23,22,22,22,13,12,3.74,0.01,0.88,2.92,5.3,7.09,6.23,6.18,,,,,,,,
HDFC Pharma and Healthcare Fund-Reg(G),48220,HDFC Mutual Fund,1.54,8.65,26.53,27.38,BSE Health Care - TRI,,,,26.67,2,3,7,3,2,,,,HDFC Pharma and Healthcare Fund-Reg(G),Equity : Sectoral - Pharma,21,21,21,21,20,12,9,4,18.65,0.58,6.96,21.05,18.29,21.08,14.12,13.63,,,,,,,,
Bank of India Small Cap Fund-Reg(G),41323,Bank of India Mutual Fund,1.54,9.45,39.76,26.13,Nifty Smallcap 250 - TRI,20.96,18.28,,30.85,1,4,3,1,2,4,1,,Bank of India Small Cap Fund-Reg(G),Equity : Small Cap,33,36,36,36,31,24,23,13,14.42,-0.14,5.3,25.2,12.13,15.61,15.16,16.28,,,,,,,,
DSP Equity Savings Fund-Reg(G),34871,DSP Mutual Fund,-0.77,-0.72,1.5,1.46,NIFTY 50 Equity Savings Index - TRI,7.55,6.36,7.23,-0.51,19,6,23,22,21,8,13,8,DSP Equity Savings Fund-Reg(G),Hybrid : Equity Savings,24,24,24,24,24,21,21,14,1.27,-1.02,0.5,3.63,3.17,7.57,6.8,7.45,,,,,,,,
Tata Banking & Financial Services Fund-Reg(G),33726,Tata Mutual Fund,-5.32,-3.46,3.55,0.24,Nifty Financial Services - TRI,9.56,9.7,12.37,-6.1,18,19,13,22,15,12,7,4,Tata Banking & Financial Services Fund-Reg(G),Equity : Sectoral - Financial Services,24,28,28,28,23,17,13,11,-4.0,-4.78,-3.54,5.32,2.41,10.9,9.73,11.13,,,,,,,,
Aditya Birla SL MNC Fund-Reg(G),425,Aditya Birla Sun Life Mutual Fund,-5.39,-1.9,6.36,-8.26,NIFTY MNC - TRI,5.57,4.75,7.39,-5.4,7,7,6,6,7,5,4,3,Aditya Birla SL MNC Fund-Reg(G),Equity : Thematic - MNC,7,7,7,7,7,5,4,3,3.14,-3.6,0.35,12.03,3.96,7.31,7.36,9.16,,,,,,,,
HSBC Arbitrage Fund-Reg(G),29550,HSBC Mutual Fund,0.46,1.4,2.88,6.14,Nifty 50 Arbitrage,6.6,5.92,5.69,4.38,10,7,18,18,10,13,15,9,HSBC Arbitrage Fund-Reg(G),Hybrid : Arbitrage,34,38,37,36,32,25,24,15,4.25,0.41,1.37,2.79,5.98,6.56,5.9,5.56,0.4,1.74,3.05,7.22,7.4,6.62,,6.8
SBI Nifty 10 yr Benchmark G-Sec ETF,32455,SBI Mutual Fund,-1.18,-0.63,1.49,1.56,Nifty 10 yr Benchmark G-Sec,6.25,4.95,5.48,1.14,30,30,29,29,29,10,9,3,SBI Nifty 10 yr Benchmark G-Sec ETF,Debt : ETFs,31,34,31,31,30,15,10,4,3.01,-0.35,0.44,2.25,4.33,6.47,5.55,5.58,-1.2,-0.59,1.5,1.61,6.41,5.09,,1.5
Aditya Birla SL Nifty SDL Apr 2027 Index Fund-Reg(G),46112,Aditya Birla Sun Life Mutual Fund,0.39,1.24,2.65,5.63,Nifty SDL Apr 2027 Index,6.99,,,3.91,19,13,23,37,18,36,,,Aditya Birla SL Nifty SDL Apr 2027 Index Fund-Reg(G),Debt : Medium to Long Duration,58,59,59,58,58,50,12,11,3.39,0.01,0.87,2.74,4.94,6.88,5.21,5.53,,,,,,,,
ICICI Pru Income plus Arbitrage Omni FOF(G),1701,ICICI Prudential Mutual Fund,0.11,1.03,3.23,5.97,NIFTY Composite Debt Index,8.74,8.95,8.69,4.26,27,19,60,73,41,44,26,18,ICICI Pru Income plus Arbitrage Omni FOF(G),FoFs : Domestic,108,135,127,125,99,61,41,27,2.81,-3.15,2.04,5.11,14.87,17.1,10.87,10.45,,,,,,,,
Edelweiss Gold and Silver ETF FoF-Reg(G),46800,Edelweiss Mutual Fund,-5.2,6.68,1.65,50.54,Gold-India,40.16,,,7.63,20,110,20,104,12,8,,,Edelweiss Gold and Silver ETF FoF-Reg(G),FoFs : Domestic,108,135,127,125,99,61,41,27,2.81,-3.15,2.04,5.11,14.87,17.1,10.87,10.45,,,,,,,,
JioBlackRock Flexi Cap Fund-Reg(G),51167,Jio BlackRock Mutual Fund,-3.63,,,,NIFTY 500 - TRI,,,,,,30,,,,,,,JioBlackRock Flexi Cap Fund-Reg(G),Equity : Flexi Cap,55,58,56,56,53,47,36,24,-0.83,-3.33,0.32,9.42,1.07,10.83,9.29,11.79,,,,,,,,
DSP Banking and PSU Debt Fund-Reg(G),22142,DSP Mutual Fund,-0.18,0.24,2.76,3.99,NIFTY Banking and PSU Debt Index,6.51,5.68,6.59,2.55,21,21,21,17,21,16,13,11,DSP Banking and PSU Debt Fund-Reg(G),Debt : Banking & PSU,21,21,21,21,21,20,18,16,3.22,0.08,0.74,2.9,4.74,6.68,5.83,6.66,,,,,,,,
HSBC Multi Asset Allocation Fund-Reg(G),48468,HSBC Mutual Fund,-3.64,-0.16,7.2,8.45,BSE 200 - TRI,,,,3.74,7,26,24,3,14,,,,HSBC Multi Asset Allocation Fund-Reg(G),Hybrid : Multi Asset Allocation,33,36,34,34,30,14,8,6,1.18,-3.02,0.54,4.52,7.5,13.59,12.21,12.2,,,,,,,,
SBI Retirement Benefit Fund-Aggressive Plan-Reg(G),30398,SBI Mutual Fund,-3.21,0.04,9.21,-0.06,BSE 500 - TRI,7.65,9.56,,-2.2,32,22,30,27,30,41,15,,SBI Retirement Benefit Fund-Aggressive Plan-Reg(G),Equity : Flexi Cap,55,58,56,56,53,47,36,24,-0.83,-3.33,0.32,9.42,1.07,10.83,9.29,11.79,,,,,,,,
ICICI Pru Bharat Consumption Fund-Reg(G),41946,ICICI Prudential Mutual Fund,-5.06,-0.61,8.44,-5.94,Nifty India Consumption - TRI,8.71,11.33,,-4.61,14,19,24,16,13,8,3,,ICICI Pru Bharat Consumption Fund-Reg(G),Equity : Thematic - Consumption,26,27,27,27,22,15,13,10,-1.97,-4.07,2.02,11.36,-3.98,9.03,9.56,12.06,,,,,,,,
DSP Short Term Fund-Reg(G),729,DSP Mutual Fund,0.02,0.57,2.74,4.44,CRISIL Short Duration Debt Index,6.49,5.57,6.21,3.08,25,24,28,23,25,18,16,11,DSP Short Term Fund-Reg(G),Debt : Short Duration,32,33,32,32,32,25,23,18,3.45,0.12,0.88,2.91,4.9,6.61,5.86,6.24,,,,,,,,
HDFC Conservative Hybrid Fund(G),1298,HDFC Mutual Fund,-1.21,-1.1,1.47,1.11,NIFTY 50 Hybrid Composite Debt 15:85 Index,6.6,7.11,7.62,-0.68,22,15,23,23,20,14,8,5,HDFC Conservative Hybrid Fund(G),Hybrid : Conservative Hybrid,27,27,27,27,27,27,27,21,0.82,-1.18,-0.16,3.0,2.31,6.88,6.44,6.9,,,,,,,,
LIC MF Large & Midcap Fund-Reg(G),31950,LIC Mutual Fund,-5.04,-1.45,6.97,-0.95,NIFTY LargeMidcap 250 - TRI,11.94,9.35,12.61,-2.58,20,31,26,21,26,14,20,14,LIC MF Large & Midcap Fund-Reg(G),Equity : Large & Mid Cap,33,36,34,33,33,26,26,20,-0.52,-3.92,-0.34,9.21,1.84,12.73,11.15,13.02,,,,,,,,
Motilal Oswal Nifty 500 Index Fund-Reg(G),43809,Motilal Oswal Mutual Fund,-4.3,-2.11,5.46,-1.76,NIFTY 500 - TRI,9.36,8.27,,-5.17,137,116,124,117,136,52,21,,Motilal Oswal Nifty 500 Index Fund-Reg(G),Equity : Index Funds,228,253,245,234,219,101,45,18,-3.26,-4.15,-1.59,6.96,-0.34,10.34,8.4,10.7,,,,,,,,
Axis Gold Fund-Reg(G),15330,Axis Mutual Fund,-6.32,8.56,4.12,31.51,Gold-India,34.49,24.98,15.36,13.01,2,4,1,6,5,6,3,4,Axis Gold Fund-Reg(G),Metal : MFs,6,6,6,6,6,6,6,6,12.81,-6.31,8.36,4.36,31.57,34.82,25.02,15.5,,,,,,,,
HDFC Innovation Fund-Reg(G),49691,HDFC Mutual Fund,-1.67,9.44,23.47,14.91,NIFTY 500 - TRI,,,,15.01,12,29,5,18,11,,,,HDFC Innovation Fund-Reg(G),Equity : Thematic,112,120,117,117,108,51,33,9,2.18,-3.04,1.09,11.89,4.44,13.34,11.3,12.9,,,,,,,,
Quant Infrastructure Fund(G),881,Quant Mutual Fund,-2.91,-2.31,21.8,8.14,Nifty Infrastructure - TRI,16.36,16.21,18.82,8.33,7,13,9,1,5,8,12,1,Quant Infrastructure Fund(G),Equity : Sectoral - Infrastructure,22,22,22,22,21,19,19,18,3.92,-2.54,-2.88,10.36,3.25,15.22,16.22,14.92,,,,,,,,
Franklin Build India Fund(G),7864,Franklin Templeton Mutual Fund,-3.34,-6.46,0.94,-2.13,BSE India Infrastructure Index - TRI,15.19,16.77,15.44,-3.14,19,16,20,22,16,10,10,7,Franklin Build India Fund(G),Equity : Sectoral - Infrastructure,22,22,22,22,21,19,19,18,3.92,-2.54,-2.88,10.36,3.25,15.22,16.22,14.92,,,,,,,,
Motilal Oswal Large Cap Fund-Reg(G),48488,Motilal Oswal Mutual Fund,-3.78,-1.67,5.2,-3.59,NIFTY 100 - TRI,,,,-6.46,16,6,15,6,15,,,,Motilal Oswal Large Cap Fund-Reg(G),Equity : Large Cap,33,35,34,34,33,30,28,23,-6.14,-4.26,-1.72,3.8,-2.94,8.89,7.38,10.73,,,,,,,,
Edelweiss Banking and PSU Debt Fund-Reg(G),23296,Edelweiss Mutual Fund,0.27,1.04,2.83,4.43,CRISIL Banking and PSU Debt Index,6.68,5.62,7.13,3.07,14,3,4,11,15,10,15,1,Edelweiss Banking and PSU Debt Fund-Reg(G),Debt : Banking & PSU,21,21,21,21,21,20,18,16,3.22,0.08,0.74,2.9,4.74,6.68,5.83,6.66,,,,,,,,
Nippon India Retirement Fund-Wealth Creation(G),17164,Nippon India Mutual Fund,-4.61,-1.9,4.53,-3.4,BSE 500 - TRI,9.68,9.27,9.89,-3.46,37,51,44,45,43,31,16,20,Nippon India Retirement Fund-Wealth Creation(G),Equity : Flexi Cap,55,58,56,56,53,47,36,24,-0.83,-3.33,0.32,9.42,1.07,10.83,9.29,11.79,,,,,,,,
Kotak Manufacture in India Fund-Reg(G),46107,Kotak Mahindra Mutual Fund,-0.51,6.84,18.97,16.4,Nifty India Manufacturing - TRI,19.39,,,13.16,18,14,14,28,10,4,,,Kotak Manufacture in India Fund-Reg(G),Equity : Thematic,112,120,117,117,108,51,33,9,2.18,-3.04,1.09,11.89,4.44,13.34,11.3,12.9,,,,,,,,
Nippon India Innovation Fund-Reg(G),48169,Nippon India Mutual Fund,-4.57,1.66,14.71,0.77,NIFTY 500 - TRI,13.05,,,2.24,48,91,46,38,67,28,,,Nippon India Innovation Fund-Reg(G),Equity : Thematic,112,120,117,117,108,51,33,9,2.18,-3.04,1.09,11.89,4.44,13.34,11.3,12.9,,,,,,,,
Aditya Birla SL Gold ETF,13056,Aditya Birla Sun Life Mutual Fund,-6.09,8.0,4.26,32.77,Gold-India,35.57,25.66,15.84,13.56,4,33,2,4,21,15,5,3,Aditya Birla SL Gold ETF,Metal : ETFs,40,42,42,42,38,22,11,11,3.29,-5.3,7.04,2.11,46.95,39.54,25.66,15.77,,,,,,,,
UTI Nifty Bank ETF,44435,UTI Mutual Fund,-3.38,-4.33,4.04,1.52,NIFTY BANK - TRI,8.14,8.71,,-6.27,135,77,223,128,80,73,30,,UTI Nifty Bank ETF,Equity : ETFs,232,273,256,246,208,137,85,42,-3.6,-4.03,-1.43,6.06,0.15,10.34,8.93,11.73,,,,,,,,
Edelweiss Greater China Equity Off-shore Fund-Reg(G),7869,Edelweiss Mutual Fund,0.87,-1.76,14.23,21.77,MSCI Golden Dragon Index (Total Return Net),23.4,5.8,11.77,21.18,19,25,43,31,34,31,33,10,Edelweiss Greater China Equity Off-shore Fund-Reg(G),FoFs : Overseas,54,55,55,55,54,53,38,23,18.34,0.21,3.61,15.81,24.5,25.31,13.29,11.62,,,,,,,,
Bandhan Multi Cap Fund-Reg(G),45867,Bandhan Mutual Fund,-3.51,-1.88,8.94,0.3,Nifty500 Multicap 50:25:25 - TRI,10.94,,,-2.28,31,23,30,30,27,18,,,Bandhan Multi Cap Fund-Reg(G),Equity : Multi Cap,33,33,33,33,33,22,10,7,3.1,-2.77,1.52,13.44,4.67,13.3,11.47,13.51,,,,,,,,
Sundaram Multi Cap Fund(G),2370,Sundaram Mutual Fund,-4.32,0.61,9.91,0.4,Nifty500 Multicap 50:25:25 - TRI,11.56,10.4,13.13,-1.74,27,31,19,25,24,17,7,4,Sundaram Multi Cap Fund(G),Equity : Multi Cap,33,33,33,33,33,22,10,7,3.1,-2.77,1.52,13.44,4.67,13.3,11.47,13.51,,,,,,,,
SBI Nifty Next 50 ETF,30248,SBI Mutual Fund,-3.62,-0.21,13.51,6.01,NIFTY NEXT 50 - TRI,17.62,11.56,12.81,4.31,32,97,61,36,43,18,22,7,SBI Nifty Next 50 ETF,Equity : ETFs,232,273,256,246,208,137,85,42,-3.6,-4.03,-1.43,6.06,0.15,10.34,8.93,11.73,,,,,,,,
ICICI Pru Nifty Bank ETF,32451,ICICI Prudential Mutual Fund,-3.37,-4.33,4.05,1.54,NIFTY BANK - TRI,8.12,8.67,,-6.26,133,75,221,126,78,74,31,,ICICI Pru Nifty Bank ETF,Equity : ETFs,232,273,256,246,208,137,85,42,-3.6,-4.03,-1.43,6.06,0.15,10.34,8.93,11.73,,,,,,,,
Sundaram Large Cap Fund-Reg(G),44397,Sundaram Mutual Fund,-4.38,-2.74,2.08,-3.85,NIFTY 100 - TRI,6.05,5.78,,-7.36,18,14,25,27,19,29,23,,Sundaram Large Cap Fund-Reg(G),Equity : Large Cap,33,35,34,34,33,30,28,23,-6.14,-4.26,-1.72,3.8,-2.94,8.89,7.38,10.73,,,,,,,,
Nippon India Multi-Asset Omni FoF-Reg(G),44074,Nippon India Mutual Fund,-3.25,0.83,7.06,7.39,CRISIL Short Term Bond Index,15.23,14.12,,3.71,39,61,74,32,36,18,6,,Nippon India Multi-Asset Omni FoF-Reg(G),FoFs : Domestic,108,135,127,125,99,61,41,27,2.81,-3.15,2.04,5.11,14.87,17.1,10.87,10.45,,,,,,,,
DSP Multi Cap Fund-Reg(G),48040,DSP Mutual Fund,-3.27,-0.72,11.76,-0.67,Nifty500 Multicap 50:25:25 - TRI,,,,-0.4,25,22,27,19,29,,,,DSP Multi Cap Fund-Reg(G),Equity : Multi Cap,33,33,33,33,33,22,10,7,3.1,-2.77,1.52,13.44,4.67,13.3,11.47,13.51,,,,,,,,
UTI Balanced Advantage Fund-Reg(G),48102,UTI Mutual Fund,-3.15,-0.96,1.82,-3.13,NIFTY 50 Hybrid Composite Debt 50:50 Index,6.69,,,-5.93,36,31,23,35,35,27,,,UTI Balanced Advantage Fund-Reg(G),Hybrid : Dynamic Asset Allocation,37,38,38,38,37,30,22,11,-1.63,-2.48,-0.35,4.38,0.68,8.22,7.48,8.98,,,,,,,,
Aditya Birla SL Silver ETF,46194,Aditya Birla Sun Life Mutual Fund,-4.15,5.82,-1.19,66.9,Silver,45.44,,,0.79,26,10,29,26,5,3,,,Aditya Birla SL Silver ETF,Metal : ETFs,40,42,42,42,38,22,11,11,3.29,-5.3,7.04,2.11,46.95,39.54,25.66,15.77,,,,,,,,
Bandhan Innovation Fund-Reg(G),48656,Bandhan Mutual Fund,-1.61,8.73,26.44,17.4,NIFTY 500 - TRI,,,,16.02,10,26,6,12,9,,,,Bandhan Innovation Fund-Reg(G),Equity : Thematic,112,120,117,117,108,51,33,9,2.18,-3.04,1.09,11.89,4.44,13.34,11.3,12.9,,,,,,,,
Edelweiss Multi Asset Allocation Fund-Reg(G),47994,Edelweiss Mutual Fund,0.4,1.24,3.26,6.22,CRISIL Short Term Bond Index,7.18,,,4.99,6,1,10,26,20,14,,,Edelweiss Multi Asset Allocation Fund-Reg(G),Hybrid : Multi Asset Allocation,33,36,34,34,30,14,8,6,1.18,-3.02,0.54,4.52,7.5,13.59,12.21,12.2,,,,,,,,
Bank of India Flexi Cap Fund-Reg(G),44987,Bank of India Mutual Fund,-1.39,3.26,15.2,9.53,BSE 500 - TRI,17.62,14.69,,8.32,2,5,6,8,3,2,3,,Bank of India Flexi Cap Fund-Reg(G),Equity : Flexi Cap,55,58,56,56,53,47,36,24,-0.83,-3.33,0.32,9.42,1.07,10.83,9.29,11.79,,,,,,,,
Kotak Nifty SDL Apr 2032 Top 12 Equal Weight Index Fund-Reg(G),46390,Kotak Mahindra Mutual Fund,-0.93,0.16,2.24,4.37,Nifty SDL Apr 2032 Top 12 Equal Weight Index,6.8,,,3.22,5,7,1,19,3,6,,,Kotak Nifty SDL Apr 2032 Top 12 Equal Weight Index Fund-Reg(G),Debt : Long Duration,25,27,25,25,25,19,3,2,2.17,-1.06,-0.5,2.55,3.05,6.26,4.81,5.99,,,,,,,,
Mahindra Manulife Large & Mid Cap Fund-Reg(G),43915,Mahindra Manulife Mutual Fund,-3.65,2.25,9.96,3.27,NIFTY LargeMidcap 250 - TRI,10.39,10.57,,0.85,12,13,3,12,12,24,13,,Mahindra Manulife Large & Mid Cap Fund-Reg(G),Equity : Large & Mid Cap,33,36,34,33,33,26,26,20,-0.52,-3.92,-0.34,9.21,1.84,12.73,11.15,13.02,,,,,,,,
Tata Short Term Fund-Reg(G),3286,Tata Mutual Fund,-0.02,0.67,2.62,4.23,CRISIL Short Duration Debt Index,6.24,5.41,5.52,3.0,29,29,23,27,29,24,19,15,Tata Short Term Fund-Reg(G),Debt : Short Duration,32,33,32,32,32,25,23,18,3.45,0.12,0.88,2.91,4.9,6.61,5.86,6.24,,,,,,,,
SBI Quant Fund-Reg(G),48902,SBI Mutual Fund,-7.2,-4.04,-3.88,-4.17,NIFTY 200 - TRI,,,,-11.82,112,120,111,117,96,,,,SBI Quant Fund-Reg(G),Equity : Thematic,112,120,117,117,108,51,33,9,2.18,-3.04,1.09,11.89,4.44,13.34,11.3,12.9,,,,,,,,
Canara Rob Focused Fund-Reg(G),45510,Canara Robeco Mutual Fund,-4.65,-0.87,4.73,-4.32,BSE 500 - TRI,10.81,9.68,,-5.87,24,18,18,23,26,14,11,,Canara Rob Focused Fund-Reg(G),Equity : Focused,28,28,28,28,28,27,25,14,-0.57,-3.87,0.24,9.79,1.93,11.27,9.35,12.18,,,,,,,,
Motilal Oswal Gold and Silver Passive FoF-Reg(G),17788,Motilal Oswal Mutual Fund,-5.62,6.68,2.75,39.57,Gold-India,37.02,,,7.32,21,114,21,94,14,9,,,Motilal Oswal Gold and Silver Passive FoF-Reg(G),FoFs : Domestic,108,135,127,125,99,61,41,27,2.81,-3.15,2.04,5.11,14.87,17.1,10.87,10.45,,,,,,,,
Franklin India Multi Asset Allocation Fund-Reg(G),50069,Franklin Templeton Mutual Fund,-4.26,-0.6,3.39,6.39,NIFTY 500 - TRI,,,,-0.61,24,33,31,25,19,,,,Franklin India Multi Asset Allocation Fund-Reg(G),Hybrid : Multi Asset Allocation,33,36,34,34,30,14,8,6,1.18,-3.02,0.54,4.52,7.5,13.59,12.21,12.2,,,,,,,,
Tata India Consumer Fund-Reg(G),33728,Tata Mutual Fund,-3.85,4.15,17.67,3.98,Nifty India Consumption - TRI,13.44,11.91,14.95,3.72,5,10,6,5,2,3,2,1,Tata India Consumer Fund-Reg(G),Equity : Thematic - Consumption,26,27,27,27,22,15,13,10,-1.97,-4.07,2.02,11.36,-3.98,9.03,9.56,12.06,,,,,,,,
Nippon India Nifty AAA CPSE Bond Plus SDL - Apr 2027 Maturity 60:40 Index Fund(G),46532,Nippon India Mutual Fund,0.48,1.53,3.32,6.1,Nifty AAA CPSE Bond Plus SDL Apr 2027 60:40 Index,7.24,,,4.44,1,4,3,4,1,10,,,Nippon India Nifty AAA CPSE Bond Plus SDL - Apr 2027 Maturity 60:40 Index Fund(G),Debt : Medium to Long Duration,58,59,59,58,58,50,12,11,3.39,0.01,0.87,2.74,4.94,6.88,5.21,5.53,,,,,,,,
Tata Ultra Short to Short Term Fund-Reg(G),3205,Tata Mutual Fund,0.43,1.44,3.41,6.01,CRISIL Low Duration Debt Index,6.9,6.15,5.95,4.39,4,4,10,7,5,5,5,14,Tata Ultra Short to Short Term Fund-Reg(G),Debt : Low Duration,26,31,30,29,26,20,20,19,4.14,0.39,1.39,3.25,5.72,6.8,6.09,6.18,,,,,,,,
DSP Gold ETF,47938,DSP Mutual Fund,-6.07,7.96,4.24,32.66,Gold-India,35.44,,,13.5,6,28,7,7,24,20,,,DSP Gold ETF,Metal : ETFs,40,42,42,42,38,22,11,11,3.29,-5.3,7.04,2.11,46.95,39.54,25.66,15.77,,,,,,,,
DSP Overnight Fund-Reg(G),41945,DSP Mutual Fund,0.41,1.25,2.55,5.19,CRISIL Liquid Overnight Index,5.98,5.65,,3.75,13,14,14,14,13,12,8,,DSP Overnight Fund-Reg(G),Debt : Overnight,35,37,35,35,35,33,27,3,3.71,0.4,1.24,2.54,5.14,5.94,5.62,5.27,,,,,,,,
Nippon India Nifty Midcap 150 Index Fund-Reg(G),44503,Nippon India Mutual Fund,-4.66,-1.35,9.93,4.78,Nifty Midcap 150 - TRI,13.88,14.37,,0.67,67,131,86,65,56,30,2,,Nippon India Nifty Midcap 150 Index Fund-Reg(G),Equity : Index Funds,228,253,245,234,219,101,45,18,-3.26,-4.15,-1.59,6.96,-0.34,10.34,8.4,10.7,,,,,,,,
Kotak Conservative Hybrid Fund(G),2051,Kotak Mahindra Mutual Fund,-1.19,-0.3,2.41,1.58,CRISIL Hybrid 85+15 - Conservative Index,7.17,6.91,8.15,-0.37,20,13,18,19,18,10,10,3,Kotak Conservative Hybrid Fund(G),Hybrid : Conservative Hybrid,27,27,27,27,27,27,27,21,0.82,-1.18,-0.16,3.0,2.31,6.88,6.44,6.9,,,,,,,,
SBI Consumption Opp Fund-Reg(G),19166,SBI Mutual Fund,-5.05,-2.98,1.92,-11.24,Nifty India Consumption - TRI,4.53,10.19,12.44,-9.77,25,18,26,26,21,14,6,5,SBI Consumption Opp Fund-Reg(G),Equity : Thematic - Consumption,26,27,27,27,22,15,13,10,-1.97,-4.07,2.02,11.36,-3.98,9.03,9.56,12.06,,,,,,,,
Franklin India Balanced Advantage Fund-Reg(G),46625,Franklin Templeton Mutual Fund,-2.56,-1.17,3.22,-0.77,NIFTY 50 Hybrid Composite Debt 50:50 Index,8.11,,,-2.23,22,17,27,25,24,18,,,Franklin India Balanced Advantage Fund-Reg(G),Hybrid : Dynamic Asset Allocation,37,38,38,38,37,30,22,11,-1.63,-2.48,-0.35,4.38,0.68,8.22,7.48,8.98,,,,,,,,
UTI MEPUS,3617,UTI Mutual Fund,-4.56,-1.8,2.7,-5.95,BSE 100 - TRI,6.43,5.83,9.65,-9.04,47,38,31,41,45,46,44,27,UTI MEPUS,Equity : Tax Saving (ELSS),53,53,53,53,53,52,47,30,-2.04,-3.49,-0.87,8.56,-0.32,10.55,10.24,12.18,,,,,,,,
DSP Corp Bond Fund-Reg(G),37709,DSP Mutual Fund,0.48,1.56,3.37,5.77,CRISIL Corporate Bond Index,7.09,5.78,,4.24,1,1,1,2,1,3,11,,DSP Corp Bond Fund-Reg(G),Debt : Corporate Bond,21,21,21,21,21,21,19,13,3.17,0.0,0.66,2.88,4.63,6.78,5.84,6.57,,,,,,,,
Bandhan Nifty 50 Index Fund-Reg(G),9078,Bandhan Mutual Fund,-4.93,-3.63,-0.22,-6.63,NIFTY 50 - TRI,6.06,5.92,10.86,-11.03,196,201,190,200,179,86,35,6,Bandhan Nifty 50 Index Fund-Reg(G),Equity : Index Funds,228,253,245,234,219,101,45,18,-3.26,-4.15,-1.59,6.96,-0.34,10.34,8.4,10.7,,,,,,,,
Tata Corp Bond Fund-Reg(G),46079,Tata Mutual Fund,-0.02,0.52,2.71,4.33,CRISIL Corporate Bond Index,6.6,,,2.92,15,13,16,16,15,16,,,Tata Corp Bond Fund-Reg(G),Debt : Corporate Bond,21,21,21,21,21,21,19,13,3.17,0.0,0.66,2.88,4.63,6.78,5.84,6.57,,,,,,,,
Parag Parikh Arbitrage Fund-Reg(G),48215,PPFAS Mutual Fund,0.42,1.45,2.95,6.2,Nifty 50 Arbitrage - TRI,,,,4.43,6,25,7,9,6,,,,Parag Parikh Arbitrage Fund-Reg(G),Hybrid : Arbitrage,34,38,37,36,32,25,24,15,4.25,0.41,1.37,2.79,5.98,6.56,5.9,5.56,,,,,,,,
Abakkus Small Cap Fund-Reg(G),50666,Abakkus Mutual Fund,-1.03,3.75,24.02,,Nifty Smallcap 250 - TRI,,,,,,29,26,21,,,,,Abakkus Small Cap Fund-Reg(G),Equity : Small Cap,33,36,36,36,31,24,23,13,14.42,-0.14,5.3,25.2,12.13,15.61,15.16,16.28,,,,,,,,
Mahindra Manulife Aggressive Hybrid Fund-Reg(G),43978,Mahindra Manulife Mutual Fund,-3.91,-2.02,1.87,-3.84,CRISIL Hybrid 35+65 - Aggressive Index,9.86,9.22,,-6.25,39,41,37,42,39,16,16,,Mahindra Manulife Aggressive Hybrid Fund-Reg(G),Hybrid : Aggressive Hybrid,43,44,43,43,43,41,41,28,-1.6,-2.93,-0.57,6.19,0.55,9.9,8.59,10.55,,,,,,,,
UTI MNC Fund-Reg(G),3634,UTI Mutual Fund,-3.91,-0.59,9.05,-2.01,NIFTY MNC - TRI,7.89,6.9,9.33,-2.85,5,4,4,5,6,2,3,2,UTI MNC Fund-Reg(G),Equity : Thematic - MNC,7,7,7,7,7,5,4,3,3.14,-3.6,0.35,12.03,3.96,7.31,7.36,9.16,,,,,,,,
HDFC Business Cycle Fund-Reg(G),46445,HDFC Mutual Fund,-2.19,2.15,15.53,2.23,NIFTY 500 - TRI,10.33,,,3.41,40,34,36,33,59,37,,,HDFC Business Cycle Fund-Reg(G),Equity : Thematic,112,120,117,117,108,51,33,9,2.18,-3.04,1.09,11.89,4.44,13.34,11.3,12.9,,,,,,,,
Tata Large Cap Fund-Reg(G),3281,Tata Mutual Fund,-5.8,-3.74,2.96,-3.76,NIFTY 100 - TRI,8.68,7.65,10.44,-7.59,20,34,32,19,17,17,14,15,Tata Large Cap Fund-Reg(G),Equity : Large Cap,33,35,34,34,33,30,28,23,-6.14,-4.26,-1.72,3.8,-2.94,8.89,7.38,10.73,,,,,,,,
Invesco India ELSS Tax Saver Fund-Reg(G),2270,Invesco Mutual Fund,-3.12,2.41,14.18,-0.79,BSE 500 - TRI,11.4,8.31,12.2,0.36,17,17,7,14,27,23,34,13,Invesco India ELSS Tax Saver Fund-Reg(G),Equity : Tax Saving (ELSS),53,53,53,53,53,52,47,30,-2.04,-3.49,-0.87,8.56,-0.32,10.55,10.24,12.18,,,,,,,,
ICICI Pru Bharat 22 FOF-(G),40232,ICICI Prudential Mutual Fund,-3.26,-5.53,-3.61,1.82,BSE Bharat 22 Index,14.37,20.34,,-5.05,102,62,126,125,81,22,5,,ICICI Pru Bharat 22 FOF-(G),FoFs : Domestic,108,135,127,125,99,61,41,27,2.81,-3.15,2.04,5.11,14.87,17.1,10.87,10.45,-2.93,-5.82,-3.98,0.32,12.1,17.25,,-7.05
ICICI Pru Housing Opp Fund-Reg(G),46546,ICICI Prudential Mutual Fund,-3.66,-3.11,4.21,-2.21,Nifty Housing - TRI,10.11,,,-3.22,78,64,104,92,81,40,,,ICICI Pru Housing Opp Fund-Reg(G),Equity : Thematic,112,120,117,117,108,51,33,9,2.18,-3.04,1.09,11.89,4.44,13.34,11.3,12.9,,,,,,,,
ICICI Pru Nifty Next 50 ETF,39950,ICICI Prudential Mutual Fund,-3.63,-0.22,13.32,5.87,NIFTY NEXT 50 - TRI,17.59,11.57,,4.15,36,103,62,45,48,20,21,,ICICI Pru Nifty Next 50 ETF,Equity : ETFs,232,273,256,246,208,137,85,42,-3.6,-4.03,-1.43,6.06,0.15,10.34,8.93,11.73,,,,,,,,
Kotak Nifty PSU Bank ETF,3723,Kotak Mahindra Mutual Fund,-3.63,-4.04,-2.96,12.41,NIFTY PSU BANK - TRI,16.87,29.15,10.05,-2.47,94,105,211,224,20,25,2,39,Kotak Nifty PSU Bank ETF,Equity : ETFs,232,273,256,246,208,137,85,42,-3.6,-4.03,-1.43,6.06,0.15,10.34,8.93,11.73,,,,,,,,
HDFC NIFTY Next 50 Index Fund-Reg(G),45985,HDFC Mutual Fund,-3.68,-0.4,13.04,5.24,NIFTY NEXT 50 - TRI,16.69,,,3.73,32,81,56,36,43,16,,,HDFC NIFTY Next 50 Index Fund-Reg(G),Equity : Index Funds,228,253,245,234,219,101,45,18,-3.26,-4.15,-1.59,6.96,-0.34,10.34,8.4,10.7,,,,,,,,
Mirae Asset NYSE FANG+ETF FoF-Reg(G),45496,Mirae Asset Mutual Fund,15.17,27.65,49.05,39.63,NYSE FANG+ TRI,56.8,34.26,,36.13,4,2,2,1,9,1,1,,Mirae Asset NYSE FANG+ETF FoF-Reg(G),FoFs : Overseas,54,55,55,55,54,53,38,23,18.34,0.21,3.61,15.81,24.5,25.31,13.29,11.62,,,,,,,,
HDFC Diversified Equity All Cap Active FOF-Reg(G),50229,HDFC Mutual Fund,-3.76,-1.21,5.62,,NIFTY 500 - TRI,,,,-4.14,100,77,110,41,,,,,HDFC Diversified Equity All Cap Active FOF-Reg(G),FoFs : Domestic,108,135,127,125,99,61,41,27,2.81,-3.15,2.04,5.11,14.87,17.1,10.87,10.45,,,,,,,,
NJ Flexi Cap Fund-Reg(G),48135,NJ Mutual Fund,-3.62,-0.16,6.24,-5.27,NIFTY 500 - TRI,8.2,,,-4.34,39,29,33,38,47,38,,,NJ Flexi Cap Fund-Reg(G),Equity : Flexi Cap,55,58,56,56,53,47,36,24,-0.83,-3.33,0.32,9.42,1.07,10.83,9.29,11.79,,,,,,,,
HDFC Long Term Fund-Reg(G),45991,HDFC Mutual Fund,-0.95,-1.24,3.33,1.71,NIFTY Long Duration Debt Index,5.4,,,1.01,22,9,25,3,22,17,,,HDFC Long Term Fund-Reg(G),Debt : Long Duration,25,27,25,25,25,19,3,2,2.17,-1.06,-0.5,2.55,3.05,6.26,4.81,5.99,,,,,,,,
HDFC NIFTY Smallcap 250 ETF,46874,HDFC Mutual Fund,-1.0,2.79,21.8,6.72,Nifty Smallcap 250 - TRI,14.86,,,9.08,25,19,37,15,33,34,,,HDFC NIFTY Smallcap 250 ETF,Equity : ETFs,232,273,256,246,208,137,85,42,-3.6,-4.03,-1.43,6.06,0.15,10.34,8.93,11.73,,,,,,,,
UTI Ultra Short to Short Term Fund-Reg(G),3601,UTI Mutual Fund,0.42,1.45,3.36,6.08,NIFTY Low Duration Debt Index,7.12,6.9,5.91,4.35,7,6,9,10,3,3,1,16,UTI Ultra Short to Short Term Fund-Reg(G),Debt : Low Duration,26,31,30,29,26,20,20,19,4.14,0.39,1.39,3.25,5.72,6.8,6.09,6.18,,,,,,,,
ICICI Pru Equity Minimum Variance Fund-Reg(G),48947,ICICI Prudential Mutual Fund,-3.69,-3.14,2.0,-3.51,NIFTY 50 - TRI,,,,-8.12,102,66,105,105,90,,,,ICICI Pru Equity Minimum Variance Fund-Reg(G),Equity : Thematic,112,120,117,117,108,51,33,9,2.18,-3.04,1.09,11.89,4.44,13.34,11.3,12.9,,,,,,,,
DSP Nifty 50 Equal Weight Index Fund-Reg(G),38179,DSP Mutual Fund,-4.76,-2.6,3.61,-0.72,NIFTY50 Equal Weight - TRI,10.4,10.08,,-4.75,130,162,141,150,107,46,16,,DSP Nifty 50 Equal Weight Index Fund-Reg(G),Equity : Index Funds,228,253,245,234,219,101,45,18,-3.26,-4.15,-1.59,6.96,-0.34,10.34,8.4,10.7,,,,,,,,
DSP Focused Fund-Reg(G),8463,DSP Mutual Fund,-3.98,-2.01,7.48,-0.61,NIFTY 500 - TRI,11.66,8.92,10.52,-4.11,17,13,23,16,16,11,15,14,DSP Focused Fund-Reg(G),Equity : Focused,28,28,28,28,28,27,25,14,-0.57,-3.87,0.24,9.79,1.93,11.27,9.35,12.18,,,,,,,,
Union Small Cap Fund-Reg(G),15717,Union Mutual Fund,-0.17,6.98,27.89,20.77,BSE 250 Small Cap - TRI,16.54,16.06,16.18,23.14,4,13,8,12,3,9,10,7,Union Small Cap Fund-Reg(G),Equity : Small Cap,33,36,36,36,31,24,23,13,14.42,-0.14,5.3,25.2,12.13,15.61,15.16,16.28,,,,,,,,
SBI Quality Fund-Reg(G),50461,SBI Mutual Fund,-2.48,4.38,14.58,,NIFTY200 Quality 30 - TRI,,,,,,43,23,40,,,,,SBI Quality Fund-Reg(G),Equity : Thematic,112,120,117,117,108,51,33,9,2.18,-3.04,1.09,11.89,4.44,13.34,11.3,12.9,,,,,,,,
Baroda BNP Paribas Mid Cap Fund-Reg(G),172,Baroda BNP Paribas Mutual Fund,-4.3,-1.43,9.65,7.94,Nifty Midcap 150 - TRI,14.83,13.31,14.32,3.71,18,24,30,27,10,18,15,12,Baroda BNP Paribas Mid Cap Fund-Reg(G),Equity : Mid Cap,32,35,34,34,32,30,25,20,4.31,-3.8,0.67,13.28,6.21,15.36,13.92,14.96,,,,,,,,
Bajaj Finserv Small Cap Fund-Reg(G),49933,Bajaj Finserv Mutual Fund,-0.36,5.17,28.62,15.96,BSE 250 Small Cap - TRI,,,,16.59,12,18,17,11,9,,,,Bajaj Finserv Small Cap Fund-Reg(G),Equity : Small Cap,33,36,36,36,31,24,23,13,14.42,-0.14,5.3,25.2,12.13,15.61,15.16,16.28,,,,,,,,
Kotak Multi Asset Omni FOF(G),1981,Kotak Mahindra Mutual Fund,-2.4,1.97,5.86,7.18,NIFTY 50 - TRI,14.51,13.95,14.39,0.68,74,46,45,37,37,20,7,5,Kotak Multi Asset Omni FOF(G),FoFs : Domestic,108,135,127,125,99,61,41,27,2.81,-3.15,2.04,5.11,14.87,17.1,10.87,10.45,,,,,,,,
Baroda BNP Paribas Large Cap Fund-Reg(G),23,Baroda BNP Paribas Mutual Fund,-4.59,-1.07,3.79,-1.42,NIFTY 100 - TRI,10.01,8.63,11.56,-4.95,7,18,10,11,9,7,7,5,Baroda BNP Paribas Large Cap Fund-Reg(G),Equity : Large Cap,33,35,34,34,33,30,28,23,-6.14,-4.26,-1.72,3.8,-2.94,8.89,7.38,10.73,,,,,,,,
HDFC Income Plus Arbitrage Active FOF-Reg(G),16034,HDFC Mutual Fund,0.12,0.91,2.93,5.24,NIFTY Composite Debt Index,8.21,9.51,10.34,3.6,41,18,69,86,54,45,20,14,HDFC Income Plus Arbitrage Active FOF-Reg(G),FoFs : Domestic,108,135,127,125,99,61,41,27,2.81,-3.15,2.04,5.11,14.87,17.1,10.87,10.45,,,,,,,,
SBI CRISIL IBX Gilt Index - June 2036 Fund-Reg(G),46941,SBI Mutual Fund,-1.4,-0.85,2.01,3.25,CRISIL IBX Gilt Index - June 2036,6.88,,,2.02,16,24,20,25,14,5,,,SBI CRISIL IBX Gilt Index - June 2036 Fund-Reg(G),Debt : Long Duration,25,27,25,25,25,19,3,2,2.17,-1.06,-0.5,2.55,3.05,6.26,4.81,5.99,,,,,,,,
Axis Consumption Fund-Reg(G),49051,Axis Mutual Fund,-5.46,-0.55,6.88,-7.59,Nifty India Consumption - TRI,,,,-6.54,22,25,23,22,17,,,,Axis Consumption Fund-Reg(G),Equity : Thematic - Consumption,26,27,27,27,22,15,13,10,-1.97,-4.07,2.02,11.36,-3.98,9.03,9.56,12.06,,,,,,,,
Axis Multi Asset Allocation Fund-Reg(G),8583,Axis Mutual Fund,-3.33,1.4,5.07,7.84,NIFTY 500 - TRI,12.76,7.57,10.21,1.28,20,21,8,13,17,10,8,5,Axis Multi Asset Allocation Fund-Reg(G),Hybrid : Multi Asset Allocation,33,36,34,34,30,14,8,6,1.18,-3.02,0.54,4.52,7.5,13.59,12.21,12.2,,,,,,,,
Bandhan Aggressive Hybrid Fund-Reg(G),34066,Bandhan Mutual Fund,-2.99,0.87,8.66,5.08,BSE 200 - TRI,12.74,9.79,,1.91,7,19,8,9,6,4,10,,Bandhan Aggressive Hybrid Fund-Reg(G),Hybrid : Aggressive Hybrid,43,44,43,43,43,41,41,28,-1.6,-2.93,-0.57,6.19,0.55,9.9,8.59,10.55,,,,,,,,
Tata Business Cycle Fund-Reg(G),45373,Tata Mutual Fund,-4.26,-2.24,8.25,0.18,NIFTY 500 - TRI,10.11,12.41,,-2.12,71,83,91,70,70,39,13,,Tata Business Cycle Fund-Reg(G),Equity : Thematic,112,120,117,117,108,51,33,9,2.18,-3.04,1.09,11.89,4.44,13.34,11.3,12.9,,,,,,,,
Bandhan Mid Cap Fund-Reg(G),45868,Bandhan Mutual Fund,-2.32,2.68,17.57,8.58,BSE 150 MidCap - TRI,16.46,,,9.79,3,4,4,8,6,11,,,Bandhan Mid Cap Fund-Reg(G),Equity : Mid Cap,32,35,34,34,32,30,25,20,4.31,-3.8,0.67,13.28,6.21,15.36,13.92,14.96,,,,,,,,
Parag Parikh Dynamic Asset Allocation Fund-Reg(G),48512,PPFAS Mutual Fund,-0.25,0.15,2.33,3.27,CRISIL Hybrid 50+50 - Moderate Index,,,,2.25,2,2,13,33,4,,,,Parag Parikh Dynamic Asset Allocation Fund-Reg(G),Hybrid : Dynamic Asset Allocation,37,38,38,38,37,30,22,11,-1.63,-2.48,-0.35,4.38,0.68,8.22,7.48,8.98,,,,,,,,
DSP Natural Res & New Energy Fund-Reg(G),4584,DSP Mutual Fund,-1.91,1.65,2.88,15.69,BSE OIL & GAS Index,18.56,15.45,16.04,6.93,4,3,1,7,1,1,2,3,DSP Natural Res & New Energy Fund-Reg(G),Equity : Sectoral - Energy / Power,8,8,8,8,8,4,4,4,4.78,-2.25,-1.88,8.0,7.3,16.31,14.88,16.22,-2.83,-3.04,-1.11,-4.27,10.35,7.65,6.01,-15.13
Zerodha Gold ETF,48500,Zerodha Mutual Fund,-6.14,8.02,4.22,32.73,Gold-India,,,,12.57,20,42,1,10,22,,,,Zerodha Gold ETF,Metal : ETFs,40,42,42,42,38,22,11,11,3.29,-5.3,7.04,2.11,46.95,39.54,25.66,15.77,,,,,,,,
Aditya Birla SL Nifty Bank ETF,34434,Aditya Birla Sun Life Mutual Fund,-3.37,-4.32,4.06,1.55,NIFTY BANK - TRI,8.1,8.65,,-6.25,130,72,219,123,74,76,32,,Aditya Birla SL Nifty Bank ETF,Equity : ETFs,232,273,256,246,208,137,85,42,-3.6,-4.03,-1.43,6.06,0.15,10.34,8.93,11.73,,,,,,,,
Axis Global Equity Alpha FoF-Reg(G),23016,Axis Mutual Fund,-1.21,6.59,15.79,20.0,MSCI World,24.06,14.58,,12.94,39,34,9,25,37,28,15,,Axis Global Equity Alpha FoF-Reg(G),FoFs : Overseas,54,55,55,55,54,53,38,23,18.34,0.21,3.61,15.81,24.5,25.31,13.29,11.62,,,,,,,,
WOC Large & Mid Cap Fund-Reg(G),48333,WhiteOak Capital Mutual Fund,-5.14,-0.18,8.36,2.63,BSE 250 LargeMidCap Index - TRI,,,,-0.99,16,33,13,17,15,,,,WOC Large & Mid Cap Fund-Reg(G),Equity : Large & Mid Cap,33,36,34,33,33,26,26,20,-0.52,-3.92,-0.34,9.21,1.84,12.73,11.15,13.02,,,,,,,,
Motilal Oswal Nifty Microcap 250 Index Fund-Reg(G),41176,Motilal Oswal Mutual Fund,0.71,6.08,31.82,10.61,Nifty Microcap 250 - TRI,16.85,,,16.77,6,2,8,1,14,9,,,Motilal Oswal Nifty Microcap 250 Index Fund-Reg(G),Equity : Index Funds,228,253,245,234,219,101,45,18,-3.26,-4.15,-1.59,6.96,-0.34,10.34,8.4,10.7,,,,,,,,
Kotak Infra & Eco Reform Fund(G),4228,Kotak Mahindra Mutual Fund,-1.49,0.71,14.39,7.22,Nifty Infrastructure - TRI,15.24,16.95,14.79,7.01,10,5,4,8,6,9,8,9,Kotak Infra & Eco Reform Fund(G),Equity : Sectoral - Infrastructure,22,22,22,22,21,19,19,18,3.92,-2.54,-2.88,10.36,3.25,15.22,16.22,14.92,,,,,,,,
UTI Focused Fund-Reg(G),45685,UTI Mutual Fund,-5.13,-0.38,5.39,-3.49,NIFTY 500 - TRI,8.28,7.64,,-5.18,21,25,15,20,23,23,21,,UTI Focused Fund-Reg(G),Equity : Focused,28,28,28,28,28,27,25,14,-0.57,-3.87,0.24,9.79,1.93,11.27,9.35,12.18,,,,,,,,
Kotak Nifty 1D Rate Liquid ETF,47545,Kotak Mahindra Mutual Fund,0.39,1.22,2.49,5.04,Nifty 1D Rate Index,5.84,,,3.64,42,43,42,42,39,37,,,Kotak Nifty 1D Rate Liquid ETF,Debt : Liquid,44,45,44,44,41,37,35,30,4.6,0.48,1.52,3.27,6.19,6.73,6.19,5.94,0.41,1.27,2.59,5.24,6.06,5.75,,5.14
iSIF Equity Ex-Top 100 Long-Short Fund-Reg(G),75053,ICICI Pru iSIF,-1.73,1.69,9.86,,NIFTY 500 - TRI,,,,,,19,15,5,,,,,iSIF Equity Ex-Top 100 Long-Short Fund-Reg(G),Hybrid : Long - Short,10,30,27,14,,,,,5.49,-0.21,3.32,9.54,,,,,,,,,,,,
HSBC Infrastructure Fund-Reg(G),594,HSBC Mutual Fund,-2.4,-1.78,13.26,6.91,Nifty Infrastructure - TRI,14.79,16.55,15.0,8.26,8,9,8,9,7,12,11,8,HSBC Infrastructure Fund-Reg(G),Equity : Sectoral - Infrastructure,22,22,22,22,21,19,19,18,3.92,-2.54,-2.88,10.36,3.25,15.22,16.22,14.92,,,,,,,,
Bajaj Finserv Large & Mid Cap Fund-Reg(G),48063,Bajaj Finserv Mutual Fund,-3.67,-1.24,6.65,0.16,NIFTY LargeMidcap 250 - TRI,,,,-4.03,29,14,24,25,23,,,,Bajaj Finserv Large & Mid Cap Fund-Reg(G),Equity : Large & Mid Cap,33,36,34,33,33,26,26,20,-0.52,-3.92,-0.34,9.21,1.84,12.73,11.15,13.02,,,,,,,,
Union Flexi Cap Fund-Reg(G),14559,Union Mutual Fund,-3.13,0.6,9.22,1.0,BSE 500 - TRI,10.09,8.59,12.08,-0.83,28,21,23,26,27,26,22,12,Union Flexi Cap Fund-Reg(G),Equity : Flexi Cap,55,58,56,56,53,47,36,24,-0.83,-3.33,0.32,9.42,1.07,10.83,9.29,11.79,,,,,,,,
Nippon India Consumption Fund(G),2644,Nippon India Mutual Fund,-5.82,0.44,8.49,-8.01,Nifty India Consumption - TRI,8.08,10.5,11.86,-5.87,18,26,17,15,20,12,4,7,Nippon India Consumption Fund(G),Equity : Thematic - Consumption,26,27,27,27,22,15,13,10,-1.97,-4.07,2.02,11.36,-3.98,9.03,9.56,12.06,,,,,,,,
Nippon India ETF Nifty 8-13 yr G-Sec Long Term Gilt,35459,Nippon India Mutual Fund,-1.17,-0.45,1.77,2.59,Nifty 8-13 yr G-Sec,6.67,5.39,6.23,1.64,27,28,26,27,26,8,7,1,Nippon India ETF Nifty 8-13 yr G-Sec Long Term Gilt,Debt : ETFs,31,34,31,31,30,15,10,4,3.01,-0.35,0.44,2.25,4.33,6.47,5.55,5.58,-1.18,-0.36,1.83,2.7,6.83,5.63,,2.34
Mirae Asset Ultra Short to Short Term Fund-Reg Savings Plan(G),4609,Mirae Asset Mutual Fund,0.37,1.3,3.21,5.6,NIFTY Low Duration Debt Index,6.73,5.94,5.88,4.05,18,22,23,16,17,12,14,17,Mirae Asset Ultra Short to Short Term Fund-Reg Savings Plan(G),Debt : Low Duration,26,31,30,29,26,20,20,19,4.14,0.39,1.39,3.25,5.72,6.8,6.09,6.18,,,,,,,,
Sundaram Ultra Short Term Fund(G),4186,Sundaram Mutual Fund,0.44,1.42,3.07,5.29,NIFTY Ultra Short Duration Debt Index,5.95,5.35,4.85,3.94,30,32,32,31,30,23,23,12,Sundaram Ultra Short Term Fund(G),Debt : Ultra Short Duration,31,34,33,32,31,24,24,13,4.54,0.49,1.56,3.46,6.12,6.65,6.0,5.88,,,,,,,,
ICICI Pru Multi-Asset Active FOF-Reg(G),50894,ICICI Prudential Mutual Fund,-2.2,,,,NIFTY 200 - TRI,,,,,,42,,,,,,,ICICI Pru Multi-Asset Active FOF-Reg(G),FoFs : Domestic,108,135,127,125,99,61,41,27,2.81,-3.15,2.04,5.11,14.87,17.1,10.87,10.45,,,,,,,,
SBI Nifty Next 50 Index Fund-Reg(G),45529,SBI Mutual Fund,-3.68,-0.37,13.11,5.31,NIFTY NEXT 50 - TRI,16.82,10.81,,3.78,30,79,51,34,40,12,11,,SBI Nifty Next 50 Index Fund-Reg(G),Equity : Index Funds,228,253,245,234,219,101,45,18,-3.26,-4.15,-1.59,6.96,-0.34,10.34,8.4,10.7,,,,,,,,
Franklin India Aggressive Hybrid Fund(G),999,Franklin Templeton Mutual Fund,-3.02,-1.94,2.82,-2.87,CRISIL Hybrid 35+65 - Aggressive Index,8.49,8.0,9.9,-4.34,33,20,36,36,36,29,22,18,Franklin India Aggressive Hybrid Fund(G),Hybrid : Aggressive Hybrid,43,44,43,43,43,41,41,28,-1.6,-2.93,-0.57,6.19,0.55,9.9,8.59,10.55,,,,,,,,
Mirae Asset Banking and Financial Services Fund-Reg(G),45174,Mirae Asset Mutual Fund,-4.51,-3.9,3.03,2.1,Nifty Financial Services - TRI,10.54,10.17,,-5.71,16,10,14,23,11,9,5,,Mirae Asset Banking and Financial Services Fund-Reg(G),Equity : Sectoral - Financial Services,24,28,28,28,23,17,13,11,-4.0,-4.78,-3.54,5.32,2.41,10.9,9.73,11.13,,,,,,,,
Kotak Dynamic Term Fund-Reg(G),5430,Kotak Mahindra Mutual Fund,-0.23,0.98,4.08,5.26,NIFTY Composite Debt Index,6.95,5.7,6.92,3.92,5,9,3,2,4,3,9,2,Kotak Dynamic Term Fund-Reg(G),Debt : Dynamic Bond,23,23,23,23,23,23,23,19,2.57,-0.36,0.16,2.58,3.62,6.05,5.37,6.1,,,,,,,,
UTI Nifty Next 50 ETF,37338,UTI Mutual Fund,-3.62,-0.24,13.51,6.02,NIFTY NEXT 50 - TRI,17.67,11.62,,4.31,31,96,65,37,42,16,19,,UTI Nifty Next 50 ETF,Equity : ETFs,232,273,256,246,208,137,85,42,-3.6,-4.03,-1.43,6.06,0.15,10.34,8.93,11.73,,,,,,,,
SBI Dynamic Asset Allocation Active FoF-Reg(G),49973,SBI Mutual Fund,-1.9,0.84,5.51,2.18,NIFTY 50 Hybrid Composite Debt 50:50 Index,,,,-0.49,86,38,73,42,80,,,,SBI Dynamic Asset Allocation Active FoF-Reg(G),FoFs : Domestic,108,135,127,125,99,61,41,27,2.81,-3.15,2.04,5.11,14.87,17.1,10.87,10.45,,,,,,,,
HDFC Infrastructure Fund(G),4253,HDFC Mutual Fund,-1.88,-4.07,5.8,-3.0,BSE India Infrastructure Index - TRI,13.47,18.22,10.56,-2.83,18,8,13,16,17,14,5,18,HDFC Infrastructure Fund(G),Equity : Sectoral - Infrastructure,22,22,22,22,21,19,19,18,3.92,-2.54,-2.88,10.36,3.25,15.22,16.22,14.92,,,,,,,,
Edelweiss Money Market Fund-Reg(G),5437,Edelweiss Mutual Fund,0.51,1.59,3.42,5.94,CRISIL Money Market Index,6.61,5.75,6.04,4.36,2,1,1,4,2,8,8,11,Edelweiss Money Market Fund-Reg(G),Debt : Dynamic Bond,23,23,23,23,23,23,23,19,2.57,-0.36,0.16,2.58,3.62,6.05,5.37,6.1,,,,,,,,
Kotak MNC Fund-Reg(G),49046,Kotak Mahindra Mutual Fund,-1.84,0.9,19.77,17.92,NIFTY MNC - TRI,,,,15.39,2,2,3,2,1,,,,Kotak MNC Fund-Reg(G),Equity : Thematic - MNC,7,7,7,7,7,5,4,3,3.14,-3.6,0.35,12.03,3.96,7.31,7.36,9.16,,,,,,,,
WOC Balanced Advantage Fund-Reg(G),46990,WhiteOak Capital Mutual Fund,-2.68,1.35,6.84,1.94,CRISIL Hybrid 50+50 - Moderate Index,9.93,,,-0.36,11,22,3,3,13,8,,,WOC Balanced Advantage Fund-Reg(G),Hybrid : Dynamic Asset Allocation,37,38,38,38,37,30,22,11,-1.63,-2.48,-0.35,4.38,0.68,8.22,7.48,8.98,,,,,,,,
Axis CRISIL-IBX AAA Bond NBFC - Jun 2027 Index Fund-Reg(G),49127,Axis Mutual Fund,0.48,1.57,3.41,6.02,CRISIL IBX AAA NBFC Index - Jun 2027,,,,4.38,2,3,2,3,3,,,,Axis CRISIL-IBX AAA Bond NBFC - Jun 2027 Index Fund-Reg(G),Debt : Medium to Long Duration,58,59,59,58,58,50,12,11,3.39,0.01,0.87,2.74,4.94,6.88,5.21,5.53,,,,,,,,
Bandhan Balanced Advantage Fund-Reg(G),30671,Bandhan Mutual Fund,-1.89,0.25,6.33,3.26,NIFTY 50 Hybrid Composite Debt 50:50 Index,8.37,6.52,8.3,0.41,5,6,11,6,5,15,16,6,Bandhan Balanced Advantage Fund-Reg(G),Hybrid : Dynamic Asset Allocation,37,38,38,38,37,30,22,11,-1.63,-2.48,-0.35,4.38,0.68,8.22,7.48,8.98,,,,,,,,
Franklin India Dividend Yield Fund(G),3367,Franklin Templeton Mutual Fund,-2.29,-1.56,2.35,-2.3,NIFTY 500 - TRI,10.28,11.48,13.33,-4.87,7,1,7,7,7,6,6,2,Franklin India Dividend Yield Fund(G),Equity : Thematic - Dividend Yield,10,11,11,11,10,9,8,5,-3.23,-3.53,-1.33,5.12,0.13,11.44,11.5,12.77,,,,,,,,
HDFC CRISIL-IBX Financial Services 3-6 Months Debt Index Fund-Reg(G),49838,HDFC Mutual Fund,0.51,1.7,3.87,6.92,CRISIL-IBX Financial Services 3-6 Months Debt Index,,,,5.13,1,10,5,1,1,,,,HDFC CRISIL-IBX Financial Services 3-6 Months Debt Index Fund-Reg(G),Debt : Ultra Short Duration,31,34,33,32,31,24,24,13,4.54,0.49,1.56,3.46,6.12,6.65,6.0,5.88,,,,,,,,
WOC Arbitrage Fund-Reg(G),48900,WhiteOak Capital Mutual Fund,0.49,1.61,3.13,6.41,Nifty 50 Arbitrage - TRI,,,,4.64,2,1,1,2,2,,,,WOC Arbitrage Fund-Reg(G),Hybrid : Arbitrage,34,38,37,36,32,25,24,15,4.25,0.41,1.37,2.79,5.98,6.56,5.9,5.56,,,,,,,,
Tata Retirement Sav Fund - Prog Plan(G),15380,Tata Mutual Fund,-4.45,0.51,13.68,4.78,NIFTY 500 - TRI,11.5,8.53,11.84,2.74,15,48,24,14,14,20,23,14,Tata Retirement Sav Fund - Prog Plan(G),Equity : Flexi Cap,55,58,56,56,53,47,36,24,-0.83,-3.33,0.32,9.42,1.07,10.83,9.29,11.79,,,,,,,,
LIC MF Multi Cap Fund-Reg(G),46624,LIC Mutual Fund,-3.17,0.72,15.55,7.09,Nifty500 Multicap 50:25:25 - TRI,16.26,,,4.97,13,20,18,12,11,5,,,LIC MF Multi Cap Fund-Reg(G),Equity : Multi Cap,33,33,33,33,33,22,10,7,3.1,-2.77,1.52,13.44,4.67,13.3,11.47,13.51,,,,,,,,
Motilal Oswal BSE Enhanced Value Index Fund-Reg(G),46741,Motilal Oswal Mutual Fund,-2.81,-4.23,0.61,5.1,BSE Enhanced Value Index - TRI,18.98,,,-6.0,143,39,217,180,47,3,,,Motilal Oswal BSE Enhanced Value Index Fund-Reg(G),Equity : Index Funds,228,253,245,234,219,101,45,18,-3.26,-4.15,-1.59,6.96,-0.34,10.34,8.4,10.7,,,,,,,,
Tata Retirement Sav Fund - Mod Plan(G),15379,Tata Mutual Fund,-3.93,0.64,12.07,4.54,CRISIL Hybrid 25+75 - Aggressive Index,10.83,8.59,11.09,2.45,6,42,10,5,7,14,18,10,Tata Retirement Sav Fund - Mod Plan(G),Hybrid : Aggressive Hybrid,43,44,43,43,43,41,41,28,-1.6,-2.93,-0.57,6.19,0.55,9.9,8.59,10.55,,,,,,,,
360 ONE Flexicap Fund-Reg(G),47567,360 ONE Mutual Fund,-1.26,4.28,18.1,8.2,BSE 500 - TRI,15.8,,,6.82,6,4,5,2,6,6,,,360 ONE Flexicap Fund-Reg(G),Equity : Flexi Cap,55,58,56,56,53,47,36,24,-0.83,-3.33,0.32,9.42,1.07,10.83,9.29,11.79,,,,,,,,
Axis Income Plus Arbitrage Omni FOF-Reg(G),43840,Axis Mutual Fund,0.2,0.94,3.03,5.42,NIFTY Composite Debt Index,7.4,6.24,,3.78,38,12,66,79,51,48,34,,Axis Income Plus Arbitrage Omni FOF-Reg(G),FoFs : Domestic,108,135,127,125,99,61,41,27,2.81,-3.15,2.04,5.11,14.87,17.1,10.87,10.45,,,,,,,,
Helios Mid Cap Fund-Reg(G),49111,Helios Mutual Fund,-2.27,2.38,21.04,10.71,Nifty Midcap 150 - TRI,,,,8.18,4,3,7,2,4,,,,Helios Mid Cap Fund-Reg(G),Equity : Mid Cap,32,35,34,34,32,30,25,20,4.31,-3.8,0.67,13.28,6.21,15.36,13.92,14.96,,,,,,,,
DSP Value Fund-Reg(G),44293,DSP Mutual Fund,-3.29,-1.62,6.22,4.28,NIFTY 500 - TRI,15.22,11.39,,0.36,7,10,14,11,7,4,12,,DSP Value Fund-Reg(G),Equity : Value / Contra,23,25,24,23,23,22,20,15,-2.25,-3.2,-1.06,7.17,1.48,12.23,11.84,12.8,,,,,,,,
SBI Credit Risk Fund-Reg(G),2770,SBI Mutual Fund,0.11,1.68,4.39,7.28,NIFTY Credit Risk Bond Index,7.78,6.99,7.06,5.63,4,10,2,4,5,9,10,5,SBI Credit Risk Fund-Reg(G),Debt : Credit Risk,15,15,15,15,15,15,15,12,5.72,0.13,1.25,4.35,7.51,8.7,8.78,6.15,,,,,,,,
DSP Banking & Financial Services Fund-Reg(G),48350,DSP Mutual Fund,-6.04,-2.47,7.89,7.32,Nifty Financial Services - TRI,,,,0.41,3,27,6,4,3,,,,DSP Banking & Financial Services Fund-Reg(G),Equity : Sectoral - Financial Services,24,28,28,28,23,17,13,11,-4.0,-4.78,-3.54,5.32,2.41,10.9,9.73,11.13,,,,,,,,
Bandhan Large Cap Fund-Reg(G),2860,Bandhan Mutual Fund,-4.72,-0.99,4.89,-1.1,BSE 100 - TRI,11.17,8.53,11.43,-5.25,8,26,8,7,8,5,8,6,Bandhan Large Cap Fund-Reg(G),Equity : Large Cap,33,35,34,34,33,30,28,23,-6.14,-4.26,-1.72,3.8,-2.94,8.89,7.38,10.73,,,,,,,,
UTI Multi Cap Fund-Reg(G),49884,UTI Mutual Fund,-2.5,1.54,10.32,1.65,Nifty500 Multicap 50:25:25 - TRI,,,,-1.35,26,13,13,22,20,,,,UTI Multi Cap Fund-Reg(G),Equity : Multi Cap,33,33,33,33,33,22,10,7,3.1,-2.77,1.52,13.44,4.67,13.3,11.47,13.51,,,,,,,,
Mirae Asset Balanced Advantage Fund-Reg(G),46224,Mirae Asset Mutual Fund,-1.94,0.03,4.23,2.82,NIFTY 50 Hybrid Composite Debt 50:50 Index,8.74,,,-0.28,9,7,14,22,9,14,,,Mirae Asset Balanced Advantage Fund-Reg(G),Hybrid : Dynamic Asset Allocation,37,38,38,38,37,30,22,11,-1.63,-2.48,-0.35,4.38,0.68,8.22,7.48,8.98,,,,,,,,
Axis Business Cycles Fund-Reg(G),47580,Axis Mutual Fund,-3.64,2.35,11.73,3.1,NIFTY 500 - TRI,12.21,,,1.92,50,63,34,55,54,32,,,Axis Business Cycles Fund-Reg(G),Equity : Thematic,112,120,117,117,108,51,33,9,2.18,-3.04,1.09,11.89,4.44,13.34,11.3,12.9,,,,,,,,
Aditya Birla SL CRISIL-IBX Financial Services 3 to 6 Months Debt Index Fund-Reg(G),49477,Aditya Birla Sun Life Mutual Fund,0.52,1.7,3.83,6.71,CRISIL-IBX Financial Services 3-6 Months Debt Index,,,,5.01,3,7,4,2,3,,,,Aditya Birla SL CRISIL-IBX Financial Services 3 to 6 Months Debt Index Fund-Reg(G),Debt : Ultra Short Duration,31,34,33,32,31,24,24,13,4.54,0.49,1.56,3.46,6.12,6.65,6.0,5.88,,,,,,,,
ICICI Pru Active Momentum Fund-Reg(G),49705,ICICI Prudential Mutual Fund,-2.35,-0.64,8.63,7.55,NIFTY 500 - TRI,,,,1.69,52,39,69,67,36,,,,ICICI Pru Active Momentum Fund-Reg(G),Equity : Thematic,112,120,117,117,108,51,33,9,2.18,-3.04,1.09,11.89,4.44,13.34,11.3,12.9,,,,,,,,
HDFC NIFTY Bank ETF,33563,HDFC Mutual Fund,-3.38,-4.33,4.04,1.53,NIFTY BANK - TRI,8.09,8.62,,-6.27,134,76,222,127,79,78,34,,HDFC NIFTY Bank ETF,Equity : ETFs,232,273,256,246,208,137,85,42,-3.6,-4.03,-1.43,6.06,0.15,10.34,8.93,11.73,,,,,,,,
Quant Aggressive Hybrid Fund(G),865,Quant Mutual Fund,-2.56,-3.07,12.97,7.09,NIFTY 50 Hybrid Composite Debt 65:35 Index,11.98,11.05,14.79,4.93,4,9,43,4,3,7,6,2,Quant Aggressive Hybrid Fund(G),Hybrid : Aggressive Hybrid,43,44,43,43,43,41,41,28,-1.6,-2.93,-0.57,6.19,0.55,9.9,8.59,10.55,,,,,,,,
ICICI Pru Retirement Fund-Pure Equity Plan(G),25667,ICICI Prudential Mutual Fund,-3.51,-0.57,8.49,5.84,NIFTY 500 - TRI,18.38,16.74,,1.43,18,28,36,29,10,1,1,,ICICI Pru Retirement Fund-Pure Equity Plan(G),Equity : Flexi Cap,55,58,56,56,53,47,36,24,-0.83,-3.33,0.32,9.42,1.07,10.83,9.29,11.79,,,,,,,,
ICICI Pru Quality Fund-Reg(G),49893,ICICI Prudential Mutual Fund,-2.69,1.16,8.7,3.15,NIFTY200 Quality 30 - TRI,,,,-1.04,66,44,51,65,53,,,,ICICI Pru Quality Fund-Reg(G),Equity : Thematic,112,120,117,117,108,51,33,9,2.18,-3.04,1.09,11.89,4.44,13.34,11.3,12.9,,,,,,,,
Edelweiss Nifty PSU Bond Plus SDL Apr 2027 50:50 Index Fund-Reg(G),45387,Edelweiss Mutual Fund,0.43,1.46,3.13,5.86,Nifty PSU Bond Plus SDL Apr 2027 50:50 Index,7.19,,,4.22,7,6,8,9,10,18,,,Edelweiss Nifty PSU Bond Plus SDL Apr 2027 50:50 Index Fund-Reg(G),Debt : Medium to Long Duration,58,59,59,58,58,50,12,11,3.39,0.01,0.87,2.74,4.94,6.88,5.21,5.53,,,,,,,,
UTI Infrastructure Fund-Reg(G),3582,UTI Mutual Fund,-3.78,-3.61,6.07,0.63,Nifty Infrastructure - TRI,12.3,12.49,11.88,-1.5,17,19,12,15,14,16,17,17,UTI Infrastructure Fund-Reg(G),Equity : Sectoral - Infrastructure,22,22,22,22,21,19,19,18,3.92,-2.54,-2.88,10.36,3.25,15.22,16.22,14.92,,,,,,,,
HDFC Transportation and Logistics Fund-Reg(G),48114,HDFC Mutual Fund,-3.82,8.1,20.9,7.1,Nifty Transportation & Logistics - TRI,23.97,,,8.56,3,4,4,3,3,1,,,HDFC Transportation and Logistics Fund-Reg(G),Equity : Sectoral - Auto,10,11,10,10,10,5,1,1,3.61,-5.03,4.97,15.41,6.29,19.52,18.61,11.14,,,,,,,,
Axis Medium Term Fund-Reg(G),8136,Axis Mutual Fund,-0.14,0.77,3.34,5.78,NIFTY Medium Duration Debt Index,7.57,6.57,7.1,4.02,5,17,15,7,5,5,3,4,Axis Medium Term Fund-Reg(G),Debt : Medium Duration,22,23,23,22,22,22,13,12,3.74,0.01,0.88,2.92,5.3,7.09,6.23,6.18,,,,,,,,
Mahindra Manulife Focused Fund-Reg(G),45141,Mahindra Manulife Mutual Fund,-4.67,-4.81,0.89,-2.61,NIFTY 500 - TRI,10.92,10.85,,-5.99,25,19,28,27,21,13,7,,Mahindra Manulife Focused Fund-Reg(G),Equity : Focused,28,28,28,28,28,27,25,14,-0.57,-3.87,0.24,9.79,1.93,11.27,9.35,12.18,,,,,,,,
Kotak Gilt Fund-PF&Trust(G),2040,Kotak Mahindra Mutual Fund,-0.74,-0.28,2.82,1.86,Nifty All Duration G-Sec Index,4.58,4.29,5.77,1.45,30,24,20,16,32,32,19,10,Kotak Gilt Fund-PF&Trust(G),Debt : Gilt,38,38,38,38,38,34,23,21,2.34,-0.55,-0.06,2.74,3.22,5.99,4.93,5.98,,,,,,,,
Kotak Gilt Fund-Reg(G),2042,Kotak Mahindra Mutual Fund,-0.74,-0.28,2.82,1.86,Nifty All Duration G-Sec Index,4.58,4.29,5.77,1.45,29,23,19,17,31,33,20,11,Kotak Gilt Fund-Reg(G),Debt : Gilt,38,38,38,38,38,34,23,21,2.34,-0.55,-0.06,2.74,3.22,5.99,4.93,5.98,,,,,,,,
Axis Nifty 100 Index Fund-Reg(G),43785,Axis Mutual Fund,-4.72,-3.12,1.93,-4.82,NIFTY 100 - TRI,7.6,6.24,,-8.74,175,152,160,174,155,62,23,,Axis Nifty 100 Index Fund-Reg(G),Equity : Index Funds,228,253,245,234,219,101,45,18,-3.26,-4.15,-1.59,6.96,-0.34,10.34,8.4,10.7,,,,,,,,
Bandhan Focused Fund-Reg(G),2896,Bandhan Mutual Fund,2.23,4.28,13.06,5.84,BSE 500 - TRI,14.96,11.2,12.38,4.21,7,1,2,7,6,4,5,6,Bandhan Focused Fund-Reg(G),Equity : Focused,28,28,28,28,28,27,25,14,-0.57,-3.87,0.24,9.79,1.93,11.27,9.35,12.18,,,,,,,,
BHARAT Bond ETF FOF - April 2033 -Reg(G),47284,Edelweiss Mutual Fund,-0.46,0.0,3.29,4.23,NIFTY BHARAT Bond Index - April 2033,7.15,,,2.13,59,28,89,70,65,52,,,BHARAT Bond ETF FOF - April 2033 -Reg(G),FoFs : Domestic,108,135,127,125,99,61,41,27,2.81,-3.15,2.04,5.11,14.87,17.1,10.87,10.45,,,,,,,,
Axis Silver ETF,46369,Axis Mutual Fund,-4.12,5.76,-1.22,66.58,Silver,45.65,,,0.72,28,5,32,29,8,1,,,Axis Silver ETF,Metal : ETFs,40,42,42,42,38,22,11,11,3.29,-5.3,7.04,2.11,46.95,39.54,25.66,15.77,,,,,,,,
Mirae Asset Ultra Short-Term Fund-Reg(G),45100,Mirae Asset Mutual Fund,0.5,1.55,3.61,6.38,NIFTY Ultra Short Duration Debt Index,7.13,6.44,,4.69,8,15,18,8,8,2,3,,Mirae Asset Ultra Short-Term Fund-Reg(G),Debt : Ultra Short Duration,31,34,33,32,31,24,24,13,4.54,0.49,1.56,3.46,6.12,6.65,6.0,5.88,,,,,,,,
Bank of India Aggressive Hybrid Fund-Reg(G),32972,Bank of India Mutual Fund,-0.23,3.1,16.51,12.69,Nifty MidSmallcap 400 - TRI,15.85,13.29,14.94,11.11,2,2,2,2,2,3,3,1,Bank of India Aggressive Hybrid Fund-Reg(G),Hybrid : Aggressive Hybrid,43,44,43,43,43,41,41,28,-1.6,-2.93,-0.57,6.19,0.55,9.9,8.59,10.55,,,,,,,,
ICICI Pru Medium to Long Term Fund(G),6197,ICICI Prudential Mutual Fund,-0.68,-0.01,2.95,4.06,CRISIL Medium to Long Term Debt Index,6.6,5.75,6.56,2.66,49,53,52,15,48,40,3,2,ICICI Pru Medium to Long Term Fund(G),Debt : Medium to Long Duration,58,59,59,58,58,50,12,11,3.39,0.01,0.87,2.74,4.94,6.88,5.21,5.53,,,,,,,,
ICICI Pru Rural Opportunities Fund-Reg(G),49521,ICICI Prudential Mutual Fund,-4.93,-2.84,0.76,-7.26,Nifty Rural - TRI,,,,-9.16,107,103,99,111,107,,,,ICICI Pru Rural Opportunities Fund-Reg(G),Equity : Thematic,112,120,117,117,108,51,33,9,2.18,-3.04,1.09,11.89,4.44,13.34,11.3,12.9,,,,,,,,
SBI Medium to Long Term Fund-Reg(G),2776,SBI Mutual Fund,-0.33,0.19,2.68,3.7,CRISIL Medium to Long Term Debt Index,6.04,5.41,6.75,2.62,50,43,48,34,50,43,5,1,SBI Medium to Long Term Fund-Reg(G),Debt : Medium to Long Duration,58,59,59,58,58,50,12,11,3.39,0.01,0.87,2.74,4.94,6.88,5.21,5.53,,,,,,,,
Mirae Asset Equity Savings Fund-Reg(G),39401,Mirae Asset Mutual Fund,-1.08,0.67,4.25,4.09,NIFTY 50 Equity Savings Index,8.89,7.8,,1.26,11,15,7,7,7,4,4,,Mirae Asset Equity Savings Fund-Reg(G),Hybrid : Equity Savings,24,24,24,24,24,21,21,14,1.27,-1.02,0.5,3.63,3.17,7.57,6.8,7.45,,,,,,,,
Aditya Birla SL Quant Fund-Reg(G),48491,Aditya Birla Sun Life Mutual Fund,-3.09,-0.2,7.4,5.92,NIFTY 200 - TRI,,,,-1.18,67,48,64,75,44,,,,Aditya Birla SL Quant Fund-Reg(G),Equity : Thematic,112,120,117,117,108,51,33,9,2.18,-3.04,1.09,11.89,4.44,13.34,11.3,12.9,,,,,,,,
Tata Infrastructure Fund-Reg(G),3254,Tata Mutual Fund,-1.81,-3.2,13.18,4.2,BSE India Infrastructure Index - TRI,12.04,15.17,14.0,7.25,9,6,11,10,10,17,14,14,Tata Infrastructure Fund-Reg(G),Equity : Sectoral - Infrastructure,22,22,22,22,21,19,19,18,3.92,-2.54,-2.88,10.36,3.25,15.22,16.22,14.92,,,,,,,,
Invesco India Largecap Fund-Reg(G),7870,Invesco Mutual Fund,-4.53,-0.47,9.79,1.19,NIFTY 100 - TRI,12.28,9.23,11.75,-0.69,3,16,3,3,4,2,5,4,Invesco India Largecap Fund-Reg(G),Equity : Large Cap,33,35,34,34,33,30,28,23,-6.14,-4.26,-1.72,3.8,-2.94,8.89,7.38,10.73,,,,,,,,
HDFC Gilt Fund(G),1269,HDFC Mutual Fund,-0.96,-0.59,2.7,2.69,Nifty All Duration G-Sec Index,5.79,4.94,5.48,1.88,23,28,31,19,22,20,10,17,HDFC Gilt Fund(G),Debt : Gilt,38,38,38,38,38,34,23,21,2.34,-0.55,-0.06,2.74,3.22,5.99,4.93,5.98,,,,,,,,
ICICI Pru 10 year Constant Maturity Gilt Fund(G),30426,ICICI Prudential Mutual Fund,-1.14,-0.36,2.4,3.66,CRISIL 10 Year Gilt Index,6.92,5.55,7.23,2.46,2,1,2,2,2,2,1,2,ICICI Pru 10 year Constant Maturity Gilt Fund(G),Debt : Gilt (10 Yr Constant Duration),6,6,6,6,6,6,4,4,1.78,-1.2,-0.52,1.99,2.67,6.46,5.25,7.0,,,,,,,,
LIC MF Ultra Short to Short Term Fund(G),2149,LIC Mutual Fund,0.48,1.52,3.53,5.87,CRISIL Low Duration Debt Index,6.66,5.89,5.86,4.38,6,1,6,4,10,14,17,18,LIC MF Ultra Short to Short Term Fund(G),Debt : Low Duration,26,31,30,29,26,20,20,19,4.14,0.39,1.39,3.25,5.72,6.8,6.09,6.18,,,,,,,,
Union Midcap Fund-Reg(G),44313,Union Mutual Fund,-4.28,0.9,12.95,7.63,BSE 150 MidCap - TRI,15.17,13.28,,5.82,12,23,13,15,11,16,16,,Union Midcap Fund-Reg(G),Equity : Mid Cap,32,35,34,34,32,30,25,20,4.31,-3.8,0.67,13.28,6.21,15.36,13.92,14.96,,,,,,,,
Canara Rob Consumption Fund-Reg(G),7876,Canara Robeco Mutual Fund,-5.26,0.01,7.81,-4.99,Nifty India Consumption - TRI,9.26,9.4,13.52,-5.88,19,23,20,19,8,4,8,3,Canara Rob Consumption Fund-Reg(G),Equity : Thematic - Consumption,26,27,27,27,22,15,13,10,-1.97,-4.07,2.02,11.36,-3.98,9.03,9.56,12.06,,,,,,,,
Bajaj Finserv Multi Asset Allocation Fund-Reg(G),48748,Bajaj Finserv Mutual Fund,-3.3,1.07,3.61,7.88,NIFTY 50 - TRI,,,,-1.58,25,19,15,24,16,,,,Bajaj Finserv Multi Asset Allocation Fund-Reg(G),Hybrid : Multi Asset Allocation,33,36,34,34,30,14,8,6,1.18,-3.02,0.54,4.52,7.5,13.59,12.21,12.2,,,,,,,,
Motilal Oswal Gold ETF,50010,Motilal Oswal Mutual Fund,-6.05,7.86,4.12,32.14,Gold-India,,,,13.25,16,24,22,21,38,,,,Motilal Oswal Gold ETF,Metal : ETFs,40,42,42,42,38,22,11,11,3.29,-5.3,7.04,2.11,46.95,39.54,25.66,15.77,,,,,,,,
Quant Value Fund-Reg(G),46064,Quant Mutual Fund,-4.39,-5.77,16.92,12.43,NIFTY 500 - TRI,18.52,,,9.64,2,21,24,2,2,1,,,Quant Value Fund-Reg(G),Equity : Value / Contra,23,25,24,23,23,22,20,15,-2.25,-3.2,-1.06,7.17,1.48,12.23,11.84,12.8,,,,,,,,
Sundaram Flexi Cap Fund-Reg(G),46622,Sundaram Mutual Fund,-4.3,-3.24,1.9,-5.83,NIFTY 500 - TRI,7.16,,,-8.97,53,46,53,53,48,43,,,Sundaram Flexi Cap Fund-Reg(G),Equity : Flexi Cap,55,58,56,56,53,47,36,24,-0.83,-3.33,0.32,9.42,1.07,10.83,9.29,11.79,,,,,,,,
SBI CRISIL IBX Gilt Index - Apr 2029 Fund-Reg(G),46971,SBI Mutual Fund,-0.42,0.37,2.17,4.2,CRISIL IBX Gilt Index - April 2029,7.12,,,2.72,47,47,43,55,44,26,,,SBI CRISIL IBX Gilt Index - Apr 2029 Fund-Reg(G),Debt : Medium to Long Duration,58,59,59,58,58,50,12,11,3.39,0.01,0.87,2.74,4.94,6.88,5.21,5.53,,,,,,,,
WOC Special Opp Fund-Reg(G),48833,WhiteOak Capital Mutual Fund,-2.3,4.65,19.77,11.53,BSE 500 - TRI,,,,9.0,23,37,22,25,22,,,,WOC Special Opp Fund-Reg(G),Equity : Thematic,112,120,117,117,108,51,33,9,2.18,-3.04,1.09,11.89,4.44,13.34,11.3,12.9,,,,,,,,
Bandhan Dynamic Term Fund-Reg(G),7455,Bandhan Mutual Fund,0.1,-0.18,4.5,6.07,NIFTY Composite Debt Index,6.64,5.24,6.48,5.13,1,3,18,1,1,7,12,7,Bandhan Dynamic Term Fund-Reg(G),Debt : Dynamic Bond,23,23,23,23,23,23,23,19,2.57,-0.36,0.16,2.58,3.62,6.05,5.37,6.1,,,,,,,,
Kotak Medium Term Fund(G),22514,Kotak Mahindra Mutual Fund,-0.06,1.09,3.36,5.78,CRISIL Medium Duration Debt Index,7.85,6.28,6.53,3.74,15,16,10,6,6,2,4,6,Kotak Medium Term Fund(G),Debt : Medium Duration,22,23,23,22,22,22,13,12,3.74,0.01,0.88,2.92,5.3,7.09,6.23,6.18,,,,,,,,
Templeton India Value Fund(G),3379,Franklin Templeton Mutual Fund,-3.56,-4.87,-0.42,-5.68,NIFTY 500 - TRI,7.86,11.33,12.04,-10.02,21,13,23,22,21,21,13,12,Templeton India Value Fund(G),Equity : Value / Contra,23,25,24,23,23,22,20,15,-2.25,-3.2,-1.06,7.17,1.48,12.23,11.84,12.8,,,,,,,,
LIC MF Nifty 8-13 yr G-Sec ETF,31581,LIC Mutual Fund,-1.19,-0.45,1.78,2.57,Nifty 8-13 yr G-Sec,6.63,5.4,6.11,1.63,28,31,27,26,27,9,6,2,LIC MF Nifty 8-13 yr G-Sec ETF,Debt : ETFs,31,34,31,31,30,15,10,4,3.01,-0.35,0.44,2.25,4.33,6.47,5.55,5.58,-1.18,-0.36,1.83,2.7,6.83,5.63,,2.34
Franklin India Arbitrage Fund-Reg(G),49339,Franklin Templeton Mutual Fund,0.46,1.49,3.01,6.38,Nifty 50 Arbitrage - TRI,,,,4.54,3,8,4,3,3,,,,Franklin India Arbitrage Fund-Reg(G),Hybrid : Arbitrage,34,38,37,36,32,25,24,15,4.25,0.41,1.37,2.79,5.98,6.56,5.9,5.56,,,,,,,,
DSP BSE Liquid Rate ETF,48724,DSP Mutual Fund,0.39,1.2,2.44,4.93,BSE Liquid Rate Index,,,,3.55,8,8,9,15,8,,,,DSP BSE Liquid Rate ETF,Debt : ETFs,31,34,31,31,30,15,10,4,3.01,-0.35,0.44,2.25,4.33,6.47,5.55,5.58,,,,,,,,
Invesco India Financial Services Fund-Reg(G),5348,Invesco Mutual Fund,-5.6,-4.95,4.85,4.21,Nifty Financial Services - TRI,15.21,11.77,13.43,-3.47,6,22,23,15,7,2,1,1,Invesco India Financial Services Fund-Reg(G),Equity : Sectoral - Financial Services,24,28,28,28,23,17,13,11,-4.0,-4.78,-3.54,5.32,2.41,10.9,9.73,11.13,,,,,,,,
Axis Value Fund-Reg(G),45838,Axis Mutual Fund,-3.13,2.91,10.79,6.51,NIFTY 500 - TRI,16.54,14.62,,2.59,5,8,2,6,5,3,1,,Axis Value Fund-Reg(G),Equity : Value / Contra,23,25,24,23,23,22,20,15,-2.25,-3.2,-1.06,7.17,1.48,12.23,11.84,12.8,,,,,,,,
Baroda BNP Paribas Large & Mid Cap Fund-Reg(G),44222,Baroda BNP Paribas Mutual Fund,-4.54,-0.5,7.18,1.38,BSE 250 LargeMidCap Index - TRI,12.28,10.42,,-3.01,23,27,18,19,19,12,14,,Baroda BNP Paribas Large & Mid Cap Fund-Reg(G),Equity : Large & Mid Cap,33,36,34,33,33,26,26,20,-0.52,-3.92,-0.34,9.21,1.84,12.73,11.15,13.02,,,,,,,,
Mirae Asset Nifty Midcap 150 ETF,46105,Mirae Asset Mutual Fund,-4.61,-1.16,10.38,5.55,Nifty Midcap 150 - TRI,14.79,,,1.23,58,145,86,60,52,36,,,Mirae Asset Nifty Midcap 150 ETF,Equity : ETFs,232,273,256,246,208,137,85,42,-3.6,-4.03,-1.43,6.06,0.15,10.34,8.93,11.73,,,,,,,,
Kotak MSCI India ETF,48891,Kotak Mahindra Mutual Fund,-4.79,-2.71,2.96,-2.68,MSCI India,,,,-7.02,149,173,135,143,124,,,,Kotak MSCI India ETF,Equity : ETFs,232,273,256,246,208,137,85,42,-3.6,-4.03,-1.43,6.06,0.15,10.34,8.93,11.73,,,,,,,,
Edelweiss Silver ETF,48344,Edelweiss Mutual Fund,-4.13,5.73,-1.27,66.44,Silver,,,,0.65,34,6,36,34,11,,,,Edelweiss Silver ETF,Metal : ETFs,40,42,42,42,38,22,11,11,3.29,-5.3,7.04,2.11,46.95,39.54,25.66,15.77,,,,,,,,
HSBC Large Cap Fund(G),1348,HSBC Mutual Fund,-4.02,-1.14,3.15,-1.0,NIFTY 100 - TRI,8.99,7.6,10.76,-5.64,9,11,11,18,7,12,15,12,HSBC Large Cap Fund(G),Equity : Large Cap,33,35,34,34,33,30,28,23,-6.14,-4.26,-1.72,3.8,-2.94,8.89,7.38,10.73,,,,,,,,
ICICI Pru PSU Equity Fund-Reg(G),46106,ICICI Prudential Mutual Fund,-2.14,-1.37,2.18,4.36,BSE PSU - TRI,18.72,,,1.08,61,24,92,170,65,6,,,ICICI Pru PSU Equity Fund-Reg(G),Equity : Index Funds,228,253,245,234,219,101,45,18,-3.26,-4.15,-1.59,6.96,-0.34,10.34,8.4,10.7,,,,,,,,
Aditya Birla SL Business Cycle Fund-Reg(G),45733,Aditya Birla Sun Life Mutual Fund,-3.15,3.76,12.68,6.96,BSE 500 - TRI,11.8,,,2.77,45,50,27,47,41,33,,,Aditya Birla SL Business Cycle Fund-Reg(G),Equity : Thematic,112,120,117,117,108,51,33,9,2.18,-3.04,1.09,11.89,4.44,13.34,11.3,12.9,,,,,,,,
Aditya Birla SL Gold Fund-Reg(G),16220,Aditya Birla Sun Life Mutual Fund,-6.41,8.22,4.77,31.53,Gold-India,34.67,24.94,15.36,12.35,6,6,5,1,4,5,5,5,Aditya Birla SL Gold Fund-Reg(G),Metal : MFs,6,6,6,6,6,6,6,6,12.81,-6.31,8.36,4.36,31.57,34.82,25.02,15.5,,,,,,,,
HSBC Focused Fund-Reg(G),44739,HSBC Mutual Fund,-3.09,4.14,14.72,8.35,NIFTY 500 - TRI,13.81,10.71,,4.39,6,5,3,5,4,8,8,,HSBC Focused Fund-Reg(G),Equity : Focused,28,28,28,28,28,27,25,14,-0.57,-3.87,0.24,9.79,1.93,11.27,9.35,12.18,,,,,,,,
ICICI Pru BSE Sensex Index Fund(G),36396,ICICI Prudential Mutual Fund,-4.85,-3.94,-1.2,-8.29,BSE SENSEX - TRI,4.71,5.12,,-12.73,208,170,206,209,194,90,41,,ICICI Pru BSE Sensex Index Fund(G),Equity : Index Funds,228,253,245,234,219,101,45,18,-3.26,-4.15,-1.59,6.96,-0.34,10.34,8.4,10.7,,,,,,,,
Edelweiss Nifty Midcap150 Momentum 50 Index Fund-Reg(G),47175,Edelweiss Mutual Fund,-3.36,-1.88,8.47,3.37,Nifty Midcap150 Momentum 50 - TRI,13.53,,,0.66,68,46,122,89,75,36,,,Edelweiss Nifty Midcap150 Momentum 50 Index Fund-Reg(G),Equity : Index Funds,228,253,245,234,219,101,45,18,-3.26,-4.15,-1.59,6.96,-0.34,10.34,8.4,10.7,,,,,,,,
Invesco India Ultra Short to Short Term Fund(G),2253,Invesco Mutual Fund,0.41,1.33,3.2,5.7,NIFTY Low Duration Debt Index,6.86,6.09,6.45,4.11,13,14,18,17,14,7,8,6,Invesco India Ultra Short to Short Term Fund(G),Debt : Low Duration,26,31,30,29,26,20,20,19,4.14,0.39,1.39,3.25,5.72,6.8,6.09,6.18,,,,,,,,
DSP World Gold Mining Overseas Equity Omni FoF-Reg(G),755,DSP Mutual Fund,-9.88,23.72,9.59,42.07,FTSE Gold Mines,55.94,30.6,14.73,13.75,37,55,3,40,8,2,2,4,DSP World Gold Mining Overseas Equity Omni FoF-Reg(G),FoFs : Overseas,54,55,55,55,54,53,38,23,18.34,0.21,3.61,15.81,24.5,25.31,13.29,11.62,,,,,,,,
Motilal Oswal Focused Fund-Reg(G),21769,Motilal Oswal Mutual Fund,-0.65,9.89,29.44,25.05,NIFTY 500 - TRI,13.92,9.26,11.78,21.43,1,2,1,1,1,7,13,9,Motilal Oswal Focused Fund-Reg(G),Equity : Focused,28,28,28,28,28,27,25,14,-0.57,-3.87,0.24,9.79,1.93,11.27,9.35,12.18,,,,,,,,
Bank of India Liquid Fund-Reg(G),5836,Bank of India Mutual Fund,0.51,1.59,3.42,6.47,CRISIL Liquid Debt Index,6.92,6.35,6.04,4.82,3,1,5,10,3,1,1,8,Bank of India Liquid Fund-Reg(G),Debt : Liquid,44,45,44,44,41,37,35,30,4.6,0.48,1.52,3.27,6.19,6.73,6.19,5.94,,,,,,,,
SBI Balanced Hybrid Fund-Reg(G),51065,SBI Mutual Fund,,,,,NIFTY 50 Hybrid Composite Debt 50:50 Index,,,,,,,,,,,,,SBI Balanced Hybrid Fund-Reg(G),Hybrid : Balanced Hybrid,5,6,5,5,5,5,4,4,-0.67,-1.79,-0.36,4.03,0.5,7.43,6.29,7.31,,,,,,,,
HSBC Consumption Fund-Reg(G),48124,HSBC Mutual Fund,-2.96,6.67,17.16,1.72,Nifty India Consumption - TRI,14.9,,,3.4,6,6,4,6,4,2,,,HSBC Consumption Fund-Reg(G),Equity : Thematic - Consumption,26,27,27,27,22,15,13,10,-1.97,-4.07,2.02,11.36,-3.98,9.03,9.56,12.06,,,,,,,,
SBI Income Plus Arbitrage Active FOF-Reg(G),49840,SBI Mutual Fund,0.27,1.14,2.99,5.5,NIFTY Composite Debt Index,,,,3.88,35,8,57,84,47,,,,SBI Income Plus Arbitrage Active FOF-Reg(G),FoFs : Domestic,108,135,127,125,99,61,41,27,2.81,-3.15,2.04,5.11,14.87,17.1,10.87,10.45,,,,,,,,
HDFC NIFTY50 Equal Weight Index Fund-Reg(G),45708,HDFC Mutual Fund,-4.76,-2.62,3.55,-0.75,NIFTY50 Equal Weight - TRI,10.46,10.04,,-4.79,131,161,142,155,109,45,17,,HDFC NIFTY50 Equal Weight Index Fund-Reg(G),Equity : Index Funds,228,253,245,234,219,101,45,18,-3.26,-4.15,-1.59,6.96,-0.34,10.34,8.4,10.7,,,,,,,,
SBI CRISIL IBX SDL Index - Sep 2027 Fund-Reg(G),46975,SBI Mutual Fund,0.29,1.43,2.91,5.83,CRISIL IBX SDL Index - September 2027,7.33,,,4.14,12,22,10,17,13,4,,,SBI CRISIL IBX SDL Index - Sep 2027 Fund-Reg(G),Debt : Medium to Long Duration,58,59,59,58,58,50,12,11,3.39,0.01,0.87,2.74,4.94,6.88,5.21,5.53,,,,,,,,
ICICI Pru MNC Fund(G),41965,ICICI Prudential Mutual Fund,-4.18,-0.6,10.0,4.6,NIFTY MNC - TRI,9.56,10.2,,0.64,4,5,5,4,3,1,1,,ICICI Pru MNC Fund(G),Equity : Thematic - MNC,7,7,7,7,7,5,4,3,3.14,-3.6,0.35,12.03,3.96,7.31,7.36,9.16,,,,,,,,
Aditya Birla SL Transportation and Logistics Fund-Reg(G),48291,Aditya Birla Sun Life Mutual Fund,-2.87,10.51,25.47,14.17,Nifty Transportation & Logistics - TRI,,,,12.68,2,3,1,1,2,,,,Aditya Birla SL Transportation and Logistics Fund-Reg(G),Equity : Sectoral - Auto,10,11,10,10,10,5,1,1,3.61,-5.03,4.97,15.41,6.29,19.52,18.61,11.14,,,,,,,,
Bandhan Income Plus Arbitrage Active FOF-Reg(G),2850,Bandhan Mutual Fund,0.27,1.04,3.19,5.68,NIFTY Composite Debt Index,6.97,5.91,6.68,4.14,30,5,59,75,46,57,38,25,Bandhan Income Plus Arbitrage Active FOF-Reg(G),FoFs : Domestic,108,135,127,125,99,61,41,27,2.81,-3.15,2.04,5.11,14.87,17.1,10.87,10.45,,,,,,,,
UTI Short Term Fund-Reg(G),3656,UTI Mutual Fund,0.02,0.77,2.9,4.67,CRISIL Short Duration Debt Index,6.76,6.44,5.82,3.3,19,23,16,15,19,10,2,14,UTI Short Term Fund-Reg(G),Debt : Short Duration,32,33,32,32,32,25,23,18,3.45,0.12,0.88,2.91,4.9,6.61,5.86,6.24,,,,,,,,
PGIM India Small Cap Fund-Reg(G),45616,PGIM India Mutual Fund,-0.48,7.95,27.14,13.21,Nifty Smallcap 250 - TRI,15.59,11.83,,16.4,13,19,5,13,15,11,22,,PGIM India Small Cap Fund-Reg(G),Equity : Small Cap,33,36,36,36,31,24,23,13,14.42,-0.14,5.3,25.2,12.13,15.61,15.16,16.28,,,,,,,,
Edelweiss Gold ETF,17716,Edelweiss Mutual Fund,-6.05,7.9,4.18,32.38,Gold-India,,,,13.38,12,25,17,15,31,,,,Edelweiss Gold ETF,Metal : ETFs,40,42,42,42,38,22,11,11,3.29,-5.3,7.04,2.11,46.95,39.54,25.66,15.77,,,,,,,,
SBI Nifty Smallcap 250 Index Fund-Reg(G),46937,SBI Mutual Fund,-1.04,2.65,21.51,6.13,Nifty Smallcap 250 - TRI,14.06,,,8.65,18,12,22,14,27,24,,,SBI Nifty Smallcap 250 Index Fund-Reg(G),Equity : Index Funds,228,253,245,234,219,101,45,18,-3.26,-4.15,-1.59,6.96,-0.34,10.34,8.4,10.7,,,,,,,,
Kotak Medium to Long Term Fund-Reg(G),1968,Kotak Mahindra Mutual Fund,-0.74,-0.02,3.06,3.53,CRISIL Medium to Long Term Debt Index,5.92,4.93,5.72,2.51,52,55,53,12,52,45,8,5,Kotak Medium to Long Term Fund-Reg(G),Debt : Medium to Long Duration,58,59,59,58,58,50,12,11,3.39,0.01,0.87,2.74,4.94,6.88,5.21,5.53,,,,,,,,
Aditya Birla SL Medium to Long Term Fund(G),405,Aditya Birla Sun Life Mutual Fund,-0.71,-0.28,2.55,2.81,CRISIL Medium to Long Term Debt Index,5.61,4.97,6.05,1.9,56,54,59,44,56,48,7,3,Aditya Birla SL Medium to Long Term Fund(G),Debt : Medium to Long Duration,58,59,59,58,58,50,12,11,3.39,0.01,0.87,2.74,4.94,6.88,5.21,5.53,,,,,,,,
Nippon India Nifty Pharma ETF,45584,Nippon India Mutual Fund,1.64,8.33,19.33,23.3,NIFTY PHARMA - TRI,22.07,14.11,,19.3,6,4,6,20,7,6,11,,Nippon India Nifty Pharma ETF,Equity : ETFs,232,273,256,246,208,137,85,42,-3.6,-4.03,-1.43,6.06,0.15,10.34,8.93,11.73,,,,,,,,
Franklin India Technology Fund(G),961,Franklin Templeton Mutual Fund,-7.27,5.09,3.89,-11.92,BSE TECk Index,7.45,4.79,15.08,-15.39,8,12,6,11,10,1,1,5,Franklin India Technology Fund(G),Equity : Sectoral - Technology,12,13,13,13,12,7,5,5,-10.68,-4.97,6.29,11.37,-7.14,4.09,2.44,15.63,-8.13,-0.11,-5.01,-15.48,-0.78,-2.25,18.04,-31.49
Canara Rob Manufacturing Fund-Reg(G),48606,Canara Robeco Mutual Fund,-1.41,1.96,19.1,9.87,Nifty India Manufacturing - TRI,,,,13.15,19,19,38,27,25,,,,Canara Rob Manufacturing Fund-Reg(G),Equity : Thematic,112,120,117,117,108,51,33,9,2.18,-3.04,1.09,11.89,4.44,13.34,11.3,12.9,,,,,,,,
Tata Focused Fund-Reg(G),44148,Tata Mutual Fund,-4.97,-4.19,2.24,-5.87,NIFTY 500 - TRI,7.82,7.64,,-7.39,26,23,26,26,27,24,20,,Tata Focused Fund-Reg(G),Equity : Focused,28,28,28,28,28,27,25,14,-0.57,-3.87,0.24,9.79,1.93,11.27,9.35,12.18,,,,,,,,
HSBC CRISIL IBX 50:50 Gilt Plus SDL Apr 2028 Index Fund-Reg(G),46506,HSBC Mutual Fund,0.11,1.05,2.71,5.27,CRISIL IBX 50:50 Gilt Plus SDL Index - April 2028,7.19,,,3.43,28,35,31,30,29,21,,,HSBC CRISIL IBX 50:50 Gilt Plus SDL Apr 2028 Index Fund-Reg(G),Debt : Medium to Long Duration,58,59,59,58,58,50,12,11,3.39,0.01,0.87,2.74,4.94,6.88,5.21,5.53,,,,,,,,
Sundaram Business Cycle Fund-Reg(G),35200,Sundaram Mutual Fund,-4.59,1.86,17.79,0.37,NIFTY 500 - TRI,,,,1.91,51,93,42,30,69,,,,Sundaram Business Cycle Fund-Reg(G),Equity : Thematic,112,120,117,117,108,51,33,9,2.18,-3.04,1.09,11.89,4.44,13.34,11.3,12.9,,,,,,,,
JM Liquid Fund(G),1909,JM Financial Mutual Fund,0.49,1.55,3.34,6.29,CRISIL Liquid Debt Index,6.75,6.21,5.99,4.69,28,25,30,31,29,27,25,18,JM Liquid Fund(G),Debt : Liquid,44,45,44,44,41,37,35,30,4.6,0.48,1.52,3.27,6.19,6.73,6.19,5.94,,,,,,,,
Helios Small Cap Fund-Reg(G),50211,Helios Mutual Fund,-0.35,5.51,31.65,,Nifty Smallcap 250 - TRI,,,,16.9,11,17,14,7,,,,,Helios Small Cap Fund-Reg(G),Equity : Small Cap,33,36,36,36,31,24,23,13,14.42,-0.14,5.3,25.2,12.13,15.61,15.16,16.28,,,,,,,,
HDFC Developed World Overseas Equity Passive FOF-Reg(G),45884,HDFC Mutual Fund,-0.89,4.17,17.79,24.13,MSCI World,25.65,,,17.81,30,33,24,20,29,25,,,HDFC Developed World Overseas Equity Passive FOF-Reg(G),FoFs : Overseas,54,55,55,55,54,53,38,23,18.34,0.21,3.61,15.81,24.5,25.31,13.29,11.62,,,,,,,,
Kotak Consumption Fund-Reg(G),47948,Kotak Mahindra Mutual Fund,-3.36,1.12,9.99,-2.78,Nifty India Consumption - TRI,,,,-3.3,10,7,12,13,7,,,,Kotak Consumption Fund-Reg(G),Equity : Thematic - Consumption,26,27,27,27,22,15,13,10,-1.97,-4.07,2.02,11.36,-3.98,9.03,9.56,12.06,,,,,,,,
Kotak Global Emerging Market Overseas Equity Active FOF(G),2047,Kotak Mahindra Mutual Fund,2.02,-1.84,21.05,38.3,MSCI Emerging Market Index,27.56,12.64,11.09,31.64,8,17,44,15,10,20,19,16,Kotak Global Emerging Market Overseas Equity Active FOF(G),FoFs : Overseas,54,55,55,55,54,53,38,23,18.34,0.21,3.61,15.81,24.5,25.31,13.29,11.62,,,,,,,,
Mirae Asset Overnight Fund-Reg(G),44008,Mirae Asset Mutual Fund,0.4,1.25,2.55,5.18,Nifty 1D Rate Index,5.98,5.65,,3.72,20,21,17,19,17,11,9,,Mirae Asset Overnight Fund-Reg(G),Debt : Overnight,35,37,35,35,35,33,27,3,3.71,0.4,1.24,2.54,5.14,5.94,5.62,5.27,0.41,1.27,2.59,5.24,6.06,5.75,,5.14
Sundaram Fin Serv Opp Fund(G),5144,Sundaram Mutual Fund,-4.3,-3.28,5.74,4.55,Nifty Financial Services - TRI,10.73,11.39,12.43,-4.37,11,8,11,9,6,7,3,3,Sundaram Fin Serv Opp Fund(G),Equity : Sectoral - Financial Services,24,28,28,28,23,17,13,11,-4.0,-4.78,-3.54,5.32,2.41,10.9,9.73,11.13,,,,,,,,
Sundaram Money Market Fund-Reg(G),39625,Sundaram Mutual Fund,0.55,1.7,3.63,6.35,Nifty Money Market Index,7.13,6.41,,4.68,13,2,4,7,12,10,10,,Sundaram Money Market Fund-Reg(G),Debt : Money Market,24,26,25,25,23,22,19,13,4.6,0.52,1.64,3.55,6.27,7.03,6.36,6.38,,,,,,,,
Bandhan Gilt Fund-Reg(G),7483,Bandhan Mutual Fund,0.0,-0.35,4.85,6.89,CRISIL Dynamic Gilt Index,7.23,5.74,7.09,5.91,1,9,22,1,1,2,3,1,Bandhan Gilt Fund-Reg(G),Debt : Gilt,38,38,38,38,38,34,23,21,2.34,-0.55,-0.06,2.74,3.22,5.99,4.93,5.98,,,,,,,,
Bandhan Contra Fund-Reg(G),51009,Bandhan Mutual Fund,,,,,BSE 500 - TRI,,,,,,,,,,,,,Bandhan Contra Fund-Reg(G),Equity : Value / Contra,23,25,24,23,23,22,20,15,-2.25,-3.2,-1.06,7.17,1.48,12.23,11.84,12.8,,,,,,,,
Tata NIFTY 50 Index Fund-Reg(G),3247,Tata Mutual Fund,-4.91,-3.61,-0.19,-6.59,NIFTY 50 - TRI,6.12,5.93,10.62,-11.05,198,194,188,196,177,84,34,9,Tata NIFTY 50 Index Fund-Reg(G),Equity : Index Funds,228,253,245,234,219,101,45,18,-3.26,-4.15,-1.59,6.96,-0.34,10.34,8.4,10.7,,,,,,,,
Axis CRISIL IBX SDL May 2027 Index Fund-Reg(G),45999,Axis Mutual Fund,0.32,1.26,2.92,6.0,CRISIL IBX SDL Index - May 2027,7.36,,,4.23,6,18,18,16,4,3,,,Axis CRISIL IBX SDL May 2027 Index Fund-Reg(G),Debt : Medium to Long Duration,58,59,59,58,58,50,12,11,3.39,0.01,0.87,2.74,4.94,6.88,5.21,5.53,,,,,,,,
Kotak Special Opportunities Fund-Reg(G),48809,Kotak Mahindra Mutual Fund,0.82,8.49,28.12,17.85,NIFTY 500 - TRI,,,,14.17,15,8,7,6,8,,,,Kotak Special Opportunities Fund-Reg(G),Equity : Thematic,112,120,117,117,108,51,33,9,2.18,-3.04,1.09,11.89,4.44,13.34,11.3,12.9,,,,,,,,
Sundaram Dynamic Asset Allocation Fund(G),13366,Sundaram Mutual Fund,-3.75,-1.28,2.71,-1.8,NIFTY 50 Hybrid Composite Debt 50:50 Index,6.76,6.62,6.71,-4.14,32,36,29,31,29,24,15,10,Sundaram Dynamic Asset Allocation Fund(G),Hybrid : Dynamic Asset Allocation,37,38,38,38,37,30,22,11,-1.63,-2.48,-0.35,4.38,0.68,8.22,7.48,8.98,,,,,,,,
SBI Retirement Benefit Fund-Aggressive Hybrid Plan-Reg(G),30399,SBI Mutual Fund,-3.16,0.88,8.81,2.47,CRISIL Hybrid 35+65 - Aggressive Index,8.57,9.59,,-0.07,11,24,7,8,11,28,14,,SBI Retirement Benefit Fund-Aggressive Hybrid Plan-Reg(G),Hybrid : Aggressive Hybrid,43,44,43,43,43,41,41,28,-1.6,-2.93,-0.57,6.19,0.55,9.9,8.59,10.55,,,,,,,,
Bajaj Finserv Large Cap Fund-Reg(G),48965,Bajaj Finserv Mutual Fund,-3.78,-0.49,3.69,-0.07,NIFTY 100 - TRI,,,,-4.64,6,7,4,13,6,,,,Bajaj Finserv Large Cap Fund-Reg(G),Equity : Large Cap,33,35,34,34,33,30,28,23,-6.14,-4.26,-1.72,3.8,-2.94,8.89,7.38,10.73,,,,,,,,
Edelweiss Equity Savings Fund-Reg(G),30730,Edelweiss Mutual Fund,-0.55,2.3,6.72,7.04,NIFTY 50 Equity Savings Index,10.26,8.29,8.97,4.88,3,4,1,3,2,2,3,2,Edelweiss Equity Savings Fund-Reg(G),Hybrid : Equity Savings,24,24,24,24,24,21,21,14,1.27,-1.02,0.5,3.63,3.17,7.57,6.8,7.45,,,,,,,,
Kotak Active Momentum Fund-Reg(G),50099,Kotak Mahindra Mutual Fund,-3.49,2.84,12.36,7.99,NIFTY 500 - TRI,,,,2.47,47,59,33,50,32,,,,Kotak Active Momentum Fund-Reg(G),Equity : Thematic,112,120,117,117,108,51,33,9,2.18,-3.04,1.09,11.89,4.44,13.34,11.3,12.9,,,,,,,,
DSP Nifty SDL Plus G-Sec Jun 2028 30:70 Index Fund-Reg(G),45863,DSP Mutual Fund,0.1,1.01,2.64,5.24,Nifty SDL Plus G-Sec Jun 2028 70:30 Index,7.24,,,3.46,25,37,34,38,31,9,,,DSP Nifty SDL Plus G-Sec Jun 2028 30:70 Index Fund-Reg(G),Debt : Medium to Long Duration,58,59,59,58,58,50,12,11,3.39,0.01,0.87,2.74,4.94,6.88,5.21,5.53,,,,,,,,
LIC MF Banking & PSU Debt Fund-Reg(G),2139,LIC Mutual Fund,0.16,0.79,3.11,4.76,NIFTY Banking and PSU Debt Index,6.72,5.72,6.43,3.37,5,6,8,4,7,9,12,12,LIC MF Banking & PSU Debt Fund-Reg(G),Debt : Banking & PSU,21,21,21,21,21,20,18,16,3.22,0.08,0.74,2.9,4.74,6.68,5.83,6.66,,,,,,,,
UTI Conservative Hybrid Fund-Reg(G),3631,UTI Mutual Fund,-1.38,-0.64,2.43,0.89,NIFTY 50 Hybrid Composite Debt 15:85 Index,6.99,6.47,7.21,-0.64,21,18,21,18,22,11,13,8,UTI Conservative Hybrid Fund-Reg(G),Hybrid : Conservative Hybrid,27,27,27,27,27,27,27,21,0.82,-1.18,-0.16,3.0,2.31,6.88,6.44,6.9,,,,,,,,
PGIM India Global Equity Opp FoF(G),8812,PGIM India Mutual Fund,1.67,-6.64,13.28,5.52,MSCI AC World Index,17.78,5.08,13.9,6.7,49,19,52,32,48,42,35,5,PGIM India Global Equity Opp FoF(G),FoFs : Overseas,54,55,55,55,54,53,38,23,18.34,0.21,3.61,15.81,24.5,25.31,13.29,11.62,,,,,,,,
Quant Quantamental Fund-Reg(G),45480,Quant Mutual Fund,-3.43,-4.55,13.11,7.62,NIFTY 200 - TRI,14.12,16.99,,3.42,39,57,114,45,34,23,5,,Quant Quantamental Fund-Reg(G),Equity : Thematic,112,120,117,117,108,51,33,9,2.18,-3.04,1.09,11.89,4.44,13.34,11.3,12.9,,,,,,,,
Bajaj Finserv Multi Cap Fund-Reg(G),49459,Bajaj Finserv Mutual Fund,-2.54,1.32,15.96,9.62,Nifty500 Multicap 50:25:25 - TRI,,,,5.12,12,14,15,10,6,,,,Bajaj Finserv Multi Cap Fund-Reg(G),Equity : Multi Cap,33,33,33,33,33,22,10,7,3.1,-2.77,1.52,13.44,4.67,13.3,11.47,13.51,,,,,,,,
Aditya Birla SL Conglomerate Fund-Reg(G),49209,Aditya Birla Sun Life Mutual Fund,-5.11,-2.31,9.41,-0.66,BSE Select Business Groups Index - TRI,,,,-2.67,74,106,92,62,75,,,,Aditya Birla SL Conglomerate Fund-Reg(G),Equity : Thematic,112,120,117,117,108,51,33,9,2.18,-3.04,1.09,11.89,4.44,13.34,11.3,12.9,,,,,,,,
SBI 10 Year Constant Maturity Gilt Fund-Reg(G),2756,SBI Mutual Fund,-1.24,-0.54,1.89,2.72,Nifty 10 yr Benchmark G-Sec,6.39,5.28,7.2,1.75,3,5,3,4,3,3,3,3,SBI 10 Year Constant Maturity Gilt Fund-Reg(G),Debt : Gilt (10 Yr Constant Duration),6,6,6,6,6,6,4,4,1.78,-1.2,-0.52,1.99,2.67,6.46,5.25,7.0,-1.2,-0.59,1.5,1.61,6.41,5.09,,1.5
Bandhan Nifty100 Low Volatility 30 Index Fund-Reg(G),46607,Bandhan Mutual Fund,-5.25,-2.71,1.55,-4.64,Nifty100 Low Volatility 30 - TRI,8.33,,,-8.69,173,219,152,178,152,58,,,Bandhan Nifty100 Low Volatility 30 Index Fund-Reg(G),Equity : Index Funds,228,253,245,234,219,101,45,18,-3.26,-4.15,-1.59,6.96,-0.34,10.34,8.4,10.7,,,,,,,,
HDFC Retirement Fund-Hybrid-Equity Plan-Reg(G),24805,HDFC Mutual Fund,-3.23,-2.82,0.44,-6.35,NIFTY 50 Hybrid Composite Debt 65:35 Index,5.99,7.45,10.89,-8.48,43,26,41,43,42,40,26,12,HDFC Retirement Fund-Hybrid-Equity Plan-Reg(G),Hybrid : Aggressive Hybrid,43,44,43,43,43,41,41,28,-1.6,-2.93,-0.57,6.19,0.55,9.9,8.59,10.55,,,,,,,,
Aditya Birla SL Credit Risk Fund-Reg(G),29571,Aditya Birla Sun Life Mutual Fund,0.24,1.61,4.62,11.46,CRISIL Credit Risk Debt Index,12.08,9.9,8.32,9.22,2,4,3,3,2,2,3,1,Aditya Birla SL Credit Risk Fund-Reg(G),Debt : Credit Risk,15,15,15,15,15,15,15,12,5.72,0.13,1.25,4.35,7.51,8.7,8.78,6.15,,,,,,,,
DSP Income Plus Arbitrage Omni FoF-Reg(G),14756,DSP Mutual Fund,0.07,0.68,2.72,4.65,NIFTY Composite Debt Index,9.93,5.43,7.55,3.13,50,30,39,49,50,50,34,21,DSP Income Plus Arbitrage Omni FoF-Reg(G),FoFs : Overseas,54,55,55,55,54,53,38,23,18.34,0.21,3.61,15.81,24.5,25.31,13.29,11.62,,,,,,,,
Mahindra Manulife Flexi Cap Fund-Reg(G),45670,Mahindra Manulife Mutual Fund,-3.39,-0.6,5.33,-3.31,NIFTY 500 - TRI,8.4,8.81,,-5.72,47,24,37,43,42,37,19,,Mahindra Manulife Flexi Cap Fund-Reg(G),Equity : Flexi Cap,55,58,56,56,53,47,36,24,-0.83,-3.33,0.32,9.42,1.07,10.83,9.29,11.79,,,,,,,,
ITI Flexi Cap Fund-Reg(G),45721,ITI Mutual Fund,-1.5,3.26,17.93,11.51,NIFTY 500 - TRI,17.28,,,7.84,5,7,7,3,2,3,,,ITI Flexi Cap Fund-Reg(G),Equity : Flexi Cap,55,58,56,56,53,47,36,24,-0.83,-3.33,0.32,9.42,1.07,10.83,9.29,11.79,,,,,,,,
ICICI Pru Nifty Alpha Low - Volatility 30 ETF,45038,ICICI Prudential Mutual Fund,-4.68,-1.41,4.11,-0.85,NIFTY Alpha Low-Volatility 30 - TRI,9.95,7.97,,-3.58,105,159,109,120,113,52,39,,ICICI Pru Nifty Alpha Low - Volatility 30 ETF,Equity : ETFs,232,273,256,246,208,137,85,42,-3.6,-4.03,-1.43,6.06,0.15,10.34,8.93,11.73,,,,,,,,
UTI Floating Interest Rates Fund-Reg(G),39630,UTI Mutual Fund,0.3,1.24,3.1,5.68,CRISIL Short Duration Debt Index,6.6,5.82,,4.06,6,2,4,6,8,12,12,,UTI Floating Interest Rates Fund-Reg(G),Debt : Floater,12,12,12,12,12,12,12,5,4.1,0.16,1.06,3.2,5.76,7.18,6.36,6.78,,,,,,,,
Nippon India Credit Risk Fund(G),2661,Nippon India Mutual Fund,0.29,1.23,3.78,6.84,CRISIL Credit Risk Debt Index,8.0,7.07,5.78,4.97,6,3,9,9,7,7,9,9,Nippon India Credit Risk Fund(G),Debt : Credit Risk,15,15,15,15,15,15,15,12,5.72,0.13,1.25,4.35,7.51,8.7,8.78,6.15,,,,,,,,
Tata India Pharma & Healthcare Fund-Reg(G),33729,Tata Mutual Fund,-1.84,3.68,15.52,8.8,BSE Health Care - TRI,18.84,13.05,13.01,9.86,20,21,20,17,19,11,7,4,Tata India Pharma & Healthcare Fund-Reg(G),Equity : Sectoral - Pharma,21,21,21,21,20,12,9,4,18.65,0.58,6.96,21.05,18.29,21.08,14.12,13.63,,,,,,,,
Union Multicap Fund-Reg(G),43846,Union Mutual Fund,-3.19,2.55,15.05,8.27,Nifty500 Multicap 50:25:25 - TRI,13.61,,,6.4,8,10,6,11,8,23,,,Union Multicap Fund-Reg(G),Equity : Mid Cap,32,35,34,34,32,30,25,20,4.31,-3.8,0.67,13.28,6.21,15.36,13.92,14.96,,,,,,,,
Kotak Banking & Financial Services Fund-Reg(G),46629,Kotak Mahindra Mutual Fund,-4.64,-4.6,4.99,2.75,Nifty Financial Services - TRI,10.24,,,-3.47,7,13,20,13,10,11,,,Kotak Banking & Financial Services Fund-Reg(G),Equity : Sectoral - Financial Services,24,28,28,28,23,17,13,11,-4.0,-4.78,-3.54,5.32,2.41,10.9,9.73,11.13,,,,,,,,
ICICI Pru FMCG Fund(G),1517,ICICI Prudential Mutual Fund,-3.75,-5.75,-2.46,-17.18,NIFTY FMCG - TRI,-3.77,3.4,8.24,-16.33,26,9,27,27,22,15,13,10,ICICI Pru FMCG Fund(G),Equity : Thematic - Consumption,26,27,27,27,22,15,13,10,-1.97,-4.07,2.02,11.36,-3.98,9.03,9.56,12.06,,,,,,,,
ICICI Pru Exports & Services Fund(G),1680,ICICI Prudential Mutual Fund,-4.4,-0.45,7.64,1.14,BSE 500 - TRI,13.56,12.33,13.04,-2.24,72,90,65,73,65,24,15,4,ICICI Pru Exports & Services Fund(G),Equity : Thematic,112,120,117,117,108,51,33,9,2.18,-3.04,1.09,11.89,4.44,13.34,11.3,12.9,,,,,,,,
Invesco India Infrastructure Fund-Reg(G),2237,Invesco Mutual Fund,-3.36,-4.24,17.48,4.35,BSE India Infrastructure Index - TRI,17.73,16.97,17.08,10.22,6,17,15,4,9,4,7,3,Invesco India Infrastructure Fund-Reg(G),Equity : Sectoral - Infrastructure,22,22,22,22,21,19,19,18,3.92,-2.54,-2.88,10.36,3.25,15.22,16.22,14.92,,,,,,,,
Motilal Oswal Business Cycle Fund-Reg(G),48959,Motilal Oswal Mutual Fund,-1.49,11.37,21.33,0.76,NIFTY 500 - TRI,,,,1.44,55,21,2,21,68,,,,Motilal Oswal Business Cycle Fund-Reg(G),Equity : Thematic,112,120,117,117,108,51,33,9,2.18,-3.04,1.09,11.89,4.44,13.34,11.3,12.9,,,,,,,,
UTI Silver ETF,46881,UTI Mutual Fund,-4.16,5.73,-1.52,67.54,Silver,44.8,,,1.49,24,12,37,42,2,9,,,UTI Silver ETF,Metal : ETFs,40,42,42,42,38,22,11,11,3.29,-5.3,7.04,2.11,46.95,39.54,25.66,15.77,,,,,,,,
ITI Multi Cap Fund-Reg(G),43408,ITI Mutual Fund,-2.02,2.1,16.46,11.5,Nifty500 Multicap 50:25:25 - TRI,15.47,12.12,,7.83,7,9,11,7,3,8,4,,ITI Multi Cap Fund-Reg(G),Equity : Multi Cap,33,33,33,33,33,22,10,7,3.1,-2.77,1.52,13.44,4.67,13.3,11.47,13.51,,,,,,,,
Tata Gold ETF FoF-Reg(G),48437,Tata Mutual Fund,-6.29,8.07,4.22,30.55,Gold-India,,,,11.77,12,126,9,58,24,,,,Tata Gold ETF FoF-Reg(G),FoFs : Domestic,108,135,127,125,99,61,41,27,2.81,-3.15,2.04,5.11,14.87,17.1,10.87,10.45,,,,,,,,
ITI Mid Cap Fund-Reg(G),45314,ITI Mutual Fund,-4.08,0.69,12.87,8.99,Nifty Midcap 150 - TRI,17.81,14.07,,2.57,21,18,15,16,5,6,11,,ITI Mid Cap Fund-Reg(G),Equity : Mid Cap,32,35,34,34,32,30,25,20,4.31,-3.8,0.67,13.28,6.21,15.36,13.92,14.96,,,,,,,,
HSBC Balanced Advantage Fund-Reg(G),13019,HSBC Mutual Fund,-1.96,-0.05,4.27,0.65,CRISIL Short Term Bond Index,8.22,6.93,7.83,-0.8,15,8,16,20,20,17,13,9,HSBC Balanced Advantage Fund-Reg(G),Hybrid : Dynamic Asset Allocation,37,38,38,38,37,30,22,11,-1.63,-2.48,-0.35,4.38,0.68,8.22,7.48,8.98,,,,,,,,
Nippon India Gilt Fund(G),6291,Nippon India Mutual Fund,-0.68,-0.42,3.17,2.86,Nifty All Duration G-Sec Index,5.46,4.7,6.36,2.23,19,22,25,9,21,22,14,8,Nippon India Gilt Fund(G),Debt : Gilt,38,38,38,38,38,34,23,21,2.34,-0.55,-0.06,2.74,3.22,5.99,4.93,5.98,,,,,,,,
UTI Gold ETF FoF-Reg(G),47003,UTI Mutual Fund,-6.46,8.22,4.43,31.21,Gold-India,35.12,,,8.89,15,131,7,49,22,10,,,UTI Gold ETF FoF-Reg(G),FoFs : Domestic,108,135,127,125,99,61,41,27,2.81,-3.15,2.04,5.11,14.87,17.1,10.87,10.45,,,,,,,,
Sundaram Consumption Fund(G),3050,Sundaram Mutual Fund,-5.27,3.92,11.11,-5.83,Nifty India Consumption - TRI,8.55,9.84,10.52,-4.41,13,24,7,9,12,9,7,8,Sundaram Consumption Fund(G),Equity : Thematic - Consumption,26,27,27,27,22,15,13,10,-1.97,-4.07,2.02,11.36,-3.98,9.03,9.56,12.06,,,,,,,,
UTI Banking & PSU Debt Fund-Reg(G),21956,UTI Mutual Fund,0.5,1.57,3.48,5.82,NIFTY Banking and PSU Debt Index,7.14,7.46,6.34,4.27,1,1,1,1,3,1,1,13,UTI Banking & PSU Debt Fund-Reg(G),Debt : Banking & PSU,21,21,21,21,21,20,18,16,3.22,0.08,0.74,2.9,4.74,6.68,5.83,6.66,,,,,,,,
Aditya Birla SL Conservative Hybrid Fund(G),422,Aditya Birla Sun Life Mutual Fund,-1.17,0.0,3.2,3.33,CRISIL Hybrid 85+15 - Conservative Index,7.6,6.89,7.26,1.95,6,12,10,11,7,9,11,7,Aditya Birla SL Conservative Hybrid Fund(G),Hybrid : Conservative Hybrid,27,27,27,27,27,27,27,21,0.82,-1.18,-0.16,3.0,2.31,6.88,6.44,6.9,,,,,,,,
LIC MF Gold ETF,15131,LIC Mutual Fund,-6.08,7.96,4.7,33.04,Gold-India,35.85,26.03,16.11,14.63,1,31,6,2,19,11,1,1,LIC MF Gold ETF,Metal : ETFs,40,42,42,42,38,22,11,11,3.29,-5.3,7.04,2.11,46.95,39.54,25.66,15.77,,,,,,,,
ICICI Pru Passive Multi-Asset FoF(G),46182,ICICI Prudential Mutual Fund,-2.33,0.42,4.6,6.31,CRISIL Hybrid 50+50 - Moderate Index,12.67,,,2.06,61,44,82,47,39,26,,,ICICI Pru Passive Multi-Asset FoF(G),FoFs : Domestic,108,135,127,125,99,61,41,27,2.81,-3.15,2.04,5.11,14.87,17.1,10.87,10.45,,,,,,,,
Invesco India Ultra Short Term Fund-Reg(G),13460,Invesco Mutual Fund,0.5,1.6,3.51,6.17,NIFTY Ultra Short Duration Debt Index,6.87,6.07,6.19,4.62,10,14,11,11,15,8,13,6,Invesco India Ultra Short Term Fund-Reg(G),Debt : Ultra Short Duration,31,34,33,32,31,24,24,13,4.54,0.49,1.56,3.46,6.12,6.65,6.0,5.88,,,,,,,,
DSP Silver ETF,46354,DSP Mutual Fund,-4.2,5.87,-1.24,66.96,Silver,45.29,,,0.68,32,16,26,30,4,6,,,DSP Silver ETF,Metal : ETFs,40,42,42,42,38,22,11,11,3.29,-5.3,7.04,2.11,46.95,39.54,25.66,15.77,,,,,,,,
UTI Quant Fund-Reg(G),49528,UTI Mutual Fund,-4.79,-1.79,5.08,-3.98,BSE 200 - TRI,,,,-5.56,88,97,84,86,93,,,,UTI Quant Fund-Reg(G),Equity : Thematic,112,120,117,117,108,51,33,9,2.18,-3.04,1.09,11.89,4.44,13.34,11.3,12.9,,,,,,,,
Aditya Birla SL Nifty 50 Index Fund-Reg(G),407,Aditya Birla Sun Life Mutual Fund,-4.91,-3.6,-0.18,-6.48,NIFTY 50 - TRI,6.25,5.97,10.49,-10.95,193,190,187,195,174,79,31,11,Aditya Birla SL Nifty 50 Index Fund-Reg(G),Equity : Index Funds,228,253,245,234,219,101,45,18,-3.26,-4.15,-1.59,6.96,-0.34,10.34,8.4,10.7,,,,,,,,
Axis Services Opportunities Fund-Reg(G),49801,Axis Mutual Fund,-5.38,-1.86,8.7,-4.33,Nifty Services Sector - TRI,,,,-4.04,84,110,86,66,98,,,,Axis Services Opportunities Fund-Reg(G),Equity : Thematic,112,120,117,117,108,51,33,9,2.18,-3.04,1.09,11.89,4.44,13.34,11.3,12.9,,,,,,,,
Baroda BNP Paribas Multi Asset Fund-Reg(G),46852,Baroda BNP Paribas Mutual Fund,-4.55,-0.51,3.83,4.97,NIFTY 500 - TRI,12.95,,,-0.26,22,35,29,22,23,9,,,Baroda BNP Paribas Multi Asset Fund-Reg(G),Hybrid : Multi Asset Allocation,33,36,34,34,30,14,8,6,1.18,-3.02,0.54,4.52,7.5,13.59,12.21,12.2,,,,,,,,
HDFC Technology Fund-Reg(G),48189,HDFC Mutual Fund,-6.81,4.76,2.38,-15.11,BSE TECk Index - TRI,3.78,,,-19.15,11,10,9,12,12,4,,,HDFC Technology Fund-Reg(G),Equity : Sectoral - Technology,12,13,13,13,12,7,5,5,-10.68,-4.97,6.29,11.37,-7.14,4.09,2.44,15.63,,,,,,,,
Union Money Market Fund-Reg(G),45360,Union Mutual Fund,0.49,1.6,3.45,6.08,CRISIL Money Market Index,6.46,5.74,,4.6,16,23,21,21,21,21,19,,Union Money Market Fund-Reg(G),Debt : Money Market,24,26,25,25,23,22,19,13,4.6,0.52,1.64,3.55,6.27,7.03,6.36,6.38,,,,,,,,
Groww Multicap Fund-Reg(G),49400,Groww Mutual Fund,-1.25,5.36,22.34,16.37,Nifty500 Multicap 50:25:25 - TRI,,,,13.71,1,6,3,2,1,,,,Groww Multicap Fund-Reg(G),Equity : Multi Cap,33,33,33,33,33,22,10,7,3.1,-2.77,1.52,13.44,4.67,13.3,11.47,13.51,,,,,,,,
HSBC Equity Savings Fund-Reg(G),15304,HSBC Mutual Fund,-1.28,-0.08,6.91,6.42,NIFTY 50 Equity Savings Index,11.81,9.86,8.97,6.29,2,17,19,2,3,1,1,1,HSBC Equity Savings Fund-Reg(G),Hybrid : Equity Savings,24,24,24,24,24,21,21,14,1.27,-1.02,0.5,3.63,3.17,7.57,6.8,7.45,,,,,,,,
Aditya Birla SL Dividend Yield Fund-Reg(G),301,Aditya Birla Sun Life Mutual Fund,-4.06,-0.37,4.36,1.7,NIFTY 500 - TRI,11.0,11.9,11.64,-3.65,5,9,4,6,4,5,3,5,Aditya Birla SL Dividend Yield Fund-Reg(G),Equity : Thematic - Dividend Yield,10,11,11,11,10,9,8,5,-3.23,-3.53,-1.33,5.12,0.13,11.44,11.5,12.77,,,,,,,,
Helios Large & Mid Cap Fund-Reg(G),49245,Helios Mutual Fund,-3.37,0.18,11.59,3.81,NIFTY LargeMidcap 250 - TRI,,,,0.9,10,11,12,9,11,,,,Helios Large & Mid Cap Fund-Reg(G),Equity : Large & Mid Cap,33,36,34,33,33,26,26,20,-0.52,-3.92,-0.34,9.21,1.84,12.73,11.15,13.02,,,,,,,,
Axis Aggressive Hybrid Fund-Reg(G),40568,Axis Mutual Fund,-2.9,-0.2,4.49,-0.05,CRISIL Hybrid 35+65 - Aggressive Index,8.29,5.13,,-2.34,21,18,14,25,18,30,37,,Axis Aggressive Hybrid Fund-Reg(G),Hybrid : Aggressive Hybrid,43,44,43,43,43,41,41,28,-1.6,-2.93,-0.57,6.19,0.55,9.9,8.59,10.55,,,,,,,,
Mirae Asset Gold Silver Passive FoF-Reg(G),50139,Mirae Asset Mutual Fund,-5.59,7.12,1.58,46.96,Gold-India,,,,7.28,22,113,17,105,13,,,,Mirae Asset Gold Silver Passive FoF-Reg(G),FoFs : Domestic,108,135,127,125,99,61,41,27,2.81,-3.15,2.04,5.11,14.87,17.1,10.87,10.45,,,,,,,,
DSP Business Cycle Fund-Reg(G),48957,DSP Mutual Fund,-4.35,-3.81,3.55,-0.63,NIFTY 500 - TRI,,,,-2.55,73,88,109,96,74,,,,DSP Business Cycle Fund-Reg(G),Equity : Thematic,112,120,117,117,108,51,33,9,2.18,-3.04,1.09,11.89,4.44,13.34,11.3,12.9,,,,,,,,
Edelweiss Business Cycle Fund-Reg(G),48499,Edelweiss Mutual Fund,-2.22,2.88,7.93,2.97,NIFTY 500 - TRI,,,,-0.45,64,36,31,71,55,,,,Edelweiss Business Cycle Fund-Reg(G),Equity : Thematic,112,120,117,117,108,51,33,9,2.18,-3.04,1.09,11.89,4.44,13.34,11.3,12.9,,,,,,,,
Mirae Asset Nifty Next 50 ETF,44314,Mirae Asset Mutual Fund,-3.62,-0.2,13.47,6.0,NIFTY NEXT 50 - TRI,17.61,11.54,,4.28,33,95,58,38,44,19,23,,Mirae Asset Nifty Next 50 ETF,Equity : ETFs,232,273,256,246,208,137,85,42,-3.6,-4.03,-1.43,6.06,0.15,10.34,8.93,11.73,,,,,,,,
Baroda BNP Paribas India Consumption Fund-Reg(G),17168,Baroda BNP Paribas Mutual Fund,-5.15,0.4,6.09,-7.66,Nifty India Consumption - TRI,8.09,8.49,,-7.2,23,21,18,24,18,11,10,,Baroda BNP Paribas India Consumption Fund-Reg(G),Equity : Thematic - Consumption,26,27,27,27,22,15,13,10,-1.97,-4.07,2.02,11.36,-3.98,9.03,9.56,12.06,,,,,,,,
UTI Banking and Financial Services Fund-Reg(G),3439,UTI Mutual Fund,-3.74,-3.29,4.62,1.62,Nifty Financial Services - TRI,11.25,9.57,9.35,-3.94,8,3,12,16,12,6,9,10,UTI Banking and Financial Services Fund-Reg(G),Equity : Sectoral - Financial Services,24,28,28,28,23,17,13,11,-4.0,-4.78,-3.54,5.32,2.41,10.9,9.73,11.13,,,,,,,,
ICICI Pru Nifty SDL Sep 2027 Index Fund-Reg(G),46528,ICICI Prudential Mutual Fund,0.31,1.47,2.97,5.93,Nifty SDL Sep 2027 Index,7.39,,,4.23,5,21,6,14,8,2,,,ICICI Pru Nifty SDL Sep 2027 Index Fund-Reg(G),Debt : Medium to Long Duration,58,59,59,58,58,50,12,11,3.39,0.01,0.87,2.74,4.94,6.88,5.21,5.53,,,,,,,,
Invesco India PSU Equity Fund-Reg(G),7996,Invesco Mutual Fund,-3.79,-3.32,0.73,-0.91,BSE PSU - TRI,17.28,19.32,14.85,-4.53,85,70,106,112,77,11,3,2,Invesco India PSU Equity Fund-Reg(G),Equity : Thematic,112,120,117,117,108,51,33,9,2.18,-3.04,1.09,11.89,4.44,13.34,11.3,12.9,,,,,,,,
DSP Global Innovation Overseas Equity Omni FoF-Reg(G),45728,DSP Mutual Fund,1.38,4.77,23.07,22.92,MSCI ACWI Net TRI,28.63,,,20.02,24,22,21,13,31,16,,,DSP Global Innovation Overseas Equity Omni FoF-Reg(G),FoFs : Overseas,54,55,55,55,54,53,38,23,18.34,0.21,3.61,15.81,24.5,25.31,13.29,11.62,,,,,,,,
UTI Healthcare Fund-Reg(G),3646,UTI Mutual Fund,0.75,6.84,23.46,17.88,BSE Health Care - TRI,23.71,14.95,13.57,20.68,9,9,12,9,11,1,3,2,UTI Healthcare Fund-Reg(G),Equity : Sectoral - Pharma,21,21,21,21,20,12,9,4,18.65,0.58,6.96,21.05,18.29,21.08,14.12,13.63,,,,,,,,
ICICI Pru Childrens Fund(G),1489,ICICI Prudential Mutual Fund,-2.64,-2.48,5.56,-2.28,NIFTY 50 Hybrid Composite Debt 65:35 Index,11.83,10.42,10.53,-3.07,26,12,39,18,33,8,8,14,ICICI Pru Childrens Fund(G),Hybrid : Aggressive Hybrid,43,44,43,43,43,41,41,28,-1.6,-2.93,-0.57,6.19,0.55,9.9,8.59,10.55,,,,,,,,
Edelweiss Large Cap Fund-Reg(G),7785,Edelweiss Mutual Fund,-3.76,-0.89,2.91,-2.76,NIFTY 100 - TRI,8.44,7.71,11.32,-6.57,17,5,7,20,13,20,11,7,Edelweiss Large Cap Fund-Reg(G),Equity : Large Cap,33,35,34,34,33,30,28,23,-6.14,-4.26,-1.72,3.8,-2.94,8.89,7.38,10.73,,,,,,,,
Bandhan Infrastructure Fund-Reg(G),12459,Bandhan Mutual Fund,-2.77,-4.46,9.81,-3.5,BSE India Infrastructure Index - TRI,14.24,15.26,14.64,-0.43,16,12,17,11,18,13,13,11,Bandhan Infrastructure Fund-Reg(G),Equity : Sectoral - Infrastructure,22,22,22,22,21,19,19,18,3.92,-2.54,-2.88,10.36,3.25,15.22,16.22,14.92,,,,,,,,
Unifi Dynamic Asset Allocation Fund-Reg(G),49692,Unifi Mutual Fund,0.63,2.08,4.27,7.95,CRISIL Hybrid 50+50 - Moderate Index,,,,5.8,1,1,2,21,1,,,,Unifi Dynamic Asset Allocation Fund-Reg(G),Hybrid : Dynamic Asset Allocation,37,38,38,38,37,30,22,11,-1.63,-2.48,-0.35,4.38,0.68,8.22,7.48,8.98,,,,,,,,
Quant Liquid Plan(G),883,Quant Mutual Fund,0.49,1.44,2.95,5.8,CRISIL Liquid Debt Index,6.47,6.02,6.07,4.26,39,30,39,39,37,33,31,3,Quant Liquid Plan(G),Debt : Liquid,44,45,44,44,41,37,35,30,4.6,0.48,1.52,3.27,6.19,6.73,6.19,5.94,,,,,,,,
Aditya Birla SL Dynamic Term Fund-Reg(G),302,Aditya Birla Sun Life Mutual Fund,-0.06,0.43,3.22,4.92,NIFTY Composite Debt Index,6.95,6.56,5.47,3.47,6,6,8,5,6,4,2,15,Aditya Birla SL Dynamic Term Fund-Reg(G),Debt : Dynamic Bond,23,23,23,23,23,23,23,19,2.57,-0.36,0.16,2.58,3.62,6.05,5.37,6.1,,,,,,,,
PGIM India Emerging Markets Equity FoF(G),815,PGIM India Mutual Fund,1.95,-4.32,14.53,28.92,MSCI Emerging Market Index,26.82,3.69,7.27,27.57,10,18,50,29,19,22,37,22,PGIM India Emerging Markets Equity FoF(G),FoFs : Overseas,54,55,55,55,54,53,38,23,18.34,0.21,3.61,15.81,24.5,25.31,13.29,11.62,,,,,,,,
Bank of India ELSS Tax Saver Fund-Reg(G),7516,Bank of India Mutual Fund,-2.13,-0.7,7.25,2.62,BSE 500 - TRI,11.11,9.7,14.73,1.54,16,8,24,24,16,25,26,5,Bank of India ELSS Tax Saver Fund-Reg(G),Equity : Tax Saving (ELSS),53,53,53,53,53,52,47,30,-2.04,-3.49,-0.87,8.56,-0.32,10.55,10.24,12.18,,,,,,,,
Canara Rob Multi Asset Allocation Fund-Reg(G),49689,Canara Robeco Mutual Fund,-3.81,1.93,6.32,7.34,BSE 200 - TRI,,,,1.74,16,30,2,9,18,,,,Canara Rob Multi Asset Allocation Fund-Reg(G),Hybrid : Multi Asset Allocation,33,36,34,34,30,14,8,6,1.18,-3.02,0.54,4.52,7.5,13.59,12.21,12.2,,,,,,,,
Tata Resources & Energy Fund-Reg(G),33731,Tata Mutual Fund,-1.58,1.28,10.0,6.52,NIFTY COMMODITIES - TRI,14.53,11.45,14.33,4.92,5,2,2,3,5,3,4,4,Tata Resources & Energy Fund-Reg(G),Equity : Sectoral - Energy / Power,8,8,8,8,8,4,4,4,4.78,-2.25,-1.88,8.0,7.3,16.31,14.88,16.22,,,,,,,,
Bajaj Finserv Arbitrage Fund-Reg(G),48064,Bajaj Finserv Mutual Fund,0.41,1.35,2.77,5.94,Nifty 50 Arbitrage - TRI,6.28,,,4.23,24,28,30,25,23,23,,,Bajaj Finserv Arbitrage Fund-Reg(G),Hybrid : Arbitrage,34,38,37,36,32,25,24,15,4.25,0.41,1.37,2.79,5.98,6.56,5.9,5.56,,,,,,,,
DSP NIFTY Next 50 Index Fund-Reg(G),41641,DSP Mutual Fund,-3.69,-0.38,12.89,5.19,NIFTY NEXT 50 - TRI,16.81,10.96,,3.62,35,84,52,42,44,13,8,,DSP NIFTY Next 50 Index Fund-Reg(G),Equity : Index Funds,228,253,245,234,219,101,45,18,-3.26,-4.15,-1.59,6.96,-0.34,10.34,8.4,10.7,,,,,,,,
Aditya Birla SL Mfg. Equity Fund-Reg(G),30774,Aditya Birla Sun Life Mutual Fund,-1.33,8.42,24.17,22.42,BSE India Manufacturing Index - TRI,20.56,14.36,12.98,19.52,1,2,2,3,1,1,1,4,Aditya Birla SL Mfg. Equity Fund-Reg(G),Equity : Thematic - Consumption,26,27,27,27,22,15,13,10,-1.97,-4.07,2.02,11.36,-3.98,9.03,9.56,12.06,,,,,,,,
Aditya Birla SL Nifty India Defence Index Fund-Reg(G),49044,Aditya Birla Sun Life Mutual Fund,-3.76,-0.01,22.97,14.8,Nifty India Defence - TRI,,,,20.92,2,98,41,9,9,,,,Aditya Birla SL Nifty India Defence Index Fund-Reg(G),Equity : Index Funds,228,253,245,234,219,101,45,18,-3.26,-4.15,-1.59,6.96,-0.34,10.34,8.4,10.7,,,,,,,,
Mahindra Manulife Liquid Fund-Reg(G),35846,Mahindra Manulife Mutual Fund,0.51,1.6,3.41,6.42,CRISIL Liquid Debt Index,6.85,6.29,6.07,4.79,10,2,4,16,10,12,4,4,Mahindra Manulife Liquid Fund-Reg(G),Debt : Liquid,44,45,44,44,41,37,35,30,4.6,0.48,1.52,3.27,6.19,6.73,6.19,5.94,,,,,,,,
DSP Nifty PSU Bank ETF,47908,DSP Mutual Fund,-3.6,-3.98,-2.74,12.87,NIFTY PSU BANK - TRI,17.16,,,-2.17,89,91,206,218,15,23,,,DSP Nifty PSU Bank ETF,Equity : ETFs,232,273,256,246,208,137,85,42,-3.6,-4.03,-1.43,6.06,0.15,10.34,8.93,11.73,,,,,,,,
Axis Multi-Asset Omni FoF-Reg(G),50377,Axis Mutual Fund,-2.66,2.23,8.46,,NIFTY 500 - TRI,,,,4.76,25,50,43,25,,,,,Axis Multi-Asset Omni FoF-Reg(G),FoFs : Domestic,108,135,127,125,99,61,41,27,2.81,-3.15,2.04,5.11,14.87,17.1,10.87,10.45,,,,,,,,
DSP Nifty 50 Equal Weight ETF,45715,DSP Mutual Fund,-4.7,-2.43,4.0,0.01,NIFTY50 Equal Weight - TRI,11.2,,,-4.22,108,164,125,132,98,46,,,DSP Nifty 50 Equal Weight ETF,Equity : ETFs,232,273,256,246,208,137,85,42,-3.6,-4.03,-1.43,6.06,0.15,10.34,8.93,11.73,,,,,,,,
LIC MF Large Cap Fund-Reg(G),2127,LIC Mutual Fund,-3.94,-1.47,3.58,-5.42,NIFTY 100 - TRI,6.81,4.55,9.09,-8.48,29,10,14,15,28,25,27,22,LIC MF Large Cap Fund-Reg(G),Equity : Large Cap,33,35,34,34,33,30,28,23,-6.14,-4.26,-1.72,3.8,-2.94,8.89,7.38,10.73,,,,,,,,
Invesco India Business Cycle Fund-Reg(G),49315,Invesco Mutual Fund,-2.36,0.57,22.01,11.57,NIFTY 500 - TRI,,,,11.04,22,40,56,20,21,,,,Invesco India Business Cycle Fund-Reg(G),Equity : Thematic,112,120,117,117,108,51,33,9,2.18,-3.04,1.09,11.89,4.44,13.34,11.3,12.9,,,,,,,,
Franklin India Corporate Bond Fund-A(G),3381,Franklin Templeton Mutual Fund,0.22,1.19,3.05,5.5,NIFTY Corporate Bond Index,7.37,6.15,6.98,3.78,4,2,2,5,2,1,3,4,Franklin India Corporate Bond Fund-A(G),Debt : Corporate Bond,21,21,21,21,21,21,19,13,3.17,0.0,0.66,2.88,4.63,6.78,5.84,6.57,,,,,,,,
Altiva Equity Ex-Top 100 Long-Short Fund-Reg(G),75090,Edelweiss Altiva SIF,-4.04,2.37,,,NIFTY 500 - TRI,,,,,,28,10,,,,,,Altiva Equity Ex-Top 100 Long-Short Fund-Reg(G),Hybrid : Long - Short,10,30,27,14,,,,,5.49,-0.21,3.32,9.54,,,,,,,,,,,,
Mahindra Manulife Business Cycle Fund-Reg(G),48179,Mahindra Manulife Mutual Fund,-3.77,-1.22,6.85,5.33,NIFTY 500 - TRI,15.56,,,-0.04,63,69,76,80,46,14,,,Mahindra Manulife Business Cycle Fund-Reg(G),Equity : Thematic,112,120,117,117,108,51,33,9,2.18,-3.04,1.09,11.89,4.44,13.34,11.3,12.9,,,,,,,,
Axis Innovation Fund-Reg(G),44315,Axis Mutual Fund,-0.23,13.19,24.84,14.5,NIFTY 500 - TRI,17.76,10.27,,14.26,14,12,1,16,13,7,19,,Axis Innovation Fund-Reg(G),Equity : Thematic,112,120,117,117,108,51,33,9,2.18,-3.04,1.09,11.89,4.44,13.34,11.3,12.9,,,,,,,,
JM Mid Cap Fund-Reg(G),47089,JM Financial Mutual Fund,-3.09,1.5,19.25,8.31,Nifty Midcap 150 - TRI,17.09,,,10.14,2,9,8,3,7,8,,,JM Mid Cap Fund-Reg(G),Equity : Mid Cap,32,35,34,34,32,30,25,20,4.31,-3.8,0.67,13.28,6.21,15.36,13.92,14.96,,,,,,,,
Motilal Oswal Nifty India Defence ETF,49103,Motilal Oswal Mutual Fund,-3.71,0.14,23.42,15.67,Nifty India Defence - TRI,,,,21.59,4,111,52,9,12,,,,Motilal Oswal Nifty India Defence ETF,Equity : ETFs,232,273,256,246,208,137,85,42,-3.6,-4.03,-1.43,6.06,0.15,10.34,8.93,11.73,,,,,,,,
ICICI Pru ESG Exclusionary Strategy Fund(G),44087,ICICI Prudential Mutual Fund,-3.69,-1.56,3.62,-7.12,NIFTY100 ESG - TRI,10.3,8.26,,-8.18,103,67,81,95,106,38,23,,ICICI Pru ESG Exclusionary Strategy Fund(G),Equity : Thematic,112,120,117,117,108,51,33,9,2.18,-3.04,1.09,11.89,4.44,13.34,11.3,12.9,,,,,,,,
Quant Momentum Fund-Reg(G),48334,Quant Mutual Fund,-3.91,-3.42,14.0,7.25,NIFTY 500 - TRI,,,,3.35,41,76,107,42,39,,,,Quant Momentum Fund-Reg(G),Equity : Thematic,112,120,117,117,108,51,33,9,2.18,-3.04,1.09,11.89,4.44,13.34,11.3,12.9,,,,,,,,
Tata India Innovation Fund-Reg(G),49235,Tata Mutual Fund,-3.49,1.64,14.68,1.03,NIFTY 500 - TRI,,,,0.78,59,60,48,39,66,,,,Tata India Innovation Fund-Reg(G),Equity : Thematic,112,120,117,117,108,51,33,9,2.18,-3.04,1.09,11.89,4.44,13.34,11.3,12.9,,,,,,,,
Union Innovation & Opp Fund-Reg(G),45727,Union Mutual Fund,-1.96,8.41,25.61,9.9,NIFTY 500 - TRI,17.67,,,12.61,20,32,8,13,24,8,,,Union Innovation & Opp Fund-Reg(G),Equity : Thematic,112,120,117,117,108,51,33,9,2.18,-3.04,1.09,11.89,4.44,13.34,11.3,12.9,,,,,,,,
Sundaram Overnight Fund-Reg(G),42000,Sundaram Mutual Fund,0.4,1.25,2.54,5.13,Nifty 1D Rate Index,5.93,5.6,,3.7,26,26,21,23,26,25,23,,Sundaram Overnight Fund-Reg(G),Debt : Overnight,35,37,35,35,35,33,27,3,3.71,0.4,1.24,2.54,5.14,5.94,5.62,5.27,0.41,1.27,2.59,5.24,6.06,5.75,,5.14
Bank of India Multi Cap Fund-Reg(G),46115,Bank of India Mutual Fund,-1.94,1.33,14.24,11.4,Nifty500 Multicap 50:25:25 - TRI,16.53,,,5.73,11,8,14,15,4,3,,,Bank of India Multi Cap Fund-Reg(G),Equity : Multi Cap,33,33,33,33,33,22,10,7,3.1,-2.77,1.52,13.44,4.67,13.3,11.47,13.51,,,,,,,,
Navi Nifty Next 50 Index Fund-Reg(G),45860,Navi Mutual Fund,-3.71,-0.51,12.74,4.79,NIFTY NEXT 50 - TRI,16.53,,,3.38,44,91,65,47,55,18,,,Navi Nifty Next 50 Index Fund-Reg(G),Equity : Index Funds,228,253,245,234,219,101,45,18,-3.26,-4.15,-1.59,6.96,-0.34,10.34,8.4,10.7,,,,,,,,
ICICI Pru Nifty Midcap 150 Index Fund-Reg(G),46108,ICICI Prudential Mutual Fund,-4.67,-1.39,9.8,4.54,Nifty Midcap 150 - TRI,13.65,,,0.52,74,134,94,71,64,35,,,ICICI Pru Nifty Midcap 150 Index Fund-Reg(G),Equity : Index Funds,228,253,245,234,219,101,45,18,-3.26,-4.15,-1.59,6.96,-0.34,10.34,8.4,10.7,,,,,,,,
Nippon India Nifty 500 Momentum 50 Index Fund-Reg(G),49162,Nippon India Mutual Fund,-2.55,-0.16,11.52,4.69,Nifty500 Momentum 50 - TRI,,,,2.61,51,30,45,52,57,,,,Nippon India Nifty 500 Momentum 50 Index Fund-Reg(G),Equity : Index Funds,228,253,245,234,219,101,45,18,-3.26,-4.15,-1.59,6.96,-0.34,10.34,8.4,10.7,,,,,,,,
HSBC India Export Opportunities Fund-Reg(G),49091,HSBC Mutual Fund,-0.4,8.34,27.19,20.2,NIFTY 500 - TRI,,,,15.98,11,13,10,8,4,,,,HSBC India Export Opportunities Fund-Reg(G),Equity : Thematic,112,120,117,117,108,51,33,9,2.18,-3.04,1.09,11.89,4.44,13.34,11.3,12.9,,,,,,,,
Aditya Birla SL CRISIL IBX 60:40 SDL + AAA PSU - Apr 2027 Index Fund-Reg(G),46227,Aditya Birla Sun Life Mutual Fund,0.42,1.4,3.07,5.97,CRISIL IBX 60:40 SDL + AAA PSU Index - April 2027,7.19,,,4.29,4,9,11,11,6,19,,,Aditya Birla SL CRISIL IBX 60:40 SDL + AAA PSU - Apr 2027 Index Fund-Reg(G),Debt : Medium to Long Duration,58,59,59,58,58,50,12,11,3.39,0.01,0.87,2.74,4.94,6.88,5.21,5.53,,,,,,,,
iSIF Hybrid Long-Short Fund-Reg(G),75051,ICICI Pru iSIF,-2.39,2.36,9.86,,CRISIL Hybrid 50+50 - Moderate Index,,,,,,22,11,4,,,,,iSIF Hybrid Long-Short Fund-Reg(G),Hybrid : Long - Short,10,30,27,14,,,,,5.49,-0.21,3.32,9.54,,,,,,,,,,,,
ICICI Pru Retirement Fund-Hybrid Aggressive Plan(G),25669,ICICI Prudential Mutual Fund,-3.32,-1.04,8.37,5.6,CRISIL Hybrid 35+65 - Aggressive Index,16.11,12.95,,1.28,9,29,25,11,5,2,4,,ICICI Pru Retirement Fund-Hybrid Aggressive Plan(G),Hybrid : Aggressive Hybrid,43,44,43,43,43,41,41,28,-1.6,-2.93,-0.57,6.19,0.55,9.9,8.59,10.55,,,,,,,,
Baroda BNP Paribas Small Cap Fund-Reg(G),48146,Baroda BNP Paribas Mutual Fund,-0.68,3.86,18.4,8.52,Nifty Smallcap 250 - TRI,,,,9.57,23,23,24,32,21,,,,Baroda BNP Paribas Small Cap Fund-Reg(G),Equity : Small Cap,33,36,36,36,31,24,23,13,14.42,-0.14,5.3,25.2,12.13,15.61,15.16,16.28,,,,,,,,
SBI Long Term Fund-Reg(G),46864,SBI Mutual Fund,-0.67,-0.43,2.68,2.07,CRISIL Long Duration Debt Index,5.64,,,1.38,18,2,12,9,18,15,,,SBI Long Term Fund-Reg(G),Debt : Long Duration,25,27,25,25,25,19,3,2,2.17,-1.06,-0.5,2.55,3.05,6.26,4.81,5.99,,,,,,,,
Motilal Oswal Nifty Smallcap 250 Index Fund-Reg(G),43811,Motilal Oswal Mutual Fund,-1.06,2.6,21.33,5.94,Nifty Smallcap 250 - TRI,14.04,13.66,,8.47,23,18,28,21,34,25,4,,Motilal Oswal Nifty Smallcap 250 Index Fund-Reg(G),Equity : Index Funds,228,253,245,234,219,101,45,18,-3.26,-4.15,-1.59,6.96,-0.34,10.34,8.4,10.7,,,,,,,,
Aditya Birla SL Silver ETF FOF-Reg(G),46225,Aditya Birla Sun Life Mutual Fund,-4.52,5.36,-0.39,63.32,Silver,43.73,,,0.01,80,100,35,109,5,7,,,Aditya Birla SL Silver ETF FOF-Reg(G),FoFs : Domestic,108,135,127,125,99,61,41,27,2.81,-3.15,2.04,5.11,14.87,17.1,10.87,10.45,,,,,,,,
Kotak Nifty Next 50 Index Fund-Reg(G),44443,Kotak Mahindra Mutual Fund,-3.66,-0.36,13.12,5.39,NIFTY NEXT 50 - TRI,16.85,10.95,,3.86,29,77,50,33,39,10,9,,Kotak Nifty Next 50 Index Fund-Reg(G),Equity : Index Funds,228,253,245,234,219,101,45,18,-3.26,-4.15,-1.59,6.96,-0.34,10.34,8.4,10.7,,,,,,,,
SBI Nifty Midcap 150 Index Fund-Reg(G),45376,SBI Mutual Fund,-4.66,-1.32,10.02,4.83,Nifty Midcap 150 - TRI,13.87,,,0.75,66,130,82,63,53,31,,,SBI Nifty Midcap 150 Index Fund-Reg(G),Equity : Index Funds,228,253,245,234,219,101,45,18,-3.26,-4.15,-1.59,6.96,-0.34,10.34,8.4,10.7,,,,,,,,
Nippon India Nifty Alpha Low Volatility 30 Index Fund(G),46717,Nippon India Mutual Fund,-4.72,-1.5,3.88,-1.37,NIFTY Alpha Low-Volatility 30 - TRI,9.31,,,-3.87,111,153,104,141,126,53,,,Nippon India Nifty Alpha Low Volatility 30 Index Fund(G),Equity : Index Funds,228,253,245,234,219,101,45,18,-3.26,-4.15,-1.59,6.96,-0.34,10.34,8.4,10.7,,,,,,,,
Sundaram ELSS Tax Saver Fund-Reg(G),2433,Sundaram Mutual Fund,-4.27,-3.22,1.95,-5.82,NIFTY 500 - TRI,7.52,8.05,11.3,-9.0,46,34,46,44,44,40,37,21,Sundaram ELSS Tax Saver Fund-Reg(G),Equity : Tax Saving (ELSS),53,53,53,53,53,52,47,30,-2.04,-3.49,-0.87,8.56,-0.32,10.55,10.24,12.18,,,,,,,,
Sundaram Value Fund-Reg(G),3072,Sundaram Mutual Fund,-3.38,-3.45,1.18,-6.3,NIFTY 500 - TRI,5.9,6.61,9.18,-9.85,49,24,47,48,46,49,42,30,Sundaram Value Fund-Reg(G),Equity : Tax Saving (ELSS),53,53,53,53,53,52,47,30,-2.04,-3.49,-0.87,8.56,-0.32,10.55,10.24,12.18,,,,,,,,
Axis Silver FoF-Reg(G),46368,Axis Mutual Fund,-4.44,5.22,-0.72,63.66,Silver,43.89,,,1.15,68,92,36,110,4,4,,,Axis Silver FoF-Reg(G),FoFs : Domestic,108,135,127,125,99,61,41,27,2.81,-3.15,2.04,5.11,14.87,17.1,10.87,10.45,,,,,,,,
Aditya Birla SL Special Opp Fund-Reg(G),45096,Aditya Birla Sun Life Mutual Fund,-1.63,2.13,16.73,13.14,BSE 500 - TRI,17.65,12.34,,5.71,33,27,37,32,19,9,14,,Aditya Birla SL Special Opp Fund-Reg(G),Equity : Thematic,112,120,117,117,108,51,33,9,2.18,-3.04,1.09,11.89,4.44,13.34,11.3,12.9,,,,,,,,
Bajaj Finserv Balanced Advantage Fund-Reg(G),48062,Bajaj Finserv Mutual Fund,-3.01,0.65,6.09,2.45,NIFTY 50 Hybrid Composite Debt 50:50 Index,,,,-1.85,21,29,9,10,10,,,,Bajaj Finserv Balanced Advantage Fund-Reg(G),Hybrid : Dynamic Asset Allocation,37,38,38,38,37,30,22,11,-1.63,-2.48,-0.35,4.38,0.68,8.22,7.48,8.98,,,,,,,,
WOC Large Cap Fund-Reg(G),47079,WhiteOak Capital Mutual Fund,-4.9,-1.34,4.16,-2.59,BSE 100 - TRI,10.98,,,-5.95,13,29,12,9,12,6,,,WOC Large Cap Fund-Reg(G),Equity : Large Cap,33,35,34,34,33,30,28,23,-6.14,-4.26,-1.72,3.8,-2.94,8.89,7.38,10.73,,,,,,,,
Tata Nifty Midcap 150 Momentum 50 Index Fund-Reg(G),47010,Tata Mutual Fund,-3.37,-2.26,8.05,3.02,Nifty Midcap150 Momentum 50 - TRI,13.01,,,0.29,81,48,133,95,77,41,,,Tata Nifty Midcap 150 Momentum 50 Index Fund-Reg(G),Equity : Index Funds,228,253,245,234,219,101,45,18,-3.26,-4.15,-1.59,6.96,-0.34,10.34,8.4,10.7,,,,,,,,
Baroda BNP Paribas Flexi Cap Fund-Reg(G),46699,Baroda BNP Paribas Mutual Fund,-4.55,-0.91,7.57,1.66,NIFTY 500 - TRI,10.85,,,-2.07,31,50,38,33,25,21,,,Baroda BNP Paribas Flexi Cap Fund-Reg(G),Equity : Flexi Cap,55,58,56,56,53,47,36,24,-0.83,-3.33,0.32,9.42,1.07,10.83,9.29,11.79,,,,,,,,
DSP US Specific Equity Omni FoF-Reg(G),17236,DSP Mutual Fund,1.55,2.41,19.11,34.42,Russell 1000 Index,28.21,18.52,18.04,21.38,18,21,31,18,15,18,7,1,DSP US Specific Equity Omni FoF-Reg(G),FoFs : Overseas,54,55,55,55,54,53,38,23,18.34,0.21,3.61,15.81,24.5,25.31,13.29,11.62,,,,,,,,
Aditya Birla SL Bal Bhavishya Yojna-Reg(G),41375,Aditya Birla Sun Life Mutual Fund,-3.89,0.29,10.52,3.69,NIFTY 500 - TRI,9.53,7.77,,-0.77,26,35,28,25,16,32,26,,Aditya Birla SL Bal Bhavishya Yojna-Reg(G),Equity : Flexi Cap,55,58,56,56,53,47,36,24,-0.83,-3.33,0.32,9.42,1.07,10.83,9.29,11.79,,,,,,,,
Baroda BNP Paribas Aggressive Hybrid Fund-Reg(G),33800,Baroda BNP Paribas Mutual Fund,-3.71,-1.69,3.19,-1.18,CRISIL Hybrid 35+65 - Aggressive Index,9.12,8.02,,-3.66,30,38,32,33,30,24,21,,Baroda BNP Paribas Aggressive Hybrid Fund-Reg(G),Hybrid : Aggressive Hybrid,43,44,43,43,43,41,41,28,-1.6,-2.93,-0.57,6.19,0.55,9.9,8.59,10.55,,,,,,,,
Navi Nasdaq100 US Specific Equity Passive FOF-Reg(G),45870,Navi Mutual Fund,5.22,5.5,29.08,35.56,Nasdaq-100,33.63,,,27.66,9,4,15,5,11,7,,,Navi Nasdaq100 US Specific Equity Passive FOF-Reg(G),FoFs : Overseas,54,55,55,55,54,53,38,23,18.34,0.21,3.61,15.81,24.5,25.31,13.29,11.62,4.79,3.97,26.67,25.46,27.47,14.81,,29.41
Aditya Birla SL Infrastructure Fund(G),413,Aditya Birla Sun Life Mutual Fund,-0.95,1.24,20.26,13.71,Nifty Infrastructure - TRI,16.9,16.83,14.23,14.37,1,3,3,2,2,7,9,13,Aditya Birla SL Infrastructure Fund(G),Equity : Sectoral - Infrastructure,22,22,22,22,21,19,19,18,3.92,-2.54,-2.88,10.36,3.25,15.22,16.22,14.92,,,,,,,,
Bandhan Medium Term Fund-Reg(G),1084,Bandhan Mutual Fund,0.16,0.7,3.43,5.02,NIFTY Medium Duration Debt Index,6.65,5.25,6.17,3.99,8,10,16,4,17,19,11,8,Bandhan Medium Term Fund-Reg(G),Debt : Medium Duration,22,23,23,22,22,22,13,12,3.74,0.01,0.88,2.92,5.3,7.09,6.23,6.18,,,,,,,,
ICICI Pru BSE Liquid Rate ETF(G),49518,ICICI Prudential Mutual Fund,0.4,1.22,2.48,5.0,BSE Liquid Rate Index,,,,3.6,4,2,3,10,5,,,,ICICI Pru BSE Liquid Rate ETF(G),Debt : ETFs,31,34,31,31,30,15,10,4,3.01,-0.35,0.44,2.25,4.33,6.47,5.55,5.58,,,,,,,,
Franklin India Dynamic Asset Allocation Active FOFs(G),1001,Franklin Templeton Mutual Fund,-2.84,-1.82,2.52,-0.82,CRISIL Hybrid 50+50 - Moderate Index,7.41,9.06,9.11,-2.69,95,54,115,98,88,47,24,17,Franklin India Dynamic Asset Allocation Active FOFs(G),FoFs : Domestic,108,135,127,125,99,61,41,27,2.81,-3.15,2.04,5.11,14.87,17.1,10.87,10.45,,,,,,,,
ICICI Pru Nifty 100 Low Volatility 30 ETF FOF(G),45443,ICICI Prudential Mutual Fund,-5.24,-2.94,1.01,-5.14,Nifty100 Low Volatility 30 - TRI,8.49,7.14,,-9.2,169,230,141,169,147,66,42,,ICICI Pru Nifty 100 Low Volatility 30 ETF FOF(G),Equity : ETFs,232,273,256,246,208,137,85,42,-3.6,-4.03,-1.43,6.06,0.15,10.34,8.93,11.73,,,,,,,,
Union Balanced Advantage Fund-Reg(G),38378,Union Mutual Fund,-2.21,0.0,4.36,0.3,NIFTY 50 Hybrid Composite Debt 50:50 Index,7.15,6.23,,-1.64,20,12,15,19,22,22,18,,Union Balanced Advantage Fund-Reg(G),Hybrid : Dynamic Asset Allocation,37,38,38,38,37,30,22,11,-1.63,-2.48,-0.35,4.38,0.68,8.22,7.48,8.98,,,,,,,,
Aditya Birla SL Gilt Fund(G),399,Aditya Birla Sun Life Mutual Fund,-0.84,-0.93,3.03,1.48,Nifty All Duration G-Sec Index,4.89,4.44,6.19,0.96,33,26,36,11,33,27,18,9,Aditya Birla SL Gilt Fund(G),Debt : Gilt,38,38,38,38,38,34,23,21,2.34,-0.55,-0.06,2.74,3.22,5.99,4.93,5.98,,,,,,,,
SBI Comma Fund-Reg(G),2750,SBI Mutual Fund,-1.6,1.87,7.61,9.46,NIFTY COMMODITIES - TRI,15.52,10.16,14.42,5.14,35,25,41,74,26,15,20,3,SBI Comma Fund-Reg(G),Equity : Thematic,112,120,117,117,108,51,33,9,2.18,-3.04,1.09,11.89,4.44,13.34,11.3,12.9,,,,,,,,
Mahindra Manulife Multi Asset Allocation Fund-Reg(G),48449,Mahindra Manulife Mutual Fund,-2.46,1.23,5.85,10.07,NIFTY 500 - TRI,,,,2.95,10,10,11,11,6,,,,Mahindra Manulife Multi Asset Allocation Fund-Reg(G),Hybrid : Multi Asset Allocation,33,36,34,34,30,14,8,6,1.18,-3.02,0.54,4.52,7.5,13.59,12.21,12.2,,,,,,,,
Invesco India Multi Asset Allocation Fund-Reg(G),49224,Invesco Mutual Fund,-3.76,0.41,3.9,9.46,NIFTY 200 - TRI,,,,1.74,15,29,18,21,11,,,,Invesco India Multi Asset Allocation Fund-Reg(G),Hybrid : Multi Asset Allocation,33,36,34,34,30,14,8,6,1.18,-3.02,0.54,4.52,7.5,13.59,12.21,12.2,,,,,,,,
Edelweiss Recently Listed IPO Fund-Reg(G),38375,Edelweiss Mutual Fund,-0.52,6.81,33.14,18.56,India Recent 100 IPO Index,17.0,10.42,,21.34,2,15,15,1,6,13,18,,Edelweiss Recently Listed IPO Fund-Reg(G),Equity : Thematic,112,120,117,117,108,51,33,9,2.18,-3.04,1.09,11.89,4.44,13.34,11.3,12.9,,,,,,,,
HSBC Business Cycles Fund-Reg(G),29553,HSBC Mutual Fund,-3.03,0.78,15.01,1.57,NIFTY 500 - TRI,14.92,13.75,12.35,2.92,44,46,55,37,63,19,11,7,HSBC Business Cycles Fund-Reg(G),Equity : Thematic,112,120,117,117,108,51,33,9,2.18,-3.04,1.09,11.89,4.44,13.34,11.3,12.9,,,,,,,,
Aditya Birla SL CRISIL-IBX Financial Services 9-12 Months Debt Index Fund-Reg(G),49730,Aditya Birla Sun Life Mutual Fund,0.41,1.58,3.52,6.05,CRISIL-IBX Financial Services 9-12 Months Debt Index,,,,4.41,2,13,4,5,4,,,,Aditya Birla SL CRISIL-IBX Financial Services 9-12 Months Debt Index Fund-Reg(G),Debt : Low Duration,26,31,30,29,26,20,20,19,4.14,0.39,1.39,3.25,5.72,6.8,6.09,6.18,,,,,,,,
SBI US Specific Equity Active FoF-Reg(G),44224,SBI Mutual Fund,0.03,2.18,11.22,23.89,S&P 500 ,26.74,16.5,,14.49,35,31,36,36,30,23,8,,SBI US Specific Equity Active FoF-Reg(G),FoFs : Overseas,54,55,55,55,54,53,38,23,18.34,0.21,3.61,15.81,24.5,25.31,13.29,11.62,0.86,5.25,17.47,17.24,21.29,11.67,,17.71
Mirae Asset Silver ETF,46195,Mirae Asset Mutual Fund,-4.12,5.76,-1.26,66.54,Silver,45.21,,,0.66,33,4,31,33,9,7,,,Mirae Asset Silver ETF,Metal : ETFs,40,42,42,42,38,22,11,11,3.29,-5.3,7.04,2.11,46.95,39.54,25.66,15.77,,,,,,,,
DSP Gilt Fund-Reg(G),693,DSP Mutual Fund,-0.31,-0.04,4.06,3.05,CRISIL Dynamic Gilt Index,6.08,5.38,6.69,2.42,18,11,13,2,19,18,8,4,DSP Gilt Fund-Reg(G),Debt : Gilt,38,38,38,38,38,34,23,21,2.34,-0.55,-0.06,2.74,3.22,5.99,4.93,5.98,,,,,,,,
Zerodha Silver ETF,49713,Zerodha Mutual Fund,-4.26,5.76,-1.47,66.48,Silver,,,,-1.04,37,17,34,41,10,,,,Zerodha Silver ETF,Metal : ETFs,40,42,42,42,38,22,11,11,3.29,-5.3,7.04,2.11,46.95,39.54,25.66,15.77,,,,,,,,
TRUSTMF Liquid Fund-Reg(G),45451,Trust Mutual Fund,0.5,1.56,3.35,6.28,CRISIL Liquid Debt Index,6.71,6.16,,4.69,30,17,24,30,30,29,27,,TRUSTMF Liquid Fund-Reg(G),Debt : Liquid,44,45,44,44,41,37,35,30,4.6,0.48,1.52,3.27,6.19,6.73,6.19,5.94,,,,,,,,
Motilal Oswal Consumption Fund-Reg(G),50356,Motilal Oswal Mutual Fund,-1.53,16.58,33.96,,Nifty India Consumption - TRI,,,,14.82,2,3,1,1,,,,,Motilal Oswal Consumption Fund-Reg(G),Equity : Thematic - Consumption,26,27,27,27,22,15,13,10,-1.97,-4.07,2.02,11.36,-3.98,9.03,9.56,12.06,,,,,,,,
LIC MF Infra Fund-Reg(G),4324,LIC Mutual Fund,-1.0,-1.02,15.38,9.76,Nifty Infrastructure - TRI,22.71,20.42,16.24,10.68,5,4,5,7,4,1,1,6,LIC MF Infra Fund-Reg(G),Equity : Sectoral - Infrastructure,22,22,22,22,21,19,19,18,3.92,-2.54,-2.88,10.36,3.25,15.22,16.22,14.92,,,,,,,,
HDFC Housing Opp Fund-Reg(G),38242,HDFC Mutual Fund,-3.76,-4.26,2.67,-6.3,Nifty Housing - TRI,8.71,10.14,,-6.48,21,18,16,19,20,18,18,,HDFC Housing Opp Fund-Reg(G),Equity : Sectoral - Infrastructure,22,22,22,22,21,19,19,18,3.92,-2.54,-2.88,10.36,3.25,15.22,16.22,14.92,,,,,,,,
Bandhan Overnight Fund-Reg(G),41901,Bandhan Mutual Fund,0.4,1.25,2.54,5.16,Nifty 1D Rate Index,5.95,5.61,,3.71,23,19,19,22,22,18,19,,Bandhan Overnight Fund-Reg(G),Debt : Overnight,35,37,35,35,35,33,27,3,3.71,0.4,1.24,2.54,5.14,5.94,5.62,5.27,0.41,1.27,2.59,5.24,6.06,5.75,,5.14
Kotak Nifty 50 Index Fund-Reg(G),45556,Kotak Mahindra Mutual Fund,-4.9,-3.53,-0.07,-6.35,NIFTY 50 - TRI,6.2,5.96,,-10.84,185,183,175,184,167,81,32,,Kotak Nifty 50 Index Fund-Reg(G),Equity : Index Funds,228,253,245,234,219,101,45,18,-3.26,-4.15,-1.59,6.96,-0.34,10.34,8.4,10.7,,,,,,,,
Tata Dividend Yield Fund-Reg(G),45374,Tata Mutual Fund,-3.94,-0.69,11.64,7.9,NIFTY 500 - TRI,12.45,11.57,,2.83,2,8,5,2,1,3,5,,Tata Dividend Yield Fund-Reg(G),Equity : Thematic - Dividend Yield,10,11,11,11,10,9,8,5,-3.23,-3.53,-1.33,5.12,0.13,11.44,11.5,12.77,,,,,,,,
Motilal Oswal Active Momentum Fund-Reg(G),49517,Motilal Oswal Mutual Fund,1.57,6.16,30.42,26.79,NIFTY 500 - TRI,,,,17.52,8,6,18,4,1,,,,Motilal Oswal Active Momentum Fund-Reg(G),Equity : Thematic,112,120,117,117,108,51,33,9,2.18,-3.04,1.09,11.89,4.44,13.34,11.3,12.9,,,,,,,,
Kotak Gold Silver Passive FOF-Reg(G),50159,Kotak Mahindra Mutual Fund,-5.31,6.53,1.25,,Gold-India,,,,7.96,17,111,22,106,,,,,Kotak Gold Silver Passive FOF-Reg(G),FoFs : Domestic,108,135,127,125,99,61,41,27,2.81,-3.15,2.04,5.11,14.87,17.1,10.87,10.45,,,,,,,,
Mirae Asset Nifty 1D Rate Liquid ETF(G),49344,Mirae Asset Mutual Fund,0.39,1.21,2.47,5.01,Nifty 1D Rate Index,,,,3.6,5,5,5,11,4,,,,Mirae Asset Nifty 1D Rate Liquid ETF(G),Debt : ETFs,31,34,31,31,30,15,10,4,3.01,-0.35,0.44,2.25,4.33,6.47,5.55,5.58,0.41,1.27,2.59,5.24,6.06,5.75,,5.14
DSP Nifty Top 10 Equal Weight Index Fund-Reg(G),49011,DSP Mutual Fund,-5.31,-5.5,-3.71,-12.33,Nifty Top 10 Equal Weight - TRI,,,,-18.3,220,221,241,225,209,,,,DSP Nifty Top 10 Equal Weight Index Fund-Reg(G),Equity : Index Funds,228,253,245,234,219,101,45,18,-3.26,-4.15,-1.59,6.96,-0.34,10.34,8.4,10.7,,,,,,,,
UTI Childrens Equity Fund(G),3450,UTI Mutual Fund,-5.04,-3.07,2.09,-7.62,NIFTY 500 - TRI,5.96,4.99,10.25,-9.0,54,57,51,52,52,44,35,18,UTI Childrens Equity Fund(G),Equity : Flexi Cap,55,58,56,56,53,47,36,24,-0.83,-3.33,0.32,9.42,1.07,10.83,9.29,11.79,,,,,,,,
Aditya Birla SL Equity Savings Fund-Reg(G),30757,Aditya Birla Sun Life Mutual Fund,-0.98,0.65,3.15,4.49,NIFTY 50 Equity Savings Index - TRI,7.36,5.62,6.96,1.88,6,11,8,13,5,11,17,10,Aditya Birla SL Equity Savings Fund-Reg(G),Hybrid : Equity Savings,24,24,24,24,24,21,21,14,1.27,-1.02,0.5,3.63,3.17,7.57,6.8,7.45,,,,,,,,
Nippon India Taiwan Equity Fund-Reg(G),45690,Nippon India Mutual Fund,8.94,-1.72,45.59,121.13,Taiwan Capitalization Weighted Stock Index,61.66,,,100.04,1,1,8,1,1,1,,,Nippon India Taiwan Equity Fund-Reg(G),Equity : International,8,8,8,8,8,8,6,5,29.41,1.22,4.33,21.73,37.46,27.84,11.65,12.62,7.29,4.3,47.26,83.32,43.09,22.7,,87.64
Mirae Asset S&P 500 Top 50 ETF,45835,Mirae Asset Mutual Fund,3.79,9.56,19.28,22.13,S&P 500 Top 50 TRI,29.29,19.76,,15.12,11,3,4,21,8,4,7,,Mirae Asset S&P 500 Top 50 ETF,Equity : ETFs,232,273,256,246,208,137,85,42,-3.6,-4.03,-1.43,6.06,0.15,10.34,8.93,11.73,,,,,,,,
LIC MF Flexi Cap Fund-Reg(G),2090,LIC Mutual Fund,-5.34,0.87,13.87,2.71,NIFTY 500 - TRI,10.12,8.69,9.73,0.7,22,58,19,12,22,25,21,21,LIC MF Flexi Cap Fund-Reg(G),Equity : Flexi Cap,55,58,56,56,53,47,36,24,-0.83,-3.33,0.32,9.42,1.07,10.83,9.29,11.79,,,,,,,,
Bandhan Financial Services Fund-Reg(G),47389,Bandhan Mutual Fund,-4.25,-2.82,6.98,-0.11,Nifty Financial Services - TRI,12.79,,,-5.4,14,7,7,6,18,4,,,Bandhan Financial Services Fund-Reg(G),Equity : Sectoral - Financial Services,24,28,28,28,23,17,13,11,-4.0,-4.78,-3.54,5.32,2.41,10.9,9.73,11.13,,,,,,,,
Quantum Value Fund-Reg(G),19759,Quantum Mutual Fund,-4.64,-3.73,0.76,-8.43,BSE 500 - TRI,7.9,8.09,9.44,-10.84,22,24,21,21,23,20,20,14,Quantum Value Fund-Reg(G),Equity : Value / Contra,23,25,24,23,23,22,20,15,-2.25,-3.2,-1.06,7.17,1.48,12.23,11.84,12.8,,,,,,,,
Canara Rob Ultra Short to Short Term Fund-Reg(G),535,Canara Robeco Mutual Fund,0.42,1.45,3.38,5.95,CRISIL Low Duration Debt Index,6.88,6.14,6.32,4.34,8,7,8,8,7,6,6,12,Canara Rob Ultra Short to Short Term Fund-Reg(G),Debt : Low Duration,26,31,30,29,26,20,20,19,4.14,0.39,1.39,3.25,5.72,6.8,6.09,6.18,,,,,,,,
DSP NIFTY 50 Index Fund-Reg(G),41642,DSP Mutual Fund,-4.9,-3.56,-0.07,-6.34,NIFTY 50 - TRI,6.36,6.12,,-10.83,184,182,178,185,166,72,26,,DSP NIFTY 50 Index Fund-Reg(G),Equity : Index Funds,228,253,245,234,219,101,45,18,-3.26,-4.15,-1.59,6.96,-0.34,10.34,8.4,10.7,,,,,,,,
Aditya Birla SL Pharma & Healthcare Fund-Reg(G),37591,Aditya Birla Sun Life Mutual Fund,-0.03,6.5,18.84,18.37,BSE Health Care - TRI,20.61,13.05,,19.07,10,18,15,14,10,8,6,,Aditya Birla SL Pharma & Healthcare Fund-Reg(G),Equity : Sectoral - Pharma,21,21,21,21,20,12,9,4,18.65,0.58,6.96,21.05,18.29,21.08,14.12,13.63,,,,,,,,
Bandhan Business Cycle Fund-Reg(G),49014,Bandhan Mutual Fund,-3.87,-1.94,6.98,-4.27,NIFTY 500 - TRI,,,,-6.39,94,74,87,79,97,,,,Bandhan Business Cycle Fund-Reg(G),Equity : Thematic,112,120,117,117,108,51,33,9,2.18,-3.04,1.09,11.89,4.44,13.34,11.3,12.9,,,,,,,,
Sundaram Focused Fund(G),2390,Sundaram Mutual Fund,-3.37,0.93,10.11,1.88,NIFTY 500 - TRI,9.34,8.15,12.06,-0.63,13,7,11,15,14,19,18,7,Sundaram Focused Fund(G),Equity : Focused,28,28,28,28,28,27,25,14,-0.57,-3.87,0.24,9.79,1.93,11.27,9.35,12.18,,,,,,,,
SBI CRISIL-IBX Financial Services 3-6 Months Debt Index Fund-Reg(G),50809,SBI Mutual Fund,0.51,1.73,,,CRISIL-IBX Financial Services 3-6 Months Debt Index,,,,,,12,1,,,,,,SBI CRISIL-IBX Financial Services 3-6 Months Debt Index Fund-Reg(G),Debt : Ultra Short Duration,31,34,33,32,31,24,24,13,4.54,0.49,1.56,3.46,6.12,6.65,6.0,5.88,,,,,,,,
Tata Silver ETF FoF-Reg(G),48441,Tata Mutual Fund,-4.41,5.46,-1.23,60.86,Silver,,,,1.17,67,90,32,114,11,,,,Tata Silver ETF FoF-Reg(G),FoFs : Domestic,108,135,127,125,99,61,41,27,2.81,-3.15,2.04,5.11,14.87,17.1,10.87,10.45,,,,,,,,
Navi Total Stock Market US Specific Equity Passive FoF-Reg(G),45871,Navi Mutual Fund,0.84,6.05,19.27,26.93,CRSP US Total Market Index,27.61,,,20.57,23,26,12,17,23,19,,,Navi Total Stock Market US Specific Equity Passive FoF-Reg(G),FoFs : Overseas,54,55,55,55,54,53,38,23,18.34,0.21,3.61,15.81,24.5,25.31,13.29,11.62,,,,,,,,
Nippon India ETF Hang Seng BeES,8564,Nippon India Mutual Fund,-3.21,8.56,0.0,1.18,Hang Seng,19.62,8.2,6.43,3.06,45,64,5,197,86,12,38,42,Nippon India ETF Hang Seng BeES,Equity : ETFs,232,273,256,246,208,137,85,42,-3.6,-4.03,-1.43,6.06,0.15,10.34,8.93,11.73,-3.92,6.21,-3.26,-7.46,11.39,0.26,,-9.53
Motilal Oswal Silver ETF,50142,Motilal Oswal Mutual Fund,-4.12,5.68,-1.31,65.92,Silver,,,,0.68,31,3,39,35,15,,,,Motilal Oswal Silver ETF,Metal : ETFs,40,42,42,42,38,22,11,11,3.29,-5.3,7.04,2.11,46.95,39.54,25.66,15.77,,,,,,,,
Canara Rob Balanced Advantage Fund-Reg(G),48747,Canara Robeco Mutual Fund,-3.27,-1.18,3.4,-2.24,CRISIL Hybrid 50+50 - Moderate Index,,,,-4.1,31,33,28,24,32,,,,Canara Rob Balanced Advantage Fund-Reg(G),Hybrid : Dynamic Asset Allocation,37,38,38,38,37,30,22,11,-1.63,-2.48,-0.35,4.38,0.68,8.22,7.48,8.98,,,,,,,,
ICICI Pru BSE Liquid Rate ETF(IDCW),35122,ICICI Prudential Mutual Fund,0.39,1.21,2.46,4.99,BSE Liquid Rate Index,5.78,5.47,,3.6,3,6,7,13,6,11,5,,ICICI Pru BSE Liquid Rate ETF(IDCW),Debt : ETFs,31,34,31,31,30,15,10,4,3.01,-0.35,0.44,2.25,4.33,6.47,5.55,5.58,,,,,,,,
Axis ESG Integration Strategy Fund-Reg(G),44495,Axis Mutual Fund,-3.96,-2.58,3.67,-4.01,NIFTY100 ESG - TRI,7.56,3.73,,-7.16,99,79,93,93,94,43,32,,Axis ESG Integration Strategy Fund-Reg(G),Equity : Thematic,112,120,117,117,108,51,33,9,2.18,-3.04,1.09,11.89,4.44,13.34,11.3,12.9,,,,,,,,
RedHex Hybrid Long-Short Fund-Reg(G),75136,HSBC RedHex SIF,0.45,2.05,,,NIFTY 50 Hybrid Composite Debt 50:50 Index,,,,,,8,12,,,,,,RedHex Hybrid Long-Short Fund-Reg(G),Hybrid : Long - Short,10,30,27,14,,,,,5.49,-0.21,3.32,9.54,,,,,,,,,,,,
Axis NIFTY 50 ETF,33980,Axis Mutual Fund,-4.88,-3.49,0.08,-6.07,NIFTY 50 - TRI,6.74,6.51,,-10.62,179,203,178,184,157,95,55,,Axis NIFTY 50 ETF,Equity : ETFs,232,273,256,246,208,137,85,42,-3.6,-4.03,-1.43,6.06,0.15,10.34,8.93,11.73,,,,,,,,
SBI Nifty50 Equal Weight Index Fund-Reg(G),48498,SBI Mutual Fund,-4.76,-2.63,3.54,-0.78,NIFTY50 Equal Weight - TRI,,,,-4.82,133,163,143,156,110,,,,SBI Nifty50 Equal Weight Index Fund-Reg(G),Equity : Index Funds,228,253,245,234,219,101,45,18,-3.26,-4.15,-1.59,6.96,-0.34,10.34,8.4,10.7,,,,,,,,
Kotak CRISIL-IBX Financial Services 9 to 12 Months Debt Index Fund-Reg(G),50232,Kotak Mahindra Mutual Fund,0.4,1.6,3.56,6.11,CRISIL-IBX Financial Services 9-12 Months Debt Index,,,,4.45,1,17,2,2,2,,,,Kotak CRISIL-IBX Financial Services 9 to 12 Months Debt Index Fund-Reg(G),Debt : Low Duration,26,31,30,29,26,20,20,19,4.14,0.39,1.39,3.25,5.72,6.8,6.09,6.18,,,,,,,,
Baroda BNP Paribas Arbitrage Fund-Reg(G),35820,Baroda BNP Paribas Mutual Fund,0.42,1.28,2.67,5.64,Nifty 50 Arbitrage,6.49,5.84,,3.96,31,26,32,28,30,18,17,,Baroda BNP Paribas Arbitrage Fund-Reg(G),Hybrid : Arbitrage,34,38,37,36,32,25,24,15,4.25,0.41,1.37,2.79,5.98,6.56,5.9,5.56,0.4,1.74,3.05,7.22,7.4,6.62,,6.8
Edelweiss Focused Fund-Reg(G),46055,Edelweiss Mutual Fund,-6.29,-2.74,3.56,-1.32,NIFTY 500 - TRI,10.68,,,-5.31,22,28,25,25,19,15,,,Edelweiss Focused Fund-Reg(G),Equity : Focused,28,28,28,28,28,27,25,14,-0.57,-3.87,0.24,9.79,1.93,11.27,9.35,12.18,,,,,,,,
Aditya Birla SL Income Plus Arbitrage Active FOF-Reg(G),2277,Aditya Birla Sun Life Mutual Fund,0.19,0.97,2.9,5.1,CRISIL Short Term Bond Index,6.81,5.81,6.22,3.47,47,14,65,88,56,58,39,26,Aditya Birla SL Income Plus Arbitrage Active FOF-Reg(G),FoFs : Domestic,108,135,127,125,99,61,41,27,2.81,-3.15,2.04,5.11,14.87,17.1,10.87,10.45,,,,,,,,
ICICI Pru Nifty Metal ETF,33835,ICICI Prudential Mutual Fund,-2.14,5.29,15.73,30.12,NIFTY METAL - TRI,,,,17.52,10,38,16,31,4,,,,ICICI Pru Nifty Metal ETF,Equity : ETFs,232,273,256,246,208,137,85,42,-3.6,-4.03,-1.43,6.06,0.15,10.34,8.93,11.73,,,,,,,,
TRUSTMF Flexi Cap Fund-Reg(G),48451,Trust Mutual Fund,-2.94,4.99,15.75,7.11,NIFTY 500 - TRI,,,,5.63,7,18,3,7,7,,,,TRUSTMF Flexi Cap Fund-Reg(G),Equity : Flexi Cap,55,58,56,56,53,47,36,24,-0.83,-3.33,0.32,9.42,1.07,10.83,9.29,11.79,,,,,,,,
Axis Nifty 50 Index Fund-Reg(G),45701,Axis Mutual Fund,-4.91,-3.59,-0.13,-6.43,NIFTY 50 - TRI,6.29,,,-10.88,187,193,185,193,171,77,,,Axis Nifty 50 Index Fund-Reg(G),Equity : Index Funds,228,253,245,234,219,101,45,18,-3.26,-4.15,-1.59,6.96,-0.34,10.34,8.4,10.7,,,,,,,,
PGIM India Liquid Fund(G),818,PGIM India Mutual Fund,0.5,1.56,3.44,6.42,CRISIL Liquid Debt Index,6.84,6.27,6.05,4.81,7,18,12,6,9,13,12,6,PGIM India Liquid Fund(G),Debt : Liquid,44,45,44,44,41,37,35,30,4.6,0.48,1.52,3.27,6.19,6.73,6.19,5.94,,,,,,,,
Mahindra Manulife Value Fund-Reg(G),49460,Mahindra Manulife Mutual Fund,-3.6,-0.76,9.56,8.91,NIFTY 500 - TRI,,,,3.0,4,14,8,7,4,,,,Mahindra Manulife Value Fund-Reg(G),Equity : Value / Contra,23,25,24,23,23,22,20,15,-2.25,-3.2,-1.06,7.17,1.48,12.23,11.84,12.8,,,,,,,,
HDFC Consumption Fund-Reg(G),46357,HDFC Mutual Fund,-5.1,1.06,8.29,-7.54,Nifty India Consumption - TRI,9.02,,,-4.8,16,20,13,17,16,6,,,HDFC Consumption Fund-Reg(G),Equity : Thematic - Consumption,26,27,27,27,22,15,13,10,-1.97,-4.07,2.02,11.36,-3.98,9.03,9.56,12.06,,,,,,,,
LIC MF ELSS Tax Saver Fund-Reg(G),2153,LIC Mutual Fund,-2.15,-0.62,7.05,-4.02,NIFTY 500 - TRI,8.68,7.43,10.74,-5.2,35,9,22,27,38,36,39,24,LIC MF ELSS Tax Saver Fund-Reg(G),Equity : Tax Saving (ELSS),53,53,53,53,53,52,47,30,-2.04,-3.49,-0.87,8.56,-0.32,10.55,10.24,12.18,,,,,,,,
Union Multi Asset Allocation Fund-Reg(G),48944,Union Mutual Fund,-3.14,0.08,4.42,8.76,NIFTY 50 - TRI,,,,1.18,21,17,21,19,13,,,,Union Multi Asset Allocation Fund-Reg(G),Hybrid : Multi Asset Allocation,33,36,34,34,30,14,8,6,1.18,-3.02,0.54,4.52,7.5,13.59,12.21,12.2,,,,,,,,
Union Large & Midcap Fund-Reg(G),44300,Union Mutual Fund,-2.93,2.05,11.64,4.31,NIFTY LargeMidcap 250 - TRI,11.68,9.88,,2.79,7,6,4,8,9,18,19,,Union Large & Midcap Fund-Reg(G),Equity : Large & Mid Cap,33,36,34,33,33,26,26,20,-0.52,-3.92,-0.34,9.21,1.84,12.73,11.15,13.02,,,,,,,,
Motilal Oswal Liquid Fund-Reg(G),41872,Motilal Oswal Mutual Fund,0.45,1.46,3.07,5.92,CRISIL Liquid Debt Index,6.37,5.81,,4.36,36,39,37,37,34,35,35,,Motilal Oswal Liquid Fund-Reg(G),Debt : Liquid,44,45,44,44,41,37,35,30,4.6,0.48,1.52,3.27,6.19,6.73,6.19,5.94,,,,,,,,
SBI Nifty Private Bank ETF,36351,SBI Mutual Fund,-2.05,-4.84,5.99,0.82,Nifty Private Bank - TRI,5.59,6.74,,-5.93,122,27,231,99,90,110,48,,SBI Nifty Private Bank ETF,Equity : ETFs,232,273,256,246,208,137,85,42,-3.6,-4.03,-1.43,6.06,0.15,10.34,8.93,11.73,,,,,,,,
LIC MF Multi Asset Allocation Fund-Reg(G),49465,LIC Mutual Fund,-2.38,1.85,7.68,5.18,NIFTY 500 - TRI,,,,-0.6,23,9,3,1,21,,,,LIC MF Multi Asset Allocation Fund-Reg(G),Hybrid : Multi Asset Allocation,33,36,34,34,30,14,8,6,1.18,-3.02,0.54,4.52,7.5,13.59,12.21,12.2,,,,,,,,
Kotak Silver ETF FoF-Reg(G),46628,Kotak Mahindra Mutual Fund,-4.56,5.12,-1.29,64.14,Silver,43.94,,,0.55,76,103,37,116,2,2,,,Kotak Silver ETF FoF-Reg(G),FoFs : Domestic,108,135,127,125,99,61,41,27,2.81,-3.15,2.04,5.11,14.87,17.1,10.87,10.45,,,,,,,,
Sundaram Equity Savings Fund(G),2393,Sundaram Mutual Fund,-2.21,-0.48,2.23,-0.27,NIFTY 50 Equity Savings Index,7.25,7.3,8.57,-2.19,24,24,21,18,23,12,7,4,Sundaram Equity Savings Fund(G),Hybrid : Equity Savings,24,24,24,24,24,21,21,14,1.27,-1.02,0.5,3.63,3.17,7.57,6.8,7.45,,,,,,,,
Franklin Asian Equity Fund(G),3813,Franklin Templeton Mutual Fund,0.02,-0.87,22.18,35.73,MSCI Asia (ex-Japan) Standard Index,23.5,8.83,9.68,28.09,3,5,7,3,2,4,6,5,Franklin Asian Equity Fund(G),Equity : International,8,8,8,8,8,8,6,5,29.41,1.22,4.33,21.73,37.46,27.84,11.65,12.62,,,,,,,,
Baroda BNP Paribas Value Fund-Reg(G),47940,Baroda BNP Paribas Mutual Fund,-2.81,-1.76,3.66,-1.5,NIFTY 500 - TRI,7.83,,,-5.39,16,6,15,17,15,22,,,Baroda BNP Paribas Value Fund-Reg(G),Equity : Value / Contra,23,25,24,23,23,22,20,15,-2.25,-3.2,-1.06,7.17,1.48,12.23,11.84,12.8,,,,,,,,
Axis Dynamic Term Fund-Reg(G),12380,Axis Mutual Fund,-0.17,0.5,3.75,5.84,NIFTY Composite Debt Index,7.03,5.75,6.81,4.12,3,7,6,3,3,2,7,3,Axis Dynamic Term Fund-Reg(G),Debt : Dynamic Bond,23,23,23,23,23,23,23,19,2.57,-0.36,0.16,2.58,3.62,6.05,5.37,6.1,,,,,,,,
Mirae Asset Nifty Smallcap 250 Momentum Quality 100 ETF,48496,Mirae Asset Mutual Fund,-0.26,4.73,23.5,6.71,Nifty Smallcap250 Momentum Quality 100 - TRI,,,,10.67,19,11,20,8,34,,,,Mirae Asset Nifty Smallcap 250 Momentum Quality 100 ETF,Equity : ETFs,232,273,256,246,208,137,85,42,-3.6,-4.03,-1.43,6.06,0.15,10.34,8.93,11.73,,,,,,,,
Canara Rob Infrastructure Fund-Reg(G),547,Canara Robeco Mutual Fund,-4.04,-4.65,3.37,0.34,BSE India Infrastructure Index - TRI,17.63,17.66,14.68,3.31,12,20,18,18,15,5,6,10,Canara Rob Infrastructure Fund-Reg(G),Equity : Sectoral - Infrastructure,22,22,22,22,21,19,19,18,3.92,-2.54,-2.88,10.36,3.25,15.22,16.22,14.92,,,,,,,,
Quant Business Cycle Fund-Reg(G),47951,Quant Mutual Fund,-2.46,-3.85,14.27,4.35,NIFTY 500 - TRI,10.65,,,3.11,42,42,110,41,48,36,,,Quant Business Cycle Fund-Reg(G),Equity : Thematic,112,120,117,117,108,51,33,9,2.18,-3.04,1.09,11.89,4.44,13.34,11.3,12.9,,,,,,,,
Nippon India Conservative Hybrid Fund(G),2649,Nippon India Mutual Fund,-0.42,1.0,3.44,5.67,CRISIL Hybrid 85+15 - Conservative Index,7.76,7.35,5.19,3.11,2,2,2,9,2,7,7,21,Nippon India Conservative Hybrid Fund(G),Hybrid : Conservative Hybrid,27,27,27,27,27,27,27,21,0.82,-1.18,-0.16,3.0,2.31,6.88,6.44,6.9,,,,,,,,
iSIF Active Asset Allocator Long-Short Fund-Reg(G),75091,ICICI Pru iSIF,-0.99,2.37,,,NIFTY 500 - TRI,,,,,,14,9,,,,,,iSIF Active Asset Allocator Long-Short Fund-Reg(G),Hybrid : Long - Short,10,30,27,14,,,,,5.49,-0.21,3.32,9.54,,,,,,,,,,,,
Tata Nifty Capital Markets Index Fund-Reg(G),49234,Tata Mutual Fund,-4.57,-3.35,16.44,23.85,Nifty Capital Markets Index - TRI,,,,12.48,12,128,174,27,2,,,,Tata Nifty Capital Markets Index Fund-Reg(G),Equity : Index Funds,228,253,245,234,219,101,45,18,-3.26,-4.15,-1.59,6.96,-0.34,10.34,8.4,10.7,,,,,,,,
Sundaram Infra Advantage Fund(G),2945,Sundaram Mutual Fund,-4.12,-5.45,5.13,3.34,Nifty Infrastructure - TRI,14.98,14.56,13.62,1.44,13,21,19,17,11,11,16,15,Sundaram Infra Advantage Fund(G),Equity : Sectoral - Infrastructure,22,22,22,22,21,19,19,18,3.92,-2.54,-2.88,10.36,3.25,15.22,16.22,14.92,,,,,,,,
Mirae Asset Diversified Equity Allocator Passive FOF-Reg(G),45064,Mirae Asset Mutual Fund,-4.55,-2.58,4.11,-2.12,NIFTY 200 - TRI,9.44,8.51,,-6.07,105,101,119,61,91,38,28,,Mirae Asset Diversified Equity Allocator Passive FOF-Reg(G),FoFs : Domestic,108,135,127,125,99,61,41,27,2.81,-3.15,2.04,5.11,14.87,17.1,10.87,10.45,,,,,,,,
HSBC Financial Services Fund-Reg(G),49575,HSBC Mutual Fund,-5.76,-3.92,7.29,6.29,BSE Financial Services - TRI,,,,-0.75,4,25,16,5,4,,,,HSBC Financial Services Fund-Reg(G),Equity : Sectoral - Financial Services,24,28,28,28,23,17,13,11,-4.0,-4.78,-3.54,5.32,2.41,10.9,9.73,11.13,,,,,,,,
HDFC CRISIL-IBX Financial Services 9-12 Months Debt Index Fund-Reg(G),50798,HDFC Mutual Fund,0.46,1.64,3.65,,CRISIL-IBX Financial Services 9-12 Months Debt Index,,,,,,2,1,1,,,,,HDFC CRISIL-IBX Financial Services 9-12 Months Debt Index Fund-Reg(G),Debt : Low Duration,26,31,30,29,26,20,20,19,4.14,0.39,1.39,3.25,5.72,6.8,6.09,6.18,,,,,,,,
Motilal Oswal Nifty 200 Momentum 30 Index Fund-Reg(G),46320,Motilal Oswal Mutual Fund,-3.54,-3.27,4.88,-1.31,Nifty200 Momentum 30 - TRI,9.06,,,-3.33,108,65,171,132,124,54,,,Motilal Oswal Nifty 200 Momentum 30 Index Fund-Reg(G),Equity : Index Funds,228,253,245,234,219,101,45,18,-3.26,-4.15,-1.59,6.96,-0.34,10.34,8.4,10.7,,,,,,,,
ICICI Pru Diversified Equity All Cap Active FOF-Reg(G),50739,ICICI Prudential Mutual Fund,-4.22,-1.3,5.63,,NIFTY 500 - TRI,,,,,,88,111,40,,,,,ICICI Pru Diversified Equity All Cap Active FOF-Reg(G),FoFs : Domestic,108,135,127,125,99,61,41,27,2.81,-3.15,2.04,5.11,14.87,17.1,10.87,10.45,,,,,,,,
Bank of India Mfg & Infra Fund-Reg(G),8484,Bank of India Mutual Fund,-0.76,2.82,17.98,17.1,BSE India Infrastructure Index - TRI,20.96,19.26,17.95,12.61,3,2,1,3,1,2,4,2,Bank of India Mfg & Infra Fund-Reg(G),Equity : Sectoral - Infrastructure,22,22,22,22,21,19,19,18,3.92,-2.54,-2.88,10.36,3.25,15.22,16.22,14.92,,,,,,,,
Baroda BNP Paribas Conservative Hybrid Fund-Reg(G),210,Baroda BNP Paribas Mutual Fund,-0.91,0.15,3.57,3.47,CRISIL Hybrid 85+15 - Conservative Index,6.88,5.79,6.52,1.39,10,8,7,7,6,13,17,13,Baroda BNP Paribas Conservative Hybrid Fund-Reg(G),Hybrid : Conservative Hybrid,27,27,27,27,27,27,27,21,0.82,-1.18,-0.16,3.0,2.31,6.88,6.44,6.9,,,,,,,,
Invesco India Balanced Advantage Fund-Reg(G),2171,Invesco Mutual Fund,-2.19,-1.09,2.73,-3.28,NIFTY 50 Hybrid Composite Debt 50:50 Index,7.48,6.86,8.23,-5.07,34,11,24,30,36,21,14,7,Invesco India Balanced Advantage Fund-Reg(G),Hybrid : Dynamic Asset Allocation,37,38,38,38,37,30,22,11,-1.63,-2.48,-0.35,4.38,0.68,8.22,7.48,8.98,,,,,,,,
Kotak Nifty Alpha 50 ETF,45687,Kotak Mahindra Mutual Fund,-3.51,2.72,16.35,8.88,Nifty Alpha 50 - TRI,15.06,,,9.38,21,88,41,26,27,32,,,Kotak Nifty Alpha 50 ETF,Equity : ETFs,232,273,256,246,208,137,85,42,-3.6,-4.03,-1.43,6.06,0.15,10.34,8.93,11.73,,,,,,,,
HDFC Nifty G-Sec Dec 2026 Index Fund-Reg(G),46871,HDFC Mutual Fund,0.42,1.28,2.68,5.5,Nifty G-sec Dec 2026 Index,6.97,,,3.91,3,1,2,20,3,11,,,HDFC Nifty G-Sec Dec 2026 Index Fund-Reg(G),Debt : Gilt,38,38,38,38,38,34,23,21,2.34,-0.55,-0.06,2.74,3.22,5.99,4.93,5.98,,,,,,,,
Nippon India Index Fund-BSE Sensex Plan(G),12865,Nippon India Mutual Fund,-4.87,-3.98,-1.3,-8.47,BSE SENSEX - TRI,4.47,4.86,10.38,-12.85,211,175,210,213,199,94,43,12,Nippon India Index Fund-BSE Sensex Plan(G),Equity : Index Funds,228,253,245,234,219,101,45,18,-3.26,-4.15,-1.59,6.96,-0.34,10.34,8.4,10.7,,,,,,,,
Baroda BNP Paribas ELSS Tax Saver Fund-Reg(G),226,Baroda BNP Paribas Mutual Fund,-5.27,-0.87,6.81,2.82,NIFTY 500 - TRI,13.62,9.87,11.8,-2.51,27,51,26,29,14,9,24,16,Baroda BNP Paribas ELSS Tax Saver Fund-Reg(G),Equity : Tax Saving (ELSS),53,53,53,53,53,52,47,30,-2.04,-3.49,-0.87,8.56,-0.32,10.55,10.24,12.18,,,,,,,,
Motilal Oswal Digital India Fund-Reg(G),48960,Motilal Oswal Mutual Fund,8.51,22.88,38.36,6.8,BSE TECk Index - TRI,,,,5.76,1,1,1,1,1,,,,Motilal Oswal Digital India Fund-Reg(G),Equity : Sectoral - Technology,12,13,13,13,12,7,5,5,-10.68,-4.97,6.29,11.37,-7.14,4.09,2.44,15.63,,,,,,,,
JM Small Cap Fund-Reg(G),48452,JM Financial Mutual Fund,0.12,4.48,33.78,14.68,Nifty Smallcap 250 - TRI,,,,19.74,8,10,20,4,12,,,,JM Small Cap Fund-Reg(G),Equity : Small Cap,33,36,36,36,31,24,23,13,14.42,-0.14,5.3,25.2,12.13,15.61,15.16,16.28,,,,,,,,
Axis Global Innovation FoF-Reg(G),45539,Axis Mutual Fund,2.29,7.5,26.24,26.24,MSCI ACWI Net TRI,27.12,12.93,,20.61,22,16,7,11,26,21,18,,Axis Global Innovation FoF-Reg(G),FoFs : Overseas,54,55,55,55,54,53,38,23,18.34,0.21,3.61,15.81,24.5,25.31,13.29,11.62,,,,,,,,
Mahindra Manulife Balanced Advantage Fund-Reg(G),45993,Mahindra Manulife Mutual Fund,-2.59,0.65,6.59,2.2,NIFTY 50 Hybrid Composite Debt 50:50 Index,9.18,,,0.37,6,18,8,5,11,11,,,Mahindra Manulife Balanced Advantage Fund-Reg(G),Hybrid : Dynamic Asset Allocation,37,38,38,38,37,30,22,11,-1.63,-2.48,-0.35,4.38,0.68,8.22,7.48,8.98,,,,,,,,
Quant BFSI Fund-Reg(G),47989,Quant Mutual Fund,-0.98,1.29,17.27,15.11,Nifty Financial Services - TRI,20.22,,,5.89,1,1,1,1,1,1,,,Quant BFSI Fund-Reg(G),Equity : Sectoral - Financial Services,24,28,28,28,23,17,13,11,-4.0,-4.78,-3.54,5.32,2.41,10.9,9.73,11.13,,,,,,,,
Axis Momentum Fund-Reg(G),49376,Axis Mutual Fund,-1.89,1.26,5.62,-2.21,NIFTY 500 - TRI,,,,-5.46,87,31,49,82,82,,,,Axis Momentum Fund-Reg(G),Equity : Thematic,112,120,117,117,108,51,33,9,2.18,-3.04,1.09,11.89,4.44,13.34,11.3,12.9,,,,,,,,
Baroda BNP Paribas Innovation Fund-Reg(G),48463,Baroda BNP Paribas Mutual Fund,-3.06,4.12,13.99,9.25,NIFTY 500 - TRI,,,,7.44,25,47,25,43,28,,,,Baroda BNP Paribas Innovation Fund-Reg(G),Equity : Thematic,112,120,117,117,108,51,33,9,2.18,-3.04,1.09,11.89,4.44,13.34,11.3,12.9,,,,,,,,
Motilal Oswal Nifty Midcap 100 ETF,13595,Motilal Oswal Mutual Fund,-5.05,-1.25,10.36,6.33,Nifty Midcap 100 - TRI,15.21,15.69,14.89,1.13,61,221,104,61,37,30,8,2,Motilal Oswal Nifty Midcap 100 ETF,Equity : ETFs,232,273,256,246,208,137,85,42,-3.6,-4.03,-1.43,6.06,0.15,10.34,8.93,11.73,,,,,,,,
ICICI Pru Nifty SDL Dec 2028 Index Fund-Reg(G),46359,ICICI Prudential Mutual Fund,0.15,0.88,2.49,5.11,Nifty SDL Dec 2028 Index,7.26,,,3.1,39,27,37,45,34,8,,,ICICI Pru Nifty SDL Dec 2028 Index Fund-Reg(G),Debt : Medium to Long Duration,58,59,59,58,58,50,12,11,3.39,0.01,0.87,2.74,4.94,6.88,5.21,5.53,,,,,,,,
Axis Childrens Fund-No Lock in-Reg(G),34004,Axis Mutual Fund,-3.13,-0.52,4.33,-0.61,NIFTY 50 Hybrid Composite Debt 65:35 Index,7.4,4.6,8.95,-2.56,23,23,19,26,23,36,41,22,Axis Childrens Fund-No Lock in-Reg(G),Hybrid : Aggressive Hybrid,43,44,43,43,43,41,41,28,-1.6,-2.93,-0.57,6.19,0.55,9.9,8.59,10.55,,,,,,,,
Axis Childrens Fund-Compulsory Lock in-Reg(G),34008,Axis Mutual Fund,-3.13,-0.52,4.33,-0.61,NIFTY 50 Hybrid Composite Debt 65:35 Index,7.4,4.6,8.95,-2.56,22,22,18,27,24,37,40,21,Axis Childrens Fund-Compulsory Lock in-Reg(G),Hybrid : Aggressive Hybrid,43,44,43,43,43,41,41,28,-1.6,-2.93,-0.57,6.19,0.55,9.9,8.59,10.55,,,,,,,,
WOC Pharma and Healthcare Fund-Reg(G),48472,WhiteOak Capital Mutual Fund,1.24,8.76,24.12,23.28,BSE Health Care - TRI,,,,23.88,3,4,5,7,4,,,,WOC Pharma and Healthcare Fund-Reg(G),Equity : Sectoral - Pharma,21,21,21,21,20,12,9,4,18.65,0.58,6.96,21.05,18.29,21.08,14.12,13.63,,,,,,,,
Edelweiss Ultra Short Term Fund-Reg(G),51134,Edelweiss Mutual Fund,0.53,,,,CRISIL Ultra Short Term Debt Index,,,,,,3,,,,,,,Edelweiss Ultra Short Term Fund-Reg(G),Debt : Ultra Short Duration,31,34,33,32,31,24,24,13,4.54,0.49,1.56,3.46,6.12,6.65,6.0,5.88,,,,,,,,
Mahindra Manulife ELSS Tax Saver Fund-Reg(G),36058,Mahindra Manulife Mutual Fund,-5.11,-2.7,1.12,-6.88,NIFTY 500 - TRI,6.13,6.95,,-9.33,48,49,42,49,48,48,40,,Mahindra Manulife ELSS Tax Saver Fund-Reg(G),Equity : Tax Saving (ELSS),53,53,53,53,53,52,47,30,-2.04,-3.49,-0.87,8.56,-0.32,10.55,10.24,12.18,,,,,,,,
Motilal Oswal Nifty 50 Index Fund-Reg(G),44366,Motilal Oswal Mutual Fund,-4.93,-3.62,-0.19,-6.52,NIFTY 50 - TRI,6.18,5.94,,-10.97,194,202,189,197,175,82,33,,Motilal Oswal Nifty 50 Index Fund-Reg(G),Equity : Index Funds,228,253,245,234,219,101,45,18,-3.26,-4.15,-1.59,6.96,-0.34,10.34,8.4,10.7,,,,,,,,
Edelweiss CRISIL IBX 50:50 Gilt Plus SDL April 2037 Index Fund-Reg(G),46863,Edelweiss Mutual Fund,-1.26,-0.54,2.07,3.27,CRISIL IBX 50:50 Gilt Plus SDL Index - April 2037,6.54,,,2.32,12,20,14,24,13,11,,,Edelweiss CRISIL IBX 50:50 Gilt Plus SDL April 2037 Index Fund-Reg(G),Debt : Long Duration,25,27,25,25,25,19,3,2,2.17,-1.06,-0.5,2.55,3.05,6.26,4.81,5.99,,,,,,,,
Axis Equity Savings Fund-Reg(G),33370,Axis Mutual Fund,-1.37,0.79,4.4,3.6,NIFTY 50 Equity Savings Index,8.09,6.23,8.09,1.28,9,19,6,5,9,6,14,6,Axis Equity Savings Fund-Reg(G),Hybrid : Equity Savings,24,24,24,24,24,21,21,14,1.27,-1.02,0.5,3.63,3.17,7.57,6.8,7.45,,,,,,,,
DSP Multi Asset Omni FoF-Reg(G),50617,DSP Mutual Fund,-3.63,-0.49,2.69,,NIFTY 500 - TRI,,,,,,72,99,96,,,,,DSP Multi Asset Omni FoF-Reg(G),FoFs : Domestic,108,135,127,125,99,61,41,27,2.81,-3.15,2.04,5.11,14.87,17.1,10.87,10.45,,,,,,,,
Quant Arbitrage Fund-Reg(G),49743,Quant Mutual Fund,0.48,1.57,3.35,7.1,Nifty 50 Arbitrage - TRI,,,,5.04,1,3,2,1,1,,,,Quant Arbitrage Fund-Reg(G),Hybrid : Arbitrage,34,38,37,36,32,25,24,15,4.25,0.41,1.37,2.79,5.98,6.56,5.9,5.56,,,,,,,,
HSBC Ultra Short to Short Term Fund-Reg(G),13350,HSBC Mutual Fund,0.4,1.31,3.27,5.87,NIFTY Low Duration Debt Index,7.33,6.4,6.39,4.3,9,16,22,13,11,1,3,9,HSBC Ultra Short to Short Term Fund-Reg(G),Debt : Low Duration,26,31,30,29,26,20,20,19,4.14,0.39,1.39,3.25,5.72,6.8,6.09,6.18,,,,,,,,
Union ELSS Tax Saver Fund(G),14893,Union Mutual Fund,-3.66,-0.45,7.12,-1.33,BSE 500 - TRI,9.47,8.84,11.78,-2.84,29,28,19,26,30,33,31,17,Union ELSS Tax Saver Fund(G),Equity : Tax Saving (ELSS),53,53,53,53,53,52,47,30,-2.04,-3.49,-0.87,8.56,-0.32,10.55,10.24,12.18,,,,,,,,
Sundaram Multi-Factor Fund-Reg(G),49873,Sundaram Mutual Fund,-3.57,-1.83,0.91,-5.49,BSE 200 - TRI,,,,-9.49,109,62,85,109,102,,,,Sundaram Multi-Factor Fund-Reg(G),Equity : Thematic,112,120,117,117,108,51,33,9,2.18,-3.04,1.09,11.89,4.44,13.34,11.3,12.9,,,,,,,,
LIC MF Nifty 50 ETF,33580,LIC Mutual Fund,-4.88,-3.5,0.03,-6.12,NIFTY 50 - TRI,6.69,6.46,11.3,-10.68,191,200,184,195,165,102,63,20,LIC MF Nifty 50 ETF,Equity : ETFs,232,273,256,246,208,137,85,42,-3.6,-4.03,-1.43,6.06,0.15,10.34,8.93,11.73,,,,,,,,
Parag Parikh Large Cap Fund-Reg(G),50488,PPFAS Mutual Fund,-4.68,-2.91,2.21,,NIFTY 100 - TRI,,,,,,23,27,25,,,,,Parag Parikh Large Cap Fund-Reg(G),Equity : Large Cap,33,35,34,34,33,30,28,23,-6.14,-4.26,-1.72,3.8,-2.94,8.89,7.38,10.73,,,,,,,,
HDFC NIFTY G-Sec Jun 2036 Index Fund-Reg(G),47714,HDFC Mutual Fund,-1.4,-0.79,2.07,3.37,Nifty G-Sec Jun 2036 Index,7.04,,,2.1,14,25,18,23,12,3,,,HDFC NIFTY G-Sec Jun 2036 Index Fund-Reg(G),Debt : Long Duration,25,27,25,25,25,19,3,2,2.17,-1.06,-0.5,2.55,3.05,6.26,4.81,5.99,,,,,,,,
Infinity Hybrid Long-Short Fund-Reg(G),75147,Kotak Infinity SIF,0.45,,,,NIFTY 50 Hybrid Composite Debt 50:50 Index,,,,,,9,,,,,,,Infinity Hybrid Long-Short Fund-Reg(G),Hybrid : Long - Short,10,30,27,14,,,,,5.49,-0.21,3.32,9.54,,,,,,,,,,,,
LIC MF Gold ETF FoF(G),17242,LIC Mutual Fund,-6.46,7.66,4.68,31.23,Gold-India,34.68,25.17,14.94,7.94,18,132,11,46,21,13,1,4,LIC MF Gold ETF FoF(G),FoFs : Domestic,108,135,127,125,99,61,41,27,2.81,-3.15,2.04,5.11,14.87,17.1,10.87,10.45,,,,,,,,
Canara Rob Conservative Hybrid Fund-Reg(G),520,Canara Robeco Mutual Fund,-1.2,0.2,3.95,1.68,CRISIL Hybrid 85+15 - Conservative Index,6.44,5.67,7.29,1.38,11,14,6,6,16,17,19,6,Canara Rob Conservative Hybrid Fund-Reg(G),Hybrid : Conservative Hybrid,27,27,27,27,27,27,27,21,0.82,-1.18,-0.16,3.0,2.31,6.88,6.44,6.9,,,,,,,,
Quant Dynamic Asset Allocation Fund-Reg(G),47895,Quant Mutual Fund,-2.45,-3.42,6.25,-1.91,NIFTY 50 Hybrid Composite Debt 50:50 Index,12.03,,,-3.15,28,15,38,7,30,1,,,Quant Dynamic Asset Allocation Fund-Reg(G),Hybrid : Dynamic Asset Allocation,37,38,38,38,37,30,22,11,-1.63,-2.48,-0.35,4.38,0.68,8.22,7.48,8.98,,,,,,,,
Baroda BNP Paribas Overnight Fund-Reg(G),43376,Baroda BNP Paribas Mutual Fund,0.41,1.26,2.58,5.21,CRISIL Liquid Overnight Index,5.98,5.65,,3.77,5,4,8,5,6,9,5,,Baroda BNP Paribas Overnight Fund-Reg(G),Debt : Overnight,35,37,35,35,35,33,27,3,3.71,0.4,1.24,2.54,5.14,5.94,5.62,5.27,,,,,,,,
Baroda BNP Paribas Manufacturing Fund-Reg(G),48904,Baroda BNP Paribas Mutual Fund,-4.28,0.96,9.98,10.58,Nifty India Manufacturing - TRI,,,,7.13,26,85,53,60,23,,,,Baroda BNP Paribas Manufacturing Fund-Reg(G),Equity : Thematic,112,120,117,117,108,51,33,9,2.18,-3.04,1.09,11.89,4.44,13.34,11.3,12.9,,,,,,,,
Quant Focused Fund(G),5742,Quant Mutual Fund,-3.88,-0.05,19.62,7.91,NIFTY 500 - TRI,12.01,11.27,13.2,6.19,5,12,13,3,5,10,4,4,Quant Focused Fund(G),Equity : Focused,28,28,28,28,28,27,25,14,-0.57,-3.87,0.24,9.79,1.93,11.27,9.35,12.18,,,,,,,,
Mirae Asset S&P 500 Top 50 ETF FoF-Reg(G),45836,Mirae Asset Mutual Fund,23.06,28.5,41.41,43.04,S&P 500 Top 50 TRI,44.0,27.72,,34.89,5,1,1,2,6,3,3,,Mirae Asset S&P 500 Top 50 ETF FoF-Reg(G),FoFs : Overseas,54,55,55,55,54,53,38,23,18.34,0.21,3.61,15.81,24.5,25.31,13.29,11.62,,,,,,,,
UTI Nifty 500 Value 50 Index Fund-Reg(G),47577,UTI Mutual Fund,-2.76,-3.14,2.26,9.14,NIFTY500 Value 50 - TRI,20.53,,,1.04,62,35,161,168,16,1,,,UTI Nifty 500 Value 50 Index Fund-Reg(G),Equity : Index Funds,228,253,245,234,219,101,45,18,-3.26,-4.15,-1.59,6.96,-0.34,10.34,8.4,10.7,,,,,,,,
360 ONE Quant Fund-Reg(G),46015,360 ONE Mutual Fund,-4.18,1.12,3.64,-4.07,BSE 200 - TRI,13.41,,,-6.58,96,81,52,94,95,26,,,360 ONE Quant Fund-Reg(G),Equity : Thematic,112,120,117,117,108,51,33,9,2.18,-3.04,1.09,11.89,4.44,13.34,11.3,12.9,,,,,,,,
Kotak Global Innovation Overseas Equity Active FOF-Reg(G),45334,Kotak Mahindra Mutual Fund,0.9,5.59,23.36,27.26,MSCI AC World Index,25.53,8.89,,21.7,17,24,13,12,22,26,30,,Kotak Global Innovation Overseas Equity Active FOF-Reg(G),FoFs : Overseas,54,55,55,55,54,53,38,23,18.34,0.21,3.61,15.81,24.5,25.31,13.29,11.62,,,,,,,,
Nippon India Nifty Next 50 Junior BeES FoF-Reg(G),40664,Nippon India Mutual Fund,-3.44,-0.46,12.99,5.38,NIFTY NEXT 50,17.13,11.1,,4.04,32,70,98,10,52,16,12,,Nippon India Nifty Next 50 Junior BeES FoF-Reg(G),FoFs : Domestic,108,135,127,125,99,61,41,27,2.81,-3.15,2.04,5.11,14.87,17.1,10.87,10.45,-3.66,-0.58,12.82,5.1,16.76,10.74,,4.13
UTI Innovation Fund-Reg(G),48238,UTI Mutual Fund,-6.89,3.55,20.15,-4.74,NIFTY 500 - TRI,,,,-2.69,75,119,28,24,100,,,,UTI Innovation Fund-Reg(G),Equity : Thematic,112,120,117,117,108,51,33,9,2.18,-3.04,1.09,11.89,4.44,13.34,11.3,12.9,,,,,,,,
ICICI Pru Long Term Fund(G),1617,ICICI Prudential Mutual Fund,-1.3,-0.8,2.75,1.77,CRISIL Long Duration Debt Index,5.86,4.74,6.12,1.13,19,21,19,8,20,12,2,1,ICICI Pru Long Term Fund(G),Debt : Long Duration,25,27,25,25,25,19,3,2,2.17,-1.06,-0.5,2.55,3.05,6.26,4.81,5.99,,,,,,,,
LIC MF Small Cap Fund-Reg(G),36914,LIC Mutual Fund,1.05,6.07,30.86,15.26,Nifty Smallcap 250 - TRI,17.81,16.36,,20.06,7,5,12,9,10,6,8,,LIC MF Small Cap Fund-Reg(G),Equity : Small Cap,33,36,36,36,31,24,23,13,14.42,-0.14,5.3,25.2,12.13,15.61,15.16,16.28,,,,,,,,
PGIM India Large and Mid Cap Fund(G),48543,PGIM India Mutual Fund,-4.32,0.81,9.15,-0.96,NIFTY LargeMidcap 250 - TRI,,,,-0.96,15,23,8,14,27,,,,PGIM India Large and Mid Cap Fund(G),Equity : Large & Mid Cap,33,36,34,33,33,26,26,20,-0.52,-3.92,-0.34,9.21,1.84,12.73,11.15,13.02,,,,,,,,
HDFC Medium to Long Term Fund(G),1281,HDFC Mutual Fund,-0.59,-0.1,2.79,3.38,CRISIL Medium to Long Term Debt Index,6.11,4.77,5.01,2.47,53,51,55,24,53,42,9,9,HDFC Medium to Long Term Fund(G),Debt : Medium to Long Duration,58,59,59,58,58,50,12,11,3.39,0.01,0.87,2.74,4.94,6.88,5.21,5.53,,,,,,,,
Axis Quant Fund-Reg(G),44329,Axis Mutual Fund,-6.06,-4.18,5.21,-0.52,BSE 200 - TRI,7.13,6.9,,-5.77,90,118,113,85,72,45,25,,Axis Quant Fund-Reg(G),Equity : Thematic,112,120,117,117,108,51,33,9,2.18,-3.04,1.09,11.89,4.44,13.34,11.3,12.9,,,,,,,,
Motilal Oswal Nifty 500 Momentum 50 Index Fund-Reg(G),48961,Motilal Oswal Mutual Fund,-2.57,-0.75,10.83,3.7,Nifty500 Momentum 50 - TRI,,,,1.92,57,31,76,58,74,,,,Motilal Oswal Nifty 500 Momentum 50 Index Fund-Reg(G),Equity : Index Funds,228,253,245,234,219,101,45,18,-3.26,-4.15,-1.59,6.96,-0.34,10.34,8.4,10.7,,,,,,,,
The Wealth Company Liquid Fund-Reg(G),50296,The Wealth Company Mutual Fund,0.51,1.55,3.41,,Nifty Liquid Fund Index,,,,4.76,18,4,29,17,,,,,The Wealth Company Liquid Fund-Reg(G),Debt : Liquid,44,45,44,44,41,37,35,30,4.6,0.48,1.52,3.27,6.19,6.73,6.19,5.94,,,,,,,,
JM Value Fund-Reg(G),1849,JM Financial Mutual Fund,-1.63,1.82,14.42,-0.96,BSE 500 - TRI,11.46,13.47,14.13,0.13,8,3,5,4,14,12,4,5,JM Value Fund-Reg(G),Equity : Value / Contra,23,25,24,23,23,22,20,15,-2.25,-3.2,-1.06,7.17,1.48,12.23,11.84,12.8,,,,,,,,
ICICI Pru Conglomerate Fund-Reg(G),49928,ICICI Prudential Mutual Fund,-3.8,0.3,8.57,,BSE Select Business Groups Index - TRI,,,,0.9,57,71,59,68,,,,,ICICI Pru Conglomerate Fund-Reg(G),Equity : Thematic,112,120,117,117,108,51,33,9,2.18,-3.04,1.09,11.89,4.44,13.34,11.3,12.9,,,,,,,,
UTI Equity Savings Fund-Reg(G),35818,UTI Mutual Fund,-1.62,-0.55,1.47,2.22,Crisil Equity Savings Index,7.19,7.48,,-1.5,23,22,22,23,19,14,6,,UTI Equity Savings Fund-Reg(G),Hybrid : Equity Savings,24,24,24,24,24,21,21,14,1.27,-1.02,0.5,3.63,3.17,7.57,6.8,7.45,,,,,,,,
Nippon India Nifty 50 Value 20 Index Fund-Reg(G),45289,Nippon India Mutual Fund,-4.26,-5.25,-4.7,-9.54,Nifty50 Value 20 - TRI,3.82,5.27,,-14.11,218,113,239,230,207,98,40,,Nippon India Nifty 50 Value 20 Index Fund-Reg(G),Equity : Index Funds,228,253,245,234,219,101,45,18,-3.26,-4.15,-1.59,6.96,-0.34,10.34,8.4,10.7,,,,,,,,
ICICI Pru Nifty G-Sec Dec 2030 Index Fund-Reg(G),46358,ICICI Prudential Mutual Fund,-0.9,0.16,2.62,3.9,Nifty G-Sec Dec 2030 Index,7.16,,,2.69,48,58,49,42,49,23,,,ICICI Pru Nifty G-Sec Dec 2030 Index Fund-Reg(G),Debt : Medium to Long Duration,58,59,59,58,58,50,12,11,3.39,0.01,0.87,2.74,4.94,6.88,5.21,5.53,,,,,,,,
Edelweiss Technology Fund-Reg(G),43844,Edelweiss Mutual Fund,-3.09,7.28,16.12,4.84,BSE TECk Index - TRI,,,,0.74,2,2,5,3,2,,,,Edelweiss Technology Fund-Reg(G),Equity : Sectoral - Technology,12,13,13,13,12,7,5,5,-10.68,-4.97,6.29,11.37,-7.14,4.09,2.44,15.63,,,,,,,,
Nippon India US Equity Opp Fund(G),19246,Nippon India Mutual Fund,-0.6,9.33,19.04,16.69,S&P 500 - TRI,19.46,10.86,15.06,12.26,7,7,1,5,8,7,4,2,Nippon India US Equity Opp Fund(G),Equity : International,8,8,8,8,8,8,6,5,29.41,1.22,4.33,21.73,37.46,27.84,11.65,12.62,,,,,,,,
TRUSTMF Multi Cap Fund-Reg(G),49976,Trust Mutual Fund,-2.66,4.84,21.37,15.73,Nifty500 Multicap 50:25:25 - TRI,,,,11.75,3,16,4,3,2,,,,TRUSTMF Multi Cap Fund-Reg(G),Equity : Multi Cap,33,33,33,33,33,22,10,7,3.1,-2.77,1.52,13.44,4.67,13.3,11.47,13.51,,,,,,,,
Sundaram Dividend Yield Fund(G),2337,Sundaram Mutual Fund,-3.21,-1.78,-0.54,-5.05,NIFTY 500 - TRI,8.2,8.0,12.31,-8.53,10,4,8,11,10,9,8,4,Sundaram Dividend Yield Fund(G),Equity : Thematic - Dividend Yield,10,11,11,11,10,9,8,5,-3.23,-3.53,-1.33,5.12,0.13,11.44,11.5,12.77,,,,,,,,
ICICI Pru Nifty Alpha Low - Volatility 30 ETF FOF(G),45389,ICICI Prudential Mutual Fund,-4.48,-1.67,3.4,-1.85,NIFTY Alpha Low-Volatility 30 - TRI,9.35,7.15,,-4.03,99,95,114,69,90,39,32,,ICICI Pru Nifty Alpha Low - Volatility 30 ETF FOF(G),FoFs : Domestic,108,135,127,125,99,61,41,27,2.81,-3.15,2.04,5.11,14.87,17.1,10.87,10.45,,,,,,,,
ICICI Pru Nifty Bank Index Fund-Reg(G),45994,ICICI Prudential Mutual Fund,-3.42,-4.47,3.72,0.92,NIFTY BANK - TRI,7.42,,,-6.67,150,50,224,145,85,64,,,ICICI Pru Nifty Bank Index Fund-Reg(G),Equity : Index Funds,228,253,245,234,219,101,45,18,-3.26,-4.15,-1.59,6.96,-0.34,10.34,8.4,10.7,,,,,,,,
Motilal Oswal Innovation Opportunities Fund-Reg(G),49313,Motilal Oswal Mutual Fund,0.93,5.47,31.87,13.92,NIFTY 500 - TRI,,,,19.07,3,7,21,2,17,,,,Motilal Oswal Innovation Opportunities Fund-Reg(G),Equity : Thematic,112,120,117,117,108,51,33,9,2.18,-3.04,1.09,11.89,4.44,13.34,11.3,12.9,,,,,,,,
ICICI Pru Nifty Midcap 150 ETF,44494,ICICI Prudential Mutual Fund,-4.6,-1.17,10.34,5.52,Nifty Midcap 150 - TRI,14.74,15.26,,1.22,59,144,88,62,53,38,9,,ICICI Pru Nifty Midcap 150 ETF,Equity : ETFs,232,273,256,246,208,137,85,42,-3.6,-4.03,-1.43,6.06,0.15,10.34,8.93,11.73,,,,,,,,
Quantum Gold ETF,4326,Quantum Mutual Fund,-6.12,7.99,4.21,33.3,Gold-India,35.61,25.61,15.71,13.52,5,40,3,11,17,13,7,7,Quantum Gold ETF,Metal : ETFs,40,42,42,42,38,22,11,11,3.29,-5.3,7.04,2.11,46.95,39.54,25.66,15.77,,,,,,,,
ICICI Pru Nifty Smallcap 250 Index Fund(G),45684,ICICI Prudential Mutual Fund,-1.05,2.61,21.33,6.0,Nifty Smallcap 250 - TRI,13.99,,,8.52,22,16,25,22,32,27,,,ICICI Pru Nifty Smallcap 250 Index Fund(G),Equity : Index Funds,228,253,245,234,219,101,45,18,-3.26,-4.15,-1.59,6.96,-0.34,10.34,8.4,10.7,,,,,,,,
Tata Gilt Fund-Reg(G),3230,Tata Mutual Fund,-1.27,-0.72,3.31,1.87,CRISIL Dynamic Gilt Index,5.15,4.79,5.47,1.34,32,36,34,6,30,24,13,18,Tata Gilt Fund-Reg(G),Debt : Gilt,38,38,38,38,38,34,23,21,2.34,-0.55,-0.06,2.74,3.22,5.99,4.93,5.98,,,,,,,,
Invesco India Gold ETF,8505,Invesco Mutual Fund,-6.09,7.96,4.56,32.58,Gold-India,35.61,25.7,15.87,14.35,3,34,8,3,27,12,3,2,Invesco India Gold ETF,Metal : ETFs,40,42,42,42,38,22,11,11,3.29,-5.3,7.04,2.11,46.95,39.54,25.66,15.77,,,,,,,,
JioBlackRock Overnight Fund-Reg(G),51177,Jio BlackRock Mutual Fund,0.41,,,,Nifty 1D Rate Index,,,,,,6,,,,,,,JioBlackRock Overnight Fund-Reg(G),Debt : Overnight,35,37,35,35,35,33,27,3,3.71,0.4,1.24,2.54,5.14,5.94,5.62,5.27,0.41,1.27,2.59,5.24,6.06,5.75,,5.14
Axis Nifty Smallcap 50 Index Fund-Reg(G),45856,Axis Mutual Fund,-0.75,6.33,26.36,13.45,Nifty Smallcap 50 - TRI,18.67,,,14.47,9,10,6,4,11,7,,,Axis Nifty Smallcap 50 Index Fund-Reg(G),Equity : Index Funds,228,253,245,234,219,101,45,18,-3.26,-4.15,-1.59,6.96,-0.34,10.34,8.4,10.7,,,,,,,,
DSP Nifty Private Bank ETF,47907,DSP Mutual Fund,-2.07,-4.86,5.98,0.79,Nifty Private Bank - TRI,5.61,,,-5.94,125,31,232,100,92,108,,,DSP Nifty Private Bank ETF,Equity : ETFs,232,273,256,246,208,137,85,42,-3.6,-4.03,-1.43,6.06,0.15,10.34,8.93,11.73,,,,,,,,
LIC MF Manufacturing Fund-Reg(G),49120,LIC Mutual Fund,0.55,2.2,20.33,14.64,Nifty India Manufacturing - TRI,,,,16.33,9,9,35,23,12,,,,LIC MF Manufacturing Fund-Reg(G),Equity : Thematic,112,120,117,117,108,51,33,9,2.18,-3.04,1.09,11.89,4.44,13.34,11.3,12.9,,,,,,,,
SBI Nifty 500 Index Fund-Reg(G),49019,SBI Mutual Fund,-4.3,-2.11,5.47,-1.75,NIFTY 500 - TRI,,,,-5.15,136,117,125,116,135,,,,SBI Nifty 500 Index Fund-Reg(G),Equity : Index Funds,228,253,245,234,219,101,45,18,-3.26,-4.15,-1.59,6.96,-0.34,10.34,8.4,10.7,,,,,,,,
Union Aggressive Hybrid Fund-Reg(G),44512,Union Mutual Fund,-2.49,0.71,6.74,2.0,CRISIL Hybrid 35+65 - Aggressive Index,9.39,7.5,,-0.38,12,8,9,15,13,23,25,,Union Aggressive Hybrid Fund-Reg(G),Hybrid : Aggressive Hybrid,43,44,43,43,43,41,41,28,-1.6,-2.93,-0.57,6.19,0.55,9.9,8.59,10.55,,,,,,,,
Invesco India Aggressive Hybrid Fund-Reg(G),39893,Invesco Mutual Fund,-2.83,-1.9,3.62,-7.17,CRISIL Hybrid 35+65 - Aggressive Index,8.99,7.43,,-7.67,42,15,35,31,43,25,27,,Invesco India Aggressive Hybrid Fund-Reg(G),Hybrid : Aggressive Hybrid,43,44,43,43,43,41,41,28,-1.6,-2.93,-0.57,6.19,0.55,9.9,8.59,10.55,,,,,,,,
HDFC NIFTY Smallcap 250 Index Fund-Reg(G),47916,HDFC Mutual Fund,-1.03,2.66,21.47,6.12,Nifty Smallcap 250 - TRI,14.02,,,8.64,19,11,21,17,29,26,,,HDFC NIFTY Smallcap 250 Index Fund-Reg(G),Equity : Index Funds,228,253,245,234,219,101,45,18,-3.26,-4.15,-1.59,6.96,-0.34,10.34,8.4,10.7,,,,,,,,
Kotak Credit Risk Fund(G),8472,Kotak Mahindra Mutual Fund,0.15,1.58,3.5,6.24,CRISIL Credit Risk Debt Index,7.56,5.7,6.37,4.35,10,7,5,10,10,10,13,8,Kotak Credit Risk Fund(G),Debt : Credit Risk,15,15,15,15,15,15,15,12,5.72,0.13,1.25,4.35,7.51,8.7,8.78,6.15,,,,,,,,
Axis Nifty Midcap 50 Index Fund-Reg(G),46459,Axis Mutual Fund,-5.16,-0.71,10.73,7.19,Nifty Midcap 50 - TRI,13.92,,,0.9,64,215,73,60,22,28,,,Axis Nifty Midcap 50 Index Fund-Reg(G),Equity : Index Funds,228,253,245,234,219,101,45,18,-3.26,-4.15,-1.59,6.96,-0.34,10.34,8.4,10.7,,,,,,,,
Bandhan Transportation and Logistics Fund-Reg(G),46986,Bandhan Mutual Fund,-5.2,2.86,12.86,3.48,Nifty Transportation & Logistics - TRI,17.42,,,1.28,6,6,7,6,6,4,,,Bandhan Transportation and Logistics Fund-Reg(G),Equity : Sectoral - Auto,10,11,10,10,10,5,1,1,3.61,-5.03,4.97,15.41,6.29,19.52,18.61,11.14,,,,,,,,
Nippon India Equity Savings Fund(G),30963,Nippon India Mutual Fund,-1.43,-0.76,1.04,1.46,NIFTY 50 Equity Savings Index,5.69,5.58,4.02,-0.64,20,20,24,24,20,21,18,14,Nippon India Equity Savings Fund(G),Hybrid : Equity Savings,24,24,24,24,24,21,21,14,1.27,-1.02,0.5,3.63,3.17,7.57,6.8,7.45,,,,,,,,
Kotak Healthcare Fund-Reg(G),47949,Kotak Mahindra Mutual Fund,1.97,9.82,28.06,28.62,Nifty Healthcare Index - TRI,,,,30.02,1,1,1,1,1,,,,Kotak Healthcare Fund-Reg(G),Equity : Sectoral - Pharma,21,21,21,21,20,12,9,4,18.65,0.58,6.96,21.05,18.29,21.08,14.12,13.63,,,,,,,,
DSP Quant Fund-Reg(G),42237,DSP Mutual Fund,-4.68,-0.73,2.63,-3.57,BSE 200 - TRI,5.94,3.27,,-8.53,106,94,70,99,91,49,33,,DSP Quant Fund-Reg(G),Equity : Thematic,112,120,117,117,108,51,33,9,2.18,-3.04,1.09,11.89,4.44,13.34,11.3,12.9,,,,,,,,
Bank of India Mid Cap Fund-Reg(G),50004,Bank of India Mutual Fund,-2.26,1.37,12.34,3.49,Nifty Midcap 150 - TRI,,,,5.92,10,2,9,17,27,,,,Bank of India Mid Cap Fund-Reg(G),Equity : Mid Cap,32,35,34,34,32,30,25,20,4.31,-3.8,0.67,13.28,6.21,15.36,13.92,14.96,,,,,,,,
Groww Small Cap Fund-Reg(G),50392,Groww Mutual Fund,2.2,11.45,33.5,,Nifty Smallcap 250 - TRI,,,,,,3,2,5,,,,,Groww Small Cap Fund-Reg(G),Equity : Small Cap,33,36,36,36,31,24,23,13,14.42,-0.14,5.3,25.2,12.13,15.61,15.16,16.28,,,,,,,,
LIC MF Dividend Yield Fund-Reg(G),41332,LIC Mutual Fund,-2.56,0.5,15.52,5.11,NIFTY 500 - TRI,16.91,13.62,,3.85,1,2,1,1,2,1,2,,LIC MF Dividend Yield Fund-Reg(G),Equity : Thematic - Dividend Yield,10,11,11,11,10,9,8,5,-3.23,-3.53,-1.33,5.12,0.13,11.44,11.5,12.77,,,,,,,,
Qsif Equity Long-Short Fund-Reg(G),75001,Quant QSIF,-1.04,4.15,19.82,,NIFTY 500 - TRI,,,,9.54,3,15,7,3,,,,,Qsif Equity Long-Short Fund-Reg(G),Hybrid : Long - Short,10,30,27,14,,,,,5.49,-0.21,3.32,9.54,,,,,,,,,,,,
Kotak Rural Opportunities Fund-Reg(G),50404,Kotak Mahindra Mutual Fund,-5.07,-2.07,-1.63,,Nifty Rural - TRI,,,,-8.32,104,105,89,115,,,,,Kotak Rural Opportunities Fund-Reg(G),Equity : Thematic,112,120,117,117,108,51,33,9,2.18,-3.04,1.09,11.89,4.44,13.34,11.3,12.9,,,,,,,,
Invesco India Manufacturing Fund-Reg(G),47579,Invesco Mutual Fund,-0.67,7.93,24.89,13.85,Nifty India Manufacturing - TRI,,,,18.76,4,16,12,15,18,,,,Invesco India Manufacturing Fund-Reg(G),Equity : Thematic,112,120,117,117,108,51,33,9,2.18,-3.04,1.09,11.89,4.44,13.34,11.3,12.9,,,,,,,,
Kotak Services Fund-Reg(G),50374,Kotak Mahindra Mutual Fund,-4.19,-1.31,2.29,,Nifty Services Sector - TRI,,,,,,82,78,103,,,,,Kotak Services Fund-Reg(G),Equity : Thematic,112,120,117,117,108,51,33,9,2.18,-3.04,1.09,11.89,4.44,13.34,11.3,12.9,,,,,,,,
Samco Active Momentum Fund-Reg(G),47753,Samco Mutual Fund,2.52,7.53,27.1,14.47,NIFTY 500 - TRI,14.56,,,18.42,5,4,13,9,15,21,,,Samco Active Momentum Fund-Reg(G),Equity : Thematic,112,120,117,117,108,51,33,9,2.18,-3.04,1.09,11.89,4.44,13.34,11.3,12.9,,,,,,,,
Motilal Oswal Balanced Advantage Fund-Reg(G),35831,Motilal Oswal Mutual Fund,-1.03,5.28,12.47,-1.58,CRISIL Hybrid 50+50 - Moderate Index,1.71,4.49,,1.0,4,4,1,1,28,30,21,,Motilal Oswal Balanced Advantage Fund-Reg(G),Hybrid : Dynamic Asset Allocation,37,38,38,38,37,30,22,11,-1.63,-2.48,-0.35,4.38,0.68,8.22,7.48,8.98,,,,,,,,
WOC Liquid Fund-Reg(G),42211,WhiteOak Capital Mutual Fund,0.5,1.6,3.36,6.32,CRISIL Liquid Debt Index,6.74,6.09,,4.7,27,13,3,28,25,28,29,,WOC Liquid Fund-Reg(G),Debt : Liquid,44,45,44,44,41,37,35,30,4.6,0.48,1.52,3.27,6.19,6.73,6.19,5.94,,,,,,,,
LIC MF Nifty 100 ETF,33578,LIC Mutual Fund,-4.66,-2.95,2.3,-4.17,NIFTY 100 - TRI,8.29,6.97,11.34,-8.27,161,155,142,152,135,68,44,15,LIC MF Nifty 100 ETF,Equity : ETFs,232,273,256,246,208,137,85,42,-3.6,-4.03,-1.43,6.06,0.15,10.34,8.93,11.73,,,,,,,,
Kotak ESG Exclusionary Strategy Fund-Reg(G),44147,Kotak Mahindra Mutual Fund,-5.31,-2.23,1.51,-5.72,NIFTY100 ESG - TRI,6.95,5.29,,-8.42,105,108,90,107,104,46,28,,Kotak ESG Exclusionary Strategy Fund-Reg(G),Equity : Thematic,112,120,117,117,108,51,33,9,2.18,-3.04,1.09,11.89,4.44,13.34,11.3,12.9,,,,,,,,
PGIM India Balanced Advantage Fund-Reg(G),45262,PGIM India Mutual Fund,-3.73,-1.87,1.94,-3.92,CRISIL Hybrid 50+50 - Moderate Index,5.32,5.34,,-5.34,35,35,36,34,37,28,20,,PGIM India Balanced Advantage Fund-Reg(G),Hybrid : Dynamic Asset Allocation,37,38,38,38,37,30,22,11,-1.63,-2.48,-0.35,4.38,0.68,8.22,7.48,8.98,,,,,,,,
Quant Manufacturing Fund-Reg(G),48120,Quant Mutual Fund,-1.42,0.28,26.84,12.03,Nifty India Manufacturing - TRI,15.38,,,13.84,17,20,60,11,20,16,,,Quant Manufacturing Fund-Reg(G),Equity : Thematic,112,120,117,117,108,51,33,9,2.18,-3.04,1.09,11.89,4.44,13.34,11.3,12.9,,,,,,,,
Canara Rob Overnight Fund-Reg(G),43350,Canara Robeco Mutual Fund,0.4,1.27,2.57,5.2,CRISIL Liquid Overnight Index,5.97,5.65,,3.74,14,18,5,7,10,15,10,,Canara Rob Overnight Fund-Reg(G),Debt : Overnight,35,37,35,35,35,33,27,3,3.71,0.4,1.24,2.54,5.14,5.94,5.62,5.27,,,,,,,,
ICICI Pru Nifty FMCG ETF,45651,ICICI Prudential Mutual Fund,-3.71,-6.8,-2.32,-15.99,NIFTY FMCG - TRI,-2.45,3.74,,-16.68,219,113,253,216,196,129,79,,ICICI Pru Nifty FMCG ETF,Equity : ETFs,232,273,256,246,208,137,85,42,-3.6,-4.03,-1.43,6.06,0.15,10.34,8.93,11.73,,,,,,,,
UTI India Consumer Fund-Reg(G),3581,UTI Mutual Fund,-6.44,0.16,8.25,-5.47,Nifty India Consumption - TRI,9.0,7.23,10.14,-5.51,17,27,19,18,9,7,12,9,UTI India Consumer Fund-Reg(G),Equity : Thematic - Consumption,26,27,27,27,22,15,13,10,-1.97,-4.07,2.02,11.36,-3.98,9.03,9.56,12.06,,,,,,,,
LIC MF Overnight Fund-Reg(G),43784,LIC Mutual Fund,0.41,1.26,2.57,5.2,Nifty 1D Rate Index,5.95,5.61,,3.76,8,5,10,8,9,20,21,,LIC MF Overnight Fund-Reg(G),Debt : Overnight,35,37,35,35,35,33,27,3,3.71,0.4,1.24,2.54,5.14,5.94,5.62,5.27,0.41,1.27,2.59,5.24,6.06,5.75,,5.14
ITI Large & Mid Cap Fund-Reg(G),48956,ITI Mutual Fund,0.11,4.27,17.03,5.02,NIFTY LargeMidcap 250 - TRI,,,,4.81,5,1,1,4,6,,,,ITI Large & Mid Cap Fund-Reg(G),Equity : Large & Mid Cap,33,36,34,33,33,26,26,20,-0.52,-3.92,-0.34,9.21,1.84,12.73,11.15,13.02,,,,,,,,
HDFC NIFTY Midcap 150 Index Fund-Reg(G),46619,HDFC Mutual Fund,-4.68,-1.37,9.87,4.62,Nifty Midcap 150 - TRI,13.71,,,0.58,71,135,90,69,59,34,,,HDFC NIFTY Midcap 150 Index Fund-Reg(G),Equity : Index Funds,228,253,245,234,219,101,45,18,-3.26,-4.15,-1.59,6.96,-0.34,10.34,8.4,10.7,,,,,,,,
PGIM India ELSS Tax Saver Fund-Reg(G),26780,PGIM India Mutual Fund,-3.4,0.29,9.89,-1.79,NIFTY 500 - TRI,7.74,8.01,11.42,-2.54,28,25,13,20,33,39,38,19,PGIM India ELSS Tax Saver Fund-Reg(G),Equity : Tax Saving (ELSS),53,53,53,53,53,52,47,30,-2.04,-3.49,-0.87,8.56,-0.32,10.55,10.24,12.18,,,,,,,,
LIC MF BSE Sensex ETF,33579,LIC Mutual Fund,-4.83,-3.89,-1.08,-8.09,BSE SENSEX - TRI,4.9,5.38,11.14,-12.58,210,182,202,209,185,119,76,31,LIC MF BSE Sensex ETF,Equity : ETFs,232,273,256,246,208,137,85,42,-3.6,-4.03,-1.43,6.06,0.15,10.34,8.93,11.73,,,,,,,,
360 ONE Balanced Hybrid Fund-Reg(G),48144,360 ONE Mutual Fund,-1.5,-0.29,6.87,3.0,NIFTY 50 Hybrid Composite Debt 50:50 Index,9.35,,,2.14,1,2,2,1,1,1,,,360 ONE Balanced Hybrid Fund-Reg(G),Hybrid : Balanced Hybrid,5,6,5,5,5,5,4,4,-0.67,-1.79,-0.36,4.03,0.5,7.43,6.29,7.31,,,,,,,,
Tata Nifty 50 ETF,41017,Tata Mutual Fund,-4.88,-3.5,0.04,-6.11,NIFTY 50 - TRI,6.68,6.48,,-10.73,193,208,183,194,164,103,59,,Tata Nifty 50 ETF,Equity : ETFs,232,273,256,246,208,137,85,42,-3.6,-4.03,-1.43,6.06,0.15,10.34,8.93,11.73,,,,,,,,
DSP Silver ETF FoF-Reg(G),49808,DSP Mutual Fund,-4.59,4.75,-1.51,63.73,Silver,,,,0.84,71,104,40,120,3,,,,DSP Silver ETF FoF-Reg(G),FoFs : Domestic,108,135,127,125,99,61,41,27,2.81,-3.15,2.04,5.11,14.87,17.1,10.87,10.45,,,,,,,,
Franklin India NSE Nifty 50 Index Fund(G),942,Franklin Templeton Mutual Fund,-4.92,-3.63,-0.21,-6.53,NIFTY 50,6.14,5.87,10.34,-11.02,195,199,191,199,176,83,36,14,Franklin India NSE Nifty 50 Index Fund(G),Equity : Index Funds,228,253,245,234,219,101,45,18,-3.26,-4.15,-1.59,6.96,-0.34,10.34,8.4,10.7,-4.91,-3.81,-0.71,-7.03,5.55,5.32,12.17,-15.72
Nippon India Nifty G-Sec Jun 2036 Maturity Index Fund-Reg(G),47190,Nippon India Mutual Fund,-1.35,-0.71,2.06,3.3,Nifty G-Sec Jun 2036 Index,7.01,,,2.05,21,37,33,32,17,8,,,Nippon India Nifty G-Sec Jun 2036 Maturity Index Fund-Reg(G),Debt : Gilt,38,38,38,38,38,34,23,21,2.34,-0.55,-0.06,2.74,3.22,5.99,4.93,5.98,,,,,,,,
Axis Retirement Fund-Aggressive Plan-Reg(G),43841,Axis Mutual Fund,-3.64,-0.99,4.29,-2.17,CRISIL Hybrid 25+75 - Aggressive Index,9.44,5.07,,-3.85,31,37,23,28,32,21,38,,Axis Retirement Fund-Aggressive Plan-Reg(G),Hybrid : Aggressive Hybrid,43,44,43,43,43,41,41,28,-1.6,-2.93,-0.57,6.19,0.55,9.9,8.59,10.55,,,,,,,,
HSBC Gold ETF,50748,HSBC Mutual Fund,-6.02,7.84,9.92,,Gold-India,,,,,,20,23,1,,,,,HSBC Gold ETF,Metal : ETFs,40,42,42,42,38,22,11,11,3.29,-5.3,7.04,2.11,46.95,39.54,25.66,15.77,,,,,,,,
JM Aggressive Hybrid Fund-Reg(G),1847,JM Financial Mutual Fund,-2.8,2.82,8.48,-1.03,CRISIL Hybrid 35+65 - Aggressive Index,11.21,11.1,11.56,-0.53,15,13,3,10,28,10,5,7,JM Aggressive Hybrid Fund-Reg(G),Hybrid : Aggressive Hybrid,43,44,43,43,43,41,41,28,-1.6,-2.93,-0.57,6.19,0.55,9.9,8.59,10.55,,,,,,,,
Motilal Oswal Manufacturing Fund-Reg(G),48962,Motilal Oswal Mutual Fund,-2.31,1.26,11.7,-2.74,Nifty India Manufacturing - TRI,,,,2.58,46,38,50,56,85,,,,Motilal Oswal Manufacturing Fund-Reg(G),Equity : Thematic,112,120,117,117,108,51,33,9,2.18,-3.04,1.09,11.89,4.44,13.34,11.3,12.9,,,,,,,,
LIC MF Balanced Advantage Fund-Reg(G),45941,LIC Mutual Fund,-2.87,1.35,6.14,0.63,NIFTY 50,6.73,,,-0.24,8,25,4,9,21,25,,,LIC MF Balanced Advantage Fund-Reg(G),Hybrid : Dynamic Asset Allocation,37,38,38,38,37,30,22,11,-1.63,-2.48,-0.35,4.38,0.68,8.22,7.48,8.98,-4.91,-3.81,-0.71,-7.03,5.55,5.32,12.17,-15.72
DSP Nifty Top 10 Equal Weight ETF,49012,DSP Mutual Fund,-5.25,-5.3,-3.31,-11.59,Nifty Top 10 Equal Weight - TRI,,,,-17.8,221,231,245,227,193,,,,DSP Nifty Top 10 Equal Weight ETF,Equity : ETFs,232,273,256,246,208,137,85,42,-3.6,-4.03,-1.43,6.06,0.15,10.34,8.93,11.73,,,,,,,,
Mahindra Manulife Large Cap Fund-Reg(G),38073,Mahindra Manulife Mutual Fund,-5.5,-3.62,-0.8,-6.77,NIFTY 100 - TRI,6.35,6.08,,-11.18,33,33,30,33,32,27,22,,Mahindra Manulife Large Cap Fund-Reg(G),Equity : Large Cap,33,35,34,34,33,30,28,23,-6.14,-4.26,-1.72,3.8,-2.94,8.89,7.38,10.73,,,,,,,,
SBI Floating Interest Rates Fund-Reg(G),45111,SBI Mutual Fund,0.06,1.44,3.35,6.23,Nifty Short Duration Debt Index,7.21,6.49,,4.94,2,11,1,3,2,6,4,,SBI Floating Interest Rates Fund-Reg(G),Debt : Floater,12,12,12,12,12,12,12,5,4.1,0.16,1.06,3.2,5.76,7.18,6.36,6.78,,,,,,,,
Franklin India Overnight Fund(G),43438,Franklin Templeton Mutual Fund,0.41,1.27,2.6,5.28,Nifty 1D Rate Index,6.01,5.65,,3.82,2,7,3,2,2,5,7,,Franklin India Overnight Fund(G),Debt : Overnight,35,37,35,35,35,33,27,3,3.71,0.4,1.24,2.54,5.14,5.94,5.62,5.27,0.41,1.27,2.59,5.24,6.06,5.75,,5.14
Mahindra Manulife Manufacturing Fund-Reg(G),48881,Mahindra Manulife Mutual Fund,-1.72,1.93,13.97,8.16,Nifty India Manufacturing - TRI,,,,6.95,31,30,39,44,30,,,,Mahindra Manulife Manufacturing Fund-Reg(G),Equity : Thematic,112,120,117,117,108,51,33,9,2.18,-3.04,1.09,11.89,4.44,13.34,11.3,12.9,,,,,,,,
HSBC Medium Term Fund-Reg(G),31014,HSBC Mutual Fund,-0.24,0.29,2.64,4.61,NIFTY Medium Duration Debt Index,6.9,5.87,6.27,3.1,18,18,20,16,18,16,8,7,HSBC Medium Term Fund-Reg(G),Debt : Medium Duration,22,23,23,22,22,22,13,12,3.74,0.01,0.88,2.92,5.3,7.09,6.23,6.18,,,,,,,,
LIC MF Nifty Midcap 100 ETF,48473,LIC Mutual Fund,-5.06,-1.27,10.3,6.17,Nifty Midcap 100 - TRI,,,,1.03,67,222,107,64,39,,,,LIC MF Nifty Midcap 100 ETF,Equity : ETFs,232,273,256,246,208,137,85,42,-3.6,-4.03,-1.43,6.06,0.15,10.34,8.93,11.73,,,,,,,,
Bajaj Finserv Nifty 1D Rate Liquid ETF(G),48746,Bajaj Finserv Mutual Fund,0.38,1.18,2.41,4.84,Nifty 1D Rate Index,,,,3.5,11,10,11,16,11,,,,Bajaj Finserv Nifty 1D Rate Liquid ETF(G),Debt : ETFs,31,34,31,31,30,15,10,4,3.01,-0.35,0.44,2.25,4.33,6.47,5.55,5.58,0.41,1.27,2.59,5.24,6.06,5.75,,5.14
Motilal Oswal Nifty Capital Market Index Fund-Reg(G),49214,Motilal Oswal Mutual Fund,-4.57,-3.31,16.54,24.12,Nifty Capital Markets Index - TRI,,,,12.69,11,127,172,26,1,,,,Motilal Oswal Nifty Capital Market Index Fund-Reg(G),Equity : Index Funds,228,253,245,234,219,101,45,18,-3.26,-4.15,-1.59,6.96,-0.34,10.34,8.4,10.7,,,,,,,,
LIC MF Ultra Short Term Fund-Reg(G),44073,LIC Mutual Fund,0.48,1.46,3.27,5.79,CRISIL Ultra Short Term Debt Index,6.4,5.72,,4.33,27,27,30,27,27,19,20,,LIC MF Ultra Short Term Fund-Reg(G),Debt : Ultra Short Duration,31,34,33,32,31,24,24,13,4.54,0.49,1.56,3.46,6.12,6.65,6.0,5.88,,,,,,,,
Motilal Oswal Nifty Bank Index Fund-Reg(G),43789,Motilal Oswal Mutual Fund,-3.45,-4.54,3.57,0.64,NIFTY BANK - TRI,7.21,7.77,,-6.87,155,55,227,152,88,67,22,,Motilal Oswal Nifty Bank Index Fund-Reg(G),Equity : Index Funds,228,253,245,234,219,101,45,18,-3.26,-4.15,-1.59,6.96,-0.34,10.34,8.4,10.7,,,,,,,,
Baroda BNP Paribas Ultra Short Term Fund-Reg(G),39448,Baroda BNP Paribas Mutual Fund,0.54,1.68,3.68,6.42,CRISIL Ultra Short Term Debt Index,7.04,6.47,,4.8,6,1,6,7,7,3,2,,Baroda BNP Paribas Ultra Short Term Fund-Reg(G),Debt : Ultra Short Duration,31,34,33,32,31,24,24,13,4.54,0.49,1.56,3.46,6.12,6.65,6.0,5.88,,,,,,,,
WOC Banking & Financial Services Fund-Reg(G),48332,WhiteOak Capital Mutual Fund,-4.89,-3.24,5.8,0.86,Nifty Financial Services - TRI,,,,-4.0,9,14,10,8,14,,,,WOC Banking & Financial Services Fund-Reg(G),Equity : Sectoral - Financial Services,24,28,28,28,23,17,13,11,-4.0,-4.78,-3.54,5.32,2.41,10.9,9.73,11.13,,,,,,,,
Baroda BNP Paribas Focused Fund-Reg(G),32452,Baroda BNP Paribas Mutual Fund,-5.73,-1.98,3.59,-4.21,NIFTY 500 - TRI,6.52,6.5,,-8.89,27,26,22,24,25,27,23,,Baroda BNP Paribas Focused Fund-Reg(G),Equity : Focused,28,28,28,28,28,27,25,14,-0.57,-3.87,0.24,9.79,1.93,11.27,9.35,12.18,,,,,,,,
Canara Rob Banking & Financial Services Fund-Reg(G),50688,Canara Robeco Mutual Fund,-5.3,-2.86,5.08,,Nifty Financial Services - TRI,,,,,,18,8,12,,,,,Canara Rob Banking & Financial Services Fund-Reg(G),Equity : Sectoral - Financial Services,24,28,28,28,23,17,13,11,-4.0,-4.78,-3.54,5.32,2.41,10.9,9.73,11.13,,,,,,,,
UTI Silver ETF FoF-Reg(G),46882,UTI Mutual Fund,-4.45,5.74,-0.89,63.11,Silver,44.2,,,1.0,69,94,27,111,8,1,,,UTI Silver ETF FoF-Reg(G),FoFs : Domestic,108,135,127,125,99,61,41,27,2.81,-3.15,2.04,5.11,14.87,17.1,10.87,10.45,,,,,,,,
Bajaj Finserv Overnight Fund-Reg(G),48051,Bajaj Finserv Mutual Fund,0.41,1.27,2.58,5.27,CRISIL Liquid Overnight Index,6.02,,,3.78,4,2,4,4,3,3,,,Bajaj Finserv Overnight Fund-Reg(G),Debt : Overnight,35,37,35,35,35,33,27,3,3.71,0.4,1.24,2.54,5.14,5.94,5.62,5.27,,,,,,,,
JioBlackRock Ultra Short to Short Term Fund-Reg(G),51170,Jio BlackRock Mutual Fund,0.24,,,,NIFTY Low Duration Debt Index,,,,,,31,,,,,,,JioBlackRock Ultra Short to Short Term Fund-Reg(G),Debt : Low Duration,26,31,30,29,26,20,20,19,4.14,0.39,1.39,3.25,5.72,6.8,6.09,6.18,,,,,,,,
Navi Nifty Bank Index Fund-Reg(G),45873,Navi Mutual Fund,-3.45,-4.55,3.56,0.61,NIFTY BANK - TRI,7.22,,,-6.9,156,57,228,154,90,66,,,Navi Nifty Bank Index Fund-Reg(G),Equity : Index Funds,228,253,245,234,219,101,45,18,-3.26,-4.15,-1.59,6.96,-0.34,10.34,8.4,10.7,,,,,,,,
Baroda BNP Paribas Business Conglomerates Fund-Reg(G),50243,Baroda BNP Paribas Mutual Fund,-5.44,-0.84,4.41,-2.74,Nifty Conglomerate 50 - TRI,,,,-5.99,91,111,71,91,84,,,,Baroda BNP Paribas Business Conglomerates Fund-Reg(G),Equity : Thematic,112,120,117,117,108,51,33,9,2.18,-3.04,1.09,11.89,4.44,13.34,11.3,12.9,,,,,,,,
Bandhan Multi-Factor Fund-Reg(G),50021,Bandhan Mutual Fund,-5.56,-4.62,-3.25,-5.05,BSE 200 - TRI,,,,-11.61,111,115,115,116,101,,,,Bandhan Multi-Factor Fund-Reg(G),Equity : Thematic,112,120,117,117,108,51,33,9,2.18,-3.04,1.09,11.89,4.44,13.34,11.3,12.9,,,,,,,,
Tata Nifty SDL Plus AAA PSU Bond Dec 2027 60:40 Index Fund-Reg(G),46351,Tata Mutual Fund,0.14,1.23,2.75,5.27,Nifty SDL Plus AAA PSU Bond Dec 2027 60: 40 Index - TRI,7.12,,,3.68,23,30,24,26,30,27,,,Tata Nifty SDL Plus AAA PSU Bond Dec 2027 60:40 Index Fund-Reg(G),Debt : Medium to Long Duration,58,59,59,58,58,50,12,11,3.39,0.01,0.87,2.74,4.94,6.88,5.21,5.53,,,,,,,,
DSP Dynamic Term Fund-Reg(G),742,DSP Mutual Fund,-1.09,-0.74,2.38,1.89,CRISIL Dynamic Bond Index,5.37,4.96,5.98,1.1,20,23,21,14,19,18,14,13,DSP Dynamic Term Fund-Reg(G),Debt : Dynamic Bond,23,23,23,23,23,23,23,19,2.57,-0.36,0.16,2.58,3.62,6.05,5.37,6.1,,,,,,,,
HDFC Nifty G-Sec Jul 2031 Index Fund-Reg(G),46620,HDFC Mutual Fund,-1.18,-0.17,2.56,4.01,Nifty G-Sec July 2031 Index,7.18,,,2.64,15,33,15,23,12,4,,,HDFC Nifty G-Sec Jul 2031 Index Fund-Reg(G),Debt : Gilt,38,38,38,38,38,34,23,21,2.34,-0.55,-0.06,2.74,3.22,5.99,4.93,5.98,,,,,,,,
Nippon India Income Plus Arbitrage Active FoF-Reg(G),49936,Nippon India Mutual Fund,0.19,1.03,3.01,5.48,CRISIL Short Term Bond Index,,,,3.88,34,15,62,82,48,,,,Nippon India Income Plus Arbitrage Active FoF-Reg(G),FoFs : Domestic,108,135,127,125,99,61,41,27,2.81,-3.15,2.04,5.11,14.87,17.1,10.87,10.45,,,,,,,,
SBI FMP-67-1467D-Reg(G),46703,SBI Mutual Fund,0.42,1.31,2.63,5.44,CRISIL Medium to Long Term Debt Index,7.02,,,3.12,35,27,13,34,33,31,,,SBI FMP-67-1467D-Reg(G),Debt : FTP/FMP,49,51,50,49,49,49,16,2,3.47,0.27,1.15,2.75,5.55,7.14,6.12,5.77,,,,,,,,
Bandhan Nifty Alpha 50 Index Fund-Reg(G),48314,Bandhan Mutual Fund,-3.58,2.57,15.84,7.88,Nifty Alpha 50 - TRI,,,,8.68,15,74,31,29,19,,,,Bandhan Nifty Alpha 50 Index Fund-Reg(G),Equity : Index Funds,228,253,245,234,219,101,45,18,-3.26,-4.15,-1.59,6.96,-0.34,10.34,8.4,10.7,,,,,,,,
360 ONE Liquid Fund-Reg(G),15687,360 ONE Mutual Fund,0.5,1.54,3.24,6.17,CRISIL Liquid Debt Index,6.65,6.11,5.67,4.57,34,15,31,34,32,30,28,27,360 ONE Liquid Fund-Reg(G),Debt : Liquid,44,45,44,44,41,37,35,30,4.6,0.48,1.52,3.27,6.19,6.73,6.19,5.94,,,,,,,,
ITI Focused Fund-Reg(G),45722,ITI Mutual Fund,-4.09,-0.82,11.21,5.43,NIFTY 500 - TRI,15.66,,,1.12,10,15,17,13,7,2,,,ITI Focused Fund-Reg(G),Equity : Focused,28,28,28,28,28,27,25,14,-0.57,-3.87,0.24,9.79,1.93,11.27,9.35,12.18,,,,,,,,
Mirae Asset Gold ETF FoF-Reg(G),49290,Mirae Asset Mutual Fund,-6.34,8.18,4.3,30.76,Gold-India,,,,11.95,11,128,8,56,23,,,,Mirae Asset Gold ETF FoF-Reg(G),FoFs : Domestic,108,135,127,125,99,61,41,27,2.81,-3.15,2.04,5.11,14.87,17.1,10.87,10.45,,,,,,,,
Baroda BNP Paribas Energy Opportunities Fund-Reg(G),49558,Baroda BNP Paribas Mutual Fund,-2.52,-4.82,-0.09,0.2,NIFTY ENERGY - TRI,,,,-1.39,8,5,8,8,8,,,,Baroda BNP Paribas Energy Opportunities Fund-Reg(G),Equity : Sectoral - Energy / Power,8,8,8,8,8,4,4,4,4.78,-2.25,-1.88,8.0,7.3,16.31,14.88,16.22,,,,,,,,
Edelweiss Nifty500 Multicap Momentum Quality 50 Index Fund-Reg(G),49278,Edelweiss Mutual Fund,-2.81,-2.52,7.1,-1.28,Nifty500 Multicap Momentum Quality 50 - TRI,,,,-0.57,87,38,138,100,123,,,,Edelweiss Nifty500 Multicap Momentum Quality 50 Index Fund-Reg(G),Equity : Index Funds,228,253,245,234,219,101,45,18,-3.26,-4.15,-1.59,6.96,-0.34,10.34,8.4,10.7,,,,,,,,
HDFC Nifty G-Sec Sep 2032 Index Fund-Reg(G),46872,HDFC Mutual Fund,-1.56,-0.67,2.2,3.44,Nifty G-Sec Sep 2032 Index,6.99,,,2.51,16,38,32,30,16,10,,,HDFC Nifty G-Sec Sep 2032 Index Fund-Reg(G),Debt : Gilt,38,38,38,38,38,34,23,21,2.34,-0.55,-0.06,2.74,3.22,5.99,4.93,5.98,,,,,,,,
Baroda BNP Paribas Services Fund-Reg(G),50959,Baroda BNP Paribas Mutual Fund,-5.5,,,,Nifty Services Sector - TRI,,,,,,113,,,,,,,Baroda BNP Paribas Services Fund-Reg(G),Equity : Thematic,112,120,117,117,108,51,33,9,2.18,-3.04,1.09,11.89,4.44,13.34,11.3,12.9,,,,,,,,
WOC Quality Equity Fund-Reg(G),49192,WhiteOak Capital Mutual Fund,-5.24,-0.02,6.99,-4.37,BSE Quality Index - TRI,,,,-6.23,93,107,62,78,99,,,,WOC Quality Equity Fund-Reg(G),Equity : Thematic,112,120,117,117,108,51,33,9,2.18,-3.04,1.09,11.89,4.44,13.34,11.3,12.9,,,,,,,,
Baroda BNP Paribas ESG Best-in-class Strategy Fund-Reg(G),43916,Baroda BNP Paribas Mutual Fund,-5.7,-2.03,0.84,,NIFTY100 ESG - TRI,,,,,,116,88,110,,,,,Baroda BNP Paribas ESG Best-in-class Strategy Fund-Reg(G),Equity : Thematic,112,120,117,117,108,51,33,9,2.18,-3.04,1.09,11.89,4.44,13.34,11.3,12.9,,,,,,,,
Sundaram Corp Bond Fund(G),2955,Sundaram Mutual Fund,0.05,0.7,2.81,4.41,NIFTY Corporate Bond Index,6.73,5.77,6.62,2.99,13,8,8,11,13,12,12,8,Sundaram Corp Bond Fund(G),Debt : Corporate Bond,21,21,21,21,21,21,19,13,3.17,0.0,0.66,2.88,4.63,6.78,5.84,6.57,,,,,,,,
Franklin India Multi-Factor Fund(G),50269,Franklin Templeton Mutual Fund,-4.8,-4.11,0.6,,BSE 200 - TRI,,,,-9.26,108,99,112,113,,,,,Franklin India Multi-Factor Fund(G),Equity : Thematic,112,120,117,117,108,51,33,9,2.18,-3.04,1.09,11.89,4.44,13.34,11.3,12.9,,,,,,,,
Bajaj Finserv Consumption Fund-Reg(G),49345,Bajaj Finserv Mutual Fund,-4.23,1.66,10.98,-6.66,Nifty India Consumption - TRI,,,,-2.96,9,12,11,11,14,,,,Bajaj Finserv Consumption Fund-Reg(G),Equity : Thematic - Consumption,26,27,27,27,22,15,13,10,-1.97,-4.07,2.02,11.36,-3.98,9.03,9.56,12.06,,,,,,,,
Aditya Birla SL CRISIL IBX Gilt Apr 2029 Index Fund-Reg(G),46950,Aditya Birla Sun Life Mutual Fund,-0.39,0.4,2.23,4.32,CRISIL IBX Gilt Index - April 2029,7.22,,,2.81,14,16,10,29,11,3,,,Aditya Birla SL CRISIL IBX Gilt Apr 2029 Index Fund-Reg(G),Debt : Gilt,38,38,38,38,38,34,23,21,2.34,-0.55,-0.06,2.74,3.22,5.99,4.93,5.98,,,,,,,,
HDFC NIFTY200 Momentum 30 Index Fund-Reg(G),48466,HDFC Mutual Fund,-3.53,-3.2,4.99,-0.93,Nifty200 Momentum 30 - TRI,,,,-3.22,104,63,164,128,113,,,,HDFC NIFTY200 Momentum 30 Index Fund-Reg(G),Equity : Index Funds,228,253,245,234,219,101,45,18,-3.26,-4.15,-1.59,6.96,-0.34,10.34,8.4,10.7,,,,,,,,
ICICI Pru Nifty 10 yr Benchmark G-Sec ETF,47331,ICICI Prudential Mutual Fund,-1.17,-0.61,1.49,1.56,Nifty 10 yr Benchmark G-Sec,6.19,,,1.15,5,2,4,5,5,5,,,ICICI Pru Nifty 10 yr Benchmark G-Sec ETF,Debt : Gilt (10 Yr Constant Duration),6,6,6,6,6,6,4,4,1.78,-1.2,-0.52,1.99,2.67,6.46,5.25,7.0,-1.2,-0.59,1.5,1.61,6.41,5.09,,1.5
Kotak Nifty 200 Momentum 30 Index Fund-Reg(G),47977,Kotak Mahindra Mutual Fund,-3.52,-3.11,5.13,-0.71,Nifty200 Momentum 30 - TRI,9.41,,,-3.04,101,60,159,126,106,51,,,Kotak Nifty 200 Momentum 30 Index Fund-Reg(G),Equity : Index Funds,228,253,245,234,219,101,45,18,-3.26,-4.15,-1.59,6.96,-0.34,10.34,8.4,10.7,,,,,,,,
Invesco India Consumption Fund-Reg(G),50227,Invesco Mutual Fund,0.73,7.62,25.26,,Nifty India Consumption - TRI,,,,13.16,3,1,3,2,,,,,Invesco India Consumption Fund-Reg(G),Equity : Thematic - Consumption,26,27,27,27,22,15,13,10,-1.97,-4.07,2.02,11.36,-3.98,9.03,9.56,12.06,,,,,,,,
iSIF Equity Long-Short Fund-Reg(G),75125,ICICI Pru iSIF,-1.65,4.69,,,NIFTY 500 - TRI,,,,,,16,6,,,,,,iSIF Equity Long-Short Fund-Reg(G),Hybrid : Long - Short,10,30,27,14,,,,,5.49,-0.21,3.32,9.54,,,,,,,,,,,,
TRUSTMF Mid Cap Fund-Reg(G),50597,Trust Mutual Fund,-4.09,3.73,19.14,,Nifty Midcap 150 - TRI,,,,,,19,3,5,,,,,TRUSTMF Mid Cap Fund-Reg(G),Equity : Mid Cap,32,35,34,34,32,30,25,20,4.31,-3.8,0.67,13.28,6.21,15.36,13.92,14.96,,,,,,,,
Franklin India Equity Savings Fund(G),39645,Franklin Templeton Mutual Fund,-0.83,0.35,2.0,2.61,NIFTY 50 Equity Savings Index,6.38,5.99,,0.94,15,7,15,21,16,17,15,,Franklin India Equity Savings Fund(G),Hybrid : Equity Savings,24,24,24,24,24,21,21,14,1.27,-1.02,0.5,3.63,3.17,7.57,6.8,7.45,,,,,,,,
JioBlackRock Arbitrage Fund-Reg(G),51166,Jio BlackRock Mutual Fund,0.49,,,,Nifty 50 Arbitrage - TRI,,,,,,2,,,,,,,JioBlackRock Arbitrage Fund-Reg(G),Hybrid : Arbitrage,34,38,37,36,32,25,24,15,4.25,0.41,1.37,2.79,5.98,6.56,5.9,5.56,,,,,,,,
Baroda BNP Paribas Dividend Yield Fund-Reg(G),49067,Baroda BNP Paribas Mutual Fund,-3.49,0.2,5.39,0.75,NIFTY 500 - TRI,,,,-3.39,4,6,3,5,5,,,,Baroda BNP Paribas Dividend Yield Fund-Reg(G),Equity : Thematic - Dividend Yield,10,11,11,11,10,9,8,5,-3.23,-3.53,-1.33,5.12,0.13,11.44,11.5,12.77,,,,,,,,
WOC Ultra Short Term Fund-Reg(G),42221,WhiteOak Capital Mutual Fund,0.5,1.54,3.4,5.85,CRISIL Ultra Short Term Debt Index,6.43,5.7,,4.38,25,16,21,21,26,18,21,,WOC Ultra Short Term Fund-Reg(G),Debt : Ultra Short Duration,31,34,33,32,31,24,24,13,4.54,0.49,1.56,3.46,6.12,6.65,6.0,5.88,,,,,,,,
Canara Rob Ultra Short Term Fund-Reg(G),5902,Canara Robeco Mutual Fund,0.49,1.51,3.38,5.9,CRISIL Ultra Short Term Debt Index,6.44,5.72,5.51,4.43,20,26,26,22,24,17,19,11,Canara Rob Ultra Short Term Fund-Reg(G),Debt : Ultra Short Duration,31,34,33,32,31,24,24,13,4.54,0.49,1.56,3.46,6.12,6.65,6.0,5.88,,,,,,,,
Aditya Birla SL ESG Integration Strategy Fund-Reg(G),44736,Aditya Birla Sun Life Mutual Fund,-4.8,-0.96,4.93,-1.08,NIFTY100 ESG - TRI,9.24,5.15,,-5.67,89,98,75,87,78,41,29,,Aditya Birla SL ESG Integration Strategy Fund-Reg(G),Equity : Thematic,112,120,117,117,108,51,33,9,2.18,-3.04,1.09,11.89,4.44,13.34,11.3,12.9,,,,,,,,
Quantum Gold ETF FOF-Reg(G),19961,Quantum Mutual Fund,-6.37,8.3,4.32,31.67,Gold-India,35.11,25.26,15.69,12.65,5,5,4,3,2,1,1,1,Quantum Gold ETF FOF-Reg(G),Metal : MFs,6,6,6,6,6,6,6,6,12.81,-6.31,8.36,4.36,31.57,34.82,25.02,15.5,,,,,,,,
Axis Gold and Silver Passive FoF-Reg(G),50530,Axis Mutual Fund,-5.58,7.16,2.1,,Gold-India,,,,8.76,16,112,16,102,,,,,Axis Gold and Silver Passive FoF-Reg(G),FoFs : Domestic,108,135,127,125,99,61,41,27,2.81,-3.15,2.04,5.11,14.87,17.1,10.87,10.45,,,,,,,,
Invesco India Short Term Fund-Reg(G),2262,Invesco Mutual Fund,-0.05,0.43,2.45,4.19,Nifty Short Duration Debt Index,6.61,5.44,6.06,2.8,30,31,30,29,30,14,18,13,Invesco India Short Term Fund-Reg(G),Debt : Short Duration,32,33,32,32,32,25,23,18,3.45,0.12,0.88,2.91,4.9,6.61,5.86,6.24,,,,,,,,
Baroda BNP Paribas Gilt Fund-Reg(G),497,Baroda BNP Paribas Mutual Fund,-0.48,-0.29,2.77,2.64,CRISIL Dynamic Gilt Index,6.08,5.14,5.68,2.02,22,18,21,18,24,17,9,12,Baroda BNP Paribas Gilt Fund-Reg(G),Debt : Gilt,38,38,38,38,38,34,23,21,2.34,-0.55,-0.06,2.74,3.22,5.99,4.93,5.98,,,,,,,,
ICICI Pru Nifty IT ETF,44401,ICICI Prudential Mutual Fund,-8.49,3.32,-4.27,-16.77,NIFTY IT - TRI,-2.91,-3.61,,-24.65,227,266,25,232,202,132,82,,ICICI Pru Nifty IT ETF,Equity : ETFs,232,273,256,246,208,137,85,42,-3.6,-4.03,-1.43,6.06,0.15,10.34,8.93,11.73,,,,,,,,
Baroda BNP Paribas Business Cycle Fund-Reg(G),45686,Baroda BNP Paribas Mutual Fund,-3.88,-0.55,7.17,2.19,BSE 500 - TRI,11.3,9.46,,-2.09,70,75,68,77,61,34,22,,Baroda BNP Paribas Business Cycle Fund-Reg(G),Equity : Thematic,112,120,117,117,108,51,33,9,2.18,-3.04,1.09,11.89,4.44,13.34,11.3,12.9,,,,,,,,
ICICI Pru Nifty 200 Momentum 30 Index Fund-Reg(G),46683,ICICI Prudential Mutual Fund,-3.54,-3.22,4.96,-1.0,Nifty200 Momentum 30 - TRI,9.01,,,-3.24,105,64,168,130,116,55,,,ICICI Pru Nifty 200 Momentum 30 Index Fund-Reg(G),Equity : Index Funds,228,253,245,234,219,101,45,18,-3.26,-4.15,-1.59,6.96,-0.34,10.34,8.4,10.7,,,,,,,,
HDFC Nifty G-Sec Jun 2027 Index Fund-Reg(G),46618,HDFC Mutual Fund,0.24,1.07,2.6,5.3,Nifty G-Sec Jun 2027 Index,7.11,,,3.69,4,4,4,22,4,6,,,HDFC Nifty G-Sec Jun 2027 Index Fund-Reg(G),Debt : Gilt,38,38,38,38,38,34,23,21,2.34,-0.55,-0.06,2.74,3.22,5.99,4.93,5.98,,,,,,,,
Franklin India Banking & PSU Debt Fund(G),28458,Franklin Templeton Mutual Fund,0.26,1.33,3.23,5.92,NIFTY Banking and PSU Debt Index,7.1,6.06,6.88,4.0,2,4,3,3,1,2,3,4,Franklin India Banking & PSU Debt Fund(G),Debt : Banking & PSU,21,21,21,21,21,20,18,16,3.22,0.08,0.74,2.9,4.74,6.68,5.83,6.66,,,,,,,,
HDFC MNC Fund-Reg(G),47648,HDFC Mutual Fund,-2.94,2.43,13.09,1.86,NIFTY MNC - TRI,6.49,,,2.43,3,3,2,3,4,4,,,HDFC MNC Fund-Reg(G),Equity : Thematic - MNC,7,7,7,7,7,5,4,3,3.14,-3.6,0.35,12.03,3.96,7.31,7.36,9.16,,,,,,,,
Nippon India Active Momentum Fund-Reg(G),49115,Nippon India Mutual Fund,-5.03,0.31,12.54,8.55,NIFTY 500 - TRI,,,,4.53,36,104,58,49,29,,,,Nippon India Active Momentum Fund-Reg(G),Equity : Thematic,112,120,117,117,108,51,33,9,2.18,-3.04,1.09,11.89,4.44,13.34,11.3,12.9,,,,,,,,
DSP Financial Services Sectoral Debt Fund-Reg(G),51103,DSP Mutual Fund,,,,,CRISIL Financial Services Short Term Debt Index,,,,,,,,,,,,,DSP Financial Services Sectoral Debt Fund-Reg(G),Debt : Corporate Bond,21,21,21,21,21,21,19,13,3.17,0.0,0.66,2.88,4.63,6.78,5.84,6.57,,,,,,,,
Kotak Diversified Equity All Cap Omni FOF-Reg(G),50898,Kotak Mahindra Mutual Fund,-2.63,,,,NIFTY 500 - TRI,,,,,,48,,,,,,,Kotak Diversified Equity All Cap Omni FOF-Reg(G),FoFs : Domestic,108,135,127,125,99,61,41,27,2.81,-3.15,2.04,5.11,14.87,17.1,10.87,10.45,,,,,,,,
LIC MF Aggressive Hybrid Fund(G),2085,LIC Mutual Fund,0.16,3.72,11.35,4.0,CRISIL Hybrid 35+65 - Aggressive Index,10.88,7.86,8.74,1.55,8,1,1,7,9,13,23,25,LIC MF Aggressive Hybrid Fund(G),Hybrid : Aggressive Hybrid,43,44,43,43,43,41,41,28,-1.6,-2.93,-0.57,6.19,0.55,9.9,8.59,10.55,,,,,,,,
360 ONE Dynamic Term Fund-Reg(G),17578,360 ONE Mutual Fund,-0.52,0.48,3.17,4.98,CRISIL Dynamic Bond Index,7.65,6.52,6.75,3.36,7,17,7,7,5,1,3,4,360 ONE Dynamic Term Fund-Reg(G),Debt : Dynamic Bond,23,23,23,23,23,23,23,19,2.57,-0.36,0.16,2.58,3.62,6.05,5.37,6.1,,,,,,,,
Abakkus Liquid Fund-Reg(G),50550,Abakkus Mutual Fund,0.48,1.49,3.09,,CRISIL Liquid Debt Index,,,,4.32,37,35,35,36,,,,,Abakkus Liquid Fund-Reg(G),Debt : Liquid,44,45,44,44,41,37,35,30,4.6,0.48,1.52,3.27,6.19,6.73,6.19,5.94,,,,,,,,
DSP Gold ETF FoF-Reg(G),48322,DSP Mutual Fund,-6.34,8.46,4.26,31.35,Gold-India,,,,12.26,9,129,4,57,20,,,,DSP Gold ETF FoF-Reg(G),FoFs : Domestic,108,135,127,125,99,61,41,27,2.81,-3.15,2.04,5.11,14.87,17.1,10.87,10.45,,,,,,,,
ICICI Pru Nifty 200 Momentum 30 ETF,46682,ICICI Prudential Mutual Fund,-3.48,-3.03,5.35,-0.26,Nifty200 Momentum 30 - TRI,9.86,,,-2.72,97,85,152,111,102,55,,,ICICI Pru Nifty 200 Momentum 30 ETF,Equity : ETFs,232,273,256,246,208,137,85,42,-3.6,-4.03,-1.43,6.06,0.15,10.34,8.93,11.73,,,,,,,,
Quantum Liquid Fund-Reg(G),19756,Quantum Mutual Fund,0.46,1.45,3.0,5.81,CRISIL Liquid Debt Index,6.4,5.92,5.55,4.31,38,38,38,38,35,34,34,29,Quantum Liquid Fund-Reg(G),Debt : Liquid,44,45,44,44,41,37,35,30,4.6,0.48,1.52,3.27,6.19,6.73,6.19,5.94,,,,,,,,
Sundaram Arbitrage Fund(G),32098,Sundaram Mutual Fund,0.37,1.36,2.89,6.11,Nifty 50 Arbitrage - TRI,6.49,5.68,4.18,4.35,14,31,28,17,12,19,21,15,Sundaram Arbitrage Fund(G),Hybrid : Arbitrage,34,38,37,36,32,25,24,15,4.25,0.41,1.37,2.79,5.98,6.56,5.9,5.56,,,,,,,,
Bajaj Finserv Ultra Short to Short Term Fund-Reg(G),50590,Bajaj Finserv Mutual Fund,0.39,1.28,3.07,,NIFTY Low Duration Debt Index,,,,,,18,27,23,,,,,Bajaj Finserv Ultra Short to Short Term Fund-Reg(G),Debt : Low Duration,26,31,30,29,26,20,20,19,4.14,0.39,1.39,3.25,5.72,6.8,6.09,6.18,,,,,,,,
UTI Nifty200 Quality 30 Index Fund-Reg(G),49144,UTI Mutual Fund,-5.85,-1.31,3.43,-5.26,NIFTY200 Quality 30 - TRI,,,,-8.58,168,234,81,160,159,,,,UTI Nifty200 Quality 30 Index Fund-Reg(G),Equity : Index Funds,228,253,245,234,219,101,45,18,-3.26,-4.15,-1.59,6.96,-0.34,10.34,8.4,10.7,,,,,,,,
Titanium Hybrid Long-Short Fund-Reg(G),75027,Tata Titanium SIF,-1.66,-0.9,4.01,,CRISIL Hybrid 50+50 - Moderate Index,,,,-0.53,9,17,22,10,,,,,Titanium Hybrid Long-Short Fund-Reg(G),Hybrid : Long - Short,10,30,27,14,,,,,5.49,-0.21,3.32,9.54,,,,,,,,,,,,
Axis Nifty Next 50 Index Fund-Reg(G),45702,Axis Mutual Fund,-3.71,-0.51,12.83,4.93,NIFTY NEXT 50 - TRI,16.46,,,3.47,40,93,66,44,50,22,,,Axis Nifty Next 50 Index Fund-Reg(G),Equity : Index Funds,228,253,245,234,219,101,45,18,-3.26,-4.15,-1.59,6.96,-0.34,10.34,8.4,10.7,,,,,,,,
Mirae Asset Nifty Metal ETF,49100,Mirae Asset Mutual Fund,-2.14,5.3,16.04,30.47,NIFTY METAL - TRI,,,,17.86,8,37,15,29,3,,,,Mirae Asset Nifty Metal ETF,Equity : ETFs,232,273,256,246,208,137,85,42,-3.6,-4.03,-1.43,6.06,0.15,10.34,8.93,11.73,,,,,,,,
WOC Aggressive Hybrid Fund-Reg(G),50887,WhiteOak Capital Mutual Fund,-2.83,,,,CRISIL Hybrid 35+65 - Aggressive Index,,,,,,16,,,,,,,WOC Aggressive Hybrid Fund-Reg(G),Hybrid : Aggressive Hybrid,43,44,43,43,43,41,41,28,-1.6,-2.93,-0.57,6.19,0.55,9.9,8.59,10.55,,,,,,,,
Kotak Transportation & Logistics Fund-Reg(G),48943,Kotak Mahindra Mutual Fund,0.55,8.88,18.09,5.29,Nifty Transportation & Logistics - TRI,,,,4.87,4,1,3,4,5,,,,Kotak Transportation & Logistics Fund-Reg(G),Equity : Sectoral - Auto,10,11,10,10,10,5,1,1,3.61,-5.03,4.97,15.41,6.29,19.52,18.61,11.14,,,,,,,,
HDFC BSE Sensex ETF,34084,HDFC Mutual Fund,-4.83,-3.87,-1.06,-8.04,BSE SENSEX - TRI,4.96,5.45,11.17,-12.55,205,186,199,205,181,116,71,26,HDFC BSE Sensex ETF,Equity : ETFs,232,273,256,246,208,137,85,42,-3.6,-4.03,-1.43,6.06,0.15,10.34,8.93,11.73,,,,,,,,
PGIM India Large Cap Fund(G),758,PGIM India Mutual Fund,-4.34,-2.07,3.36,-5.27,NIFTY 100 - TRI,5.86,4.59,8.85,-7.76,21,13,18,16,26,30,26,23,PGIM India Large Cap Fund(G),Equity : Large Cap,33,35,34,34,33,30,28,23,-6.14,-4.26,-1.72,3.8,-2.94,8.89,7.38,10.73,,,,,,,,
Union Active Momentum Fund-Reg(G),49020,Union Mutual Fund,2.74,5.74,26.91,19.43,NIFTY 500 - TRI,,,,17.77,7,3,19,10,5,,,,Union Active Momentum Fund-Reg(G),Equity : Thematic,112,120,117,117,108,51,33,9,2.18,-3.04,1.09,11.89,4.44,13.34,11.3,12.9,,,,,,,,
Aditya Birla SL Nifty 50 Equal Weight Index Fund-Reg(G),44741,Aditya Birla Sun Life Mutual Fund,-4.76,-2.64,3.53,-0.82,NIFTY50 Equal Weight - TRI,10.27,9.85,,-4.82,132,164,144,158,111,48,19,,Aditya Birla SL Nifty 50 Equal Weight Index Fund-Reg(G),Equity : Index Funds,228,253,245,234,219,101,45,18,-3.26,-4.15,-1.59,6.96,-0.34,10.34,8.4,10.7,,,,,,,,
Nippon India CRISIL-IBX Financial Services 9-12 Months Debt Index Fund-Reg(G),50727,Nippon India Mutual Fund,0.41,1.58,3.54,,CRISIL-IBX Financial Services 9-12 Months Debt Index,,,,,,15,3,3,,,,,Nippon India CRISIL-IBX Financial Services 9-12 Months Debt Index Fund-Reg(G),Debt : Low Duration,26,31,30,29,26,20,20,19,4.14,0.39,1.39,3.25,5.72,6.8,6.09,6.18,,,,,,,,
Mahindra Manulife Ultra Short to Short Term Fund-Reg(G),36894,Mahindra Manulife Mutual Fund,0.36,1.28,3.16,5.55,CRISIL Low Duration Debt Index,6.58,5.83,,4.06,17,24,26,20,19,17,19,,Mahindra Manulife Ultra Short to Short Term Fund-Reg(G),Debt : Low Duration,26,31,30,29,26,20,20,19,4.14,0.39,1.39,3.25,5.72,6.8,6.09,6.18,,,,,,,,
HDFC NIFTY 100 Equal Weight Index Fund-Reg(G),45997,HDFC Mutual Fund,-4.47,-1.55,8.38,1.82,Nifty100 Equal Weight - TRI,13.24,,,-0.47,86,123,112,91,82,39,,,HDFC NIFTY 100 Equal Weight Index Fund-Reg(G),Equity : Index Funds,228,253,245,234,219,101,45,18,-3.26,-4.15,-1.59,6.96,-0.34,10.34,8.4,10.7,,,,,,,,
ICICI Pru CRISIL-IBX Financial Services 3-6 Months Debt Index Fund-Reg(G),49708,ICICI Prudential Mutual Fund,0.5,1.71,3.83,6.84,CRISIL-IBX Financial Services 3-6 Months Debt Index,,,,5.1,2,13,2,3,2,,,,ICICI Pru CRISIL-IBX Financial Services 3-6 Months Debt Index Fund-Reg(G),Debt : Ultra Short Duration,31,34,33,32,31,24,24,13,4.54,0.49,1.56,3.46,6.12,6.65,6.0,5.88,,,,,,,,
Kotak Technology Fund-Reg(G),48587,Kotak Mahindra Mutual Fund,-5.91,7.45,3.92,-10.39,BSE TECk Index - TRI,,,,-14.91,7,6,4,10,8,,,,Kotak Technology Fund-Reg(G),Equity : Sectoral - Technology,12,13,13,13,12,7,5,5,-10.68,-4.97,6.29,11.37,-7.14,4.09,2.44,15.63,,,,,,,,
Edelweiss Multi Asset Omni FoF-Reg(G),50130,Edelweiss Mutual Fund,-3.69,1.36,5.93,10.69,NIFTY 500 - TRI,,,,0.27,78,75,51,35,30,,,,Edelweiss Multi Asset Omni FoF-Reg(G),FoFs : Domestic,108,135,127,125,99,61,41,27,2.81,-3.15,2.04,5.11,14.87,17.1,10.87,10.45,,,,,,,,
Mahindra Manulife Equity Savings Fund-Reg(G),36671,Mahindra Manulife Mutual Fund,-0.92,0.58,4.05,3.98,NIFTY 50 Equity Savings Index - TRI,7.67,6.72,,1.58,7,10,10,8,8,7,11,,Mahindra Manulife Equity Savings Fund-Reg(G),Hybrid : Equity Savings,24,24,24,24,24,21,21,14,1.27,-1.02,0.5,3.63,3.17,7.57,6.8,7.45,,,,,,,,
HSBC Income Plus Arbitrage Active FOF-Reg(G),28311,HSBC Mutual Fund,0.2,0.94,2.73,4.88,Nifty Short Duration Debt Index,6.73,5.47,5.85,3.47,46,13,67,95,61,59,40,27,HSBC Income Plus Arbitrage Active FOF-Reg(G),FoFs : Domestic,108,135,127,125,99,61,41,27,2.81,-3.15,2.04,5.11,14.87,17.1,10.87,10.45,,,,,,,,
Nippon India Nifty 500 Equal Weight Index Fund-Reg(G),49022,Nippon India Mutual Fund,-3.07,-0.33,14.11,1.78,NIFTY500 Equal Weight - TRI,,,,2.56,53,44,49,30,83,,,,Nippon India Nifty 500 Equal Weight Index Fund-Reg(G),Equity : Index Funds,228,253,245,234,219,101,45,18,-3.26,-4.15,-1.59,6.96,-0.34,10.34,8.4,10.7,,,,,,,,
Bank of India Large & Mid Cap Fund-Reg(G),6434,Bank of India Mutual Fund,-3.61,-1.21,7.07,4.97,BSE 250 LargeMidCap Index - TRI,12.01,10.23,11.8,-1.07,17,12,23,20,7,13,17,16,Bank of India Large & Mid Cap Fund-Reg(G),Equity : Large & Mid Cap,33,36,34,33,33,26,26,20,-0.52,-3.92,-0.34,9.21,1.84,12.73,11.15,13.02,,,,,,,,
Motilal Oswal Ultra Short Term Fund-Reg(G),22532,Motilal Oswal Mutual Fund,0.42,1.33,2.92,5.28,CRISIL Ultra Short Term Debt Index,5.66,5.07,3.6,3.94,31,34,33,32,31,24,24,13,Motilal Oswal Ultra Short Term Fund-Reg(G),Debt : Ultra Short Duration,31,34,33,32,31,24,24,13,4.54,0.49,1.56,3.46,6.12,6.65,6.0,5.88,,,,,,,,
Aditya Birla SL US Equity Passive FOF-Reg(G),45711,Aditya Birla Sun Life Mutual Fund,5.0,5.55,28.07,34.41,Nasdaq-100 - TRI,33.02,,,26.6,13,5,14,8,16,10,,,Aditya Birla SL US Equity Passive FOF-Reg(G),FoFs : Overseas,54,55,55,55,54,53,38,23,18.34,0.21,3.61,15.81,24.5,25.31,13.29,11.62,,,,,,,,
Motilal Oswal Nifty Next 50 Index Fund-Reg(G),44368,Motilal Oswal Mutual Fund,-3.7,-0.48,12.84,4.89,NIFTY NEXT 50 - TRI,16.49,10.56,,3.45,41,88,62,43,52,20,14,,Motilal Oswal Nifty Next 50 Index Fund-Reg(G),Equity : Index Funds,228,253,245,234,219,101,45,18,-3.26,-4.15,-1.59,6.96,-0.34,10.34,8.4,10.7,,,,,,,,
WOC Digital Bharat Fund-Reg(G),49129,WhiteOak Capital Mutual Fund,-6.89,4.98,14.88,-5.09,BSE TECk Index - TRI,,,,-8.67,5,11,7,4,4,,,,WOC Digital Bharat Fund-Reg(G),Equity : Sectoral - Technology,12,13,13,13,12,7,5,5,-10.68,-4.97,6.29,11.37,-7.14,4.09,2.44,15.63,,,,,,,,
HSBC Global Emerging Markets Fund(G),4314,HSBC Mutual Fund,1.19,-2.27,19.0,42.25,MSCI Emerging Market Index,29.22,12.19,11.65,32.34,7,23,46,19,7,14,20,13,HSBC Global Emerging Markets Fund(G),FoFs : Overseas,54,55,55,55,54,53,38,23,18.34,0.21,3.61,15.81,24.5,25.31,13.29,11.62,,,,,,,,
Mirae Asset Short Term Fund-Reg(G),38870,Mirae Asset Mutual Fund,-0.03,0.59,2.44,4.16,CRISIL Short Duration Debt Index,6.38,5.5,,2.77,31,30,26,30,31,21,17,,Mirae Asset Short Term Fund-Reg(G),Debt : Short Duration,32,33,32,32,32,25,23,18,3.45,0.12,0.88,2.91,4.9,6.61,5.86,6.24,,,,,,,,
HDFC Nifty500 Multicap 50:25:25 Index Fund-Reg(G),48970,HDFC Mutual Fund,-3.78,-1.21,8.72,0.41,Nifty500 Multicap 50:25:25 - TRI,,,,-2.13,94,100,79,83,93,,,,HDFC Nifty500 Multicap 50:25:25 Index Fund-Reg(G),Equity : Index Funds,228,253,245,234,219,101,45,18,-3.26,-4.15,-1.59,6.96,-0.34,10.34,8.4,10.7,,,,,,,,
Union Business Cycle Fund-Reg(G),48599,Union Mutual Fund,-3.51,-1.62,10.02,2.4,NIFTY 500 - TRI,,,,1.41,56,61,83,59,58,,,,Union Business Cycle Fund-Reg(G),Equity : Thematic,112,120,117,117,108,51,33,9,2.18,-3.04,1.09,11.89,4.44,13.34,11.3,12.9,,,,,,,,
Invesco India Gold ETF FoF-Reg(G),14593,Invesco Mutual Fund,-6.21,8.43,4.36,31.86,Gold-India,34.43,24.94,15.52,13.17,3,124,5,52,15,14,4,1,Invesco India Gold ETF FoF-Reg(G),FoFs : Domestic,108,135,127,125,99,61,41,27,2.81,-3.15,2.04,5.11,14.87,17.1,10.87,10.45,,,,,,,,
360 ONE Multi Asset Allocation Fund-Reg(G),49121,360 ONE Mutual Fund,-3.01,1.24,4.72,15.24,NIFTY Composite Debt Index,,,,5.42,3,16,9,15,1,,,,360 ONE Multi Asset Allocation Fund-Reg(G),Hybrid : Multi Asset Allocation,33,36,34,34,30,14,8,6,1.18,-3.02,0.54,4.52,7.5,13.59,12.21,12.2,,,,,,,,
HDFC FMP-Sr 46-1861D-Mar 2022-Reg(G),46453,HDFC Mutual Fund,0.36,1.26,2.81,5.91,NIFTY Medium to Long Duration Debt Index,7.34,,,4.14,5,35,28,12,6,11,,,HDFC FMP-Sr 46-1861D-Mar 2022-Reg(G),Debt : FTP/FMP,49,51,50,49,49,49,16,2,3.47,0.27,1.15,2.75,5.55,7.14,6.12,5.77,,,,,,,,
Baroda BNP Paribas Health and Wellness Fund-Reg(G),49985,Baroda BNP Paribas Mutual Fund,0.11,6.32,16.04,11.73,BSE Health Care - TRI,,,,13.8,17,16,16,16,18,,,,Baroda BNP Paribas Health and Wellness Fund-Reg(G),Equity : Sectoral - Pharma,21,21,21,21,20,12,9,4,18.65,0.58,6.96,21.05,18.29,21.08,14.12,13.63,,,,,,,,
WOC ELSS Tax Saver Fund-Reg(G),46773,WhiteOak Capital Mutual Fund,-3.95,1.53,11.62,1.46,BSE 500 - TRI,14.08,,,-0.49,19,31,9,17,20,7,,,WOC ELSS Tax Saver Fund-Reg(G),Equity : Tax Saving (ELSS),53,53,53,53,53,52,47,30,-2.04,-3.49,-0.87,8.56,-0.32,10.55,10.24,12.18,,,,,,,,
HDFC NIFTY Private Bank ETF,46045,HDFC Mutual Fund,-2.07,-4.86,5.97,0.79,Nifty Private Bank - TRI,5.58,,,-5.95,126,30,233,102,93,111,,,HDFC NIFTY Private Bank ETF,Equity : ETFs,232,273,256,246,208,137,85,42,-3.6,-4.03,-1.43,6.06,0.15,10.34,8.93,11.73,,,,,,,,
Aditya Birla SL Nifty Midcap 150 Index Fund-Reg(G),44738,Aditya Birla Sun Life Mutual Fund,-4.69,-1.39,9.88,4.59,Nifty Midcap 150 - TRI,13.89,14.41,,0.58,72,141,96,68,61,29,1,,Aditya Birla SL Nifty Midcap 150 Index Fund-Reg(G),Equity : Index Funds,228,253,245,234,219,101,45,18,-3.26,-4.15,-1.59,6.96,-0.34,10.34,8.4,10.7,,,,,,,,
Edelweiss Ultra Short to Short term Fund-Reg(G),49709,Edelweiss Mutual Fund,0.41,1.32,3.17,5.49,CRISIL Low Duration Debt Index,,,,3.99,21,10,21,19,21,,,,Edelweiss Ultra Short to Short term Fund-Reg(G),Debt : Low Duration,26,31,30,29,26,20,20,19,4.14,0.39,1.39,3.25,5.72,6.8,6.09,6.18,,,,,,,,
Bajaj Finserv Banking and Financial Services Fund-Reg(G),50372,Bajaj Finserv Mutual Fund,-4.23,-5.19,4.04,,Nifty Financial Services - TRI,,,,-5.52,15,6,25,19,,,,,Bajaj Finserv Banking and Financial Services Fund-Reg(G),Equity : Sectoral - Financial Services,24,28,28,28,23,17,13,11,-4.0,-4.78,-3.54,5.32,2.41,10.9,9.73,11.13,,,,,,,,
Kotak Quant Fund-Reg(G),48083,Kotak Mahindra Mutual Fund,-3.76,-0.47,5.42,0.15,NIFTY 200 - TRI,13.25,,,-2.72,76,68,66,84,71,27,,,Kotak Quant Fund-Reg(G),Equity : Thematic,112,120,117,117,108,51,33,9,2.18,-3.04,1.09,11.89,4.44,13.34,11.3,12.9,,,,,,,,
Shriram Liquid Fund-Reg(G),48954,Shriram Mutual Fund,0.48,1.52,3.34,6.17,Nifty Liquid Fund Index,,,,4.63,33,33,34,32,31,,,,Shriram Liquid Fund-Reg(G),Debt : Liquid,44,45,44,44,41,37,35,30,4.6,0.48,1.52,3.27,6.19,6.73,6.19,5.94,,,,,,,,
Nippon India Nifty Auto ETF,45713,Nippon India Mutual Fund,-7.71,0.49,8.44,1.55,NIFTY AUTO - TRI,19.19,,,-3.51,103,263,49,87,76,14,,,Nippon India Nifty Auto ETF,Equity : ETFs,232,273,256,246,208,137,85,42,-3.6,-4.03,-1.43,6.06,0.15,10.34,8.93,11.73,,,,,,,,
ICICI Pru FMP-85-10Y-I(G),43023,ICICI Prudential Mutual Fund,0.0,0.88,2.61,5.19,CRISIL Composite Bond Index,7.42,6.31,,3.57,25,43,41,38,41,5,2,,ICICI Pru FMP-85-10Y-I(G),Debt : FTP/FMP,49,51,50,49,49,49,16,2,3.47,0.27,1.15,2.75,5.55,7.14,6.12,5.77,,,,,,,,
Kotak Nifty SDL Plus AAA PSU Bond Jul 2028 60:40 Index Fund-Reg(G),46730,Kotak Mahindra Mutual Fund,0.23,1.11,2.86,5.33,Nifty SDL Plus AAA PSU Bond Jul 2028 60:40 Index,7.18,,,3.45,27,25,30,19,27,22,,,Kotak Nifty SDL Plus AAA PSU Bond Jul 2028 60:40 Index Fund-Reg(G),Debt : Medium to Long Duration,58,59,59,58,58,50,12,11,3.39,0.01,0.87,2.74,4.94,6.88,5.21,5.53,,,,,,,,
HDFC Dynamic Term Fund(G),1274,HDFC Mutual Fund,-0.82,0.25,3.18,3.81,NIFTY Composite Debt Index,5.88,4.88,5.28,2.91,10,20,11,6,11,15,15,17,HDFC Dynamic Term Fund(G),Debt : Dynamic Bond,23,23,23,23,23,23,23,19,2.57,-0.36,0.16,2.58,3.62,6.05,5.37,6.1,,,,,,,,
Mirae Asset Nifty MidSmallcap400 Momentum Quality 100 ETF,48681,Mirae Asset Mutual Fund,-2.5,0.17,13.73,5.99,Nifty MidSmallcap400 Momentum Quality 100 - TRI,,,,7.1,27,41,51,35,45,,,,Mirae Asset Nifty MidSmallcap400 Momentum Quality 100 ETF,Equity : ETFs,232,273,256,246,208,137,85,42,-3.6,-4.03,-1.43,6.06,0.15,10.34,8.93,11.73,,,,,,,,
Franklin India Retirement Fund(G),3396,Franklin Templeton Mutual Fund,-1.61,-0.92,1.92,-1.01,CRISIL Short Term Debt Hybrid 60+40 Index,6.73,6.13,6.91,-2.21,4,3,4,5,4,4,2,4,Franklin India Retirement Fund(G),Hybrid : Balanced Hybrid,5,6,5,5,5,5,4,4,-0.67,-1.79,-0.36,4.03,0.5,7.43,6.29,7.31,,,,,,,,
Edelweiss Consumption Fund-Reg(G),49329,Edelweiss Mutual Fund,-4.69,-0.24,6.81,-5.64,Nifty India Consumption - TRI,,,,-5.95,20,14,21,23,11,,,,Edelweiss Consumption Fund-Reg(G),Equity : Thematic - Consumption,26,27,27,27,22,15,13,10,-1.97,-4.07,2.02,11.36,-3.98,9.03,9.56,12.06,,,,,,,,
Mahindra Manulife Consumption Fund-Reg(G),38749,Mahindra Manulife Mutual Fund,-5.0,0.52,7.1,-7.21,Nifty India Consumption - TRI,8.27,9.3,,-6.27,21,17,16,21,15,10,9,,Mahindra Manulife Consumption Fund-Reg(G),Equity : Thematic - Consumption,26,27,27,27,22,15,13,10,-1.97,-4.07,2.02,11.36,-3.98,9.03,9.56,12.06,,,,,,,,
Mirae Asset Infrastructure Fund-Reg(G),50400,Mirae Asset Mutual Fund,-1.87,2.15,17.38,,BSE India Infrastructure Index - TRI,,,,11.96,4,7,2,5,,,,,Mirae Asset Infrastructure Fund-Reg(G),Equity : Sectoral - Infrastructure,22,22,22,22,21,19,19,18,3.92,-2.54,-2.88,10.36,3.25,15.22,16.22,14.92,,,,,,,,
Invesco India - Invesco Global Consumer Trends FoF-Reg(G),45201,Invesco Mutual Fund,2.46,-9.81,10.91,-5.11,MSCI World Consumer Discretionary Index - Net Dividend,24.02,3.85,,6.88,48,13,54,38,53,29,36,,Invesco India - Invesco Global Consumer Trends FoF-Reg(G),FoFs : Overseas,54,55,55,55,54,53,38,23,18.34,0.21,3.61,15.81,24.5,25.31,13.29,11.62,,,,,,,,
Aditya Birla SL Retirement Fund-30-Reg(G),32078,Aditya Birla Sun Life Mutual Fund,-2.69,1.6,17.7,11.91,NIFTY 500 - TRI,14.72,10.38,,7.93,4,13,15,4,1,10,9,,Aditya Birla SL Retirement Fund-30-Reg(G),Equity : Flexi Cap,55,58,56,56,53,47,36,24,-0.83,-3.33,0.32,9.42,1.07,10.83,9.29,11.79,,,,,,,,
DSP NIFTY 1D Rate Liquid ETF,38904,DSP Mutual Fund,0.39,1.2,2.37,4.83,Nifty 1D Rate Index,5.69,5.3,,3.47,12,9,8,18,12,13,8,,DSP NIFTY 1D Rate Liquid ETF,Debt : ETFs,31,34,31,31,30,15,10,4,3.01,-0.35,0.44,2.25,4.33,6.47,5.55,5.58,0.41,1.27,2.59,5.24,6.06,5.75,,5.14
JM Arbitrage Fund(G),1843,JM Financial Mutual Fund,0.42,1.35,2.67,5.77,Nifty 50 Arbitrage,6.29,5.69,5.07,4.07,27,24,29,29,26,22,20,14,JM Arbitrage Fund(G),Hybrid : Arbitrage,34,38,37,36,32,25,24,15,4.25,0.41,1.37,2.79,5.98,6.56,5.9,5.56,0.4,1.74,3.05,7.22,7.4,6.62,,6.8
Mirae Asset Global X Artificial Intelligence & Technology ETF FoF-Reg(G),45380,Mirae Asset Mutual Fund,4.74,4.27,40.29,45.4,Indxx Artificial Intelligence & Big Data Index - TRI,40.97,,,37.98,2,8,23,3,4,4,,,Mirae Asset Global X Artificial Intelligence & Technology ETF FoF-Reg(G),FoFs : Overseas,54,55,55,55,54,53,38,23,18.34,0.21,3.61,15.81,24.5,25.31,13.29,11.62,,,,,,,,
Tata Housing Opportunities Fund-Reg(G),46764,Tata Mutual Fund,-3.25,-2.69,8.9,-3.14,Nifty Housing - TRI,5.93,,,-3.32,79,53,96,63,87,50,,,Tata Housing Opportunities Fund-Reg(G),Equity : Thematic,112,120,117,117,108,51,33,9,2.18,-3.04,1.09,11.89,4.44,13.34,11.3,12.9,,,,,,,,
Aditya Birla SL Multi-Asset Omni FOF-Reg(G),2279,Aditya Birla Sun Life Mutual Fund,-3.2,2.04,9.18,11.14,NIFTY 500 - TRI,15.5,11.99,12.05,1.86,62,58,44,20,29,17,9,8,Aditya Birla SL Multi-Asset Omni FOF-Reg(G),FoFs : Domestic,108,135,127,125,99,61,41,27,2.81,-3.15,2.04,5.11,14.87,17.1,10.87,10.45,,,,,,,,
Mahindra Manulife Banking & Financial Services Fund-Reg(G),49983,Mahindra Manulife Mutual Fund,-5.47,-3.0,5.25,4.59,Nifty Financial Services - TRI,,,,-2.44,5,21,9,11,5,,,,Mahindra Manulife Banking & Financial Services Fund-Reg(G),Equity : Sectoral - Financial Services,24,28,28,28,23,17,13,11,-4.0,-4.78,-3.54,5.32,2.41,10.9,9.73,11.13,,,,,,,,
Capitalmind Flexi Cap Fund-Reg(G),50096,Capitalmind Mutual Fund,-0.42,4.54,6.48,4.84,NIFTY 500 - TRI,,,,0.48,23,3,4,36,13,,,,Capitalmind Flexi Cap Fund-Reg(G),Equity : Flexi Cap,55,58,56,56,53,47,36,24,-0.83,-3.33,0.32,9.42,1.07,10.83,9.29,11.79,,,,,,,,
Mirae Asset Nifty SDL Jun 2027 Index Fund-Reg(G),46134,Mirae Asset Mutual Fund,0.32,1.25,2.9,5.93,Nifty SDL Jun 2027 Index,7.32,,,4.2,8,20,21,18,9,5,,,Mirae Asset Nifty SDL Jun 2027 Index Fund-Reg(G),Debt : Medium to Long Duration,58,59,59,58,58,50,12,11,3.39,0.01,0.87,2.74,4.94,6.88,5.21,5.53,,,,,,,,
Mirae Asset Nifty 1D Rate Liquid ETF(IDCW),48119,Mirae Asset Mutual Fund,0.38,1.18,2.4,4.89,Nifty 1D Rate Index,5.71,,,3.51,10,12,12,17,9,12,,,Mirae Asset Nifty 1D Rate Liquid ETF(IDCW),Debt : ETFs,31,34,31,31,30,15,10,4,3.01,-0.35,0.44,2.25,4.33,6.47,5.55,5.58,0.41,1.27,2.59,5.24,6.06,5.75,,5.14
Kotak NIFTY Midcap 150 Momentum 50 Index Fund-Reg(G),49180,Kotak Mahindra Mutual Fund,-3.37,-2.11,8.22,3.36,Nifty Midcap150 Momentum 50 - TRI,,,,0.47,75,47,126,93,76,,,,Kotak NIFTY Midcap 150 Momentum 50 Index Fund-Reg(G),Equity : Index Funds,228,253,245,234,219,101,45,18,-3.26,-4.15,-1.59,6.96,-0.34,10.34,8.4,10.7,,,,,,,,
HDFC NIFTY 100 Index Fund-Reg(G),45996,HDFC Mutual Fund,-4.7,-3.06,2.03,-4.66,NIFTY 100 - TRI,7.73,,,-8.61,170,148,158,173,153,60,,,HDFC NIFTY 100 Index Fund-Reg(G),Equity : Index Funds,228,253,245,234,219,101,45,18,-3.26,-4.15,-1.59,6.96,-0.34,10.34,8.4,10.7,,,,,,,,
Invesco India - Invesco EQQQ NASDAQ-100 ETF FoF-Reg(G),45943,Invesco Mutual Fund,4.97,5.45,28.0,34.56,Nasdaq-100 - TRI,33.22,,,27.05,12,6,18,9,14,8,,,Invesco India - Invesco EQQQ NASDAQ-100 ETF FoF-Reg(G),FoFs : Overseas,54,55,55,55,54,53,38,23,18.34,0.21,3.61,15.81,24.5,25.31,13.29,11.62,,,,,,,,
Kotak CRISIL-IBX AAA Financial Services Index - Sep 2027 Fund-Reg(G),49109,Kotak Mahindra Mutual Fund,0.42,1.48,3.43,5.83,CRISIL IBX AAA Financial Services Index - Sep 2027,,,,4.18,9,8,4,2,12,,,,Kotak CRISIL-IBX AAA Financial Services Index - Sep 2027 Fund-Reg(G),Debt : Medium to Long Duration,58,59,59,58,58,50,12,11,3.39,0.01,0.87,2.74,4.94,6.88,5.21,5.53,,,,,,,,
PGIM India Multi Cap Fund-Reg(G),48968,PGIM India Mutual Fund,-2.22,3.93,16.12,6.43,Nifty500 Multicap 50:25:25 - TRI,,,,6.75,8,11,6,9,13,,,,PGIM India Multi Cap Fund-Reg(G),Equity : Multi Cap,33,33,33,33,33,22,10,7,3.1,-2.77,1.52,13.44,4.67,13.3,11.47,13.51,,,,,,,,
ICICI Pru Nifty IT Index Fund-Reg(G),46707,ICICI Prudential Mutual Fund,-8.54,3.09,-4.69,-17.45,NIFTY IT - TRI,-3.64,,,-25.12,225,249,15,227,214,100,,,ICICI Pru Nifty IT Index Fund-Reg(G),Equity : Index Funds,228,253,245,234,219,101,45,18,-3.26,-4.15,-1.59,6.96,-0.34,10.34,8.4,10.7,,,,,,,,
HDFC Nifty LargeMidcap 250 Index Fund-Reg(G),48969,HDFC Mutual Fund,-4.68,-2.2,5.97,0.01,NIFTY LargeMidcap 250 - TRI,,,,-4.02,113,138,129,110,97,,,,HDFC Nifty LargeMidcap 250 Index Fund-Reg(G),Equity : Index Funds,228,253,245,234,219,101,45,18,-3.26,-4.15,-1.59,6.96,-0.34,10.34,8.4,10.7,,,,,,,,
Groww Gold ETF,49188,Groww Mutual Fund,-6.07,7.81,4.06,32.15,Gold-India,,,,-88.68,39,29,24,23,37,,,,Groww Gold ETF,Metal : ETFs,40,42,42,42,38,22,11,11,3.29,-5.3,7.04,2.11,46.95,39.54,25.66,15.77,,,,,,,,
JM Large & Mid Cap Fund-Reg(G),49975,JM Financial Mutual Fund,-3.81,1.64,11.86,3.09,NIFTY LargeMidcap 250 - TRI,,,,0.86,11,15,5,7,13,,,,JM Large & Mid Cap Fund-Reg(G),Equity : Large & Mid Cap,33,36,34,33,33,26,26,20,-0.52,-3.92,-0.34,9.21,1.84,12.73,11.15,13.02,,,,,,,,
Bank of India Business Cycle Fund-Reg(G),48964,Bank of India Mutual Fund,-2.44,3.0,15.09,3.67,NIFTY 500 - TRI,,,,7.02,29,41,29,36,52,,,,Bank of India Business Cycle Fund-Reg(G),Equity : Thematic,112,120,117,117,108,51,33,9,2.18,-3.04,1.09,11.89,4.44,13.34,11.3,12.9,,,,,,,,
ITI ELSS Tax Saver Fund-Reg(G),44014,ITI Mutual Fund,-2.23,1.08,16.86,2.8,NIFTY 500 - TRI,15.3,10.97,,2.41,15,10,10,10,15,3,17,,ITI ELSS Tax Saver Fund-Reg(G),Equity : Tax Saving (ELSS),53,53,53,53,53,52,47,30,-2.04,-3.49,-0.87,8.56,-0.32,10.55,10.24,12.18,,,,,,,,
Edelweiss ELSS Tax saver Fund-Reg(G),7545,Edelweiss Mutual Fund,-5.17,-1.15,6.17,2.34,NIFTY 500 - TRI,11.38,9.43,11.14,-3.56,31,50,27,31,17,24,28,22,Edelweiss ELSS Tax saver Fund-Reg(G),Equity : Tax Saving (ELSS),53,53,53,53,53,52,47,30,-2.04,-3.49,-0.87,8.56,-0.32,10.55,10.24,12.18,,,,,,,,
Union Focused Fund-Reg(G),22068,Union Mutual Fund,-3.81,0.26,11.5,4.28,BSE 500 - TRI,10.3,8.01,,7.85,3,11,12,11,8,17,19,,Union Focused Fund-Reg(G),Equity : Focused,28,28,28,28,28,27,25,14,-0.57,-3.87,0.24,9.79,1.93,11.27,9.35,12.18,,,,,,,,
LIC MF Consumption Fund-Reg(G),50393,LIC Mutual Fund,-4.97,-1.2,7.32,,Nifty India Consumption - TRI,,,,-4.67,15,16,25,20,,,,,LIC MF Consumption Fund-Reg(G),Equity : Thematic - Consumption,26,27,27,27,22,15,13,10,-1.97,-4.07,2.02,11.36,-3.98,9.03,9.56,12.06,,,,,,,,
Baroda BNP Paribas Banking and Fin Serv Fund-Reg(G),16955,Baroda BNP Paribas Mutual Fund,-5.61,-2.12,4.93,1.41,Nifty Financial Services - TRI,12.01,9.64,10.55,-4.36,10,23,4,14,13,5,8,9,Baroda BNP Paribas Banking and Fin Serv Fund-Reg(G),Equity : Sectoral - Financial Services,24,28,28,28,23,17,13,11,-4.0,-4.78,-3.54,5.32,2.41,10.9,9.73,11.13,,,,,,,,
HSBC Credit Risk Fund-Reg(G),8016,HSBC Mutual Fund,0.13,1.15,3.22,5.62,NIFTY Credit Risk Bond Index,10.82,8.57,6.83,4.07,11,9,11,11,13,3,4,6,HSBC Credit Risk Fund-Reg(G),Debt : Credit Risk,15,15,15,15,15,15,15,12,5.72,0.13,1.25,4.35,7.51,8.7,8.78,6.15,,,,,,,,
UTI BSE Low Volatility Index Fund-Reg(G),46409,UTI Mutual Fund,-4.9,-4.77,-1.34,-7.26,BSE Low Volatility Index - TRI,6.34,,,-10.72,180,184,231,214,188,74,,,UTI BSE Low Volatility Index Fund-Reg(G),Equity : Index Funds,228,253,245,234,219,101,45,18,-3.26,-4.15,-1.59,6.96,-0.34,10.34,8.4,10.7,,,,,,,,
Sundaram Ultra Short to Short Term Fund(G),2343,Sundaram Mutual Fund,0.39,1.33,3.05,5.21,NIFTY Low Duration Debt Index,6.5,5.83,4.04,3.75,24,19,19,24,25,19,18,19,Sundaram Ultra Short to Short Term Fund(G),Debt : Low Duration,26,31,30,29,26,20,20,19,4.14,0.39,1.39,3.25,5.72,6.8,6.09,6.18,,,,,,,,
LIC MF ULIS,2154,LIC Mutual Fund,-2.25,0.12,8.01,-0.49,CRISIL Hybrid 35+65 - Aggressive Index,6.71,5.75,9.09,-0.52,14,7,11,12,22,39,36,20,LIC MF ULIS,Hybrid : Aggressive Hybrid,43,44,43,43,43,41,41,28,-1.6,-2.93,-0.57,6.19,0.55,9.9,8.59,10.55,,,,,,,,
Motilal Oswal Contra Fund-Reg(G),49501,Motilal Oswal Mutual Fund,1.18,2.22,,,NIFTY 500 - TRI,,,,,,1,4,,,,,,Motilal Oswal Contra Fund-Reg(G),Equity : Value / Contra,23,25,24,23,23,22,20,15,-2.25,-3.2,-1.06,7.17,1.48,12.23,11.84,12.8,,,,,,,,
DSP Nifty Bank ETF,46468,DSP Mutual Fund,-3.37,-4.32,4.06,1.54,NIFTY BANK - TRI,8.1,,,-6.25,131,71,217,122,77,75,,,DSP Nifty Bank ETF,Equity : ETFs,232,273,256,246,208,137,85,42,-3.6,-4.03,-1.43,6.06,0.15,10.34,8.93,11.73,,,,,,,,
Bank of India Money Market Fund-Reg(G),49468,Bank of India Mutual Fund,0.53,1.62,3.63,6.19,CRISIL Money Market Index,,,,4.6,17,17,19,8,17,,,,Bank of India Money Market Fund-Reg(G),Debt : Money Market,24,26,25,25,23,22,19,13,4.6,0.52,1.64,3.55,6.27,7.03,6.36,6.38,,,,,,,,
Taurus Ethical Fund-Reg(G),7615,Taurus Mutual Fund,-5.17,-1.57,3.96,-1.9,BSE 500 Shariah - TRI,7.51,7.14,11.21,-5.08,33,33,29,33,30,22,10,7,Taurus Ethical Fund-Reg(G),Equity : Multi Cap,33,33,33,33,33,22,10,7,3.1,-2.77,1.52,13.44,4.67,13.3,11.47,13.51,,,,,,,,
SBI FMP-81-1157D-Reg(G),47876,SBI Mutual Fund,0.43,1.3,2.67,5.7,CRISIL Medium Duration Debt Index,6.91,,,2.19,46,17,21,29,19,41,,,SBI FMP-81-1157D-Reg(G),Debt : FTP/FMP,49,51,50,49,49,49,16,2,3.47,0.27,1.15,2.75,5.55,7.14,6.12,5.77,,,,,,,,
Union Largecap Fund-Reg(G),33066,Union Mutual Fund,-4.6,-2.78,2.47,-4.76,BSE 100 - TRI,6.48,5.77,,-6.31,15,19,26,23,24,26,24,,Union Largecap Fund-Reg(G),Equity : Large Cap,33,35,34,34,33,30,28,23,-6.14,-4.26,-1.72,3.8,-2.94,8.89,7.38,10.73,,,,,,,,
Abakkus Large & Mid Cap Fund-Reg(G),50968,Abakkus Mutual Fund,-4.24,,,,NIFTY LargeMidcap 250 - TRI,,,,,,22,,,,,,,Abakkus Large & Mid Cap Fund-Reg(G),Equity : Large & Mid Cap,33,36,34,33,33,26,26,20,-0.52,-3.92,-0.34,9.21,1.84,12.73,11.15,13.02,,,,,,,,
Nippon India MNC Fund-Reg(G),49503,Nippon India Mutual Fund,-5.3,-2.39,5.5,-1.78,NIFTY MNC - TRI,,,,-3.94,6,6,7,7,5,,,,Nippon India MNC Fund-Reg(G),Equity : Thematic - MNC,7,7,7,7,7,5,4,3,3.14,-3.6,0.35,12.03,3.96,7.31,7.36,9.16,,,,,,,,
DSP Nifty Midcap 150 Quality 50 Index Fund-Reg(G),46467,DSP Mutual Fund,-4.96,-2.7,8.5,-3.05,NIFTY Midcap150 Quality 50 - TRI,7.55,,,-2.3,97,208,151,88,145,63,,,DSP Nifty Midcap 150 Quality 50 Index Fund-Reg(G),Equity : Index Funds,228,253,245,234,219,101,45,18,-3.26,-4.15,-1.59,6.96,-0.34,10.34,8.4,10.7,,,,,,,,
Quant PSU Fund-Reg(G),48341,Quant Mutual Fund,-2.08,-2.72,11.77,2.95,NIFTY PSE - TRI,,,,0.22,61,33,97,54,56,,,,Quant PSU Fund-Reg(G),Equity : Thematic,112,120,117,117,108,51,33,9,2.18,-3.04,1.09,11.89,4.44,13.34,11.3,12.9,,,,,,,,
Baroda BNP Paribas Short Term Fund-Reg(G),8374,Baroda BNP Paribas Mutual Fund,0.22,0.97,3.0,4.69,CRISIL Short Duration Debt Index,6.69,5.79,6.52,3.29,21,10,10,10,17,12,11,7,Baroda BNP Paribas Short Term Fund-Reg(G),Debt : Short Duration,32,33,32,32,32,25,23,18,3.45,0.12,0.88,2.91,4.9,6.61,5.86,6.24,,,,,,,,
Bandhan Medium to Long Term Fund-Reg(G),1090,Bandhan Mutual Fund,-0.05,-0.02,3.64,4.85,NIFTY Medium to Long Duration Debt Index,5.76,4.55,5.87,4.06,1,1,6,1,1,14,3,2,Bandhan Medium to Long Term Fund-Reg(G),Debt : Long Duration,25,27,25,25,25,19,3,2,2.17,-1.06,-0.5,2.55,3.05,6.26,4.81,5.99,,,,,,,,
Quant Healthcare Fund-Reg(G),48035,Quant Mutual Fund,1.21,9.49,25.79,19.14,Nifty Healthcare Index - TRI,20.08,,,22.4,7,7,2,4,9,9,,,Quant Healthcare Fund-Reg(G),Equity : Sectoral - Pharma,21,21,21,21,20,12,9,4,18.65,0.58,6.96,21.05,18.29,21.08,14.12,13.63,,,,,,,,
Mirae Asset Nifty 200 Alpha 30 ETF,48243,Mirae Asset Mutual Fund,-4.65,-0.56,10.87,5.12,Nifty200 Alpha 30 - TRI,,,,4.06,39,154,80,56,58,,,,Mirae Asset Nifty 200 Alpha 30 ETF,Equity : ETFs,232,273,256,246,208,137,85,42,-3.6,-4.03,-1.43,6.06,0.15,10.34,8.93,11.73,,,,,,,,
Qsif Equity Ex-Top 100 Long-Short Fund-Reg(G),75018,Quant QSIF,0.65,9.11,29.54,,NIFTY 500 - TRI,,,,16.4,2,6,4,2,,,,,Qsif Equity Ex-Top 100 Long-Short Fund-Reg(G),Hybrid : Long - Short,10,30,27,14,,,,,5.49,-0.21,3.32,9.54,,,,,,,,,,,,
UTI Gilt Fund-Reg(G),3560,UTI Mutual Fund,-0.4,0.14,2.6,4.71,CRISIL Dynamic Gilt Index,6.28,5.41,6.65,3.52,8,17,12,21,9,15,7,5,UTI Gilt Fund-Reg(G),Debt : Gilt,38,38,38,38,38,34,23,21,2.34,-0.55,-0.06,2.74,3.22,5.99,4.93,5.98,,,,,,,,
ICICI Pru Global Advantage Fund(FOF)(G),43240,ICICI Prudential Mutual Fund,-2.62,2.35,10.51,14.88,S&P Global 1200,19.89,9.85,,11.16,42,38,32,39,42,38,26,,ICICI Pru Global Advantage Fund(FOF)(G),FoFs : Overseas,54,55,55,55,54,53,38,23,18.34,0.21,3.61,15.81,24.5,25.31,13.29,11.62,,,,,,,,
Bandhan CRISIL IBX Gilt April 2032 Index Fund-Reg(G),47601,Bandhan Mutual Fund,-1.36,-0.42,2.25,3.69,CRISIL IBX Gilt Index - April 2032,7.04,,,2.62,9,23,11,18,9,2,,,Bandhan CRISIL IBX Gilt April 2032 Index Fund-Reg(G),Debt : Long Duration,25,27,25,25,25,19,3,2,2.17,-1.06,-0.5,2.55,3.05,6.26,4.81,5.99,,,,,,,,
SBI FMP-44-1855D-Reg(G),45552,SBI Mutual Fund,0.44,1.33,2.65,5.48,CRISIL Medium to Long Term Debt Index,6.98,6.03,,2.62,39,15,10,31,29,34,13,,SBI FMP-44-1855D-Reg(G),Debt : FTP/FMP,49,51,50,49,49,49,16,2,3.47,0.27,1.15,2.75,5.55,7.14,6.12,5.77,,,,,,,,
Union Overnight Fund-Reg(G),43213,Union Mutual Fund,0.4,1.25,2.55,5.16,CRISIL Liquid Overnight Index,5.95,5.61,,3.73,18,17,18,15,21,21,18,,Union Overnight Fund-Reg(G),Debt : Overnight,35,37,35,35,35,33,27,3,3.71,0.4,1.24,2.54,5.14,5.94,5.62,5.27,,,,,,,,
Bandhan Equity Savings Fund-Reg(G),5300,Bandhan Mutual Fund,-0.89,0.38,2.71,3.04,CRISIL Liquid Debt Index,6.1,5.53,6.17,1.26,10,8,14,15,12,19,19,13,Bandhan Equity Savings Fund-Reg(G),Hybrid : Equity Savings,24,24,24,24,24,21,21,14,1.27,-1.02,0.5,3.63,3.17,7.57,6.8,7.45,,,,,,,,
Navi Nifty Midcap 150 Index Fund-Reg(G),45861,Navi Mutual Fund,-4.7,-1.45,9.72,4.28,Nifty Midcap 150 - TRI,13.42,,,0.39,77,147,101,73,68,38,,,Navi Nifty Midcap 150 Index Fund-Reg(G),Equity : Index Funds,228,253,245,234,219,101,45,18,-3.26,-4.15,-1.59,6.96,-0.34,10.34,8.4,10.7,,,,,,,,
Kotak Quality Overseas Equity Active FOF-Reg(G),50746,Kotak Mahindra Mutual Fund,-0.09,8.75,15.82,,MSCI World,,,,,,32,6,24,,,,,Kotak Quality Overseas Equity Active FOF-Reg(G),FoFs : Overseas,54,55,55,55,54,53,38,23,18.34,0.21,3.61,15.81,24.5,25.31,13.29,11.62,,,,,,,,
Bajaj Finserv Healthcare Fund-Reg(G),49421,Bajaj Finserv Mutual Fund,0.45,9.39,27.48,21.91,BSE Health Care - TRI,,,,22.47,6,13,3,2,6,,,,Bajaj Finserv Healthcare Fund-Reg(G),Equity : Sectoral - Pharma,21,21,21,21,20,12,9,4,18.65,0.58,6.96,21.05,18.29,21.08,14.12,13.63,,,,,,,,
Aditya Birla SL CRISIL IBX 50:50 Gilt Plus SDL Apr 2028 Index Fund-Reg(G),46897,Aditya Birla Sun Life Mutual Fund,0.1,1.05,2.66,5.13,CRISIL IBX 50:50 Gilt Plus SDL Index - April 2028,7.22,,,3.27,36,36,32,36,33,13,,,Aditya Birla SL CRISIL IBX 50:50 Gilt Plus SDL Apr 2028 Index Fund-Reg(G),Debt : Medium to Long Duration,58,59,59,58,58,50,12,11,3.39,0.01,0.87,2.74,4.94,6.88,5.21,5.53,,,,,,,,
Baroda BNP Paribas Retirement Fund-Reg(G),48794,Baroda BNP Paribas Mutual Fund,-3.36,-0.35,6.77,2.7,CRISIL Hybrid 35+65 - Aggressive Index,,,,-1.34,17,31,15,14,10,,,,Baroda BNP Paribas Retirement Fund-Reg(G),Hybrid : Aggressive Hybrid,43,44,43,43,43,41,41,28,-1.6,-2.93,-0.57,6.19,0.55,9.9,8.59,10.55,,,,,,,,
Bajaj Finserv Nifty Bank ETF,48462,Bajaj Finserv Mutual Fund,-3.37,-4.32,4.06,1.57,NIFTY BANK - TRI,,,,-6.24,129,70,218,125,73,,,,Bajaj Finserv Nifty Bank ETF,Equity : ETFs,232,273,256,246,208,137,85,42,-3.6,-4.03,-1.43,6.06,0.15,10.34,8.93,11.73,,,,,,,,
JioBlackRock Nifty Smallcap 250 Index Fund-Reg(G),51176,Jio BlackRock Mutual Fund,-1.05,,,,Nifty Smallcap 250 - TRI,,,,,,14,,,,,,,JioBlackRock Nifty Smallcap 250 Index Fund-Reg(G),Equity : Index Funds,228,253,245,234,219,101,45,18,-3.26,-4.15,-1.59,6.96,-0.34,10.34,8.4,10.7,,,,,,,,
UTI Dynamic Term Fund-Reg(G),11896,UTI Mutual Fund,0.04,0.71,2.71,4.45,CRISIL Dynamic Bond Index,6.37,7.71,6.01,3.19,8,5,4,10,9,10,1,12,UTI Dynamic Term Fund-Reg(G),Debt : Dynamic Bond,23,23,23,23,23,23,23,19,2.57,-0.36,0.16,2.58,3.62,6.05,5.37,6.1,,,,,,,,
Samco Multi Asset Allocation Fund-Reg(G),49316,Samco Mutual Fund,-1.78,-0.16,4.58,3.86,NIFTY 50 - TRI,,,,1.77,14,3,25,17,25,,,,Samco Multi Asset Allocation Fund-Reg(G),Hybrid : Multi Asset Allocation,33,36,34,34,30,14,8,6,1.18,-3.02,0.54,4.52,7.5,13.59,12.21,12.2,,,,,,,,
Union Value Fund-Reg(G),41740,Union Mutual Fund,-4.11,-2.88,4.52,-0.39,BSE 500 - TRI,10.64,10.75,,-3.88,12,18,19,16,11,17,16,,Union Value Fund-Reg(G),Equity : Value / Contra,23,25,24,23,23,22,20,15,-2.25,-3.2,-1.06,7.17,1.48,12.23,11.84,12.8,,,,,,,,
Motilal Oswal Nifty 500 Momentum 50 ETF,49151,Motilal Oswal Mutual Fund,-2.52,-0.55,11.24,4.46,Nifty500 Momentum 50 - TRI,,,,2.47,49,42,79,55,61,,,,Motilal Oswal Nifty 500 Momentum 50 ETF,Equity : ETFs,232,273,256,246,208,137,85,42,-3.6,-4.03,-1.43,6.06,0.15,10.34,8.93,11.73,,,,,,,,
Old Bridge Flexi Cap Fund-Reg(G),50499,Old Bridge Mutual Fund,-2.96,1.45,11.71,,BSE 500 - TRI,,,,,,19,16,22,,,,,Old Bridge Flexi Cap Fund-Reg(G),Equity : Flexi Cap,55,58,56,56,53,47,36,24,-0.83,-3.33,0.32,9.42,1.07,10.83,9.29,11.79,,,,,,,,
Mirae Asset Nifty Financial Services ETF,45669,Mirae Asset Mutual Fund,-4.38,-6.0,0.88,-3.71,Nifty Financial Services - TRI,9.0,7.0,,-8.43,163,137,251,171,129,64,43,,Mirae Asset Nifty Financial Services ETF,Equity : ETFs,232,273,256,246,208,137,85,42,-3.6,-4.03,-1.43,6.06,0.15,10.34,8.93,11.73,,,,,,,,
Invesco India ESG Integration Strategy Fund-Reg(G),45348,Invesco Mutual Fund,-4.3,0.91,10.89,-3.24,NIFTY100 ESG - TRI,7.5,4.8,,-3.58,81,87,54,57,88,44,30,,Invesco India ESG Integration Strategy Fund-Reg(G),Equity : Thematic,112,120,117,117,108,51,33,9,2.18,-3.04,1.09,11.89,4.44,13.34,11.3,12.9,,,,,,,,
HSBC Gold ETF FOF-Reg(G),50789,HSBC Mutual Fund,-6.33,6.82,,,Gold-India,,,,,,127,19,,,,,,HSBC Gold ETF FOF-Reg(G),FoFs : Domestic,108,135,127,125,99,61,41,27,2.81,-3.15,2.04,5.11,14.87,17.1,10.87,10.45,,,,,,,,
Axis Credit Risk Fund-Reg(G),23018,Axis Mutual Fund,0.03,1.33,4.13,7.28,CRISIL Credit Risk Debt Index,7.89,6.78,6.61,5.15,5,13,8,6,6,8,11,7,Axis Credit Risk Fund-Reg(G),Debt : Credit Risk,15,15,15,15,15,15,15,12,5.72,0.13,1.25,4.35,7.51,8.7,8.78,6.15,,,,,,,,
JM Large Cap Fund-Reg(G),1858,JM Financial Mutual Fund,-4.64,-0.84,4.46,-2.02,BSE 100 - TRI,8.88,8.67,10.16,-5.7,10,22,6,8,11,13,6,16,JM Large Cap Fund-Reg(G),Equity : Large Cap,33,35,34,34,33,30,28,23,-6.14,-4.26,-1.72,3.8,-2.94,8.89,7.38,10.73,,,,,,,,
Bandhan CRISIL IBX 90:10 SDL Plus Gilt - April 2032 Index Fund-Reg(G),46814,Bandhan Mutual Fund,-1.01,0.12,2.35,4.41,CRISIL IBX 90:10 SDL Plus Gilt Index - April 2032,6.92,,,3.29,4,12,2,14,2,4,,,Bandhan CRISIL IBX 90:10 SDL Plus Gilt - April 2032 Index Fund-Reg(G),Debt : Long Duration,25,27,25,25,25,19,3,2,2.17,-1.06,-0.5,2.55,3.05,6.26,4.81,5.99,,,,,,,,
HSBC Nifty 50 Index Fund-Reg(G),44938,HSBC Mutual Fund,-4.91,-3.58,-0.09,-6.33,NIFTY 50 - TRI,6.32,6.06,,-10.81,182,192,180,188,164,76,29,,HSBC Nifty 50 Index Fund-Reg(G),Equity : Index Funds,228,253,245,234,219,101,45,18,-3.26,-4.15,-1.59,6.96,-0.34,10.34,8.4,10.7,,,,,,,,
LIC MF Midcap Fund-Reg(G),36348,LIC Mutual Fund,-4.12,0.25,15.19,4.81,Nifty Midcap 150 - TRI,14.67,11.45,,3.8,17,20,18,10,22,19,21,,LIC MF Midcap Fund-Reg(G),Equity : Mid Cap,32,35,34,34,32,30,25,20,4.31,-3.8,0.67,13.28,6.21,15.36,13.92,14.96,,,,,,,,
Franklin India Ultra Short to Short Term Fund-Reg(G),49676,Franklin Templeton Mutual Fund,0.41,1.32,3.04,5.93,NIFTY Low Duration Debt Index,,,,4.27,10,12,20,25,9,,,,Franklin India Ultra Short to Short Term Fund-Reg(G),Debt : Low Duration,26,31,30,29,26,20,20,19,4.14,0.39,1.39,3.25,5.72,6.8,6.09,6.18,,,,,,,,
Groww Multi Asset Allocation Fund-Reg(G),50195,Groww Mutual Fund,-3.9,-0.08,2.78,,NIFTY 500 - TRI,,,,-2.96,31,32,23,30,,,,,Groww Multi Asset Allocation Fund-Reg(G),Hybrid : Multi Asset Allocation,33,36,34,34,30,14,8,6,1.18,-3.02,0.54,4.52,7.5,13.59,12.21,12.2,,,,,,,,
SBI BSE PSU Bank ETF,49725,SBI Mutual Fund,-3.35,-3.77,-2.55,12.26,BSE PSU Bank - TRI,,,,-2.9,100,67,191,217,21,,,,SBI BSE PSU Bank ETF,Equity : ETFs,232,273,256,246,208,137,85,42,-3.6,-4.03,-1.43,6.06,0.15,10.34,8.93,11.73,,,,,,,,
ITI Banking & Financial Services Fund-Reg(G),45720,ITI Mutual Fund,-5.15,-4.28,4.46,3.58,Nifty Financial Services - TRI,9.16,,,-4.88,13,15,18,17,8,13,,,ITI Banking & Financial Services Fund-Reg(G),Equity : Sectoral - Financial Services,24,28,28,28,23,17,13,11,-4.0,-4.78,-3.54,5.32,2.41,10.9,9.73,11.13,,,,,,,,
Tata BSE Sensex Index Fund-Reg(G),3249,Tata Mutual Fund,-4.87,-4.0,-1.34,-8.56,BSE SENSEX - TRI,4.35,4.81,10.32,-12.99,214,174,211,215,202,95,44,16,Tata BSE Sensex Index Fund-Reg(G),Equity : Index Funds,228,253,245,234,219,101,45,18,-3.26,-4.15,-1.59,6.96,-0.34,10.34,8.4,10.7,,,,,,,,
Axis FMP-129-108D-Reg(G),48652,Axis Mutual Fund,0.51,1.77,,,CRISIL Ultra Short Term Debt Index,,,,,,1,1,,,,,,Axis FMP-129-108D-Reg(G),Debt : FTP/FMP,49,51,50,49,49,49,16,2,3.47,0.27,1.15,2.75,5.55,7.14,6.12,5.77,,,,,,,,
Taurus Flexi Cap Fund-Reg(G),3317,Taurus Mutual Fund,1.66,8.76,18.89,8.92,BSE 500 - TRI,11.59,10.14,9.67,8.12,3,1,1,1,4,19,13,22,Taurus Flexi Cap Fund-Reg(G),Equity : Flexi Cap,55,58,56,56,53,47,36,24,-0.83,-3.33,0.32,9.42,1.07,10.83,9.29,11.79,,,,,,,,
Baroda BNP Paribas Ultra Short to Short Term Fund(G),205,Baroda BNP Paribas Mutual Fund,0.37,1.34,3.16,5.54,CRISIL Low Duration Debt Index,6.53,5.8,6.14,4.03,19,21,17,21,20,18,20,13,Baroda BNP Paribas Ultra Short to Short Term Fund(G),Debt : Low Duration,26,31,30,29,26,20,20,19,4.14,0.39,1.39,3.25,5.72,6.8,6.09,6.18,,,,,,,,
Groww Liquid Fund-Reg(G),15502,Groww Mutual Fund,0.5,1.56,3.4,6.41,CRISIL Liquid Debt Index,6.86,6.17,5.94,4.77,14,14,14,20,11,7,26,24,Groww Liquid Fund-Reg(G),Debt : Liquid,44,45,44,44,41,37,35,30,4.6,0.48,1.52,3.27,6.19,6.73,6.19,5.94,,,,,,,,
SBI LT Advantage Fund-V-Reg(G),38291,SBI Mutual Fund,-1.44,2.06,13.9,1.89,BSE 500,20.24,14.66,,2.65,14,4,8,15,19,1,5,,SBI LT Advantage Fund-V-Reg(G),Equity : Tax Saving (ELSS),53,53,53,53,53,52,47,30,-2.04,-3.49,-0.87,8.56,-0.32,10.55,10.24,12.18,-4.19,-2.16,5.07,-2.22,8.89,7.9,13.5,-7.82
Bank of India Multi Asset Allocation Fund-Reg(G),48027,Bank of India Mutual Fund,-2.24,1.77,6.73,9.77,NIFTY 500 - TRI,,,,5.8,2,8,4,6,9,,,,Bank of India Multi Asset Allocation Fund-Reg(G),Hybrid : Multi Asset Allocation,33,36,34,34,30,14,8,6,1.18,-3.02,0.54,4.52,7.5,13.59,12.21,12.2,,,,,,,,
Aditya Birla SL BSE Top 10 Banks ETF,50674,Aditya Birla Sun Life Mutual Fund,-3.06,-5.35,2.35,,BSE 100 - TRI,,,,,,60,248,150,,,,,Aditya Birla SL BSE Top 10 Banks ETF,Equity : ETFs,232,273,256,246,208,137,85,42,-3.6,-4.03,-1.43,6.06,0.15,10.34,8.93,11.73,,,,,,,,
Bandhan FTP-179-3652D-Reg(G),42924,Bandhan Mutual Fund,0.01,0.87,2.54,5.15,CRISIL Composite Bond Index,7.32,6.26,,3.46,27,42,42,44,42,14,4,,Bandhan FTP-179-3652D-Reg(G),Debt : FTP/FMP,49,51,50,49,49,49,16,2,3.47,0.27,1.15,2.75,5.55,7.14,6.12,5.77,,,,,,,,
Groww Nifty Total Market Index Fund-Reg(G),48247,Groww Mutual Fund,-4.1,-1.81,6.36,-1.44,Nifty Total Market - TRI,,,,-4.49,124,108,120,104,130,,,,Groww Nifty Total Market Index Fund-Reg(G),Equity : Index Funds,228,253,245,234,219,101,45,18,-3.26,-4.15,-1.59,6.96,-0.34,10.34,8.4,10.7,,,,,,,,
DynaSIF Equity Long-Short Fund-Reg(G),75055,360 ONE DynaSIF,-4.12,-1.92,5.09,,BSE 500 - TRI,,,,,,29,24,8,,,,,DynaSIF Equity Long-Short Fund-Reg(G),Hybrid : Long - Short,10,30,27,14,,,,,5.49,-0.21,3.32,9.54,,,,,,,,,,,,
ITI Bharat Consumption Fund-Reg(G),49324,ITI Mutual Fund,-2.46,4.27,13.74,0.76,Nifty India Consumption - TRI,,,,0.92,7,5,5,7,5,,,,ITI Bharat Consumption Fund-Reg(G),Equity : Thematic - Consumption,26,27,27,27,22,15,13,10,-1.97,-4.07,2.02,11.36,-3.98,9.03,9.56,12.06,,,,,,,,
Bank of India Consumption Fund-Reg(G),49323,Bank of India Mutual Fund,-4.72,2.44,9.76,-1.8,Nifty India Consumption - TRI,,,,-2.15,8,15,10,14,6,,,,Bank of India Consumption Fund-Reg(G),Equity : Thematic - Consumption,26,27,27,27,22,15,13,10,-1.97,-4.07,2.02,11.36,-3.98,9.03,9.56,12.06,,,,,,,,
Platinum Hybrid Long-Short Fund-Reg(G),75127,Mirae Platinum SIF,-0.97,0.24,,,NIFTY 50 Hybrid Composite Debt 50:50 Index,,,,,,13,18,,,,,,Platinum Hybrid Long-Short Fund-Reg(G),Hybrid : Long - Short,10,30,27,14,,,,,5.49,-0.21,3.32,9.54,,,,,,,,,,,,
Bajaj Finserv Banking and PSU Debt Fund-Reg(G),48214,Bajaj Finserv Mutual Fund,0.12,0.66,2.77,4.24,NIFTY Banking and PSU Debt Index,,,,2.85,18,8,10,15,19,,,,Bajaj Finserv Banking and PSU Debt Fund-Reg(G),Debt : Banking & PSU,21,21,21,21,21,20,18,16,3.22,0.08,0.74,2.9,4.74,6.68,5.83,6.66,,,,,,,,
Groww Nifty India Defence ETF,49018,Groww Mutual Fund,-3.72,0.05,23.3,15.51,Nifty India Defence - TRI,,,,21.45,5,114,54,10,14,,,,Groww Nifty India Defence ETF,Equity : ETFs,232,273,256,246,208,137,85,42,-3.6,-4.03,-1.43,6.06,0.15,10.34,8.93,11.73,,,,,,,,
SBI CRISIL-IBX Financial Services 9-12 Months Debt Index Fund-Reg(G),50810,SBI Mutual Fund,0.36,1.53,,,CRISIL-IBX Financial Services 9-12 Months Debt Index,,,,,,25,5,,,,,,SBI CRISIL-IBX Financial Services 9-12 Months Debt Index Fund-Reg(G),Debt : Low Duration,26,31,30,29,26,20,20,19,4.14,0.39,1.39,3.25,5.72,6.8,6.09,6.18,,,,,,,,
Aditya Birla SL Nifty Smallcap 50 Index Fund-Reg(G),44737,Aditya Birla Sun Life Mutual Fund,-0.74,6.36,26.45,13.55,Nifty Smallcap 50 - TRI,18.97,12.29,,14.57,8,9,5,3,10,4,7,,Aditya Birla SL Nifty Smallcap 50 Index Fund-Reg(G),Equity : Index Funds,228,253,245,234,219,101,45,18,-3.26,-4.15,-1.59,6.96,-0.34,10.34,8.4,10.7,,,,,,,,
LIC MF Nifty 50 Index Fund(G),2129,LIC Mutual Fund,-4.95,-3.74,-0.41,-7.03,NIFTY 50 - TRI,5.65,5.41,10.06,-11.3,202,206,198,205,183,88,39,17,LIC MF Nifty 50 Index Fund(G),Equity : Index Funds,228,253,245,234,219,101,45,18,-3.26,-4.15,-1.59,6.96,-0.34,10.34,8.4,10.7,,,,,,,,
ICICI Pru BSE 500 ETF,38531,ICICI Prudential Mutual Fund,-4.17,-1.92,5.58,-1.62,BSE 500 - TRI,9.71,8.84,,-5.08,119,126,115,108,118,57,29,,ICICI Pru BSE 500 ETF,Equity : ETFs,232,273,256,246,208,137,85,42,-3.6,-4.03,-1.43,6.06,0.15,10.34,8.93,11.73,,,,,,,,
Mirae Asset Hang Seng TECH ETF,45737,Mirae Asset Mutual Fund,-5.71,-0.38,-10.42,-27.22,Hang Seng TECH TRI,8.89,,,-16.85,220,243,71,246,208,65,,,Mirae Asset Hang Seng TECH ETF,Equity : ETFs,232,273,256,246,208,137,85,42,-3.6,-4.03,-1.43,6.06,0.15,10.34,8.93,11.73,,,,,,,,
TRUSTMF Large & Mid Cap Fund-Reg(G),50926,Trust Mutual Fund,-4.34,,,,NIFTY LargeMidcap 250 - TRI,,,,,,24,,,,,,,TRUSTMF Large & Mid Cap Fund-Reg(G),Equity : Large & Mid Cap,33,36,34,33,33,26,26,20,-0.52,-3.92,-0.34,9.21,1.84,12.73,11.15,13.02,,,,,,,,
SBI FMP-61-1927D-Reg(G),46511,SBI Mutual Fund,0.3,1.21,2.91,5.83,CRISIL Medium to Long Term Debt Index,7.34,,,4.09,9,38,36,5,13,10,,,SBI FMP-61-1927D-Reg(G),Debt : FTP/FMP,49,51,50,49,49,49,16,2,3.47,0.27,1.15,2.75,5.55,7.14,6.12,5.77,,,,,,,,
ITI Large Cap Fund-Reg(G),44400,ITI Mutual Fund,-0.73,1.49,8.57,0.05,NIFTY 100 - TRI,9.12,6.63,,-3.52,5,2,2,4,5,11,19,,ITI Large Cap Fund-Reg(G),Equity : Large Cap,33,35,34,34,33,30,28,23,-6.14,-4.26,-1.72,3.8,-2.94,8.89,7.38,10.73,,,,,,,,
ITI Value Fund-Reg(G),45382,ITI Mutual Fund,-3.52,-1.93,7.52,1.5,NIFTY 500 - TRI,10.84,10.13,,-3.87,11,12,16,10,9,15,17,,ITI Value Fund-Reg(G),Equity : Value / Contra,23,25,24,23,23,22,20,15,-2.25,-3.2,-1.06,7.17,1.48,12.23,11.84,12.8,,,,,,,,
Nippon India CRISIL-IBX Financial Services 3-6 Months Debt Index Fund-Reg(G),50741,Nippon India Mutual Fund,0.5,1.7,3.81,,CRISIL-IBX Financial Services 3-6 Months Debt Index,,,,,,18,3,4,,,,,Nippon India CRISIL-IBX Financial Services 3-6 Months Debt Index Fund-Reg(G),Debt : Ultra Short Duration,31,34,33,32,31,24,24,13,4.54,0.49,1.56,3.46,6.12,6.65,6.0,5.88,,,,,,,,
Union Ultra Short to Short Term Fund-Reg(G),49982,Union Mutual Fund,0.32,1.19,2.88,5.06,NIFTY Low Duration Debt Index,,,,3.59,26,29,30,29,26,,,,Union Ultra Short to Short Term Fund-Reg(G),Debt : Low Duration,26,31,30,29,26,20,20,19,4.14,0.39,1.39,3.25,5.72,6.8,6.09,6.18,,,,,,,,
Bandhan US Specific Equity Active FOF-Reg(G),45674,Bandhan Mutual Fund,4.41,4.48,15.27,12.44,Russell 1000 Index,25.99,15.12,,10.09,44,10,22,26,45,24,12,,Bandhan US Specific Equity Active FOF-Reg(G),FoFs : Overseas,54,55,55,55,54,53,38,23,18.34,0.21,3.61,15.81,24.5,25.31,13.29,11.62,,,,,,,,
Nippon India Nifty G-Sec Sep 2027 Maturity Index Fund-Reg(G),47186,Nippon India Mutual Fund,0.22,1.04,2.55,5.21,Nifty G-Sec Sep 2027 Index,7.05,,,3.62,6,5,5,25,5,7,,,Nippon India Nifty G-Sec Sep 2027 Maturity Index Fund-Reg(G),Debt : Gilt,38,38,38,38,38,34,23,21,2.34,-0.55,-0.06,2.74,3.22,5.99,4.93,5.98,,,,,,,,
SBI BSE PSU Bank Index Fund-Reg(G),49726,SBI Mutual Fund,-3.39,-3.9,-2.81,11.57,BSE PSU Bank - TRI,,,,-3.28,106,49,203,222,13,,,,SBI BSE PSU Bank Index Fund-Reg(G),Equity : Index Funds,228,253,245,234,219,101,45,18,-3.26,-4.15,-1.59,6.96,-0.34,10.34,8.4,10.7,,,,,,,,
Edelweiss NIFTY Large Mid Cap 250 Index Fund-Reg(G),45864,Edelweiss Mutual Fund,-4.7,-2.25,5.85,-0.21,NIFTY LargeMidcap 250 - TRI,10.7,,,-4.2,119,150,132,114,102,44,,,Edelweiss NIFTY Large Mid Cap 250 Index Fund-Reg(G),Equity : Index Funds,228,253,245,234,219,101,45,18,-3.26,-4.15,-1.59,6.96,-0.34,10.34,8.4,10.7,,,,,,,,
Bandhan CRISIL-IBX Financial Services 3-6 Months Debt Index Fund-Reg(G),49706,Bandhan Mutual Fund,0.48,1.56,3.49,5.96,CRISIL-IBX Financial Services 3-6 Months Debt Index,,,,4.48,17,28,15,13,22,,,,Bandhan CRISIL-IBX Financial Services 3-6 Months Debt Index Fund-Reg(G),Debt : Ultra Short Duration,31,34,33,32,31,24,24,13,4.54,0.49,1.56,3.46,6.12,6.65,6.0,5.88,,,,,,,,
Nippon India Japan Equity Fund(G),24620,Nippon India Mutual Fund,-0.11,4.54,13.93,26.37,S&P Japan 500 - TRI,20.36,8.89,10.12,24.38,4,6,5,6,4,6,5,4,Nippon India Japan Equity Fund(G),Equity : International,8,8,8,8,8,8,6,5,29.41,1.22,4.33,21.73,37.46,27.84,11.65,12.62,,,,,,,,
Nippon India ETF Nifty 100,17643,Nippon India Mutual Fund,-4.68,-3.0,2.16,-4.4,NIFTY 100 - TRI,8.04,6.72,10.83,-8.43,164,157,146,155,141,83,49,37,Nippon India ETF Nifty 100,Equity : ETFs,232,273,256,246,208,137,85,42,-3.6,-4.03,-1.43,6.06,0.15,10.34,8.93,11.73,,,,,,,,
NJ ELSS Tax Saver Fund-Reg(G),46058,NJ Mutual Fund,-3.63,0.51,7.21,-3.22,NIFTY 500 - TRI,7.44,,,-1.57,22,27,12,25,36,41,,,NJ ELSS Tax Saver Fund-Reg(G),Equity : Tax Saving (ELSS),53,53,53,53,53,52,47,30,-2.04,-3.49,-0.87,8.56,-0.32,10.55,10.24,12.18,,,,,,,,
ITI Balanced Advantage Fund-Reg(G),44362,ITI Mutual Fund,-1.27,1.03,4.76,-0.98,NIFTY 50 Hybrid Composite Debt 50:50 Index,7.76,6.24,,-3.04,27,5,6,15,25,19,17,,ITI Balanced Advantage Fund-Reg(G),Hybrid : Dynamic Asset Allocation,37,38,38,38,37,30,22,11,-1.63,-2.48,-0.35,4.38,0.68,8.22,7.48,8.98,,,,,,,,
ICICI Pru Diversified Equity All Cap Omni FOF(G),44626,ICICI Prudential Mutual Fund,-3.81,-0.8,7.17,0.44,BSE 500 - TRI,13.86,13.3,,-3.77,98,80,105,31,84,24,8,,ICICI Pru Diversified Equity All Cap Omni FOF(G),FoFs : Domestic,108,135,127,125,99,61,41,27,2.81,-3.15,2.04,5.11,14.87,17.1,10.87,10.45,,,,,,,,
HDFC FMP-Sr 46-1359D-Sep 2022-Reg(G),46945,HDFC Mutual Fund,0.43,1.29,2.57,5.32,NIFTY Medium Duration Debt Index,6.75,,,2.54,45,20,25,42,39,46,,,HDFC FMP-Sr 46-1359D-Sep 2022-Reg(G),Debt : FTP/FMP,49,51,50,49,49,49,16,2,3.47,0.27,1.15,2.75,5.55,7.14,6.12,5.77,,,,,,,,
Axis Nifty India Defence Index Fund-Reg(G),50817,Axis Mutual Fund,-3.77,-0.08,,,Nifty India Defence - TRI,,,,,,99,43,,,,,,Axis Nifty India Defence Index Fund-Reg(G),Equity : Index Funds,228,253,245,234,219,101,45,18,-3.26,-4.15,-1.59,6.96,-0.34,10.34,8.4,10.7,,,,,,,,
Invesco India Overnight Fund-Reg(G),44317,Invesco Mutual Fund,0.41,1.27,2.58,5.21,Nifty 1D Rate Index,6.0,5.66,,3.77,6,8,7,6,7,7,4,,Invesco India Overnight Fund-Reg(G),Debt : Overnight,35,37,35,35,35,33,27,3,3.71,0.4,1.24,2.54,5.14,5.94,5.62,5.27,0.41,1.27,2.59,5.24,6.06,5.75,,5.14
NJ Momentum Fund-Reg(G),50924,NJ Mutual Fund,-0.78,,,,NIFTY 500 - TRI,,,,,,17,,,,,,,NJ Momentum Fund-Reg(G),Equity : Thematic,112,120,117,117,108,51,33,9,2.18,-3.04,1.09,11.89,4.44,13.34,11.3,12.9,,,,,,,,
Quant Commodities Fund-Reg(G),48343,Quant Mutual Fund,-4.76,-4.89,17.1,8.11,NIFTY COMMODITIES - TRI,,,,5.31,34,96,117,31,31,,,,Quant Commodities Fund-Reg(G),Equity : Thematic,112,120,117,117,108,51,33,9,2.18,-3.04,1.09,11.89,4.44,13.34,11.3,12.9,,,,,,,,
Invesco India Technology Fund-Reg(G),49047,Invesco Mutual Fund,-5.68,4.53,14.79,-1.66,NIFTY IT - TRI,,,,-4.15,3,5,10,5,3,,,,Invesco India Technology Fund-Reg(G),Equity : Sectoral - Technology,12,13,13,13,12,7,5,5,-10.68,-4.97,6.29,11.37,-7.14,4.09,2.44,15.63,,,,,,,,
Nippon India Nifty AAA PSU Bond Plus SDL - Sep 2026 Maturity 50:50 Index Fund-Reg(G),47034,Nippon India Mutual Fund,0.46,1.46,2.93,5.86,Nifty AAA PSU Bond Plus SDL Sep 2026 50:50 Index,6.99,,,3.86,4,2,2,9,2,3,,,Nippon India Nifty AAA PSU Bond Plus SDL - Sep 2026 Maturity 50:50 Index Fund-Reg(G),Debt : Banking & PSU,21,21,21,21,21,20,18,16,3.22,0.08,0.74,2.9,4.74,6.68,5.83,6.66,,,,,,,,
Axis Gilt Fund-Reg(G),15652,Axis Mutual Fund,-0.57,-0.41,3.22,3.81,CRISIL Dynamic Gilt Index,6.69,5.48,6.4,2.93,12,20,23,8,13,13,6,7,Axis Gilt Fund-Reg(G),Debt : Gilt,38,38,38,38,38,34,23,21,2.34,-0.55,-0.06,2.74,3.22,5.99,4.93,5.98,,,,,,,,
Mirae Asset Nifty Bank ETF,47993,Mirae Asset Mutual Fund,-3.37,-4.31,4.08,1.6,NIFTY BANK - TRI,8.17,,,-6.21,127,69,216,121,72,72,,,Mirae Asset Nifty Bank ETF,Equity : ETFs,232,273,256,246,208,137,85,42,-3.6,-4.03,-1.43,6.06,0.15,10.34,8.93,11.73,,,,,,,,
HSBC Brazil Fund(G),8587,HSBC Mutual Fund,3.68,6.49,-1.26,26.7,MSCI Brazil 10/40 Index,15.07,9.33,4.66,19.8,25,12,10,53,25,45,29,23,HSBC Brazil Fund(G),FoFs : Overseas,54,55,55,55,54,53,38,23,18.34,0.21,3.61,15.81,24.5,25.31,13.29,11.62,,,,,,,,
Axis CRISIL IBX 50:50 Gilt Plus SDL June 2028 Index Fund-Reg(G),47409,Axis Mutual Fund,0.08,1.04,2.7,5.23,CRISIL IBX 50:50 Gilt Plus SDL Index - June 2028,7.19,,,3.3,31,38,33,31,32,20,,,Axis CRISIL IBX 50:50 Gilt Plus SDL June 2028 Index Fund-Reg(G),Debt : Medium to Long Duration,58,59,59,58,58,50,12,11,3.39,0.01,0.87,2.74,4.94,6.88,5.21,5.53,,,,,,,,
Baroda BNP Paribas Gold ETF,48145,Baroda BNP Paribas Mutual Fund,-6.07,7.9,4.16,32.33,Gold-India,,,,13.38,11,30,18,19,33,,,,Baroda BNP Paribas Gold ETF,Metal : ETFs,40,42,42,42,38,22,11,11,3.29,-5.3,7.04,2.11,46.95,39.54,25.66,15.77,,,,,,,,
Quant ESG Integration Strategy Fund-Reg(G),45130,Quant Mutual Fund,-3.42,-1.42,27.62,18.16,NIFTY100 ESG - TRI,15.31,15.59,,14.09,16,56,80,7,7,17,8,,Quant ESG Integration Strategy Fund-Reg(G),Equity : Thematic,112,120,117,117,108,51,33,9,2.18,-3.04,1.09,11.89,4.44,13.34,11.3,12.9,,,,,,,,
Aditya Birla SL FTP-TI-1837D-Reg(G),45593,Aditya Birla Sun Life Mutual Fund,0.41,1.31,2.69,5.59,CRISIL Medium to Long Term Debt Index,7.12,6.24,,2.82,37,29,15,27,24,29,5,,Aditya Birla SL FTP-TI-1837D-Reg(G),Debt : FTP/FMP,49,51,50,49,49,49,16,2,3.47,0.27,1.15,2.75,5.55,7.14,6.12,5.77,,,,,,,,
Union Consumption Fund-Reg(G),50460,Union Mutual Fund,-3.88,2.55,11.05,,Nifty India Consumption - TRI,,,,-3.69,11,11,9,10,,,,,Union Consumption Fund-Reg(G),Equity : Thematic - Consumption,26,27,27,27,22,15,13,10,-1.97,-4.07,2.02,11.36,-3.98,9.03,9.56,12.06,,,,,,,,
SBI FMP-53-1839D-Reg(G),45972,SBI Mutual Fund,0.44,1.33,2.8,5.76,CRISIL Medium to Long Term Debt Index,7.22,,,4.06,11,11,12,15,16,21,,,SBI FMP-53-1839D-Reg(G),Debt : FTP/FMP,49,51,50,49,49,49,16,2,3.47,0.27,1.15,2.75,5.55,7.14,6.12,5.77,,,,,,,,
Axis NIFTY Bank ETF,14654,Axis Mutual Fund,-3.38,-4.34,4.02,1.46,NIFTY BANK - TRI,8.07,8.61,,-6.31,139,81,226,131,84,80,36,,Axis NIFTY Bank ETF,Equity : ETFs,232,273,256,246,208,137,85,42,-3.6,-4.03,-1.43,6.06,0.15,10.34,8.93,11.73,,,,,,,,
Nippon India Nifty SDL Plus G-Sec-Jun 2028 Maturity 70:30 Index Fund-Reg(G),46822,Nippon India Mutual Fund,0.14,1.12,2.68,5.35,Nifty SDL Plus G-Sec Jun 2028 70:30 Index,7.22,,,3.46,26,29,29,35,26,14,,,Nippon India Nifty SDL Plus G-Sec-Jun 2028 Maturity 70:30 Index Fund-Reg(G),Debt : Medium to Long Duration,58,59,59,58,58,50,12,11,3.39,0.01,0.87,2.74,4.94,6.88,5.21,5.53,,,,,,,,
Tata Nifty Midcap 150 Index Fund-Reg(G),49937,Tata Mutual Fund,-4.69,-1.46,9.71,4.19,Nifty Midcap 150 - TRI,,,,0.29,80,144,102,74,70,,,,Tata Nifty Midcap 150 Index Fund-Reg(G),Equity : Index Funds,228,253,245,234,219,101,45,18,-3.26,-4.15,-1.59,6.96,-0.34,10.34,8.4,10.7,,,,,,,,
Bandhan Healthcare Fund-Reg(G),50217,Bandhan Mutual Fund,0.45,6.75,20.23,,BSE Health Care - TRI,,,,15.51,15,12,13,13,,,,,Bandhan Healthcare Fund-Reg(G),Equity : Sectoral - Pharma,21,21,21,21,20,12,9,4,18.65,0.58,6.96,21.05,18.29,21.08,14.12,13.63,,,,,,,,
Tata Childrens Fund-Reg(G),3304,Tata Mutual Fund,-3.65,-4.65,1.71,-10.1,NIFTY 500 - TRI,3.62,5.12,9.09,-11.62,55,31,56,55,53,46,34,23,Tata Childrens Fund-Reg(G),Equity : Flexi Cap,55,58,56,56,53,47,36,24,-0.83,-3.33,0.32,9.42,1.07,10.83,9.29,11.79,,,,,,,,
Groww Silver ETF,49846,Groww Mutual Fund,-4.15,5.69,-1.37,65.9,Silver,,,,-89.94,40,9,38,37,16,,,,Groww Silver ETF,Metal : ETFs,40,42,42,42,38,22,11,11,3.29,-5.3,7.04,2.11,46.95,39.54,25.66,15.77,,,,,,,,
Nippon India Medium to Long Term Fund(G),2580,Nippon India Mutual Fund,-0.46,0.0,2.8,3.65,NIFTY Medium to Long Duration Debt Index,5.7,5.06,5.96,2.57,51,48,51,23,51,47,6,4,Nippon India Medium to Long Term Fund(G),Debt : Medium to Long Duration,58,59,59,58,58,50,12,11,3.39,0.01,0.87,2.74,4.94,6.88,5.21,5.53,,,,,,,,
ICICI Pru Strategic Metal and Energy Equity FoF-Reg(G),46205,ICICI Prudential Mutual Fund,-7.34,20.85,6.93,50.83,NYSE Arca Gold Miners Index,33.64,,,37.29,3,53,4,43,2,6,,,ICICI Pru Strategic Metal and Energy Equity FoF-Reg(G),FoFs : Overseas,54,55,55,55,54,53,38,23,18.34,0.21,3.61,15.81,24.5,25.31,13.29,11.62,,,,,,,,
Aditya Birla SL Intl. Equity Fund(G),460,Aditya Birla Sun Life Mutual Fund,0.61,3.16,13.23,19.9,S&P Global 1200,21.95,12.11,13.03,13.97,6,4,6,7,6,5,2,3,Aditya Birla SL Intl. Equity Fund(G),Equity : International,8,8,8,8,8,8,6,5,29.41,1.22,4.33,21.73,37.46,27.84,11.65,12.62,,,,,,,,
SBI Nifty200 Quality 30 Index Fund-Reg(G),49729,SBI Mutual Fund,-5.88,-1.36,3.43,-5.16,NIFTY200 Quality 30 - TRI,,,,-8.53,165,236,89,161,157,,,,SBI Nifty200 Quality 30 Index Fund-Reg(G),Equity : Index Funds,228,253,245,234,219,101,45,18,-3.26,-4.15,-1.59,6.96,-0.34,10.34,8.4,10.7,,,,,,,,
HDFC BSE 500 Index Fund-Reg(G),47913,HDFC Mutual Fund,-4.21,-2.04,5.3,-2.13,BSE 500 - TRI,8.9,,,-5.44,140,110,123,121,138,56,,,HDFC BSE 500 Index Fund-Reg(G),Equity : Index Funds,228,253,245,234,219,101,45,18,-3.26,-4.15,-1.59,6.96,-0.34,10.34,8.4,10.7,,,,,,,,
Kotak Nifty IT ETF,45377,Kotak Mahindra Mutual Fund,-8.48,3.29,-4.14,-16.56,NIFTY IT - TRI,-2.79,-3.49,,-24.54,224,265,28,230,198,131,81,,Kotak Nifty IT ETF,Equity : ETFs,232,273,256,246,208,137,85,42,-3.6,-4.03,-1.43,6.06,0.15,10.34,8.93,11.73,,,,,,,,
SBI FMP-51-1846D-Reg(G),45889,SBI Mutual Fund,0.43,1.31,2.76,5.63,CRISIL Medium to Long Term Debt Index,7.14,5.92,,4.01,17,19,14,18,21,25,15,,SBI FMP-51-1846D-Reg(G),Debt : FTP/FMP,49,51,50,49,49,49,16,2,3.47,0.27,1.15,2.75,5.55,7.14,6.12,5.77,,,,,,,,
DSP BSE Top 10 Banks ETF,50745,DSP Mutual Fund,-3.06,-5.35,2.35,,BSE Top 10 Banks Index - TRI,,,,,,59,247,151,,,,,DSP BSE Top 10 Banks ETF,Equity : ETFs,232,273,256,246,208,137,85,42,-3.6,-4.03,-1.43,6.06,0.15,10.34,8.93,11.73,,,,,,,,
Nippon India Nifty SDL Plus G-Sec - Jun 2029 Maturity 70:30 Index Fund-Reg(G),46821,Nippon India Mutual Fund,-0.15,0.69,2.39,4.77,Nifty SDL Plus G-Sec Jun 2029 70:30 Index,7.2,,,3.21,37,42,40,51,40,16,,,Nippon India Nifty SDL Plus G-Sec - Jun 2029 Maturity 70:30 Index Fund-Reg(G),Debt : Medium to Long Duration,58,59,59,58,58,50,12,11,3.39,0.01,0.87,2.74,4.94,6.88,5.21,5.53,,,,,,,,
Axis Nifty 500 Index Fund-Reg(G),48963,Axis Mutual Fund,-4.32,-2.17,5.17,-2.13,NIFTY 500 - TRI,,,,-5.47,141,119,128,125,139,,,,Axis Nifty 500 Index Fund-Reg(G),Equity : Index Funds,228,253,245,234,219,101,45,18,-3.26,-4.15,-1.59,6.96,-0.34,10.34,8.4,10.7,,,,,,,,
DSP Floating Interest Rates Fund-Reg(G),45396,DSP Mutual Fund,0.08,0.63,3.15,5.15,CRISIL Short Duration Debt Index,7.32,6.36,,3.73,10,9,12,5,11,2,6,,DSP Floating Interest Rates Fund-Reg(G),Debt : Floater,12,12,12,12,12,12,12,5,4.1,0.16,1.06,3.2,5.76,7.18,6.36,6.78,,,,,,,,
DSP Nifty Smallcap250 Quality 50 Index Fund-Reg(G),48377,DSP Mutual Fund,-2.3,-0.46,10.1,-5.77,Nifty Smallcap250 Quality 50 - TRI,,,,-2.36,99,27,59,62,161,,,,DSP Nifty Smallcap250 Quality 50 Index Fund-Reg(G),Equity : Index Funds,228,253,245,234,219,101,45,18,-3.26,-4.15,-1.59,6.96,-0.34,10.34,8.4,10.7,,,,,,,,
Navi Large & Midcap Fund-Reg(G),31897,Navi Mutual Fund,-4.15,-1.6,9.71,1.96,NIFTY LargeMidcap 250 - TRI,7.9,8.2,11.37,-0.43,13,21,28,13,17,25,24,17,Navi Large & Midcap Fund-Reg(G),Equity : Large & Mid Cap,33,36,34,33,33,26,26,20,-0.52,-3.92,-0.34,9.21,1.84,12.73,11.15,13.02,,,,,,,,
Invesco India - Invesco Global Equity Income FoF-Reg(G),24405,Invesco Mutual Fund,-5.27,1.35,12.4,18.01,MSCI World Index-Net Dividend,22.45,16.49,13.41,15.07,33,49,38,35,39,35,9,6,Invesco India - Invesco Global Equity Income FoF-Reg(G),FoFs : Overseas,54,55,55,55,54,53,38,23,18.34,0.21,3.61,15.81,24.5,25.31,13.29,11.62,,,,,,,,
LIC MF Arbitrage Fund-Reg(G),39948,LIC Mutual Fund,0.35,1.43,2.92,6.09,Nifty 50 Arbitrage,6.43,5.83,,4.41,8,32,12,12,14,20,18,,LIC MF Arbitrage Fund-Reg(G),Hybrid : Arbitrage,34,38,37,36,32,25,24,15,4.25,0.41,1.37,2.79,5.98,6.56,5.9,5.56,0.4,1.74,3.05,7.22,7.4,6.62,,6.8
DSP Credit Risk Fund-Reg(G),685,DSP Mutual Fund,0.17,1.02,8.97,10.09,CRISIL Credit Risk Debt Index,15.79,12.42,7.88,8.67,3,5,12,1,3,1,2,2,DSP Credit Risk Fund-Reg(G),Debt : Credit Risk,15,15,15,15,15,15,15,12,5.72,0.13,1.25,4.35,7.51,8.7,8.78,6.15,,,,,,,,
PGIM India Multi Asset Allocation Fund-Reg(G),50266,PGIM India Mutual Fund,-3.43,1.76,4.83,,NIFTY 500 - TRI,,,,1.86,13,23,5,14,,,,,PGIM India Multi Asset Allocation Fund-Reg(G),Hybrid : Multi Asset Allocation,33,36,34,34,30,14,8,6,1.18,-3.02,0.54,4.52,7.5,13.59,12.21,12.2,,,,,,,,
Groww Nifty EV & New Age Automotive ETF,48978,Groww Mutual Fund,-6.23,-0.5,12.88,0.69,Nifty EV and New Age Automotive - TRI,,,,-0.38,75,254,78,50,95,,,,Groww Nifty EV & New Age Automotive ETF,Equity : ETFs,232,273,256,246,208,137,85,42,-3.6,-4.03,-1.43,6.06,0.15,10.34,8.93,11.73,,,,,,,,
UTI Medium to Long Term Fund-Reg(G),3441,UTI Mutual Fund,-0.41,0.26,2.47,3.17,CRISIL Medium to Long Term Debt Index,5.83,7.27,4.81,2.26,54,46,46,46,54,46,1,10,UTI Medium to Long Term Fund-Reg(G),Debt : Medium to Long Duration,58,59,59,58,58,50,12,11,3.39,0.01,0.87,2.74,4.94,6.88,5.21,5.53,,,,,,,,
ICICI Pru Nifty Oil & Gas ETF,33836,ICICI Prudential Mutual Fund,-3.07,-2.41,-0.66,-2.81,NIFTY OIL & GAS - TRI,,,,-10.88,194,61,123,198,126,,,,ICICI Pru Nifty Oil & Gas ETF,Equity : ETFs,232,273,256,246,208,137,85,42,-3.6,-4.03,-1.43,6.06,0.15,10.34,8.93,11.73,,,,,,,,
Edelweiss Nifty Next 50 Index Fund-Reg(G),47171,Edelweiss Mutual Fund,-3.68,-0.39,12.98,5.07,NIFTY NEXT 50 - TRI,16.53,,,3.62,36,83,53,38,48,17,,,Edelweiss Nifty Next 50 Index Fund-Reg(G),Equity : Index Funds,228,253,245,234,219,101,45,18,-3.26,-4.15,-1.59,6.96,-0.34,10.34,8.4,10.7,,,,,,,,
SBI BSE Sensex Index Fund-Reg(G),47966,SBI Mutual Fund,-4.86,-3.96,-1.27,-8.49,BSE SENSEX - TRI,4.48,,,-12.82,210,171,209,211,201,93,,,SBI BSE Sensex Index Fund-Reg(G),Equity : Index Funds,228,253,245,234,219,101,45,18,-3.26,-4.15,-1.59,6.96,-0.34,10.34,8.4,10.7,,,,,,,,
ICICI Pru Nifty LargeMidcap 250 Index Fund-Reg(G),48643,ICICI Prudential Mutual Fund,-4.69,-2.22,5.94,-0.02,NIFTY LargeMidcap 250 - TRI,,,,-4.05,114,143,130,111,98,,,,ICICI Pru Nifty LargeMidcap 250 Index Fund-Reg(G),Equity : Index Funds,228,253,245,234,219,101,45,18,-3.26,-4.15,-1.59,6.96,-0.34,10.34,8.4,10.7,,,,,,,,
LIC MF Value Fund-Reg(G),39956,LIC Mutual Fund,1.18,5.05,23.0,21.28,NIFTY 500 - TRI,16.56,12.87,,18.64,1,2,1,1,1,2,7,,LIC MF Value Fund-Reg(G),Equity : Value / Contra,23,25,24,23,23,22,20,15,-2.25,-3.2,-1.06,7.17,1.48,12.23,11.84,12.8,,,,,,,,
WOC Balanced Hybrid Fund-Reg(G),48213,WhiteOak Capital Mutual Fund,-2.05,0.79,5.94,1.67,CRISIL Hybrid 50+50 - Moderate Index,,,,-0.37,12,9,7,11,15,,,,WOC Balanced Hybrid Fund-Reg(G),Hybrid : Dynamic Asset Allocation,37,38,38,38,37,30,22,11,-1.63,-2.48,-0.35,4.38,0.68,8.22,7.48,8.98,,,,,,,,
Motilal Oswal Nifty Capital Market ETF,49686,Motilal Oswal Mutual Fund,-4.52,-3.17,16.87,24.89,Nifty Capital Markets Index - TRI,,,,13.19,16,142,158,25,6,,,,Motilal Oswal Nifty Capital Market ETF,Equity : ETFs,232,273,256,246,208,137,85,42,-3.6,-4.03,-1.43,6.06,0.15,10.34,8.93,11.73,,,,,,,,
Motilal Oswal Nifty 500 ETF,48267,Motilal Oswal Mutual Fund,-4.25,-1.94,5.81,-1.09,NIFTY 500 - TRI,,,,-4.7,115,135,117,104,115,,,,Motilal Oswal Nifty 500 ETF,Equity : ETFs,232,273,256,246,208,137,85,42,-3.6,-4.03,-1.43,6.06,0.15,10.34,8.93,11.73,,,,,,,,
Navi Flexi Cap Fund-Reg(G),39516,Navi Mutual Fund,-2.06,0.44,12.99,8.69,NIFTY 500 - TRI,9.76,9.08,,5.02,8,9,26,19,5,28,18,,Navi Flexi Cap Fund-Reg(G),Equity : Flexi Cap,55,58,56,56,53,47,36,24,-0.83,-3.33,0.32,9.42,1.07,10.83,9.29,11.79,,,,,,,,
Prism Hybrid Long-Short Fund-Reg(G),75134,Jio BlackRock Prism SIF,0.92,,,,NIFTY 50 Hybrid Composite Debt 50:50 Index,,,,,,4,,,,,,,Prism Hybrid Long-Short Fund-Reg(G),Hybrid : Long - Short,10,30,27,14,,,,,5.49,-0.21,3.32,9.54,,,,,,,,,,,,
Union Gold ETF,49576,Union Mutual Fund,-6.02,7.87,4.16,32.29,Gold-India,,,,13.33,15,19,21,18,35,,,,Union Gold ETF,Metal : ETFs,40,42,42,42,38,22,11,11,3.29,-5.3,7.04,2.11,46.95,39.54,25.66,15.77,,,,,,,,
Kotak Nifty Commodities Index Fund-Reg(G),49317,Kotak Mahindra Mutual Fund,-3.18,-2.92,2.41,6.32,NIFTY COMMODITIES - TRI,,,,0.78,60,52,102,101,43,,,,Kotak Nifty Commodities Index Fund-Reg(G),Equity : Thematic,112,120,117,117,108,51,33,9,2.18,-3.04,1.09,11.89,4.44,13.34,11.3,12.9,,,,,,,,
Angel One Nifty 1D Rate Liquid ETF(G),49740,Angel One Mutual Fund,0.4,1.25,2.48,5.01,Nifty 1D Rate Index,,,,3.6,6,1,1,9,3,,,,Angel One Nifty 1D Rate Liquid ETF(G),Debt : ETFs,31,34,31,31,30,15,10,4,3.01,-0.35,0.44,2.25,4.33,6.47,5.55,5.58,0.41,1.27,2.59,5.24,6.06,5.75,,5.14
Helios Overnight Fund-Reg(G),48295,Helios Mutual Fund,0.4,1.23,2.5,5.05,CRISIL Liquid Overnight Index,,,,3.65,29,30,28,27,30,,,,Helios Overnight Fund-Reg(G),Debt : Overnight,35,37,35,35,35,33,27,3,3.71,0.4,1.24,2.54,5.14,5.94,5.62,5.27,,,,,,,,
Mirae Asset Nifty MidSmallcap400 Momentum Quality 100 ETF FoF-Reg(G),48822,Mirae Asset Mutual Fund,-2.44,-0.28,13.13,4.93,Nifty MidSmallcap400 Momentum Quality 100 - TRI,,,,6.47,23,47,94,9,60,,,,Mirae Asset Nifty MidSmallcap400 Momentum Quality 100 ETF FoF-Reg(G),FoFs : Domestic,108,135,127,125,99,61,41,27,2.81,-3.15,2.04,5.11,14.87,17.1,10.87,10.45,,,,,,,,
JM Focused Fund-Reg(G),4282,JM Financial Mutual Fund,-4.71,1.38,11.92,-0.16,BSE 500 - TRI,10.54,10.97,10.82,-0.85,14,21,10,9,15,16,6,12,JM Focused Fund-Reg(G),Equity : Focused,28,28,28,28,28,27,25,14,-0.57,-3.87,0.24,9.79,1.93,11.27,9.35,12.18,,,,,,,,
Bandhan 10 year Constant Maturity Gilt Fund-Reg(G),1079,Bandhan Mutual Fund,-1.17,-0.34,2.83,4.06,CRISIL 10 Year Gilt Index,7.22,5.51,7.7,2.82,1,3,1,1,1,1,2,1,Bandhan 10 year Constant Maturity Gilt Fund-Reg(G),Debt : Gilt (10 Yr Constant Duration),6,6,6,6,6,6,4,4,1.78,-1.2,-0.52,1.99,2.67,6.46,5.25,7.0,,,,,,,,
Diviniti Equity Long Short Fund-Reg(G),75022,ITI Diviniti SIF,-5.2,-4.76,-6.15,,NIFTY 50 - TRI,,,,-11.12,10,30,27,14,,,,,Diviniti Equity Long Short Fund-Reg(G),Hybrid : Long - Short,10,30,27,14,,,,,5.49,-0.21,3.32,9.54,,,,,,,,,,,,
Summit Equity Long-Short Fund-Reg(G),75152,Invesco Summit SIF,-2.08,,,,BSE 500 - TRI,,,,,,20,,,,,,,Summit Equity Long-Short Fund-Reg(G),Hybrid : Long - Short,10,30,27,14,,,,,5.49,-0.21,3.32,9.54,,,,,,,,,,,,
Kotak Nifty 100 Low Volatility 30 ETF,45688,Kotak Mahindra Mutual Fund,-5.18,-2.45,2.12,-3.62,Nifty100 Low Volatility 30 - TRI,9.66,,,-7.96,152,225,126,157,128,59,,,Kotak Nifty 100 Low Volatility 30 ETF,Equity : ETFs,232,273,256,246,208,137,85,42,-3.6,-4.03,-1.43,6.06,0.15,10.34,8.93,11.73,,,,,,,,
Mirae Asset Nifty Energy ETF,50238,Mirae Asset Mutual Fund,-2.05,-5.14,5.78,,NIFTY ENERGY - TRI,,,,6.85,28,26,243,106,,,,,Mirae Asset Nifty Energy ETF,Equity : ETFs,232,273,256,246,208,137,85,42,-3.6,-4.03,-1.43,6.06,0.15,10.34,8.93,11.73,,,,,,,,
Union Corporate Bond Fund-Reg(G),39478,Union Mutual Fund,-0.21,0.24,2.49,3.8,CRISIL Corporate Bond Index,6.54,5.44,,2.44,21,18,20,20,21,18,18,,Union Corporate Bond Fund-Reg(G),Debt : Corporate Bond,21,21,21,21,21,21,19,13,3.17,0.0,0.66,2.88,4.63,6.78,5.84,6.57,,,,,,,,
Edelweiss Financial Services Fund-Reg(G),50500,Edelweiss Mutual Fund,-5.15,-5.76,1.21,,Nifty Financial Services - TRI,,,,,,16,27,27,,,,,Edelweiss Financial Services Fund-Reg(G),Equity : Sectoral - Financial Services,24,28,28,28,23,17,13,11,-4.0,-4.78,-3.54,5.32,2.41,10.9,9.73,11.13,,,,,,,,
Baroda BNP Paribas Equity Savings Fund-Reg(G),42783,Baroda BNP Paribas Mutual Fund,-1.97,0.14,3.86,3.57,NIFTY 50 Equity Savings Index - TRI,8.1,6.92,,0.62,17,23,17,11,10,5,9,,Baroda BNP Paribas Equity Savings Fund-Reg(G),Hybrid : Equity Savings,24,24,24,24,24,21,21,14,1.27,-1.02,0.5,3.63,3.17,7.57,6.8,7.45,,,,,,,,
Helios Balanced Advantage Fund-Reg(G),48678,Helios Mutual Fund,-2.9,-0.26,4.88,1.06,CRISIL Hybrid 50+50 - Moderate Index,,,,-2.73,24,26,18,13,18,,,,Helios Balanced Advantage Fund-Reg(G),Hybrid : Dynamic Asset Allocation,37,38,38,38,37,30,22,11,-1.63,-2.48,-0.35,4.38,0.68,8.22,7.48,8.98,,,,,,,,
Aditya Birla SL Nifty Next 50 Index Fund-Reg(G),46360,Aditya Birla Sun Life Mutual Fund,-3.69,-0.46,12.98,5.14,NIFTY NEXT 50 - TRI,16.47,,,3.7,33,85,60,39,45,21,,,Aditya Birla SL Nifty Next 50 Index Fund-Reg(G),Equity : Index Funds,228,253,245,234,219,101,45,18,-3.26,-4.15,-1.59,6.96,-0.34,10.34,8.4,10.7,,,,,,,,
Edelweiss Nifty 50 Index Fund-Reg(G),45957,Edelweiss Mutual Fund,-4.92,-3.58,-0.15,-6.45,NIFTY 50 - TRI,6.11,,,-10.91,191,196,179,194,172,85,,,Edelweiss Nifty 50 Index Fund-Reg(G),Equity : Index Funds,228,253,245,234,219,101,45,18,-3.26,-4.15,-1.59,6.96,-0.34,10.34,8.4,10.7,,,,,,,,
Axis Retirement Fund-Dynamic Plan-Reg(G),43842,Axis Mutual Fund,-3.27,-0.72,6.18,-1.94,CRISIL Hybrid 35+65 - Aggressive Index,10.39,6.14,,-3.27,30,32,20,8,31,4,19,,Axis Retirement Fund-Dynamic Plan-Reg(G),Hybrid : Dynamic Asset Allocation,37,38,38,38,37,30,22,11,-1.63,-2.48,-0.35,4.38,0.68,8.22,7.48,8.98,,,,,,,,
Edelweiss Nifty Smallcap 250 Index Fund-Reg(G),47167,Edelweiss Mutual Fund,-1.05,2.64,21.5,6.16,Nifty Smallcap 250 - TRI,14.15,,,8.68,16,15,23,15,26,23,,,Edelweiss Nifty Smallcap 250 Index Fund-Reg(G),Equity : Index Funds,228,253,245,234,219,101,45,18,-3.26,-4.15,-1.59,6.96,-0.34,10.34,8.4,10.7,,,,,,,,
Canara Rob Short Term Fund-Reg(G),12382,Canara Robeco Mutual Fund,0.1,0.98,2.79,4.62,CRISIL Short Duration Debt Index,6.31,5.38,6.15,3.33,15,14,8,22,21,22,20,12,Canara Rob Short Term Fund-Reg(G),Debt : Short Duration,32,33,32,32,32,25,23,18,3.45,0.12,0.88,2.91,4.9,6.61,5.86,6.24,,,,,,,,
ICICI Pru Nifty Infrastructure ETF,45998,ICICI Prudential Mutual Fund,-4.7,-5.12,1.13,-1.03,Nifty Infrastructure - TRI,13.58,,,-6.53,143,166,242,167,114,42,,,ICICI Pru Nifty Infrastructure ETF,Equity : ETFs,232,273,256,246,208,137,85,42,-3.6,-4.03,-1.43,6.06,0.15,10.34,8.93,11.73,,,,,,,,
Edelweiss Europe Dynamic Equity Off-shore Fund-Reg(G),24618,Edelweiss Mutual Fund,-3.37,2.18,9.32,22.7,MSCI Europe Index (Total Return Net),24.95,14.86,12.34,11.7,41,42,35,42,32,27,14,9,Edelweiss Europe Dynamic Equity Off-shore Fund-Reg(G),FoFs : Overseas,54,55,55,55,54,53,38,23,18.34,0.21,3.61,15.81,24.5,25.31,13.29,11.62,,,,,,,,
Groww BSE Power ETF,50007,Groww Mutual Fund,-2.8,-8.62,6.52,8.88,BSE Power Index - TRI,,,,13.36,15,51,255,97,26,,,,Groww BSE Power ETF,Equity : ETFs,232,273,256,246,208,137,85,42,-3.6,-4.03,-1.43,6.06,0.15,10.34,8.93,11.73,,,,,,,,
Aditya Birla SL Global Emerging Opp Fund(G),6063,Aditya Birla Sun Life Mutual Fund,1.56,-0.79,17.33,18.88,S&P Global 1200,20.53,9.79,11.12,17.99,29,20,42,22,38,37,27,15,Aditya Birla SL Global Emerging Opp Fund(G),FoFs : Overseas,54,55,55,55,54,53,38,23,18.34,0.21,3.61,15.81,24.5,25.31,13.29,11.62,,,,,,,,
Franklin India Ultra Short Term Fund-Reg(G),49073,Franklin Templeton Mutual Fund,0.49,1.52,3.3,6.05,NIFTY Ultra Short Duration Debt Index,,,,4.45,18,23,24,26,17,,,,Franklin India Ultra Short Term Fund-Reg(G),Debt : Ultra Short Duration,31,34,33,32,31,24,24,13,4.54,0.49,1.56,3.46,6.12,6.65,6.0,5.88,,,,,,,,
Franklin India Floating Interest Rates Fund(G),3392,Franklin Templeton Mutual Fund,0.26,1.35,2.82,5.86,Nifty Short Duration Debt Index,7.24,6.42,6.25,4.11,5,3,2,12,6,3,5,5,Franklin India Floating Interest Rates Fund(G),Debt : Floater,12,12,12,12,12,12,12,5,4.1,0.16,1.06,3.2,5.76,7.18,6.36,6.78,,,,,,,,
Invesco India Equity Savings Fund-Reg(G),41505,Invesco Mutual Fund,-1.34,0.12,3.3,-1.85,NIFTY 50 Equity Savings Index,6.99,5.67,,-1.18,22,18,18,12,24,15,16,,Invesco India Equity Savings Fund-Reg(G),Hybrid : Equity Savings,24,24,24,24,24,21,21,14,1.27,-1.02,0.5,3.63,3.17,7.57,6.8,7.45,,,,,,,,
SBI FMP-57-1835D-Reg(G),46158,SBI Mutual Fund,0.44,1.33,2.81,5.87,CRISIL Medium to Long Term Debt Index,7.25,,,4.03,16,9,11,13,10,17,,,SBI FMP-57-1835D-Reg(G),Debt : FTP/FMP,49,51,50,49,49,49,16,2,3.47,0.27,1.15,2.75,5.55,7.14,6.12,5.77,,,,,,,,
DSP CRISIL-IBX 50:50 Gilt Plus SDL - April 2033 Index Fund-Reg(G),47476,DSP Mutual Fund,-1.15,-0.24,2.27,3.76,CRISIL-IBX 50:50 Gilt Plus SDL Index - April 2033,6.8,,,2.9,7,17,9,17,8,7,,,DSP CRISIL-IBX 50:50 Gilt Plus SDL - April 2033 Index Fund-Reg(G),Debt : Long Duration,25,27,25,25,25,19,3,2,2.17,-1.06,-0.5,2.55,3.05,6.26,4.81,5.99,,,,,,,,
ITI Pharma & Healthcare Fund-Reg(G),45724,ITI Mutual Fund,1.06,6.53,21.01,13.15,Nifty Healthcare Index - TRI,19.08,,,16.26,14,8,14,11,16,10,,,ITI Pharma & Healthcare Fund-Reg(G),Equity : Sectoral - Pharma,21,21,21,21,20,12,9,4,18.65,0.58,6.96,21.05,18.29,21.08,14.12,13.63,,,,,,,,
SBI FMP-55-1849D-Reg(G),46075,SBI Mutual Fund,0.45,1.34,2.8,5.9,CRISIL Medium to Long Term Debt Index,7.22,,,4.06,12,6,8,14,8,20,,,SBI FMP-55-1849D-Reg(G),Debt : FTP/FMP,49,51,50,49,49,49,16,2,3.47,0.27,1.15,2.75,5.55,7.14,6.12,5.77,,,,,,,,
Edelweiss Emerging Markets Opp Eq. Offshore Fund-Reg(G),20281,Edelweiss Mutual Fund,2.45,-0.1,21.16,44.41,MSCI Emerging Market Index,28.71,11.5,11.44,34.81,6,14,40,14,5,15,22,14,Edelweiss Emerging Markets Opp Eq. Offshore Fund-Reg(G),FoFs : Overseas,54,55,55,55,54,53,38,23,18.34,0.21,3.61,15.81,24.5,25.31,13.29,11.62,,,,,,,,
Zerodha Nifty Midcap 150 ETF,48886,Zerodha Mutual Fund,-4.56,-1.01,10.67,6.14,Nifty Midcap 150 - TRI,,,,1.71,54,143,82,58,40,,,,Zerodha Nifty Midcap 150 ETF,Equity : ETFs,232,273,256,246,208,137,85,42,-3.6,-4.03,-1.43,6.06,0.15,10.34,8.93,11.73,,,,,,,,
Baroda BNP Paribas Corp Bond Fund(G),6932,Baroda BNP Paribas Mutual Fund,0.15,1.03,3.64,5.47,CRISIL Corporate Bond Index,7.37,5.88,5.6,3.95,2,3,3,1,3,2,9,13,Baroda BNP Paribas Corp Bond Fund(G),Debt : Corporate Bond,21,21,21,21,21,21,19,13,3.17,0.0,0.66,2.88,4.63,6.78,5.84,6.57,,,,,,,,
Kotak Energy Opportunities Fund-Reg(G),49185,Kotak Mahindra Mutual Fund,-2.01,-2.65,5.65,2.82,NIFTY ENERGY - TRI,,,,2.51,6,4,6,6,6,,,,Kotak Energy Opportunities Fund-Reg(G),Equity : Sectoral - Energy / Power,8,8,8,8,8,4,4,4,4.78,-2.25,-1.88,8.0,7.3,16.31,14.88,16.22,,,,,,,,
LIC MF Banking & Financial Services Fund-Reg(G),19955,LIC Mutual Fund,-6.82,-4.5,1.8,-1.08,Nifty Financial Services - TRI,5.57,7.88,7.18,-7.97,24,28,19,24,20,17,12,11,LIC MF Banking & Financial Services Fund-Reg(G),Equity : Sectoral - Financial Services,24,28,28,28,23,17,13,11,-4.0,-4.78,-3.54,5.32,2.41,10.9,9.73,11.13,,,,,,,,
Motilal Oswal Nifty Realty ETF,48548,Motilal Oswal Mutual Fund,-5.21,5.87,26.25,-0.38,NIFTY REALTY - TRI,,,,-0.53,77,229,10,4,106,,,,Motilal Oswal Nifty Realty ETF,Equity : ETFs,232,273,256,246,208,137,85,42,-3.6,-4.03,-1.43,6.06,0.15,10.34,8.93,11.73,,,,,,,,
WOC Equity Savings Fund-Reg(G),49513,WhiteOak Capital Mutual Fund,-0.91,1.31,4.05,4.66,NIFTY 50 Equity Savings Index - TRI,,,,2.02,5,9,4,9,4,,,,WOC Equity Savings Fund-Reg(G),Hybrid : Equity Savings,24,24,24,24,24,21,21,14,1.27,-1.02,0.5,3.63,3.17,7.57,6.8,7.45,,,,,,,,
Bank of India Banking & Financial Services Fund-Reg(G),50494,Bank of India Mutual Fund,-5.66,-6.23,0.32,,Nifty Financial Services - TRI,,,,,,24,28,28,,,,,Bank of India Banking & Financial Services Fund-Reg(G),Equity : Sectoral - Financial Services,24,28,28,28,23,17,13,11,-4.0,-4.78,-3.54,5.32,2.41,10.9,9.73,11.13,,,,,,,,
SBI FMP-58-1842D-Reg(G),46201,SBI Mutual Fund,0.41,1.29,2.75,5.88,CRISIL Medium to Long Term Debt Index,7.25,,,4.12,6,28,24,21,9,16,,,SBI FMP-58-1842D-Reg(G),Debt : FTP/FMP,49,51,50,49,49,49,16,2,3.47,0.27,1.15,2.75,5.55,7.14,6.12,5.77,,,,,,,,
Tata Income Plus Arbitrage Active FOF-Reg(G),49848,Tata Mutual Fund,0.16,0.88,2.8,5.05,CRISIL Composite Bond Index,,,,3.5,45,16,72,92,57,,,,Tata Income Plus Arbitrage Active FOF-Reg(G),FoFs : Domestic,108,135,127,125,99,61,41,27,2.81,-3.15,2.04,5.11,14.87,17.1,10.87,10.45,,,,,,,,
Aditya Birla SL BSE Sensex ETF,35815,Aditya Birla Sun Life Mutual Fund,-4.82,-3.86,-1.06,-7.99,BSE SENSEX - TRI,4.97,5.44,10.02,-12.54,202,178,195,203,176,115,73,40,Aditya Birla SL BSE Sensex ETF,Equity : ETFs,232,273,256,246,208,137,85,42,-3.6,-4.03,-1.43,6.06,0.15,10.34,8.93,11.73,,,,,,,,
UTI Nifty Midcap 150 Quality 50 Index Fund-Reg(G),45718,UTI Mutual Fund,-4.94,-2.64,8.6,-3.04,NIFTY Midcap150 Quality 50 - TRI,7.61,,,-2.23,96,205,146,84,144,61,,,UTI Nifty Midcap 150 Quality 50 Index Fund-Reg(G),Equity : Index Funds,228,253,245,234,219,101,45,18,-3.26,-4.15,-1.59,6.96,-0.34,10.34,8.4,10.7,,,,,,,,
HDFC FMP-Sr 46-1406D-Aug 2022-Reg(G),46755,HDFC Mutual Fund,0.44,1.3,2.61,5.41,NIFTY Long Duration Debt Index,6.9,,,2.58,42,14,20,37,36,42,,,HDFC FMP-Sr 46-1406D-Aug 2022-Reg(G),Debt : FTP/FMP,49,51,50,49,49,49,16,2,3.47,0.27,1.15,2.75,5.55,7.14,6.12,5.77,,,,,,,,
Mirae Asset Nifty India Manufacturing ETF,45869,Mirae Asset Mutual Fund,-4.23,-0.06,9.05,6.41,Nifty India Manufacturing - TRI,17.91,,,3.47,42,133,56,75,36,15,,,Mirae Asset Nifty India Manufacturing ETF,Equity : ETFs,232,273,256,246,208,137,85,42,-3.6,-4.03,-1.43,6.06,0.15,10.34,8.93,11.73,,,,,,,,
Kotak CRISIL-IBX Financial Services 3-6 Months Debt Index Fund-Reg(G),49672,Kotak Mahindra Mutual Fund,0.46,1.62,3.71,6.51,CRISIL-IBX Financial Services 3-6 Months Debt Index,,,,4.83,5,31,9,6,5,,,,Kotak CRISIL-IBX Financial Services 3-6 Months Debt Index Fund-Reg(G),Debt : Ultra Short Duration,31,34,33,32,31,24,24,13,4.54,0.49,1.56,3.46,6.12,6.65,6.0,5.88,,,,,,,,
SBI FMP-60-1878D-Reg(G),46397,SBI Mutual Fund,0.38,1.29,2.81,5.94,CRISIL Medium to Long Term Debt Index,7.35,,,4.16,4,34,23,10,4,9,,,SBI FMP-60-1878D-Reg(G),Debt : FTP/FMP,49,51,50,49,49,49,16,2,3.47,0.27,1.15,2.75,5.55,7.14,6.12,5.77,,,,,,,,
UTI CRISIL SDL Maturity April 2033 Index Fund-Reg(G),47337,UTI Mutual Fund,-0.86,0.12,2.45,4.11,CRISIL IBX SDL Index - April 2033,6.66,,,3.46,2,5,3,12,5,8,,,UTI CRISIL SDL Maturity April 2033 Index Fund-Reg(G),Debt : Long Duration,25,27,25,25,25,19,3,2,2.17,-1.06,-0.5,2.55,3.05,6.26,4.81,5.99,,,,,,,,
JioBlackRock Nifty 50 Index Fund-Reg(G),51172,Jio BlackRock Mutual Fund,-4.92,,,,NIFTY 50 - TRI,,,,,,197,,,,,,,JioBlackRock Nifty 50 Index Fund-Reg(G),Equity : Index Funds,228,253,245,234,219,101,45,18,-3.26,-4.15,-1.59,6.96,-0.34,10.34,8.4,10.7,,,,,,,,
ICICI Pru Nifty50 Equal Weight Index Fund-Reg(G),46902,ICICI Prudential Mutual Fund,-4.77,-2.67,3.47,-0.93,NIFTY50 Equal Weight - TRI,10.23,,,-4.9,134,166,148,159,114,49,,,ICICI Pru Nifty50 Equal Weight Index Fund-Reg(G),Equity : Index Funds,228,253,245,234,219,101,45,18,-3.26,-4.15,-1.59,6.96,-0.34,10.34,8.4,10.7,,,,,,,,
Bandhan Nifty 100 Index Fund-Reg(G),46119,Bandhan Mutual Fund,-4.7,-3.05,2.08,-4.55,NIFTY 100 - TRI,7.87,,,-8.54,166,146,157,172,151,59,,,Bandhan Nifty 100 Index Fund-Reg(G),Equity : Index Funds,228,253,245,234,219,101,45,18,-3.26,-4.15,-1.59,6.96,-0.34,10.34,8.4,10.7,,,,,,,,
Quantum Small Cap Fund-Reg(G),48248,Quantum Mutual Fund,-1.02,2.11,18.86,8.49,BSE 250 Small Cap - TRI,,,,7.45,29,28,33,29,22,,,,Quantum Small Cap Fund-Reg(G),Equity : Small Cap,33,36,36,36,31,24,23,13,14.42,-0.14,5.3,25.2,12.13,15.61,15.16,16.28,,,,,,,,
Quant Teck Fund-Reg(G),48195,Quant Mutual Fund,-6.8,-1.78,24.76,-9.66,NIFTY IT - TRI,2.0,,,-6.47,4,9,13,2,7,7,,,Quant Teck Fund-Reg(G),Equity : Sectoral - Technology,12,13,13,13,12,7,5,5,-10.68,-4.97,6.29,11.37,-7.14,4.09,2.44,15.63,,,,,,,,
Tata Nifty India Tourism Index Fund-Reg(G),48992,Tata Mutual Fund,-3.58,-3.21,10.97,-14.44,Nifty India Tourism Index - TRI,,,,-10.04,179,72,166,55,212,,,,Tata Nifty India Tourism Index Fund-Reg(G),Equity : Index Funds,228,253,245,234,219,101,45,18,-3.26,-4.15,-1.59,6.96,-0.34,10.34,8.4,10.7,,,,,,,,
ICICI Pru Multi Sector Passive FOF(G),1698,ICICI Prudential Mutual Fund,-2.95,-1.54,6.15,2.41,NIFTY 500 - TRI,11.67,10.49,12.06,-3.57,96,55,113,34,79,32,16,7,ICICI Pru Multi Sector Passive FOF(G),FoFs : Domestic,108,135,127,125,99,61,41,27,2.81,-3.15,2.04,5.11,14.87,17.1,10.87,10.45,,,,,,,,
Franklin India Short Term Fund-Reg(G),50945,Franklin Templeton Mutual Fund,0.31,,,,Nifty Short Duration Debt Index,,,,,,7,,,,,,,Franklin India Short Term Fund-Reg(G),Debt : Short Duration,32,33,32,32,32,25,23,18,3.45,0.12,0.88,2.91,4.9,6.61,5.86,6.24,,,,,,,,
Mahindra Manulife Innovation Opportunities Fund-Reg(G),50268,Mahindra Manulife Mutual Fund,-4.29,-0.52,12.29,,NIFTY 500 - TRI,,,,,,86,67,51,,,,,Mahindra Manulife Innovation Opportunities Fund-Reg(G),Equity : Thematic,112,120,117,117,108,51,33,9,2.18,-3.04,1.09,11.89,4.44,13.34,11.3,12.9,,,,,,,,
SBI LT Advantage Fund-VI-Reg(G),39495,SBI Mutual Fund,-2.68,-0.48,10.95,-0.61,BSE 500,9.24,11.49,,-1.81,23,14,20,18,24,35,15,,SBI LT Advantage Fund-VI-Reg(G),Equity : Tax Saving (ELSS),53,53,53,53,53,52,47,30,-2.04,-3.49,-0.87,8.56,-0.32,10.55,10.24,12.18,-4.19,-2.16,5.07,-2.22,8.89,7.9,13.5,-7.82
Nippon India Nifty IT Index Fund-Reg(G),48568,Nippon India Mutual Fund,-8.54,3.05,-4.8,-17.54,NIFTY IT - TRI,,,,-25.15,226,250,17,231,216,,,,Nippon India Nifty IT Index Fund-Reg(G),Equity : Index Funds,228,253,245,234,219,101,45,18,-3.26,-4.15,-1.59,6.96,-0.34,10.34,8.4,10.7,,,,,,,,
Samco Flexi Cap Fund-Reg(G),46217,Samco Mutual Fund,-3.76,-3.46,3.95,-7.06,NIFTY 500 - TRI,-4.48,,,-4.53,40,33,55,47,51,47,,,Samco Flexi Cap Fund-Reg(G),Equity : Flexi Cap,55,58,56,56,53,47,36,24,-0.83,-3.33,0.32,9.42,1.07,10.83,9.29,11.79,,,,,,,,
Sundaram Banking and PSU Debt Fund(G),2960,Sundaram Mutual Fund,0.07,0.73,2.88,4.72,NIFTY Banking and PSU Debt Index,6.84,5.81,6.32,3.21,8,9,9,10,8,4,8,14,Sundaram Banking and PSU Debt Fund(G),Debt : Banking & PSU,21,21,21,21,21,20,18,16,3.22,0.08,0.74,2.9,4.74,6.68,5.83,6.66,,,,,,,,
Bank of India Short Term Fund-Reg(G),7456,Bank of India Mutual Fund,0.07,0.92,2.87,4.63,CRISIL Short Duration Debt Index,6.98,10.27,5.17,3.31,17,17,12,17,20,6,1,18,Bank of India Short Term Fund-Reg(G),Debt : Short Duration,32,33,32,32,32,25,23,18,3.45,0.12,0.88,2.91,4.9,6.61,5.86,6.24,,,,,,,,
Nippon India ETF Nifty 5 yr Benchmark G-Sec,45428,Nippon India Mutual Fund,-0.79,0.11,2.92,4.49,Nifty 5 yr Benchmark G-Sec Index TRI,7.42,6.12,,3.45,13,22,18,2,17,1,3,,Nippon India ETF Nifty 5 yr Benchmark G-Sec,Debt : ETFs,31,34,31,31,30,15,10,4,3.01,-0.35,0.44,2.25,4.33,6.47,5.55,5.58,,,,,,,,
SBI Nifty India Consumption Index Fund-Reg(G),49106,SBI Mutual Fund,-5.68,-1.35,6.21,-6.92,Nifty India Consumption - TRI,,,,-7.09,158,232,87,108,182,,,,SBI Nifty India Consumption Index Fund-Reg(G),Equity : Index Funds,228,253,245,234,219,101,45,18,-3.26,-4.15,-1.59,6.96,-0.34,10.34,8.4,10.7,,,,,,,,
Kotak Nifty AAA Bond Financial Services Mar 2028 Index Fund-Reg(G),49469,Kotak Mahindra Mutual Fund,0.34,1.3,3.15,5.45,Nifty AAA Financial Services Bond Mar 2028 Index,,,,3.7,7,6,6,7,7,,,,Kotak Nifty AAA Bond Financial Services Mar 2028 Index Fund-Reg(G),Debt : Short Duration,32,33,32,32,32,25,23,18,3.45,0.12,0.88,2.91,4.9,6.61,5.86,6.24,,,,,,,,
Mirae Asset Nifty Smallcap 250 Momentum Quality 100 ETF FoF-Reg(G),48497,Mirae Asset Mutual Fund,-0.16,4.74,23.06,6.0,Nifty Smallcap250 Momentum Quality 100 - TRI,,,,10.06,14,24,41,2,40,,,,Mirae Asset Nifty Smallcap 250 Momentum Quality 100 ETF FoF-Reg(G),FoFs : Domestic,108,135,127,125,99,61,41,27,2.81,-3.15,2.04,5.11,14.87,17.1,10.87,10.45,,,,,,,,
Motilal Oswal Quant Fund-Reg(G),48806,Motilal Oswal Mutual Fund,-5.96,-0.89,4.52,-2.39,NIFTY 200 - TRI,,,,-4.01,83,117,74,90,83,,,,Motilal Oswal Quant Fund-Reg(G),Equity : Thematic,112,120,117,117,108,51,33,9,2.18,-3.04,1.09,11.89,4.44,13.34,11.3,12.9,,,,,,,,
SBI Retirement Benefit Fund-Conservative Hybrid Plan-Reg(G),30400,SBI Mutual Fund,-1.4,0.0,5.08,1.61,CRISIL Hybrid 65+35 - Conservative Index,6.44,7.04,,0.19,17,19,11,2,17,18,9,,SBI Retirement Benefit Fund-Conservative Hybrid Plan-Reg(G),Hybrid : Conservative Hybrid,27,27,27,27,27,27,27,21,0.82,-1.18,-0.16,3.0,2.31,6.88,6.44,6.9,,,,,,,,
Motilal Oswal Nifty Smallcap 250 ETF,48657,Motilal Oswal Mutual Fund,-1.0,2.78,21.75,6.75,Nifty Smallcap 250 - TRI,,,,9.05,26,20,39,17,32,,,,Motilal Oswal Nifty Smallcap 250 ETF,Equity : ETFs,232,273,256,246,208,137,85,42,-3.6,-4.03,-1.43,6.06,0.15,10.34,8.93,11.73,,,,,,,,
ICICI Pru Nifty Auto Index Fund-Reg(G),45995,ICICI Prudential Mutual Fund,-7.76,0.31,8.03,0.87,NIFTY AUTO - TRI,18.36,,,-3.98,9,9,8,9,8,3,,,ICICI Pru Nifty Auto Index Fund-Reg(G),Equity : Sectoral - Auto,10,11,10,10,10,5,1,1,3.61,-5.03,4.97,15.41,6.29,19.52,18.61,11.14,,,,,,,,
DSP Medium Term Fund-Reg(G),637,DSP Mutual Fund,-0.7,0.24,2.63,3.95,CRISIL Medium Duration Debt Index,6.68,5.7,5.54,2.69,20,23,22,17,19,18,9,9,DSP Medium Term Fund-Reg(G),Debt : Medium Duration,22,23,23,22,22,22,13,12,3.74,0.01,0.88,2.92,5.3,7.09,6.23,6.18,,,,,,,,
The Wealth Company Flexi Cap Fund-Reg(G),50284,The Wealth Company Mutual Fund,-4.0,-2.24,5.89,,NIFTY 500 - TRI,,,,-5.13,44,36,45,41,,,,,The Wealth Company Flexi Cap Fund-Reg(G),Equity : Flexi Cap,55,58,56,56,53,47,36,24,-0.83,-3.33,0.32,9.42,1.07,10.83,9.29,11.79,,,,,,,,
Kotak Nifty Smallcap 50 Index Fund-Reg(G),46631,Kotak Mahindra Mutual Fund,-0.74,6.4,26.54,13.33,Nifty Smallcap 50 - TRI,18.93,,,14.37,10,8,4,2,12,5,,,Kotak Nifty Smallcap 50 Index Fund-Reg(G),Equity : Index Funds,228,253,245,234,219,101,45,18,-3.26,-4.15,-1.59,6.96,-0.34,10.34,8.4,10.7,,,,,,,,
UTI Credit Risk Fund-Reg(G),14960,UTI Mutual Fund,0.15,1.2,3.17,5.67,CRISIL Credit Risk Debt Index,6.96,7.61,2.57,4.04,12,8,10,12,12,13,6,11,UTI Credit Risk Fund-Reg(G),Debt : Credit Risk,15,15,15,15,15,15,15,12,5.72,0.13,1.25,4.35,7.51,8.7,8.78,6.15,,,,,,,,
Edelweiss US Value Equity Offshore Fund-Reg(G),21920,Edelweiss Mutual Fund,-2.64,2.26,14.37,26.93,Russell 1000 Index,19.57,13.73,13.17,18.58,27,39,34,30,24,39,16,7,Edelweiss US Value Equity Offshore Fund-Reg(G),FoFs : Overseas,54,55,55,55,54,53,38,23,18.34,0.21,3.61,15.81,24.5,25.31,13.29,11.62,,,,,,,,
JM ELSS-Tax Saver Fund(G),4198,JM Financial Mutual Fund,-1.85,4.48,18.68,7.31,BSE 500 - TRI,15.16,12.44,14.77,4.09,11,7,2,4,6,5,13,4,JM ELSS-Tax Saver Fund(G),Equity : Tax Saving (ELSS),53,53,53,53,53,52,47,30,-2.04,-3.49,-0.87,8.56,-0.32,10.55,10.24,12.18,,,,,,,,
Aditya Birla SL Dynamic Asset Allocation Omni FOF(G),8303,Aditya Birla Sun Life Mutual Fund,-2.09,0.69,7.39,3.89,CRISIL Hybrid 50+50 - Moderate Index,12.02,10.52,11.42,0.94,70,40,76,28,70,29,15,9,Aditya Birla SL Dynamic Asset Allocation Omni FOF(G),FoFs : Domestic,108,135,127,125,99,61,41,27,2.81,-3.15,2.04,5.11,14.87,17.1,10.87,10.45,,,,,,,,
Axis FMP-130-92D-Reg(G),50784,Axis Mutual Fund,0.51,,,,CRISIL Ultra Short Term Debt Index,,,,,,2,,,,,,,Axis FMP-130-92D-Reg(G),Debt : FTP/FMP,49,51,50,49,49,49,16,2,3.47,0.27,1.15,2.75,5.55,7.14,6.12,5.77,,,,,,,,
Nippon India FMP-XLIII-1-1755D(IDCW),45796,Nippon India Mutual Fund,0.42,1.36,2.62,5.44,CRISIL Medium Duration Debt Index,6.94,,,2.58,43,26,7,35,34,37,,,Nippon India FMP-XLIII-1-1755D(IDCW),Debt : FTP/FMP,49,51,50,49,49,49,16,2,3.47,0.27,1.15,2.75,5.55,7.14,6.12,5.77,,,,,,,,
SBI FMP-45-1840D-Reg(G),45580,SBI Mutual Fund,0.44,1.28,2.6,5.45,CRISIL Medium to Long Term Debt Index,6.97,6.07,,2.57,44,16,26,39,32,35,10,,SBI FMP-45-1840D-Reg(G),Debt : FTP/FMP,49,51,50,49,49,49,16,2,3.47,0.27,1.15,2.75,5.55,7.14,6.12,5.77,,,,,,,,
Kotak Dividend Yield Fund-Reg(G),50188,Kotak Mahindra Mutual Fund,-4.9,-3.03,1.51,,NIFTY 500 - TRI,,,,,,11,10,9,,,,,Kotak Dividend Yield Fund-Reg(G),Equity : Thematic - Dividend Yield,10,11,11,11,10,9,8,5,-3.23,-3.53,-1.33,5.12,0.13,11.44,11.5,12.77,,,,,,,,
UTI Nifty Private Bank Index Fund-Reg(G),49146,UTI Mutual Fund,-2.14,-5.06,5.52,-0.09,Nifty Private Bank - TRI,,,,-6.54,147,25,234,115,99,,,,UTI Nifty Private Bank Index Fund-Reg(G),Equity : Index Funds,228,253,245,234,219,101,45,18,-3.26,-4.15,-1.59,6.96,-0.34,10.34,8.4,10.7,,,,,,,,
Aditya Birla SL FTP-TQ-1879D-Reg(G),46536,Aditya Birla Sun Life Mutual Fund,0.35,1.26,2.79,5.77,CRISIL Medium to Long Term Debt Index,7.33,,,4.06,13,36,29,17,15,13,,,Aditya Birla SL FTP-TQ-1879D-Reg(G),Debt : FTP/FMP,49,51,50,49,49,49,16,2,3.47,0.27,1.15,2.75,5.55,7.14,6.12,5.77,,,,,,,,
ICICI Pru Nifty Healthcare ETF,45383,ICICI Prudential Mutual Fund,0.48,4.65,15.12,15.8,Nifty Healthcare Index - TRI,21.25,13.69,,14.36,12,7,21,32,10,8,12,,ICICI Pru Nifty Healthcare ETF,Equity : ETFs,232,273,256,246,208,137,85,42,-3.6,-4.03,-1.43,6.06,0.15,10.34,8.93,11.73,,,,,,,,
Unifi Flexi Cap Fund-Reg(G),49807,Unifi Mutual Fund,0.16,2.66,13.25,6.52,NIFTY 500 - TRI,,,,3.31,13,2,9,18,9,,,,Unifi Flexi Cap Fund-Reg(G),Equity : Flexi Cap,55,58,56,56,53,47,36,24,-0.83,-3.33,0.32,9.42,1.07,10.83,9.29,11.79,,,,,,,,
Axis Nifty500 Value 50 Index Fund-Reg(G),37710,Axis Mutual Fund,-2.76,-3.15,2.22,9.1,NIFTY500 Value 50 - TRI,,,,1.1,60,36,162,169,17,,,,Axis Nifty500 Value 50 Index Fund-Reg(G),Equity : Index Funds,228,253,245,234,219,101,45,18,-3.26,-4.15,-1.59,6.96,-0.34,10.34,8.4,10.7,,,,,,,,
Nippon India Nifty Bank Index Fund-Reg(G),48148,Nippon India Mutual Fund,-3.43,-4.49,3.68,0.81,NIFTY BANK - TRI,,,,-6.75,152,53,225,147,86,,,,Nippon India Nifty Bank Index Fund-Reg(G),Equity : Index Funds,228,253,245,234,219,101,45,18,-3.26,-4.15,-1.59,6.96,-0.34,10.34,8.4,10.7,,,,,,,,
Bank of India Large Cap Fund-Reg(G),45571,Bank of India Mutual Fund,-2.82,-0.54,7.19,2.99,NIFTY 100 - TRI,11.46,7.78,,-0.78,4,3,5,5,3,4,9,,Bank of India Large Cap Fund-Reg(G),Equity : Large Cap,33,35,34,34,33,30,28,23,-6.14,-4.26,-1.72,3.8,-2.94,8.89,7.38,10.73,,,,,,,,
Samco Multi Cap Fund-Reg(G),49152,Samco Mutual Fund,0.34,4.2,11.47,-3.66,Nifty500 Multicap 50:25:25 - TRI,,,,0.9,20,1,5,20,33,,,,Samco Multi Cap Fund-Reg(G),Equity : Multi Cap,33,33,33,33,33,22,10,7,3.1,-2.77,1.52,13.44,4.67,13.3,11.47,13.51,,,,,,,,
Invesco India - Invesco Pan European Equity FoF-Reg(G),24619,Invesco Mutual Fund,-4.33,3.53,14.98,31.09,MSCI Europe Index (Total Return Net),21.01,15.07,11.67,19.71,26,46,29,27,18,36,13,12,Invesco India - Invesco Pan European Equity FoF-Reg(G),FoFs : Overseas,54,55,55,55,54,53,38,23,18.34,0.21,3.61,15.81,24.5,25.31,13.29,11.62,,,,,,,,
Axis CRISIL-IBX Financial Services 3-6 Months Debt Index Fund-Reg(G),49971,Axis Mutual Fund,0.49,1.65,3.76,6.69,CRISIL-IBX Financial Services 3-6 Months Debt Index,,,,4.93,4,25,7,5,4,,,,Axis CRISIL-IBX Financial Services 3-6 Months Debt Index Fund-Reg(G),Debt : Ultra Short Duration,31,34,33,32,31,24,24,13,4.54,0.49,1.56,3.46,6.12,6.65,6.0,5.88,,,,,,,,
Bandhan Floating Interest Rates Fund-Reg(G),41962,Bandhan Mutual Fund,0.18,1.08,3.58,5.92,NIFTY Medium Duration Debt Index,7.2,6.21,,4.36,3,6,7,2,3,7,11,,Bandhan Floating Interest Rates Fund-Reg(G),Debt : Floater,12,12,12,12,12,12,12,5,4.1,0.16,1.06,3.2,5.76,7.18,6.36,6.78,,,,,,,,
ICICI Pru Nifty Auto ETF,46229,ICICI Prudential Mutual Fund,-7.7,0.5,8.47,1.63,NIFTY AUTO - TRI,19.27,,,-3.49,102,262,48,86,71,13,,,ICICI Pru Nifty Auto ETF,Equity : ETFs,232,273,256,246,208,137,85,42,-3.6,-4.03,-1.43,6.06,0.15,10.34,8.93,11.73,,,,,,,,
Tata BSE Select Business Groups Index Fund-Reg(G),49326,Tata Mutual Fund,-5.74,-4.04,3.09,-0.98,BSE Select Business Groups Index - TRI,,,,-7.46,159,233,213,167,115,,,,Tata BSE Select Business Groups Index Fund-Reg(G),Equity : Index Funds,228,253,245,234,219,101,45,18,-3.26,-4.15,-1.59,6.96,-0.34,10.34,8.4,10.7,,,,,,,,
Nippon India Diversified Equity Flexicap Passive FoF-Reg(G),43928,Nippon India Mutual Fund,-4.07,-2.05,4.9,-2.38,NIFTY 500 - TRI,9.08,8.22,,-5.61,104,85,117,45,92,40,29,,Nippon India Diversified Equity Flexicap Passive FoF-Reg(G),FoFs : Domestic,108,135,127,125,99,61,41,27,2.81,-3.15,2.04,5.11,14.87,17.1,10.87,10.45,,,,,,,,
Bandhan Credit Risk Fund-Reg(G),36529,Bandhan Mutual Fund,0.08,0.75,2.96,4.62,NIFTY Credit Risk Bond Index,6.17,5.25,,3.36,14,11,14,13,14,14,14,,Bandhan Credit Risk Fund-Reg(G),Debt : Credit Risk,15,15,15,15,15,15,15,12,5.72,0.13,1.25,4.35,7.51,8.7,8.78,6.15,,,,,,,,
Old Bridge Arbitrage Fund-Reg(G),50398,Old Bridge Mutual Fund,0.38,1.36,2.55,,Nifty 50 Arbitrage - TRI,,,,4.05,29,30,26,31,,,,,Old Bridge Arbitrage Fund-Reg(G),Hybrid : Arbitrage,34,38,37,36,32,25,24,15,4.25,0.41,1.37,2.79,5.98,6.56,5.9,5.56,,,,,,,,
Aditya Birla SL Global Excellence Equity FoF(G),3841,Aditya Birla Sun Life Mutual Fund,0.12,3.74,16.28,20.99,MSCI World,22.71,12.95,8.99,16.83,31,29,27,23,35,32,17,18,Aditya Birla SL Global Excellence Equity FoF(G),FoFs : Overseas,54,55,55,55,54,53,38,23,18.34,0.21,3.61,15.81,24.5,25.31,13.29,11.62,,,,,,,,
JioBlackRock Nifty Next 50 Index Fund-Reg(G),51175,Jio BlackRock Mutual Fund,-3.69,,,,NIFTY NEXT 50 - TRI,,,,,,87,,,,,,,JioBlackRock Nifty Next 50 Index Fund-Reg(G),Equity : Index Funds,228,253,245,234,219,101,45,18,-3.26,-4.15,-1.59,6.96,-0.34,10.34,8.4,10.7,,,,,,,,
Mahindra Manulife Ultra Short Term Fund-Reg(G),43845,Mahindra Manulife Mutual Fund,0.49,1.55,3.47,6.19,CRISIL Ultra Short Term Debt Index,6.83,6.15,,4.6,12,24,17,14,14,10,11,,Mahindra Manulife Ultra Short Term Fund-Reg(G),Debt : Ultra Short Duration,31,34,33,32,31,24,24,13,4.54,0.49,1.56,3.46,6.12,6.65,6.0,5.88,,,,,,,,
Union Arbitrage Fund-Reg(G),42524,Union Mutual Fund,0.45,1.53,2.95,6.05,Nifty 50 Arbitrage - TRI,6.62,5.9,,4.36,13,11,3,8,20,12,16,,Union Arbitrage Fund-Reg(G),Hybrid : Arbitrage,34,38,37,36,32,25,24,15,4.25,0.41,1.37,2.79,5.98,6.56,5.9,5.56,,,,,,,,
ICICI Pru Nifty SDL Sep 2026 Index Fund-Reg(G),47333,ICICI Prudential Mutual Fund,0.44,1.28,2.7,5.46,Nifty SDL Sep 2026 Index,6.93,,,3.91,20,5,16,32,23,37,,,ICICI Pru Nifty SDL Sep 2026 Index Fund-Reg(G),Debt : Medium to Long Duration,58,59,59,58,58,50,12,11,3.39,0.01,0.87,2.74,4.94,6.88,5.21,5.53,,,,,,,,
Axis NASDAQ 100 US Specific Equity Passive FOF-Reg(G),47017,Axis Mutual Fund,4.73,5.49,27.89,34.26,Nasdaq-100 - TRI,32.65,,,26.11,15,9,17,10,17,11,,,Axis NASDAQ 100 US Specific Equity Passive FOF-Reg(G),FoFs : Overseas,54,55,55,55,54,53,38,23,18.34,0.21,3.61,15.81,24.5,25.31,13.29,11.62,,,,,,,,
HDFC NIFTY100 Low Volatility 30 Index Fund-Reg(G),48653,HDFC Mutual Fund,-5.24,-2.7,1.57,-4.54,Nifty100 Low Volatility 30 - TRI,,,,-8.64,172,217,150,177,150,,,,HDFC NIFTY100 Low Volatility 30 Index Fund-Reg(G),Equity : Index Funds,228,253,245,234,219,101,45,18,-3.26,-4.15,-1.59,6.96,-0.34,10.34,8.4,10.7,,,,,,,,
Axis Conservative Hybrid Fund-Reg(G),9765,Axis Mutual Fund,-1.57,-0.81,1.01,0.59,NIFTY 50 Hybrid Composite Debt 15:85 Index,5.16,4.41,5.99,-1.33,24,23,22,24,23,26,26,16,Axis Conservative Hybrid Fund-Reg(G),Hybrid : Conservative Hybrid,27,27,27,27,27,27,27,21,0.82,-1.18,-0.16,3.0,2.31,6.88,6.44,6.9,,,,,,,,
Tata Nifty MidSmall Healthcare Index Fund-Reg(G),48764,Tata Mutual Fund,0.61,6.89,22.83,17.86,Nifty MidSmall Healthcare - TRI,,,,18.83,3,3,3,11,6,,,,Tata Nifty MidSmall Healthcare Index Fund-Reg(G),Equity : Index Funds,228,253,245,234,219,101,45,18,-3.26,-4.15,-1.59,6.96,-0.34,10.34,8.4,10.7,,,,,,,,
DSP Nifty 50 ETF,36811,DSP Mutual Fund,-4.88,-3.49,0.09,-6.03,NIFTY 50 - TRI,6.74,,,-10.62,180,199,173,180,150,96,,,DSP Nifty 50 ETF,Equity : ETFs,232,273,256,246,208,137,85,42,-3.6,-4.03,-1.43,6.06,0.15,10.34,8.93,11.73,,,,,,,,
Motilal Oswal Financial Services Fund-Reg(G),50600,Motilal Oswal Mutual Fund,-5.82,-1.01,9.57,,Nifty Financial Services - TRI,,,,,,26,3,3,,,,,Motilal Oswal Financial Services Fund-Reg(G),Equity : Sectoral - Financial Services,24,28,28,28,23,17,13,11,-4.0,-4.78,-3.54,5.32,2.41,10.9,9.73,11.13,,,,,,,,
Union Retirement Fund-Reg(G),45735,Union Mutual Fund,-4.21,-0.92,7.8,3.12,BSE 500 - TRI,11.63,,,0.37,24,43,39,31,21,18,,,Union Retirement Fund-Reg(G),Equity : Flexi Cap,55,58,56,56,53,47,36,24,-0.83,-3.33,0.32,9.42,1.07,10.83,9.29,11.79,,,,,,,,
ICICI Pru Nifty Financial Services Ex-Bank ETF,47166,ICICI Prudential Mutual Fund,-7.69,-3.67,5.31,2.87,Nifty Financial Services Ex-Bank - TRI,14.83,,,-4.55,114,261,190,114,63,35,,,ICICI Pru Nifty Financial Services Ex-Bank ETF,Equity : ETFs,232,273,256,246,208,137,85,42,-3.6,-4.03,-1.43,6.06,0.15,10.34,8.93,11.73,,,,,,,,
JM Ultra Short to Short Term Fund(G),1938,JM Financial Mutual Fund,0.41,1.38,3.24,5.65,CRISIL Low Duration Debt Index,6.76,6.0,5.93,4.09,15,9,13,14,15,11,12,15,JM Ultra Short to Short Term Fund(G),Debt : Low Duration,26,31,30,29,26,20,20,19,4.14,0.39,1.39,3.25,5.72,6.8,6.09,6.18,,,,,,,,
DynaSIF Active Asset Allocator Long-Short Fund-Reg(G),75061,360 ONE DynaSIF,-0.53,1.75,4.8,,CRISIL Short Term Bond Index,,,,,,12,14,9,,,,,DynaSIF Active Asset Allocator Long-Short Fund-Reg(G),Hybrid : Long - Short,10,30,27,14,,,,,5.49,-0.21,3.32,9.54,,,,,,,,,,,,
Kotak Nifty Midcap 50 ETF,45730,Kotak Mahindra Mutual Fund,-5.09,-0.49,11.27,8.22,Nifty Midcap 50 - TRI,15.06,,,1.61,57,223,76,54,29,33,,,Kotak Nifty Midcap 50 ETF,Equity : ETFs,232,273,256,246,208,137,85,42,-3.6,-4.03,-1.43,6.06,0.15,10.34,8.93,11.73,,,,,,,,
Qsif Hybrid Long-Short Fund-Reg(G),75005,Quant QSIF,19.76,24.87,33.03,,NIFTY 50 Hybrid Composite Debt 50:50 Index,,,,31.26,1,1,2,1,,,,,Qsif Hybrid Long-Short Fund-Reg(G),Hybrid : Long - Short,10,30,27,14,,,,,5.49,-0.21,3.32,9.54,,,,,,,,,,,,
Tata Nifty200 Alpha 30 Index Fund-Reg(G),49080,Tata Mutual Fund,-4.7,-0.72,10.45,4.25,Nifty200 Alpha 30 - TRI,,,,3.47,39,149,74,61,69,,,,Tata Nifty200 Alpha 30 Index Fund-Reg(G),Equity : Index Funds,228,253,245,234,219,101,45,18,-3.26,-4.15,-1.59,6.96,-0.34,10.34,8.4,10.7,,,,,,,,
PGIM India Ultra Short Term Fund(G),5925,PGIM India Mutual Fund,0.46,1.48,3.25,5.63,CRISIL Ultra Short Term Debt Index,6.38,5.81,6.74,4.21,28,30,28,29,29,20,17,2,PGIM India Ultra Short Term Fund(G),Debt : Ultra Short Duration,31,34,33,32,31,24,24,13,4.54,0.49,1.56,3.46,6.12,6.65,6.0,5.88,,,,,,,,
Helios Financial Services Fund-Reg(G),48897,Helios Mutual Fund,-5.25,-2.35,6.16,-1.84,Nifty Financial Services - TRI,,,,-6.2,19,17,5,7,21,,,,Helios Financial Services Fund-Reg(G),Equity : Sectoral - Financial Services,24,28,28,28,23,17,13,11,-4.0,-4.78,-3.54,5.32,2.41,10.9,9.73,11.13,,,,,,,,
Mirae Asset Nifty50 Equal Weight ETF,49859,Mirae Asset Mutual Fund,-4.69,-2.36,3.74,-0.17,NIFTY50 Equal Weight - TRI,,,,-4.43,113,160,121,138,100,,,,Mirae Asset Nifty50 Equal Weight ETF,Equity : ETFs,232,273,256,246,208,137,85,42,-3.6,-4.03,-1.43,6.06,0.15,10.34,8.93,11.73,,,,,,,,
Franklin India Conservative Hybrid Fund(G),1018,Franklin Templeton Mutual Fund,-0.75,0.2,2.73,1.46,CRISIL Hybrid 85+15 - Conservative Index,6.99,6.36,6.52,0.09,18,6,5,15,19,12,14,14,Franklin India Conservative Hybrid Fund(G),Hybrid : Conservative Hybrid,27,27,27,27,27,27,27,21,0.82,-1.18,-0.16,3.0,2.31,6.88,6.44,6.9,,,,,,,,
SBI Nifty Bank Index Fund-Reg(G),49104,SBI Mutual Fund,-3.42,-4.45,3.88,1.14,NIFTY BANK - TRI,,,,-6.51,145,51,223,140,84,,,,SBI Nifty Bank Index Fund-Reg(G),Equity : Index Funds,228,253,245,234,219,101,45,18,-3.26,-4.15,-1.59,6.96,-0.34,10.34,8.4,10.7,,,,,,,,
Quantum ELSS Tax Saver Fund-Reg(G),19878,Quantum Mutual Fund,-4.63,-3.77,0.73,-8.37,BSE 500 - TRI,7.81,8.11,9.49,-10.72,51,43,50,50,52,38,36,28,Quantum ELSS Tax Saver Fund-Reg(G),Equity : Tax Saving (ELSS),53,53,53,53,53,52,47,30,-2.04,-3.49,-0.87,8.56,-0.32,10.55,10.24,12.18,,,,,,,,
Mirae Asset CRISIL IBX Gilt Index - April 2033 Index Fund-Reg(G),47042,Mirae Asset Mutual Fund,-1.25,-0.43,1.98,3.26,CRISIL IBX Gilt Index - April 2033,6.84,,,2.18,20,35,26,33,18,12,,,Mirae Asset CRISIL IBX Gilt Index - April 2033 Index Fund-Reg(G),Debt : Gilt,38,38,38,38,38,34,23,21,2.34,-0.55,-0.06,2.74,3.22,5.99,4.93,5.98,,,,,,,,
ICICI Pru Balanced Hybrid Fund-Reg(G),50895,ICICI Prudential Mutual Fund,-1.08,,,,CRISIL Hybrid 50+50 - Moderate Index,,,,,,1,,,,,,,ICICI Pru Balanced Hybrid Fund-Reg(G),Hybrid : Balanced Hybrid,5,6,5,5,5,5,4,4,-0.67,-1.79,-0.36,4.03,0.5,7.43,6.29,7.31,,,,,,,,
The Wealth Company Multi Asset Allocation Fund-Reg(G),50371,The Wealth Company Mutual Fund,-1.87,1.09,7.67,,Nifty Short Duration Debt Index,,,,6.52,1,5,14,2,,,,,The Wealth Company Multi Asset Allocation Fund-Reg(G),Hybrid : Multi Asset Allocation,33,36,34,34,30,14,8,6,1.18,-3.02,0.54,4.52,7.5,13.59,12.21,12.2,,,,,,,,
SBI Equity Minimum Variance Fund-Reg(G),33878,SBI Mutual Fund,-3.8,-2.93,3.04,-3.41,NIFTY 50 - TRI,6.73,7.41,,-6.65,97,72,103,97,89,47,24,,SBI Equity Minimum Variance Fund-Reg(G),Equity : Thematic,112,120,117,117,108,51,33,9,2.18,-3.04,1.09,11.89,4.44,13.34,11.3,12.9,,,,,,,,
Titanium Equity Long-Short Fund-Reg(G),75080,Tata Titanium SIF,-2.27,1.45,,,NIFTY 500 - TRI,,,,,,21,16,,,,,,Titanium Equity Long-Short Fund-Reg(G),Hybrid : Long - Short,10,30,27,14,,,,,5.49,-0.21,3.32,9.54,,,,,,,,,,,,
Union Diversified Equity All Cap Active FOF-Reg(G),50158,Union Mutual Fund,-2.8,2.72,15.58,9.07,BSE 500 - TRI,,,,7.83,19,53,42,7,31,,,,Union Diversified Equity All Cap Active FOF-Reg(G),FoFs : Domestic,108,135,127,125,99,61,41,27,2.81,-3.15,2.04,5.11,14.87,17.1,10.87,10.45,,,,,,,,
PGIM India Aggressive Hybrid Equity Fund(G),835,PGIM India Mutual Fund,-3.23,-1.79,4.99,-3.2,CRISIL Hybrid 35+65 - Aggressive Index,7.6,4.98,7.77,-3.49,28,27,33,21,38,33,39,28,PGIM India Aggressive Hybrid Equity Fund(G),Hybrid : Aggressive Hybrid,43,44,43,43,43,41,41,28,-1.6,-2.93,-0.57,6.19,0.55,9.9,8.59,10.55,,,,,,,,
DSP Nifty500 Flexicap Quality 30 Index Fund-Reg(G),50179,DSP Mutual Fund,-5.55,-0.22,3.97,-7.92,Nifty500 Flexicap Quality 30 - TRI,,,,-9.5,177,230,47,139,192,,,,DSP Nifty500 Flexicap Quality 30 Index Fund-Reg(G),Equity : Index Funds,228,253,245,234,219,101,45,18,-3.26,-4.15,-1.59,6.96,-0.34,10.34,8.4,10.7,,,,,,,,
NJ Value Fund-Reg(G),50923,NJ Mutual Fund,-3.85,,,,NIFTY 500 - TRI,,,,,,16,,,,,,,NJ Value Fund-Reg(G),Equity : Value / Contra,23,25,24,23,23,22,20,15,-2.25,-3.2,-1.06,7.17,1.48,12.23,11.84,12.8,,,,,,,,
Apex Equity Ex-Top 100 Long-Short Fund-Reg(G),75160,Aditya Birla APEX SIF,,,,,NIFTY 500 - TRI,,,,,,,,,,,,,Apex Equity Ex-Top 100 Long-Short Fund-Reg(G),Hybrid : Long - Short,10,30,27,14,,,,,5.49,-0.21,3.32,9.54,,,,,,,,,,,,
WOC Dividend Yield Fund-Reg(G),51012,WhiteOak Capital Mutual Fund,,,,,BSE 500 - TRI,,,,,,,,,,,,,WOC Dividend Yield Fund-Reg(G),Equity : Thematic - Dividend Yield,10,11,11,11,10,9,8,5,-3.23,-3.53,-1.33,5.12,0.13,11.44,11.5,12.77,,,,,,,,
Edelweiss MSCI India Domestic & World Healthcare 45 Index Fund-Reg(G),45117,Edelweiss Mutual Fund,-0.7,7.14,17.05,23.59,MSCI India Domestic & World Healthcare 45 Index,19.84,13.63,,16.46,7,7,1,25,3,2,5,,Edelweiss MSCI India Domestic & World Healthcare 45 Index Fund-Reg(G),Equity : Index Funds,228,253,245,234,219,101,45,18,-3.26,-4.15,-1.59,6.96,-0.34,10.34,8.4,10.7,,,,,,,,
Mirae Asset Nifty200 Alpha 30 ETF FoF-Reg(G),48937,Mirae Asset Mutual Fund,-4.52,-0.88,10.37,3.98,Nifty200 Alpha 30 - TRI,,,,3.38,49,98,106,18,69,,,,Mirae Asset Nifty200 Alpha 30 ETF FoF-Reg(G),FoFs : Domestic,108,135,127,125,99,61,41,27,2.81,-3.15,2.04,5.11,14.87,17.1,10.87,10.45,,,,,,,,
Samco Small Cap Fund-Reg(G),50097,Samco Mutual Fund,10.14,20.47,36.52,,Nifty Smallcap 250 - TRI,,,,26.85,2,1,1,2,,,,,Samco Small Cap Fund-Reg(G),Equity : Small Cap,33,36,36,36,31,24,23,13,14.42,-0.14,5.3,25.2,12.13,15.61,15.16,16.28,,,,,,,,
SBI LT Advantage Fund-IV-Reg(G),36734,SBI Mutual Fund,-5.37,-4.26,1.93,-4.04,BSE 500,7.26,8.76,,-7.45,39,52,52,46,39,44,32,,SBI LT Advantage Fund-IV-Reg(G),Equity : Tax Saving (ELSS),53,53,53,53,53,52,47,30,-2.04,-3.49,-0.87,8.56,-0.32,10.55,10.24,12.18,-4.19,-2.16,5.07,-2.22,8.89,7.9,13.5,-7.82
DSP World Mining Overseas Equity Omni FoF-Reg(G),8359,DSP Mutual Fund,-8.28,12.08,10.99,51.22,MSCI ACWI Metals & Mining 30% Buffer 10/40 (1994) Net TRI,29.71,20.74,17.34,23.53,16,54,5,37,1,13,6,2,DSP World Mining Overseas Equity Omni FoF-Reg(G),FoFs : Overseas,54,55,55,55,54,53,38,23,18.34,0.21,3.61,15.81,24.5,25.31,13.29,11.62,,,,,,,,
UTI BSE Sensex Index Fund-Reg(G),46317,UTI Mutual Fund,-4.85,-3.93,-1.19,-8.27,BSE SENSEX - TRI,4.68,,,-12.72,207,169,205,208,193,91,,,UTI BSE Sensex Index Fund-Reg(G),Equity : Index Funds,228,253,245,234,219,101,45,18,-3.26,-4.15,-1.59,6.96,-0.34,10.34,8.4,10.7,,,,,,,,
Bajaj Finserv Nifty 50 ETF,48461,Bajaj Finserv Mutual Fund,-4.88,-3.5,0.05,-6.08,NIFTY 50 - TRI,,,,-10.66,188,191,180,192,159,,,,Bajaj Finserv Nifty 50 ETF,Equity : ETFs,232,273,256,246,208,137,85,42,-3.6,-4.03,-1.43,6.06,0.15,10.34,8.93,11.73,,,,,,,,
Baroda BNP Paribas Gold ETF FoF-Reg(G),50181,Baroda BNP Paribas Mutual Fund,-6.48,7.19,4.42,30.09,Gold-India,,,,11.21,13,133,14,50,26,,,,Baroda BNP Paribas Gold ETF FoF-Reg(G),FoFs : Domestic,108,135,127,125,99,61,41,27,2.81,-3.15,2.04,5.11,14.87,17.1,10.87,10.45,,,,,,,,
Edelweiss Overnight Fund-Reg(G),42955,Edelweiss Mutual Fund,0.41,1.26,2.57,5.19,CRISIL Liquid Overnight Index,5.95,5.62,,3.76,10,11,9,10,14,19,16,,Edelweiss Overnight Fund-Reg(G),Debt : Overnight,35,37,35,35,35,33,27,3,3.71,0.4,1.24,2.54,5.14,5.94,5.62,5.27,,,,,,,,
Nippon India ETF Nifty India Consumption,17478,Nippon India Mutual Fund,-5.63,-1.19,6.53,-6.34,Nifty India Consumption - TRI,10.87,9.96,12.02,-6.66,146,241,95,96,170,50,27,12,Nippon India ETF Nifty India Consumption,Equity : ETFs,232,273,256,246,208,137,85,42,-3.6,-4.03,-1.43,6.06,0.15,10.34,8.93,11.73,,,,,,,,
HDFC Charity Fund for Cancer Cure-Reg(50% IDCW Donation Option),46200,HDFC Mutual Fund,0.45,1.37,2.88,5.92,NIFTY Medium Duration Debt Index,7.39,,,4.19,3,7,6,7,5,6,,,HDFC Charity Fund for Cancer Cure-Reg(50% IDCW Donation Option),Debt : FTP/FMP,49,51,50,49,49,49,16,2,3.47,0.27,1.15,2.75,5.55,7.14,6.12,5.77,,,,,,,,
Nippon India FMP-XLIII-5-2315D(G),46433,Nippon India Mutual Fund,0.1,1.16,2.73,5.46,CRISIL Medium to Long Term Debt Index,7.38,,,3.4,30,41,39,24,30,7,,,Nippon India FMP-XLIII-5-2315D(G),Debt : FTP/FMP,49,51,50,49,49,49,16,2,3.47,0.27,1.15,2.75,5.55,7.14,6.12,5.77,,,,,,,,
Quant Consumption Fund-Reg(G),48342,Quant Mutual Fund,-2.06,0.6,17.85,2.43,Nifty India Consumption - TRI,,,,5.23,4,4,15,4,3,,,,Quant Consumption Fund-Reg(G),Equity : Thematic - Consumption,26,27,27,27,22,15,13,10,-1.97,-4.07,2.02,11.36,-3.98,9.03,9.56,12.06,,,,,,,,
ICICI Pru Nifty200 Value 30 Index Fund-Reg(G),49113,ICICI Prudential Mutual Fund,-2.92,-4.37,-0.09,10.54,Nifty200 Value 30 - TRI,,,,-0.92,90,42,221,187,15,,,,ICICI Pru Nifty200 Value 30 Index Fund-Reg(G),Equity : Index Funds,228,253,245,234,219,101,45,18,-3.26,-4.15,-1.59,6.96,-0.34,10.34,8.4,10.7,,,,,,,,
Invesco India Income Plus Arbitrage Active FoF-Reg(G),50006,Invesco Mutual Fund,0.03,0.76,2.87,5.13,NIFTY Composite Debt Index,,,,3.52,44,22,75,89,55,,,,Invesco India Income Plus Arbitrage Active FoF-Reg(G),FoFs : Domestic,108,135,127,125,99,61,41,27,2.81,-3.15,2.04,5.11,14.87,17.1,10.87,10.45,,,,,,,,
Bajaj Finserv BSE Top 10 Banks ETF,50993,Bajaj Finserv Mutual Fund,-3.08,,,,BSE Top 10 Banks Index - TRI,,,,,,63,,,,,,,Bajaj Finserv BSE Top 10 Banks ETF,Equity : ETFs,232,273,256,246,208,137,85,42,-3.6,-4.03,-1.43,6.06,0.15,10.34,8.93,11.73,,,,,,,,
Nippon India ETF Nifty Infrastructure BeES,12859,Nippon India Mutual Fund,-4.69,-5.11,1.13,-1.16,Nifty Infrastructure - TRI,13.11,12.33,12.12,-6.53,142,162,241,168,116,44,18,11,Nippon India ETF Nifty Infrastructure BeES,Equity : ETFs,232,273,256,246,208,137,85,42,-3.6,-4.03,-1.43,6.06,0.15,10.34,8.93,11.73,,,,,,,,
Bank of India Ultra Short Term Fund-Reg(G),5842,Bank of India Mutual Fund,0.49,1.47,3.42,5.97,CRISIL Ultra Short Term Debt Index,6.38,5.8,6.15,4.44,19,20,29,18,21,21,18,7,Bank of India Ultra Short Term Fund-Reg(G),Debt : Ultra Short Duration,31,34,33,32,31,24,24,13,4.54,0.49,1.56,3.46,6.12,6.65,6.0,5.88,,,,,,,,
Axis Nifty Bank Index Fund-Reg(G),48680,Axis Mutual Fund,-3.45,-4.56,3.6,0.64,NIFTY BANK - TRI,,,,-6.87,154,58,229,151,89,,,,Axis Nifty Bank Index Fund-Reg(G),Equity : Index Funds,228,253,245,234,219,101,45,18,-3.26,-4.15,-1.59,6.96,-0.34,10.34,8.4,10.7,,,,,,,,
Groww Nifty EV & New Age Automotive ETF FOF-Reg(G),48990,Groww Mutual Fund,-5.99,-0.69,12.39,0.43,Nifty EV and New Age Automotive - TRI,,,,-0.32,84,119,103,13,85,,,,Groww Nifty EV & New Age Automotive ETF FOF-Reg(G),FoFs : Domestic,108,135,127,125,99,61,41,27,2.81,-3.15,2.04,5.11,14.87,17.1,10.87,10.45,,,,,,,,
HSBC Nifty Next 50 Index Fund-Reg(G),33548,HSBC Mutual Fund,-3.71,-0.48,12.72,4.93,NIFTY NEXT 50 - TRI,16.5,10.53,,3.44,42,89,63,48,49,19,15,,HSBC Nifty Next 50 Index Fund-Reg(G),Equity : Index Funds,228,253,245,234,219,101,45,18,-3.26,-4.15,-1.59,6.96,-0.34,10.34,8.4,10.7,,,,,,,,
Bandhan Retirement Fund-Reg(G),48226,Bandhan Mutual Fund,-3.3,-2.13,2.45,-2.3,CRISIL Hybrid 50+50 - Moderate Index,,,,-4.55,34,28,38,39,34,,,,Bandhan Retirement Fund-Reg(G),Hybrid : Aggressive Hybrid,43,44,43,43,43,41,41,28,-1.6,-2.93,-0.57,6.19,0.55,9.9,8.59,10.55,,,,,,,,
DSP Nifty IT ETF,47390,DSP Mutual Fund,-8.49,3.25,-4.28,-16.66,NIFTY IT - TRI,-2.92,,,-24.64,225,270,30,233,199,133,,,DSP Nifty IT ETF,Equity : ETFs,232,273,256,246,208,137,85,42,-3.6,-4.03,-1.43,6.06,0.15,10.34,8.93,11.73,,,,,,,,
Mirae Asset Nifty EV and New Age Automotive ETF,48935,Mirae Asset Mutual Fund,-6.22,-0.44,12.93,0.88,Nifty EV and New Age Automotive - TRI,,,,-0.31,72,252,74,48,89,,,,Mirae Asset Nifty EV and New Age Automotive ETF,Equity : ETFs,232,273,256,246,208,137,85,42,-3.6,-4.03,-1.43,6.06,0.15,10.34,8.93,11.73,,,,,,,,
HSBC CRISIL IBX Gilt June 2027 Index Fund-Reg(G),47676,HSBC Mutual Fund,0.24,1.06,2.57,5.26,CRISIL IBX Gilt Index - June 2027,7.02,,,3.66,17,9,12,20,16,14,,,HSBC CRISIL IBX Gilt June 2027 Index Fund-Reg(G),Debt : Medium Duration,22,23,23,22,22,22,13,12,3.74,0.01,0.88,2.92,5.3,7.09,6.23,6.18,,,,,,,,
Axis Nifty500 Momentum 50 Index Fund-Reg(G),49216,Axis Mutual Fund,-2.58,-0.77,10.82,3.96,Nifty500 Momentum 50 - TRI,,,,2.05,55,34,77,59,72,,,,Axis Nifty500 Momentum 50 Index Fund-Reg(G),Equity : Index Funds,228,253,245,234,219,101,45,18,-3.26,-4.15,-1.59,6.96,-0.34,10.34,8.4,10.7,,,,,,,,
Kotak Nifty SDL Jul 2033 Index Fund-Reg(G),47612,Kotak Mahindra Mutual Fund,-0.82,0.11,2.52,4.14,Nifty SDL Jul 2033 Index,6.62,,,3.45,3,4,4,11,4,10,,,Kotak Nifty SDL Jul 2033 Index Fund-Reg(G),Debt : Long Duration,25,27,25,25,25,19,3,2,2.17,-1.06,-0.5,2.55,3.05,6.26,4.81,5.99,,,,,,,,
DSP Conservative Hybrid Fund-Reg(G),719,DSP Mutual Fund,-0.82,-0.25,3.04,2.86,CRISIL Hybrid 85+15 - Conservative Index,7.97,6.57,6.22,0.9,14,7,17,13,11,4,12,15,DSP Conservative Hybrid Fund-Reg(G),Hybrid : Conservative Hybrid,27,27,27,27,27,27,27,21,0.82,-1.18,-0.16,3.0,2.31,6.88,6.44,6.9,,,,,,,,
Sundaram Short Term Fund(G),2381,Sundaram Mutual Fund,0.11,0.88,2.84,4.85,Nifty Short Duration Debt Index,6.78,5.94,5.42,3.42,11,13,13,20,13,9,9,16,Sundaram Short Term Fund(G),Debt : Short Duration,32,33,32,32,32,25,23,18,3.45,0.12,0.88,2.91,4.9,6.61,5.86,6.24,,,,,,,,
Baroda BNP Paribas Credit Risk Fund-Reg(G),25569,Baroda BNP Paribas Mutual Fund,0.43,1.92,2.92,6.17,CRISIL Credit Risk Debt Index,7.49,8.46,,3.56,13,2,1,14,11,12,5,,Baroda BNP Paribas Credit Risk Fund-Reg(G),Debt : Credit Risk,15,15,15,15,15,15,15,12,5.72,0.13,1.25,4.35,7.51,8.7,8.78,6.15,,,,,,,,
HDFC Nifty SDL Oct 2026 Index Fund-Reg(G),46867,HDFC Mutual Fund,0.43,1.28,2.72,5.53,Nifty SDL Oct 2026 Index,7.0,,,3.95,10,1,4,14,12,15,,,HDFC Nifty SDL Oct 2026 Index Fund-Reg(G),Debt : Medium Duration,22,23,23,22,22,22,13,12,3.74,0.01,0.88,2.92,5.3,7.09,6.23,6.18,,,,,,,,
Apex Hybrid Long-Short Fund-Reg(G),75081,Aditya Birla APEX SIF,0.67,4.7,7.4,,NIFTY 50 Hybrid Composite Debt 50:50 Index,,,,,,5,5,7,,,,,Apex Hybrid Long-Short Fund-Reg(G),Hybrid : Long - Short,10,30,27,14,,,,,5.49,-0.21,3.32,9.54,,,,,,,,,,,,
Motilal Oswal NASDAQ Q 50 ETF,46181,Motilal Oswal Mutual Fund,-0.13,1.35,30.33,44.45,NASDAQ Q-50-TRI,32.86,,,40.88,1,10,44,2,1,3,,,Motilal Oswal NASDAQ Q 50 ETF,Equity : ETFs,232,273,256,246,208,137,85,42,-3.6,-4.03,-1.43,6.06,0.15,10.34,8.93,11.73,,,,,,,,
Tata Nifty India Digital ETF,45944,Tata Mutual Fund,-7.09,6.17,9.4,-7.19,Nifty India Digital - TRI,9.1,,,-11.99,198,260,8,72,174,63,,,Tata Nifty India Digital ETF,Equity : ETFs,232,273,256,246,208,137,85,42,-3.6,-4.03,-1.43,6.06,0.15,10.34,8.93,11.73,,,,,,,,
Bank of India Balanced Advantage Fund-Reg(G),21917,Bank of India Mutual Fund,-2.91,-1.44,1.46,3.2,NIFTY 50 Hybrid Composite Debt 50:50 Index,7.72,9.11,6.59,-1.29,19,28,31,37,6,20,4,11,Bank of India Balanced Advantage Fund-Reg(G),Hybrid : Dynamic Asset Allocation,37,38,38,38,37,30,22,11,-1.63,-2.48,-0.35,4.38,0.68,8.22,7.48,8.98,,,,,,,,
SBI FMP-76-1221D-Reg(G),47541,SBI Mutual Fund,0.43,1.25,2.6,5.45,CRISIL Medium Duration Debt Index,6.71,,,2.1,49,23,33,40,31,47,,,SBI FMP-76-1221D-Reg(G),Debt : FTP/FMP,49,51,50,49,49,49,16,2,3.47,0.27,1.15,2.75,5.55,7.14,6.12,5.77,,,,,,,,
LIC MF Focused Fund-Reg(G),32627,LIC Mutual Fund,-1.09,1.81,12.49,2.36,NIFTY 500 - TRI,8.53,7.26,,1.52,9,3,8,8,11,21,22,,LIC MF Focused Fund-Reg(G),Equity : Focused,28,28,28,28,28,27,25,14,-0.57,-3.87,0.24,9.79,1.93,11.27,9.35,12.18,,,,,,,,
Mirae Asset BSE India Defence ETF,50399,Mirae Asset Mutual Fund,-4.78,0.53,25.22,,BSE India Defence - TRI,,,,,,171,47,6,,,,,Mirae Asset BSE India Defence ETF,Equity : ETFs,232,273,256,246,208,137,85,42,-3.6,-4.03,-1.43,6.06,0.15,10.34,8.93,11.73,,,,,,,,
ICICI Pru Nifty50 Value 20 ETF,33839,ICICI Prudential Mutual Fund,-4.21,-5.05,-4.34,-8.91,Nifty50 Value 20 - TRI,4.45,5.97,13.11,-13.66,215,131,239,239,191,125,66,6,ICICI Pru Nifty50 Value 20 ETF,Equity : ETFs,232,273,256,246,208,137,85,42,-3.6,-4.03,-1.43,6.06,0.15,10.34,8.93,11.73,,,,,,,,
LIC MF Medium to Long Term Fund-Reg(G),2087,LIC Mutual Fund,-0.11,0.37,3.16,4.08,CRISIL Medium to Long Term Debt Index,6.33,5.52,5.7,3.07,40,41,44,8,47,41,4,6,LIC MF Medium to Long Term Fund-Reg(G),Debt : Medium to Long Duration,58,59,59,58,58,50,12,11,3.39,0.01,0.87,2.74,4.94,6.88,5.21,5.53,,,,,,,,
Sundaram Global Brand Theme - Equity Active FoF(G),3005,Sundaram Mutual Fund,-2.25,3.99,12.99,14.79,MSCI AC World Index,18.27,11.52,11.7,7.81,47,36,25,33,43,41,21,11,Sundaram Global Brand Theme - Equity Active FoF(G),FoFs : Overseas,54,55,55,55,54,53,38,23,18.34,0.21,3.61,15.81,24.5,25.31,13.29,11.62,,,,,,,,
HDFC BSE India Sector Leaders Index Fund-Reg(G),50228,HDFC Mutual Fund,-4.84,-2.64,3.38,,BSE India Sector Leaders Index - TRI,,,,-8.05,162,168,147,162,,,,,HDFC BSE India Sector Leaders Index Fund-Reg(G),Equity : Index Funds,228,253,245,234,219,101,45,18,-3.26,-4.15,-1.59,6.96,-0.34,10.34,8.4,10.7,,,,,,,,
Union Gold ETF FoF-Reg(G),49466,Union Mutual Fund,-5.85,7.84,4.33,31.47,Gold-India,,,,12.53,5,116,10,54,18,,,,Union Gold ETF FoF-Reg(G),FoFs : Domestic,108,135,127,125,99,61,41,27,2.81,-3.15,2.04,5.11,14.87,17.1,10.87,10.45,,,,,,,,
Tata Retirement Sav Fund - Cons Plan(G),15378,Tata Mutual Fund,-1.88,-0.01,5.0,2.88,CRISIL Short Term Debt Hybrid 75+25 Index,6.52,5.3,6.79,1.72,8,25,12,3,9,15,21,10,Tata Retirement Sav Fund - Cons Plan(G),Hybrid : Conservative Hybrid,27,27,27,27,27,27,27,21,0.82,-1.18,-0.16,3.0,2.31,6.88,6.44,6.9,,,,,,,,
The Wealth Company Mid Cap Fund-Reg(G),50955,The Wealth Company Mutual Fund,-3.23,,,,Nifty Midcap 150 - TRI,,,,,,11,,,,,,,The Wealth Company Mid Cap Fund-Reg(G),Equity : Mid Cap,32,35,34,34,32,30,25,20,4.31,-3.8,0.67,13.28,6.21,15.36,13.92,14.96,,,,,,,,
HDFC FMP-Sr 47-2638D-Feb 2023-Reg(G),47642,HDFC Mutual Fund,-0.73,0.16,2.64,4.15,NIFTY Long Duration Debt Index,7.31,,,2.68,38,50,49,32,48,15,,,HDFC FMP-Sr 47-2638D-Feb 2023-Reg(G),Debt : FTP/FMP,49,51,50,49,49,49,16,2,3.47,0.27,1.15,2.75,5.55,7.14,6.12,5.77,,,,,,,,
Groww Nifty India Railways PSU ETF,49496,Groww Mutual Fund,-6.37,-8.72,-9.28,-23.89,Nifty India Railways PSU Index - TRI,,,,-24.24,222,255,256,245,207,,,,Groww Nifty India Railways PSU ETF,Equity : ETFs,232,273,256,246,208,137,85,42,-3.6,-4.03,-1.43,6.06,0.15,10.34,8.93,11.73,,,,,,,,
ICICI Pru Quant Fund(G),42805,ICICI Prudential Mutual Fund,-3.3,0.4,4.88,-0.62,BSE 200 - TRI,10.69,9.67,,-3.71,82,54,57,88,73,35,21,,ICICI Pru Quant Fund(G),Equity : Thematic,112,120,117,117,108,51,33,9,2.18,-3.04,1.09,11.89,4.44,13.34,11.3,12.9,,,,,,,,
Samco Dynamic Asset Allocation Fund-Reg(G),48331,Samco Mutual Fund,-0.69,-1.84,3.47,-2.78,NIFTY 50 Hybrid Composite Debt 50:50 Index,,,,-2.78,25,3,35,23,34,,,,Samco Dynamic Asset Allocation Fund-Reg(G),Hybrid : Dynamic Asset Allocation,37,38,38,38,37,30,22,11,-1.63,-2.48,-0.35,4.38,0.68,8.22,7.48,8.98,,,,,,,,
SBI FMP-74-1243D-Reg(G),47381,SBI Mutual Fund,0.43,1.25,2.64,5.56,CRISIL Medium Duration Debt Index,6.89,,,2.13,48,18,31,33,26,43,,,SBI FMP-74-1243D-Reg(G),Debt : FTP/FMP,49,51,50,49,49,49,16,2,3.47,0.27,1.15,2.75,5.55,7.14,6.12,5.77,,,,,,,,
Axis Long Term Fund-Reg(G),46626,Axis Mutual Fund,-1.05,-1.14,3.19,1.77,NIFTY Long Duration Debt Index,5.25,,,1.08,21,15,23,4,19,18,,,Axis Long Term Fund-Reg(G),Debt : Long Duration,25,27,25,25,25,19,3,2,2.17,-1.06,-0.5,2.55,3.05,6.26,4.81,5.99,,,,,,,,
HDFC NIFTY Next 50 ETF,39624,HDFC Mutual Fund,-3.64,-0.28,13.36,5.8,NIFTY NEXT 50 - TRI,17.47,,,4.14,37,108,68,42,49,22,,,HDFC NIFTY Next 50 ETF,Equity : ETFs,232,273,256,246,208,137,85,42,-3.6,-4.03,-1.43,6.06,0.15,10.34,8.93,11.73,,,,,,,,
Qsif Active Asset Allocator Long-Short Fund-Reg(G),75017,Quant QSIF,15.19,25.64,,,NIFTY 500 - TRI,,,,,,2,1,,,,,,Qsif Active Asset Allocator Long-Short Fund-Reg(G),Hybrid : Long - Short,10,30,27,14,,,,,5.49,-0.21,3.32,9.54,,,,,,,,,,,,
Canara Rob Banking and PSU Debt Fund-Reg(G),46050,Canara Robeco Mutual Fund,-0.11,0.39,2.64,4.24,CRISIL Banking and PSU Debt Index,6.19,,,2.76,20,19,19,19,18,20,,,Canara Rob Banking and PSU Debt Fund-Reg(G),Debt : Banking & PSU,21,21,21,21,21,20,18,16,3.22,0.08,0.74,2.9,4.74,6.68,5.83,6.66,,,,,,,,
Invesco India Credit Risk Fund-Reg(G),21522,Invesco Mutual Fund,-0.14,0.77,4.21,6.46,NIFTY Credit Risk Bond Index,8.24,7.11,5.43,4.97,7,14,13,5,9,6,8,10,Invesco India Credit Risk Fund-Reg(G),Debt : Credit Risk,15,15,15,15,15,15,15,12,5.72,0.13,1.25,4.35,7.51,8.7,8.78,6.15,,,,,,,,
JioBlackRock Sector Rotation Fund-Reg(G),51178,Jio BlackRock Mutual Fund,-3.97,,,,NIFTY 500 - TRI,,,,,,80,,,,,,,JioBlackRock Sector Rotation Fund-Reg(G),Equity : Thematic,112,120,117,117,108,51,33,9,2.18,-3.04,1.09,11.89,4.44,13.34,11.3,12.9,,,,,,,,
Zerodha Nifty 100 ETF,48885,Zerodha Mutual Fund,-4.64,-2.87,2.45,-3.94,NIFTY 100 - TRI,,,,-8.11,154,153,139,149,131,,,,Zerodha Nifty 100 ETF,Equity : ETFs,232,273,256,246,208,137,85,42,-3.6,-4.03,-1.43,6.06,0.15,10.34,8.93,11.73,,,,,,,,
UTI Income Plus Arbitrage Active FoF-Reg(G),49714,UTI Mutual Fund,0.22,0.94,2.92,5.26,CRISIL Short Term Bond Index,,,,3.7,40,11,68,87,53,,,,UTI Income Plus Arbitrage Active FoF-Reg(G),FoFs : Domestic,108,135,127,125,99,61,41,27,2.81,-3.15,2.04,5.11,14.87,17.1,10.87,10.45,,,,,,,,
ITI Ultra Short Term Fund-Reg(G),45498,ITI Mutual Fund,0.43,1.42,3.16,5.68,CRISIL Ultra Short Term Debt Index,6.23,5.53,,4.21,29,33,31,30,28,22,22,,ITI Ultra Short Term Fund-Reg(G),Debt : Ultra Short Duration,31,34,33,32,31,24,24,13,4.54,0.49,1.56,3.46,6.12,6.65,6.0,5.88,,,,,,,,
Bandhan Gold ETF FOF-Reg(G),50586,Bandhan Mutual Fund,-5.8,8.56,4.06,,Gold-India,,,,,,115,3,63,,,,,Bandhan Gold ETF FOF-Reg(G),FoFs : Domestic,108,135,127,125,99,61,41,27,2.81,-3.15,2.04,5.11,14.87,17.1,10.87,10.45,,,,,,,,
Nippon India Nifty 1D Rate Liquid ETF(G),50023,Nippon India Mutual Fund,0.37,1.17,2.33,4.73,Nifty 1D Rate Index,,,,3.4,44,45,44,44,41,,,,Nippon India Nifty 1D Rate Liquid ETF(G),Debt : Liquid,44,45,44,44,41,37,35,30,4.6,0.48,1.52,3.27,6.19,6.73,6.19,5.94,0.41,1.27,2.59,5.24,6.06,5.75,,5.14
Edelweiss ASEAN Equity Off-Shore Fund-Reg(G),13404,Edelweiss Mutual Fund,-2.92,6.95,9.34,20.05,MSCI AC ASEAN 10/40 Index,16.72,10.22,8.26,14.18,36,40,8,41,36,44,25,20,Edelweiss ASEAN Equity Off-Shore Fund-Reg(G),FoFs : Overseas,54,55,55,55,54,53,38,23,18.34,0.21,3.61,15.81,24.5,25.31,13.29,11.62,,,,,,,,
Invesco India Medium Term Fund-Reg(G),45607,Invesco Mutual Fund,-0.4,0.39,2.58,3.78,NIFTY Medium Duration Debt Index,6.25,5.07,,2.73,19,20,19,19,21,20,12,,Invesco India Medium Term Fund-Reg(G),Debt : Medium Duration,22,23,23,22,22,22,13,12,3.74,0.01,0.88,2.92,5.3,7.09,6.23,6.18,,,,,,,,
TRUSTMF Money Market Fund-Reg(G),46735,Trust Mutual Fund,0.53,1.6,3.46,6.14,CRISIL Money Market Index,6.9,,,4.56,19,10,20,20,18,17,,,TRUSTMF Money Market Fund-Reg(G),Debt : Money Market,24,26,25,25,23,22,19,13,4.6,0.52,1.64,3.55,6.27,7.03,6.36,6.38,,,,,,,,
HDFC NIFTY Midcap 150 ETF,46873,HDFC Mutual Fund,-4.63,-1.22,10.24,5.32,Nifty Midcap 150 - TRI,14.61,,,1.07,64,152,99,67,57,41,,,HDFC NIFTY Midcap 150 ETF,Equity : ETFs,232,273,256,246,208,137,85,42,-3.6,-4.03,-1.43,6.06,0.15,10.34,8.93,11.73,,,,,,,,
Motilal Oswal Nifty 5 Year Benchmark G-Sec ETF,45196,Motilal Oswal Mutual Fund,-0.83,0.04,2.73,4.21,Nifty 5 yr Benchmark G-Sec Index TRI,7.1,5.84,,3.22,20,24,20,6,20,6,4,,Motilal Oswal Nifty 5 Year Benchmark G-Sec ETF,Debt : ETFs,31,34,31,31,30,15,10,4,3.01,-0.35,0.44,2.25,4.33,6.47,5.55,5.58,,,,,,,,
Edelweiss Nifty LargeMidcap 250 ETF,50250,Edelweiss Mutual Fund,-4.71,-2.27,5.8,-0.31,NIFTY LargeMidcap 250 - TRI,,,,-4.25,110,167,120,105,105,,,,Edelweiss Nifty LargeMidcap 250 ETF,Equity : ETFs,232,273,256,246,208,137,85,42,-3.6,-4.03,-1.43,6.06,0.15,10.34,8.93,11.73,,,,,,,,
HDFC Nifty Auto Index Fund-Reg(G),50925,HDFC Mutual Fund,-7.77,,,,NIFTY AUTO - TRI,,,,,,10,,,,,,,HDFC Nifty Auto Index Fund-Reg(G),Equity : Sectoral - Auto,10,11,10,10,10,5,1,1,3.61,-5.03,4.97,15.41,6.29,19.52,18.61,11.14,,,,,,,,
Shriram Multi Sector Rotation Fund-Reg(G),49112,Shriram Mutual Fund,-3.93,-1.61,7.91,1.53,NIFTY 500 - TRI,,,,-3.07,77,78,82,72,64,,,,Shriram Multi Sector Rotation Fund-Reg(G),Equity : Thematic,112,120,117,117,108,51,33,9,2.18,-3.04,1.09,11.89,4.44,13.34,11.3,12.9,,,,,,,,
Motilal Oswal Multi Asset Passive FoF-Reg(G),45344,Motilal Oswal Mutual Fund,-3.05,-0.72,4.32,4.79,NIFTY 500 - TRI,13.99,10.88,,-0.92,89,56,104,55,63,23,14,,Motilal Oswal Multi Asset Passive FoF-Reg(G),FoFs : Domestic,108,135,127,125,99,61,41,27,2.81,-3.15,2.04,5.11,14.87,17.1,10.87,10.45,,,,,,,,
Bandhan Silver ETF FOF-Reg(G),50585,Bandhan Mutual Fund,-4.31,5.59,-1.52,,Silver,,,,,,89,30,121,,,,,Bandhan Silver ETF FOF-Reg(G),FoFs : Domestic,108,135,127,125,99,61,41,27,2.81,-3.15,2.04,5.11,14.87,17.1,10.87,10.45,,,,,,,,
Motilal Oswal BSE Enhanced Value ETF,46740,Motilal Oswal Mutual Fund,-2.77,-4.05,0.95,6.03,BSE Enhanced Value Index - TRI,20.27,,,-5.49,120,49,213,170,41,11,,,Motilal Oswal BSE Enhanced Value ETF,Equity : ETFs,232,273,256,246,208,137,85,42,-3.6,-4.03,-1.43,6.06,0.15,10.34,8.93,11.73,,,,,,,,
JM Multi Asset Allocation Fund-Reg(G),50946,JM Financial Mutual Fund,-2.95,,,,NIFTY 500 - TRI,,,,,,15,,,,,,,JM Multi Asset Allocation Fund-Reg(G),Hybrid : Multi Asset Allocation,33,36,34,34,30,14,8,6,1.18,-3.02,0.54,4.52,7.5,13.59,12.21,12.2,,,,,,,,
ICICI Pru Nifty 100 ETF,22404,ICICI Prudential Mutual Fund,-4.68,-3.0,2.15,-4.4,NIFTY 100 - TRI,8.07,6.75,11.14,-8.44,165,158,147,156,142,81,47,29,ICICI Pru Nifty 100 ETF,Equity : ETFs,232,273,256,246,208,137,85,42,-3.6,-4.03,-1.43,6.06,0.15,10.34,8.93,11.73,,,,,,,,
Groww BSE Hospitals ETF,50486,Groww Mutual Fund,-1.61,-3.03,12.48,,BSE Hospitals Index - TRI,,,,,,22,151,51,,,,,Groww BSE Hospitals ETF,Equity : ETFs,232,273,256,246,208,137,85,42,-3.6,-4.03,-1.43,6.06,0.15,10.34,8.93,11.73,,,,,,,,
HDFC Nifty India Digital Index Fund-Reg(G),49178,HDFC Mutual Fund,-7.1,6.07,9.08,-7.83,Nifty India Digital - TRI,,,,-12.52,206,245,9,80,191,,,,HDFC Nifty India Digital Index Fund-Reg(G),Equity : Index Funds,228,253,245,234,219,101,45,18,-3.26,-4.15,-1.59,6.96,-0.34,10.34,8.4,10.7,,,,,,,,
Motilal Oswal Nifty 50 Equal Weight ETF,49858,Motilal Oswal Mutual Fund,-4.69,-2.42,3.96,0.02,NIFTY50 Equal Weight - TRI,,,,-4.24,109,163,124,134,97,,,,Motilal Oswal Nifty 50 Equal Weight ETF,Equity : ETFs,232,273,256,246,208,137,85,42,-3.6,-4.03,-1.43,6.06,0.15,10.34,8.93,11.73,,,,,,,,
Groww Nifty India Defence ETF FOF-Reg(G),49023,Groww Mutual Fund,-3.68,-0.16,22.96,15.18,Nifty India Defence - TRI,,,,20.97,1,74,93,3,27,,,,Groww Nifty India Defence ETF FOF-Reg(G),FoFs : Domestic,108,135,127,125,99,61,41,27,2.81,-3.15,2.04,5.11,14.87,17.1,10.87,10.45,,,,,,,,
ICICI Pru Nifty Pharma Index Fund-Reg(G),47224,ICICI Prudential Mutual Fund,1.58,8.11,18.8,22.22,NIFTY PHARMA - TRI,20.88,,,18.5,11,2,8,15,5,7,,,ICICI Pru Nifty Pharma Index Fund-Reg(G),Equity : Sectoral - Pharma,21,21,21,21,20,12,9,4,18.65,0.58,6.96,21.05,18.29,21.08,14.12,13.63,,,,,,,,
HSBC Conservative Hybrid Fund(G),1458,HSBC Mutual Fund,-1.46,-1.35,3.51,0.97,NIFTY 50 Hybrid Composite Debt 15:85 Index,7.96,6.35,6.81,2.62,5,22,26,8,21,5,16,9,HSBC Conservative Hybrid Fund(G),Hybrid : Conservative Hybrid,27,27,27,27,27,27,27,21,0.82,-1.18,-0.16,3.0,2.31,6.88,6.44,6.9,,,,,,,,
HSBC Gilt Fund-Reg(G),586,HSBC Mutual Fund,-0.68,-0.51,2.25,1.26,CRISIL Dynamic Gilt Index,4.64,3.94,5.06,0.91,34,21,30,28,35,31,23,20,HSBC Gilt Fund-Reg(G),Debt : Gilt,38,38,38,38,38,34,23,21,2.34,-0.55,-0.06,2.74,3.22,5.99,4.93,5.98,,,,,,,,
Navi ELSS Tax Saver Nifty 50 Index Fund-Reg(G),47657,Navi Mutual Fund,-4.96,-3.75,-0.45,-7.0,NIFTY 50 - TRI,5.5,,,-11.31,53,47,49,53,49,50,,,Navi ELSS Tax Saver Nifty 50 Index Fund-Reg(G),Equity : Tax Saving (ELSS),53,53,53,53,53,52,47,30,-2.04,-3.49,-0.87,8.56,-0.32,10.55,10.24,12.18,,,,,,,,
UTI NIFTY50 Equal Weight Index Fund-Reg(G),47962,UTI Mutual Fund,-4.75,-2.58,3.66,-0.6,NIFTY50 Equal Weight - TRI,10.35,,,-4.67,127,160,140,148,104,47,,,UTI NIFTY50 Equal Weight Index Fund-Reg(G),Equity : Index Funds,228,253,245,234,219,101,45,18,-3.26,-4.15,-1.59,6.96,-0.34,10.34,8.4,10.7,,,,,,,,
PGIM India Overnight Fund-Reg(G),24529,PGIM India Mutual Fund,0.4,1.23,2.5,5.11,Nifty 1D Rate Index,5.96,5.63,,3.67,27,29,27,28,27,17,11,,PGIM India Overnight Fund-Reg(G),Debt : Overnight,35,37,35,35,35,33,27,3,3.71,0.4,1.24,2.54,5.14,5.94,5.62,5.27,0.41,1.27,2.59,5.24,6.06,5.75,,5.14
HDFC BSE 500 ETF,46875,HDFC Mutual Fund,-4.18,-1.93,5.58,-1.62,BSE 500 - TRI,9.7,,,-5.08,118,127,116,109,117,58,,,HDFC BSE 500 ETF,Equity : ETFs,232,273,256,246,208,137,85,42,-3.6,-4.03,-1.43,6.06,0.15,10.34,8.93,11.73,,,,,,,,
HDFC NIFTY G-Sec Apr 2029 Index Fund-Reg(G),47712,HDFC Mutual Fund,-0.36,0.44,2.23,4.33,NIFTY G- Sec Apr 2029 Index,7.23,,,2.82,45,45,42,53,43,12,,,HDFC NIFTY G-Sec Apr 2029 Index Fund-Reg(G),Debt : Medium to Long Duration,58,59,59,58,58,50,12,11,3.39,0.01,0.87,2.74,4.94,6.88,5.21,5.53,,,,,,,,
Choice Overnight Fund-Reg(G),50812,Choice Mutual Fund,0.4,,,,CRISIL Liquid Overnight Index,,,,,,25,,,,,,,Choice Overnight Fund-Reg(G),Debt : Overnight,35,37,35,35,35,33,27,3,3.71,0.4,1.24,2.54,5.14,5.94,5.62,5.27,,,,,,,,
DynaSIF Equity Ex-Top 100 Long-Short Fund-Reg(G),75132,360 ONE DynaSIF,0.51,12.37,,,BSE 500 - TRI,,,,,,7,3,,,,,,DynaSIF Equity Ex-Top 100 Long-Short Fund-Reg(G),Hybrid : Long - Short,10,30,27,14,,,,,5.49,-0.21,3.32,9.54,,,,,,,,,,,,
The Wealth Company Arbitrage Fund-Reg(G),50304,The Wealth Company Mutual Fund,0.47,1.39,2.78,,Nifty 50 Arbitrage - TRI,,,,4.21,25,5,20,24,,,,,The Wealth Company Arbitrage Fund-Reg(G),Hybrid : Arbitrage,34,38,37,36,32,25,24,15,4.25,0.41,1.37,2.79,5.98,6.56,5.9,5.56,,,,,,,,
Aditya Birla SL CRISIL IBX SDL Jun 2032 Index Fund-Reg(G),47592,Aditya Birla Sun Life Mutual Fund,-1.04,0.05,2.17,4.01,CRISIL IBX SDL Index - June 2032,6.65,,,3.01,6,14,5,22,6,9,,,Aditya Birla SL CRISIL IBX SDL Jun 2032 Index Fund-Reg(G),Debt : Long Duration,25,27,25,25,25,19,3,2,2.17,-1.06,-0.5,2.55,3.05,6.26,4.81,5.99,,,,,,,,
Motilal Oswal Infrastructure Fund-Reg(G),49811,Motilal Oswal Mutual Fund,0.6,-1.18,8.15,6.09,Nifty Infrastructure - TRI,,,,4.74,11,1,6,14,8,,,,Motilal Oswal Infrastructure Fund-Reg(G),Equity : Sectoral - Infrastructure,22,22,22,22,21,19,19,18,3.92,-2.54,-2.88,10.36,3.25,15.22,16.22,14.92,,,,,,,,
SBI Childrens Fund-Savings Plan-Reg(G),2748,SBI Mutual Fund,0.52,3.03,9.65,9.85,NIFTY 50 Hybrid Composite Debt 15:85 Index,11.32,10.37,10.67,8.8,1,1,1,1,1,1,1,1,SBI Childrens Fund-Savings Plan-Reg(G),Hybrid : Conservative Hybrid,27,27,27,27,27,27,27,21,0.82,-1.18,-0.16,3.0,2.31,6.88,6.44,6.9,,,,,,,,
SBI FMP-52-1848D-Reg(G),45915,SBI Mutual Fund,0.43,1.3,2.75,5.63,CRISIL Medium to Long Term Debt Index,7.12,,,4.0,19,22,18,22,22,27,,,SBI FMP-52-1848D-Reg(G),Debt : FTP/FMP,49,51,50,49,49,49,16,2,3.47,0.27,1.15,2.75,5.55,7.14,6.12,5.77,,,,,,,,
Axis Floating Interest Rates Fund-Reg(G),45632,Axis Mutual Fund,-0.04,1.11,4.49,6.64,NIFTY Long Duration Debt Index,7.91,6.81,,4.98,1,12,5,1,1,1,1,,Axis Floating Interest Rates Fund-Reg(G),Debt : Floater,12,12,12,12,12,12,12,5,4.1,0.16,1.06,3.2,5.76,7.18,6.36,6.78,,,,,,,,
JM Overnight Fund-Reg(G),44156,JM Financial Mutual Fund,0.39,1.21,2.46,5.01,CRISIL Liquid Overnight Index,5.87,5.57,,3.61,31,33,31,31,31,30,25,,JM Overnight Fund-Reg(G),Debt : Overnight,35,37,35,35,35,33,27,3,3.71,0.4,1.24,2.54,5.14,5.94,5.62,5.27,,,,,,,,
Nippon India ETF BSE Sensex Next 50,43930,Nippon India Mutual Fund,-5.04,-1.7,8.77,2.0,BSE Sensex Next 50 - TRI,15.2,13.01,,-1.73,85,220,114,81,70,31,16,,Nippon India ETF BSE Sensex Next 50,Equity : ETFs,232,273,256,246,208,137,85,42,-3.6,-4.03,-1.43,6.06,0.15,10.34,8.93,11.73,,,,,,,,
Franklin India Gilt Fund(G),3373,Franklin Templeton Mutual Fund,-0.31,0.97,3.07,4.57,Nifty All Duration G-Sec Index,5.87,4.84,4.91,3.18,10,12,8,10,10,19,12,21,Franklin India Gilt Fund(G),Debt : Gilt,38,38,38,38,38,34,23,21,2.34,-0.55,-0.06,2.74,3.22,5.99,4.93,5.98,,,,,,,,
Sundaram Nifty 100 Equal Weight Fund(G),2384,Sundaram Mutual Fund,-4.42,-1.37,8.54,2.07,Nifty100 Equal Weight - TRI,13.11,9.97,11.37,-0.2,83,121,91,87,79,40,18,3,Sundaram Nifty 100 Equal Weight Fund(G),Equity : Index Funds,228,253,245,234,219,101,45,18,-3.26,-4.15,-1.59,6.96,-0.34,10.34,8.4,10.7,,,,,,,,
Nippon India Medium Term Fund(G),21911,Nippon India Mutual Fund,-0.04,0.63,3.03,5.32,CRISIL Medium Duration Debt Index,7.69,6.19,2.94,3.76,14,12,17,8,15,3,6,12,Nippon India Medium Term Fund(G),Debt : Medium Duration,22,23,23,22,22,22,13,12,3.74,0.01,0.88,2.92,5.3,7.09,6.23,6.18,,,,,,,,
Arudha Hybrid Long-Short Fund-Reg(G),75033,Bandhan Arudha SIF,0.2,1.0,3.06,,CRISIL Hybrid 85+15 - Conservative Index,,,,,,10,17,12,,,,,Arudha Hybrid Long-Short Fund-Reg(G),Hybrid : Long - Short,10,30,27,14,,,,,5.49,-0.21,3.32,9.54,,,,,,,,,,,,
HDFC Retirement Fund-Hybrid-Debt Plan-Reg(G),24807,HDFC Mutual Fund,-1.43,-1.16,0.94,-0.22,NIFTY 50 Hybrid Composite Debt 15:85 Index,5.44,5.72,6.79,-1.81,25,20,25,25,24,24,18,11,HDFC Retirement Fund-Hybrid-Debt Plan-Reg(G),Hybrid : Conservative Hybrid,27,27,27,27,27,27,27,21,0.82,-1.18,-0.16,3.0,2.31,6.88,6.44,6.9,,,,,,,,
Edelweiss CRISIL IBX 50:50 Gilt Plus SDL Short Duration Index Fund-Reg(G),47430,Edelweiss Mutual Fund,-0.4,0.37,2.26,4.4,CRISIL IBX 50:50 Gilt Plus SDL Short Duration Index,6.64,,,3.04,27,32,31,31,27,13,,,Edelweiss CRISIL IBX 50:50 Gilt Plus SDL Short Duration Index Fund-Reg(G),Debt : Short Duration,32,33,32,32,32,25,23,18,3.45,0.12,0.88,2.91,4.9,6.61,5.86,6.24,,,,,,,,
Shriram Multi Asset Allocation Fund-Reg(G),48029,Shriram Mutual Fund,-3.65,-0.19,2.92,5.13,NIFTY 50 - TRI,9.13,,,-2.17,27,28,26,28,22,13,,,Shriram Multi Asset Allocation Fund-Reg(G),Hybrid : Multi Asset Allocation,33,36,34,34,30,14,8,6,1.18,-3.02,0.54,4.52,7.5,13.59,12.21,12.2,,,,,,,,
HDFC NIFTY Realty Index Fund-Reg(G),48654,HDFC Mutual Fund,-5.39,5.34,25.37,-1.27,NIFTY REALTY - TRI,,,,-1.26,91,228,12,7,121,,,,HDFC NIFTY Realty Index Fund-Reg(G),Equity : Index Funds,228,253,245,234,219,101,45,18,-3.26,-4.15,-1.59,6.96,-0.34,10.34,8.4,10.7,,,,,,,,
Bandhan CRISIL IBX 90:10 SDL Plus Gilt - Sep 2027 Index Fund-Reg(G),46212,Bandhan Mutual Fund,0.3,1.45,2.88,5.81,CRISIL IBX 90:10 SDL Plus Gilt Index - September 2027,7.31,,,4.13,2,2,1,15,2,1,,,Bandhan CRISIL IBX 90:10 SDL Plus Gilt - Sep 2027 Index Fund-Reg(G),Debt : Gilt,38,38,38,38,38,34,23,21,2.34,-0.55,-0.06,2.74,3.22,5.99,4.93,5.98,,,,,,,,
HDFC Nifty100 Quality 30 Index Fund-Reg(G),49573,HDFC Mutual Fund,-5.09,0.44,4.85,-3.03,NIFTY100 Quality 30 - TRI,,,,-6.65,149,210,37,134,143,,,,HDFC Nifty100 Quality 30 Index Fund-Reg(G),Equity : Index Funds,228,253,245,234,219,101,45,18,-3.26,-4.15,-1.59,6.96,-0.34,10.34,8.4,10.7,,,,,,,,
Nippon India ETF Nifty 50 Value 20,31920,Nippon India Mutual Fund,-4.21,-5.06,-4.36,-8.91,Nifty50 Value 20 - TRI,4.42,5.88,13.24,-13.67,216,130,240,240,190,126,67,5,Nippon India ETF Nifty 50 Value 20,Equity : ETFs,232,273,256,246,208,137,85,42,-3.6,-4.03,-1.43,6.06,0.15,10.34,8.93,11.73,,,,,,,,
Franklin India Income Plus Arbitrage Active FoF(G),31040,Franklin Templeton Mutual Fund,0.31,1.34,3.12,5.82,Nifty Short Duration Debt Index,12.11,10.07,7.15,4.11,31,4,52,76,44,28,17,22,Franklin India Income Plus Arbitrage Active FoF(G),FoFs : Domestic,108,135,127,125,99,61,41,27,2.81,-3.15,2.04,5.11,14.87,17.1,10.87,10.45,,,,,,,,
Bandhan US Treasury Bond 0-1 year specific Debt Passive FOF-Reg(G),47724,Bandhan Mutual Fund,0.42,2.34,3.78,11.83,ICE 0-1 Year US Treasury Securities Index,9.36,,,9.16,45,28,33,47,46,51,,,Bandhan US Treasury Bond 0-1 year specific Debt Passive FOF-Reg(G),FoFs : Overseas,54,55,55,55,54,53,38,23,18.34,0.21,3.61,15.81,24.5,25.31,13.29,11.62,,,,,,,,
Nippon India Retirement Fund-Income Generation(G),17166,Nippon India Mutual Fund,-2.14,-1.16,1.74,-0.51,CRISIL Hybrid 85+15 - Conservative Index,5.28,4.87,5.79,-0.99,23,26,24,22,25,25,22,17,Nippon India Retirement Fund-Income Generation(G),Hybrid : Conservative Hybrid,27,27,27,27,27,27,27,21,0.82,-1.18,-0.16,3.0,2.31,6.88,6.44,6.9,,,,,,,,
ICICI Pru Nifty 200 Quality 30 ETF,48118,ICICI Prudential Mutual Fund,-5.83,-1.22,3.7,-4.68,NIFTY200 Quality 30 - TRI,6.87,,,-8.18,156,246,97,139,145,89,,,ICICI Pru Nifty 200 Quality 30 ETF,Equity : ETFs,232,273,256,246,208,137,85,42,-3.6,-4.03,-1.43,6.06,0.15,10.34,8.93,11.73,,,,,,,,
HDFC Nifty 1D Rate Liquid ETF(G),46470,HDFC Mutual Fund,0.39,1.21,2.47,4.89,Nifty 1D Rate Index,5.41,,,3.55,9,4,6,12,10,14,,,HDFC Nifty 1D Rate Liquid ETF(G),Debt : ETFs,31,34,31,31,30,15,10,4,3.01,-0.35,0.44,2.25,4.33,6.47,5.55,5.58,0.41,1.27,2.59,5.24,6.06,5.75,,5.14
SBI FMP-46-1850D-Reg(G),45620,SBI Mutual Fund,0.4,1.24,2.6,5.37,CRISIL Medium to Long Term Debt Index,6.92,6.04,,3.02,36,32,34,41,38,40,12,,SBI FMP-46-1850D-Reg(G),Debt : FTP/FMP,49,51,50,49,49,49,16,2,3.47,0.27,1.15,2.75,5.55,7.14,6.12,5.77,,,,,,,,
Tata Nifty500 Multicap India Manufacturing 50:30:20 Index Fund-Reg(G),48782,Tata Mutual Fund,-3.58,1.2,9.91,4.69,Nifty500 Multicap India Manufacturing 50:30:20 - TRI,,,,2.65,49,73,35,66,58,,,,Tata Nifty500 Multicap India Manufacturing 50:30:20 Index Fund-Reg(G),Equity : Index Funds,228,253,245,234,219,101,45,18,-3.26,-4.15,-1.59,6.96,-0.34,10.34,8.4,10.7,,,,,,,,
SBI Retirement Benefit Fund-Conservative Plan-Reg(G),30401,SBI Mutual Fund,-0.73,-0.06,4.13,2.16,CRISIL Hybrid 85+15 - Conservative Index,6.08,6.35,,1.06,13,5,13,4,14,19,15,,SBI Retirement Benefit Fund-Conservative Plan-Reg(G),Hybrid : Conservative Hybrid,27,27,27,27,27,27,27,21,0.82,-1.18,-0.16,3.0,2.31,6.88,6.44,6.9,,,,,,,,
WOC Consumption Opportunities Fund-Reg(G),50623,WhiteOak Capital Mutual Fund,-3.58,2.79,13.47,,Nifty India Consumption - TRI,,,,,,8,8,8,,,,,WOC Consumption Opportunities Fund-Reg(G),Equity : Thematic - Consumption,26,27,27,27,22,15,13,10,-1.97,-4.07,2.02,11.36,-3.98,9.03,9.56,12.06,,,,,,,,
Taurus Mid Cap Fund-Reg(G),3306,Taurus Mutual Fund,-0.36,8.85,19.18,5.95,Nifty Midcap 150 - TRI,9.64,11.71,13.9,6.81,6,1,1,4,16,29,20,14,Taurus Mid Cap Fund-Reg(G),Equity : Mid Cap,32,35,34,34,32,30,25,20,4.31,-3.8,0.67,13.28,6.21,15.36,13.92,14.96,,,,,,,,
360 ONE Gold ETF,49516,360 ONE Mutual Fund,-6.05,7.91,4.2,32.18,Gold-India,,,,13.33,14,23,16,14,36,,,,360 ONE Gold ETF,Metal : ETFs,40,42,42,42,38,22,11,11,3.29,-5.3,7.04,2.11,46.95,39.54,25.66,15.77,,,,,,,,
Edelweiss Nifty REITs & Realty Index Fund-Reg(G),51058,Edelweiss Mutual Fund,,,,,Nifty REITs & Realty - TRI,,,,,,,,,,,,,Edelweiss Nifty REITs & Realty Index Fund-Reg(G),Equity : Index Funds,228,253,245,234,219,101,45,18,-3.26,-4.15,-1.59,6.96,-0.34,10.34,8.4,10.7,,,,,,,,
Groww Nifty Smallcap 250 Index Fund-Reg(G),48617,Groww Mutual Fund,-1.06,2.59,21.54,6.13,Nifty Smallcap 250 - TRI,,,,8.59,20,19,29,13,28,,,,Groww Nifty Smallcap 250 Index Fund-Reg(G),Equity : Index Funds,228,253,245,234,219,101,45,18,-3.26,-4.15,-1.59,6.96,-0.34,10.34,8.4,10.7,,,,,,,,
Mirae Asset CRISIL-IBX Financial Services 9-12 Months Debt Index Fund-Reg(G),49980,Mirae Asset Mutual Fund,0.35,1.5,3.42,5.98,CRISIL-IBX Financial Services 9-12 Months Debt Index,,,,4.38,5,27,7,6,6,,,,Mirae Asset CRISIL-IBX Financial Services 9-12 Months Debt Index Fund-Reg(G),Debt : Low Duration,26,31,30,29,26,20,20,19,4.14,0.39,1.39,3.25,5.72,6.8,6.09,6.18,,,,,,,,
Quantum Diversified Equity All Cap Active FOF-Reg(G),19904,Quantum Mutual Fund,-3.42,-0.88,6.52,-0.52,BSE 500 - TRI,10.73,8.75,11.3,-3.7,97,69,107,33,87,34,27,10,Quantum Diversified Equity All Cap Active FOF-Reg(G),FoFs : Domestic,108,135,127,125,99,61,41,27,2.81,-3.15,2.04,5.11,14.87,17.1,10.87,10.45,,,,,,,,
Axis NIFTY IT Index Fund-Reg(G),47983,Axis Mutual Fund,-8.59,2.96,-4.83,-17.63,NIFTY IT - TRI,-3.81,,,-25.26,227,253,20,232,217,101,,,Axis NIFTY IT Index Fund-Reg(G),Equity : Index Funds,228,253,245,234,219,101,45,18,-3.26,-4.15,-1.59,6.96,-0.34,10.34,8.4,10.7,,,,,,,,
Groww Largecap Fund-Reg(G),15997,Groww Mutual Fund,-4.61,-2.67,2.82,-3.55,NIFTY 100 - TRI,8.85,7.26,9.56,-6.01,14,20,22,21,14,14,17,20,Groww Largecap Fund-Reg(G),Equity : Large Cap,33,35,34,34,33,30,28,23,-6.14,-4.26,-1.72,3.8,-2.94,8.89,7.38,10.73,,,,,,,,
SBI Nifty IT Index Fund-Reg(G),49105,SBI Mutual Fund,-8.55,3.05,-4.69,-17.4,NIFTY IT - TRI,,,,-25.1,224,251,18,229,213,,,,SBI Nifty IT Index Fund-Reg(G),Equity : Index Funds,228,253,245,234,219,101,45,18,-3.26,-4.15,-1.59,6.96,-0.34,10.34,8.4,10.7,,,,,,,,
Kotak Multi Factor Passive FOF-Reg(G),50271,Kotak Mahindra Mutual Fund,-4.76,-3.21,2.85,,NIFTY 500 - TRI,,,,,,106,121,90,,,,,Kotak Multi Factor Passive FOF-Reg(G),FoFs : Domestic,108,135,127,125,99,61,41,27,2.81,-3.15,2.04,5.11,14.87,17.1,10.87,10.45,,,,,,,,
Aditya Birla SL US Treasury 3-10 Year Bond ETFs Passive FOF-Reg(G),48284,Aditya Birla Sun Life Mutual Fund,-2.24,-1.44,-0.68,6.32,Bloomberg US Treasury 3-10 Year Index,,,,3.31,18,33,31,31,2,,,,Aditya Birla SL US Treasury 3-10 Year Bond ETFs Passive FOF-Reg(G),Debt : ETFs,31,34,31,31,30,15,10,4,3.01,-0.35,0.44,2.25,4.33,6.47,5.55,5.58,,,,,,,,
Helios Arbitrage Fund-Reg(G),50609,Helios Mutual Fund,0.29,1.08,2.5,,Nifty 50 Arbitrage - TRI,,,,,,36,36,34,,,,,Helios Arbitrage Fund-Reg(G),Hybrid : Arbitrage,34,38,37,36,32,25,24,15,4.25,0.41,1.37,2.79,5.98,6.56,5.9,5.56,,,,,,,,
TRUSTMF Arbitrage Fund-Reg(G),50178,Trust Mutual Fund,0.35,1.33,2.64,5.7,Nifty 50 Arbitrage - TRI,,,,4.05,30,34,31,30,29,,,,TRUSTMF Arbitrage Fund-Reg(G),Hybrid : Arbitrage,34,38,37,36,32,25,24,15,4.25,0.41,1.37,2.79,5.98,6.56,5.9,5.56,,,,,,,,
Mahindra Manulife Arbitrage Fund-Reg(G),45042,Mahindra Manulife Mutual Fund,0.35,1.26,2.53,5.57,Nifty 50 Arbitrage,5.63,4.98,,3.87,33,33,33,32,31,25,24,,Mahindra Manulife Arbitrage Fund-Reg(G),Hybrid : Arbitrage,34,38,37,36,32,25,24,15,4.25,0.41,1.37,2.79,5.98,6.56,5.9,5.56,0.4,1.74,3.05,7.22,7.4,6.62,,6.8
Bank of India Arbitrage Fund-Reg(G),39384,Bank of India Mutual Fund,0.43,1.38,2.69,5.71,Nifty 50 Arbitrage,6.18,5.31,,4.06,28,18,23,27,28,24,23,,Bank of India Arbitrage Fund-Reg(G),Hybrid : Arbitrage,34,38,37,36,32,25,24,15,4.25,0.41,1.37,2.79,5.98,6.56,5.9,5.56,0.4,1.74,3.05,7.22,7.4,6.62,,6.8
UTI Nifty Midsmallcap 400 Momentum Quality 100 Index Fund-Reg(G),49586,UTI Mutual Fund,-2.54,0.11,13.47,5.63,Nifty MidSmallcap400 Momentum Quality 100 - TRI,,,,6.75,26,29,40,31,37,,,,UTI Nifty Midsmallcap 400 Momentum Quality 100 Index Fund-Reg(G),Equity : Index Funds,228,253,245,234,219,101,45,18,-3.26,-4.15,-1.59,6.96,-0.34,10.34,8.4,10.7,,,,,,,,
DSP FMP 268-1281D-Reg(G),47124,DSP Mutual Fund,0.44,1.3,2.69,5.55,CRISIL Medium Duration Debt Index,6.84,,,2.19,47,13,16,28,27,44,,,DSP FMP 268-1281D-Reg(G),Debt : FTP/FMP,49,51,50,49,49,49,16,2,3.47,0.27,1.15,2.75,5.55,7.14,6.12,5.77,,,,,,,,
Tata Nifty G-Sec Dec 2029 Index Fund-Reg(G),47405,Tata Mutual Fund,-0.48,0.33,2.22,4.11,Nifty G-Sec Dec 2029 Index,7.1,,,2.76,46,49,45,54,46,29,,,Tata Nifty G-Sec Dec 2029 Index Fund-Reg(G),Debt : Medium to Long Duration,58,59,59,58,58,50,12,11,3.39,0.01,0.87,2.74,4.94,6.88,5.21,5.53,,,,,,,,
Arthaya Equity Long Short Fund-Reg(G),75118,Union Arthaya SIF,-3.24,-3.64,,,NIFTY 200 - TRI,,,,,,25,26,,,,,,Arthaya Equity Long Short Fund-Reg(G),Hybrid : Long - Short,10,30,27,14,,,,,5.49,-0.21,3.32,9.54,,,,,,,,,,,,
Motilal Oswal Services Fund-Reg(G),49929,Motilal Oswal Mutual Fund,0.32,8.35,24.33,14.49,Nifty Services Sector - TRI,,,,8.98,24,10,9,17,14,,,,Motilal Oswal Services Fund-Reg(G),Equity : Thematic,112,120,117,117,108,51,33,9,2.18,-3.04,1.09,11.89,4.44,13.34,11.3,12.9,,,,,,,,
SBI FMP-50-1843D-Reg(G),45842,SBI Mutual Fund,0.46,1.3,2.75,5.57,CRISIL Medium to Long Term Debt Index,7.08,5.78,,3.93,20,5,22,23,25,30,16,,SBI FMP-50-1843D-Reg(G),Debt : FTP/FMP,49,51,50,49,49,49,16,2,3.47,0.27,1.15,2.75,5.55,7.14,6.12,5.77,,,,,,,,
Groww Gold ETF FOF-Reg(G),49187,Groww Mutual Fund,-6.25,6.84,4.11,30.45,Gold-India,,,,12.03,10,125,18,62,25,,,,Groww Gold ETF FOF-Reg(G),FoFs : Domestic,108,135,127,125,99,61,41,27,2.81,-3.15,2.04,5.11,14.87,17.1,10.87,10.45,,,,,,,,
SBI Nifty Midcap 150 Momentum 50 ETF,50693,SBI Mutual Fund,-3.31,-1.97,8.59,,Nifty Midcap150 Momentum 50 - TRI,,,,,,65,118,84,,,,,SBI Nifty Midcap 150 Momentum 50 ETF,Equity : ETFs,232,273,256,246,208,137,85,42,-3.6,-4.03,-1.43,6.06,0.15,10.34,8.93,11.73,,,,,,,,
Shriram Flexi Cap Fund-Reg(G),38781,Shriram Mutual Fund,-4.23,-3.12,3.8,-3.63,NIFTY 500 - TRI,5.63,5.23,,-6.91,49,44,52,48,44,45,33,,Shriram Flexi Cap Fund-Reg(G),Equity : Flexi Cap,55,58,56,56,53,47,36,24,-0.83,-3.33,0.32,9.42,1.07,10.83,9.29,11.79,,,,,,,,
Baroda BNP Paribas Childrens Fund-Reg(G),49110,Baroda BNP Paribas Mutual Fund,-4.07,-0.34,6.39,3.18,NIFTY 500 - TRI,,,,-2.53,33,37,35,37,20,,,,Baroda BNP Paribas Childrens Fund-Reg(G),Equity : Flexi Cap,55,58,56,56,53,47,36,24,-0.83,-3.33,0.32,9.42,1.07,10.83,9.29,11.79,,,,,,,,
Mirae Asset Nifty India Manufacturing ETF FoF-Reg(G),46053,Mirae Asset Mutual Fund,-3.95,-0.36,8.56,5.87,Nifty India Manufacturing - TRI,17.22,,,2.9,52,82,96,22,42,15,,,Mirae Asset Nifty India Manufacturing ETF FoF-Reg(G),FoFs : Domestic,108,135,127,125,99,61,41,27,2.81,-3.15,2.04,5.11,14.87,17.1,10.87,10.45,,,,,,,,
The Wealth Company Small Cap Fund-Reg(G),50593,The Wealth Company Mutual Fund,-0.97,4.56,17.35,,Nifty Smallcap 250 - TRI,,,,,,25,19,33,,,,,The Wealth Company Small Cap Fund-Reg(G),Equity : Small Cap,33,36,36,36,31,24,23,13,14.42,-0.14,5.3,25.2,12.13,15.61,15.16,16.28,,,,,,,,
Kotak CRISIL-IBX AAA Bond Financial Services Index - Dec 2026 Fund-Reg(G),49471,Kotak Mahindra Mutual Fund,0.56,1.74,3.79,6.45,CRISIL IBX AAA Financial Services Index - Sep 2027,,,,4.8,2,1,2,2,3,,,,Kotak CRISIL-IBX AAA Bond Financial Services Index - Dec 2026 Fund-Reg(G),Debt : Short Duration,32,33,32,32,32,25,23,18,3.45,0.12,0.88,2.91,4.9,6.61,5.86,6.24,,,,,,,,
Edelweiss CRISIL IBX 50:50 Gilt Plus SDL Sep 2028 Index Fund-Reg(G),47075,Edelweiss Mutual Fund,0.12,0.92,2.6,5.0,CRISIL IBX 50:50 Gilt Plus SDL Index - Sep 2028,7.16,,,3.13,38,32,36,43,36,24,,,Edelweiss CRISIL IBX 50:50 Gilt Plus SDL Sep 2028 Index Fund-Reg(G),Debt : Medium to Long Duration,58,59,59,58,58,50,12,11,3.39,0.01,0.87,2.74,4.94,6.88,5.21,5.53,,,,,,,,
Arudha Equity Long-Short Fund-Reg(G),75062,Bandhan Arudha SIF,-3.22,-0.52,2.28,,NIFTY 500 - TRI,,,,,,24,21,13,,,,,Arudha Equity Long-Short Fund-Reg(G),Hybrid : Long - Short,10,30,27,14,,,,,5.49,-0.21,3.32,9.54,,,,,,,,,,,,
Axis BSE Sensex ETF,47768,Axis Mutual Fund,-4.83,-3.87,-1.07,-8.03,BSE SENSEX - TRI,4.93,,,-12.54,201,184,201,208,180,118,,,Axis BSE Sensex ETF,Equity : ETFs,232,273,256,246,208,137,85,42,-3.6,-4.03,-1.43,6.06,0.15,10.34,8.93,11.73,,,,,,,,
ICICI Pru Nifty PSU Bank ETF,36397,ICICI Prudential Mutual Fund,-3.63,-4.02,-2.91,12.54,NIFTY PSU BANK - TRI,17.05,,,-2.39,92,98,209,222,18,24,,,ICICI Pru Nifty PSU Bank ETF,Equity : ETFs,232,273,256,246,208,137,85,42,-3.6,-4.03,-1.43,6.06,0.15,10.34,8.93,11.73,,,,,,,,
Nippon India Nifty G-Sec Oct 2028 Maturity Index Fund-Reg(G),47629,Nippon India Mutual Fund,-0.07,0.58,2.46,4.57,Nifty G-Sec Oct 2028 Index,7.12,,,2.85,43,40,41,47,41,25,,,Nippon India Nifty G-Sec Oct 2028 Maturity Index Fund-Reg(G),Debt : Medium to Long Duration,58,59,59,58,58,50,12,11,3.39,0.01,0.87,2.74,4.94,6.88,5.21,5.53,,,,,,,,
Samco Special Opportunities Fund-Reg(G),48744,Samco Mutual Fund,3.98,6.4,21.19,4.1,NIFTY 500 - TRI,,,,7.02,28,1,16,22,50,,,,Samco Special Opportunities Fund-Reg(G),Equity : Thematic,112,120,117,117,108,51,33,9,2.18,-3.04,1.09,11.89,4.44,13.34,11.3,12.9,,,,,,,,
Quantum Ethical Fund-Reg(G),49179,Quantum Mutual Fund,-3.85,1.67,10.29,-1.61,Nifty500 Shariah - TRI,,,,0.1,62,73,45,58,79,,,,Quantum Ethical Fund-Reg(G),Equity : Thematic,112,120,117,117,108,51,33,9,2.18,-3.04,1.09,11.89,4.44,13.34,11.3,12.9,,,,,,,,
360 ONE Overnight Fund-Reg(G),44412,360 ONE Mutual Fund,0.4,1.27,2.55,5.23,Nifty 1D Rate Index,,,,3.74,15,16,2,17,5,,,,360 ONE Overnight Fund-Reg(G),Debt : Overnight,35,37,35,35,35,33,27,3,3.71,0.4,1.24,2.54,5.14,5.94,5.62,5.27,0.41,1.27,2.59,5.24,6.06,5.75,,5.14
Nippon India CRISIL-IBX AAA Financial Services - Dec 2026 Index Fund-Reg(G),49222,Nippon India Mutual Fund,0.56,1.73,3.81,6.54,CRISIL-IBX AAA Financial Services Index - Dec 2026,,,,4.85,1,2,3,1,1,,,,Nippon India CRISIL-IBX AAA Financial Services - Dec 2026 Index Fund-Reg(G),Debt : Short Duration,32,33,32,32,32,25,23,18,3.45,0.12,0.88,2.91,4.9,6.61,5.86,6.24,,,,,,,,
Motilal Oswal Nifty 200 Momentum 30 ETF,46325,Motilal Oswal Mutual Fund,-3.48,-3.06,5.32,-0.5,Nifty200 Momentum 30 - TRI,9.85,,,-2.74,98,84,155,113,108,56,,,Motilal Oswal Nifty 200 Momentum 30 ETF,Equity : ETFs,232,273,256,246,208,137,85,42,-3.6,-4.03,-1.43,6.06,0.15,10.34,8.93,11.73,,,,,,,,
Tata Nifty Next 50 Index Fund-Reg(G),50239,Tata Mutual Fund,-3.71,-0.5,12.78,,NIFTY NEXT 50 - TRI,,,,3.37,45,92,64,45,,,,,Tata Nifty Next 50 Index Fund-Reg(G),Equity : Index Funds,228,253,245,234,219,101,45,18,-3.26,-4.15,-1.59,6.96,-0.34,10.34,8.4,10.7,,,,,,,,
PGIM India Money Market Fund-Reg(G),34742,PGIM India Mutual Fund,0.51,1.62,3.52,6.09,CRISIL Money Market Index,6.87,6.2,,4.5,20,22,18,19,20,18,15,,PGIM India Money Market Fund-Reg(G),Debt : Money Market,24,26,25,25,23,22,19,13,4.6,0.52,1.64,3.55,6.27,7.03,6.36,6.38,,,,,,,,
PGIM India Healthcare Fund-Reg(G),48975,PGIM India Mutual Fund,0.41,8.66,25.08,24.69,BSE Health Care - TRI,,,,23.68,5,15,6,5,3,,,,PGIM India Healthcare Fund-Reg(G),Equity : Sectoral - Pharma,21,21,21,21,20,12,9,4,18.65,0.58,6.96,21.05,18.29,21.08,14.12,13.63,,,,,,,,
Motilal Oswal Nifty MidSmall Financial Services Index Fund-Reg(G),48807,Motilal Oswal Mutual Fund,-6.22,-2.74,11.76,17.89,Nifty MidSmall Financial Services - TRI,,,,3.57,37,239,155,51,5,,,,Motilal Oswal Nifty MidSmall Financial Services Index Fund-Reg(G),Equity : Index Funds,228,253,245,234,219,101,45,18,-3.26,-4.15,-1.59,6.96,-0.34,10.34,8.4,10.7,,,,,,,,
Axis Nifty Capital Markets Index Fund-Reg(G),50587,Axis Mutual Fund,-4.58,-3.31,,,Nifty Capital Markets Index - TRI,,,,,,129,173,,,,,,Axis Nifty Capital Markets Index Fund-Reg(G),Equity : Index Funds,228,253,245,234,219,101,45,18,-3.26,-4.15,-1.59,6.96,-0.34,10.34,8.4,10.7,,,,,,,,
ICICI Pru Nifty Commodities ETF,47332,ICICI Prudential Mutual Fund,-3.16,-2.89,2.38,6.53,NIFTY COMMODITIES - TRI,14.61,,,0.83,58,51,101,102,42,20,,,ICICI Pru Nifty Commodities ETF,Equity : Thematic,112,120,117,117,108,51,33,9,2.18,-3.04,1.09,11.89,4.44,13.34,11.3,12.9,,,,,,,,
Edelweiss Income Plus Arbitrage Omni FoF-Reg(G),50022,Edelweiss Mutual Fund,0.42,1.31,3.03,5.47,Nifty Short Duration Debt Index,,,,3.87,36,3,53,80,49,,,,Edelweiss Income Plus Arbitrage Omni FoF-Reg(G),FoFs : Domestic,108,135,127,125,99,61,41,27,2.81,-3.15,2.04,5.11,14.87,17.1,10.87,10.45,,,,,,,,
LIC MF Short Term Fund-Reg(G),34304,LIC Mutual Fund,0.09,0.67,2.96,4.54,CRISIL Short Duration Debt Index,6.46,5.23,,3.29,20,16,22,12,22,19,21,,LIC MF Short Term Fund-Reg(G),Debt : Short Duration,32,33,32,32,32,25,23,18,3.45,0.12,0.88,2.91,4.9,6.61,5.86,6.24,,,,,,,,
Mirae Asset BSE India Defence ETF FOF-Reg(G),50403,Mirae Asset Mutual Fund,-4.77,0.09,24.3,,BSE India Defence - TRI,,,,,,107,88,1,,,,,Mirae Asset BSE India Defence ETF FOF-Reg(G),FoFs : Domestic,108,135,127,125,99,61,41,27,2.81,-3.15,2.04,5.11,14.87,17.1,10.87,10.45,,,,,,,,
Bandhan Nifty200 Momentum 30 Index Fund-Reg(G),46608,Bandhan Mutual Fund,-3.54,-3.25,4.93,-1.12,Nifty200 Momentum 30 - TRI,8.8,,,-3.31,107,66,170,131,118,57,,,Bandhan Nifty200 Momentum 30 Index Fund-Reg(G),Equity : Index Funds,228,253,245,234,219,101,45,18,-3.26,-4.15,-1.59,6.96,-0.34,10.34,8.4,10.7,,,,,,,,
Edelweiss Gilt Fund-Reg(G),21922,Edelweiss Mutual Fund,-1.11,-1.14,1.92,0.98,CRISIL Dynamic Gilt Index,5.18,4.54,6.4,0.69,36,31,37,35,36,23,16,6,Edelweiss Gilt Fund-Reg(G),Debt : Gilt,38,38,38,38,38,34,23,21,2.34,-0.55,-0.06,2.74,3.22,5.99,4.93,5.98,,,,,,,,
Kotak FMP-304-3119D(G),47401,Kotak Mahindra Mutual Fund,-1.41,-0.6,2.52,3.91,Nifty G-Sec July 2031 Index,7.45,,,2.59,41,51,50,46,49,4,,,Kotak FMP-304-3119D(G),Debt : FTP/FMP,49,51,50,49,49,49,16,2,3.47,0.27,1.15,2.75,5.55,7.14,6.12,5.77,,,,,,,,
HDFC Nifty Metal ETF,50986,HDFC Mutual Fund,-2.14,,,,NIFTY METAL - TRI,,,,,,36,,,,,,,HDFC Nifty Metal ETF,Equity : ETFs,232,273,256,246,208,137,85,42,-3.6,-4.03,-1.43,6.06,0.15,10.34,8.93,11.73,,,,,,,,
HSBC Dynamic Term Fund-Reg(G),925,HSBC Mutual Fund,-0.47,-0.12,2.4,3.04,CRISIL Dynamic Bond Index,6.04,5.13,5.9,2.2,14,13,15,13,15,13,13,14,HSBC Dynamic Term Fund-Reg(G),Debt : Dynamic Bond,23,23,23,23,23,23,23,19,2.57,-0.36,0.16,2.58,3.62,6.05,5.37,6.1,,,,,,,,
Zerodha Nifty 8-13 Yr G-Sec ETF,50176,Zerodha Mutual Fund,-1.18,-0.46,1.79,2.65,Nifty 8-13 yr G-Sec,,,,1.68,26,32,28,37,23,,,,Zerodha Nifty 8-13 Yr G-Sec ETF,Debt : Gilt,38,38,38,38,38,34,23,21,2.34,-0.55,-0.06,2.74,3.22,5.99,4.93,5.98,-1.18,-0.36,1.83,2.7,6.83,5.63,,2.34
Canara Rob Gilt Fund-Reg(G),538,Canara Robeco Mutual Fund,-0.57,0.15,1.85,1.94,CRISIL Dynamic Gilt Index,5.12,4.59,5.64,1.59,27,19,11,36,29,25,15,14,Canara Rob Gilt Fund-Reg(G),Debt : Gilt,38,38,38,38,38,34,23,21,2.34,-0.55,-0.06,2.74,3.22,5.99,4.93,5.98,,,,,,,,
Groww Nifty 1D Rate Liquid ETF,49128,Groww Mutual Fund,0.37,1.18,2.34,4.73,Nifty 1D Rate Index,,,,3.39,16,15,13,20,15,,,,Groww Nifty 1D Rate Liquid ETF,Debt : ETFs,31,34,31,31,30,15,10,4,3.01,-0.35,0.44,2.25,4.33,6.47,5.55,5.58,0.41,1.27,2.59,5.24,6.06,5.75,,5.14
SBI Nifty200 Momentum 30 Index Fund-Reg(G),49727,SBI Mutual Fund,-3.52,-3.22,4.99,-0.86,Nifty200 Momentum 30 - TRI,,,,-3.18,102,62,167,129,112,,,,SBI Nifty200 Momentum 30 Index Fund-Reg(G),Equity : Index Funds,228,253,245,234,219,101,45,18,-3.26,-4.15,-1.59,6.96,-0.34,10.34,8.4,10.7,,,,,,,,
Edelweiss Nifty 100 Quality 30 Index Fund-Reg(G),45961,Edelweiss Mutual Fund,-5.11,0.43,4.87,-3.09,NIFTY100 Quality 30 - TRI,7.28,,,-6.7,151,213,38,133,146,65,,,Edelweiss Nifty 100 Quality 30 Index Fund-Reg(G),Equity : Index Funds,228,253,245,234,219,101,45,18,-3.26,-4.15,-1.59,6.96,-0.34,10.34,8.4,10.7,,,,,,,,
Navi Aggressive Hybrid Fund-Reg(G),39479,Navi Mutual Fund,-1.08,2.44,13.55,7.08,CRISIL Hybrid 35+65 - Aggressive Index,10.61,9.24,,5.13,3,3,4,3,4,15,15,,Navi Aggressive Hybrid Fund-Reg(G),Hybrid : Aggressive Hybrid,43,44,43,43,43,41,41,28,-1.6,-2.93,-0.57,6.19,0.55,9.9,8.59,10.55,,,,,,,,
ICICI Pru BSE Midcap Select ETF,33837,ICICI Prudential Mutual Fund,-5.25,0.4,16.12,9.48,BSE MidCap Select Index - TRI,16.13,12.59,12.76,3.05,47,232,50,28,25,27,17,8,ICICI Pru BSE Midcap Select ETF,Equity : ETFs,232,273,256,246,208,137,85,42,-3.6,-4.03,-1.43,6.06,0.15,10.34,8.93,11.73,,,,,,,,
Tata Nifty India Digital ETF FoF-Reg(G),46355,Tata Mutual Fund,-6.16,5.98,8.54,-8.01,Nifty India Digital - TRI,8.06,,,-12.98,108,120,23,23,99,46,,,Tata Nifty India Digital ETF FoF-Reg(G),FoFs : Domestic,108,135,127,125,99,61,41,27,2.81,-3.15,2.04,5.11,14.87,17.1,10.87,10.45,,,,,,,,
SBI Nifty Midcap 150 Momentum 50 ETF FOF-Reg(G),51001,SBI Mutual Fund,-3.27,,,,Nifty Midcap150 Momentum 50 - TRI,,,,,,63,,,,,,,SBI Nifty Midcap 150 Momentum 50 ETF FOF-Reg(G),FoFs : Domestic,108,135,127,125,99,61,41,27,2.81,-3.15,2.04,5.11,14.87,17.1,10.87,10.45,,,,,,,,
Baroda BNP Paribas NIFTY SDL Dec 2028 Index Fund-Reg(G),47771,Baroda BNP Paribas Mutual Fund,0.12,0.87,2.44,4.95,Nifty SDL Dec 2028 Index,7.09,,,2.99,42,33,39,48,37,31,,,Baroda BNP Paribas NIFTY SDL Dec 2028 Index Fund-Reg(G),Debt : Medium to Long Duration,58,59,59,58,58,50,12,11,3.39,0.01,0.87,2.74,4.94,6.88,5.21,5.53,,,,,,,,
Nippon India Quant Fund(G),5153,Nippon India Mutual Fund,-5.48,-2.61,2.5,-0.8,BSE 200 - TRI,12.84,12.11,12.95,-4.56,86,112,94,100,76,29,16,5,Nippon India Quant Fund(G),Equity : Thematic,112,120,117,117,108,51,33,9,2.18,-3.04,1.09,11.89,4.44,13.34,11.3,12.9,,,,,,,,
ITI Business Cycle Fund-Reg(G),50616,ITI Mutual Fund,1.88,3.78,9.69,,NIFTY 500 - TRI,,,,,,5,26,61,,,,,ITI Business Cycle Fund-Reg(G),Equity : Thematic,112,120,117,117,108,51,33,9,2.18,-3.04,1.09,11.89,4.44,13.34,11.3,12.9,,,,,,,,
Aditya Birla SL Retirement Fund-40-Reg(G),42770,Aditya Birla Sun Life Mutual Fund,-3.46,-0.02,5.41,1.28,CRISIL Hybrid 35+65 - Aggressive Index,9.41,7.34,,-0.83,16,34,12,20,16,22,28,,Aditya Birla SL Retirement Fund-40-Reg(G),Hybrid : Aggressive Hybrid,43,44,43,43,43,41,41,28,-1.6,-2.93,-0.57,6.19,0.55,9.9,8.59,10.55,,,,,,,,
Baroda BNP Paribas Dynamic Term Fund(G),116,Baroda BNP Paribas Mutual Fund,-0.18,0.05,2.23,1.76,CRISIL Dynamic Bond Index,5.12,4.87,5.39,1.19,19,8,14,17,20,19,17,16,Baroda BNP Paribas Dynamic Term Fund(G),Debt : Dynamic Bond,23,23,23,23,23,23,23,19,2.57,-0.36,0.16,2.58,3.62,6.05,5.37,6.1,,,,,,,,
Mirae Asset Dynamic Term Fund-Reg(G),36556,Mirae Asset Mutual Fund,-0.49,-0.14,1.35,3.7,CRISIL Dynamic Bond Index,5.94,4.77,,2.26,12,15,16,21,12,14,18,,Mirae Asset Dynamic Term Fund-Reg(G),Debt : Dynamic Bond,23,23,23,23,23,23,23,19,2.57,-0.36,0.16,2.58,3.62,6.05,5.37,6.1,,,,,,,,
Union Equity Savings Fund-Reg(G),40627,Union Mutual Fund,-1.03,0.41,3.89,2.97,Crisil Equity Savings Index,6.38,5.45,,1.23,12,14,13,10,14,16,20,,Union Equity Savings Fund-Reg(G),Hybrid : Equity Savings,24,24,24,24,24,21,21,14,1.27,-1.02,0.5,3.63,3.17,7.57,6.8,7.45,,,,,,,,
HDFC Nifty Metal ETF FOF-Reg(G),50985,HDFC Mutual Fund,-1.85,,,,NIFTY METAL - TRI,,,,,,37,,,,,,,HDFC Nifty Metal ETF FOF-Reg(G),FoFs : Domestic,108,135,127,125,99,61,41,27,2.81,-3.15,2.04,5.11,14.87,17.1,10.87,10.45,,,,,,,,
HSBC Multi Asset Active FOF-Reg(G),28309,HSBC Mutual Fund,-2.65,1.68,9.52,12.37,BSE 200 - TRI,14.4,10.99,11.29,5.27,24,49,47,19,28,21,13,11,HSBC Multi Asset Active FOF-Reg(G),FoFs : Domestic,108,135,127,125,99,61,41,27,2.81,-3.15,2.04,5.11,14.87,17.1,10.87,10.45,,,,,,,,
HDFC Nifty India Consumption Index Fund-Reg(G),50605,HDFC Mutual Fund,-5.68,-1.35,6.21,,Nifty India Consumption - TRI,,,,,,231,85,106,,,,,HDFC Nifty India Consumption Index Fund-Reg(G),Equity : Index Funds,228,253,245,234,219,101,45,18,-3.26,-4.15,-1.59,6.96,-0.34,10.34,8.4,10.7,,,,,,,,
Baroda BNP Paribas Multi Asset Active FoF-Reg(G),49872,Baroda BNP Paribas Mutual Fund,-2.25,1.49,3.24,8.31,NIFTY Composite Debt Index,,,,3.16,51,43,50,72,34,,,,Baroda BNP Paribas Multi Asset Active FoF-Reg(G),FoFs : Domestic,108,135,127,125,99,61,41,27,2.81,-3.15,2.04,5.11,14.87,17.1,10.87,10.45,,,,,,,,
Motilal Oswal BSE Midcap 150 Momentum 30 Index Fund-Reg(G),50843,Motilal Oswal Mutual Fund,-3.55,,,,BSE Midcap 150 Momentum 30 - TRI,,,,,,68,,,,,,,Motilal Oswal BSE Midcap 150 Momentum 30 Index Fund-Reg(G),Equity : Index Funds,228,253,245,234,219,101,45,18,-3.26,-4.15,-1.59,6.96,-0.34,10.34,8.4,10.7,,,,,,,,
Kotak Nifty Chemicals ETF,50375,Kotak Mahindra Mutual Fund,-2.99,-1.19,10.69,,Nifty Chemicals - TRI,,,,0.63,69,55,92,57,,,,,Kotak Nifty Chemicals ETF,Equity : ETFs,232,273,256,246,208,137,85,42,-3.6,-4.03,-1.43,6.06,0.15,10.34,8.93,11.73,,,,,,,,
Tata Floating Interest Rates Fund-Reg(G),45375,Tata Mutual Fund,0.24,1.09,3.01,5.79,CRISIL Short Duration Debt Index,6.95,6.27,,3.92,8,4,6,8,7,11,8,,Tata Floating Interest Rates Fund-Reg(G),Debt : Floater,12,12,12,12,12,12,12,5,4.1,0.16,1.06,3.2,5.76,7.18,6.36,6.78,,,,,,,,
Kotak NIFTY 100 Low Volatility 30 Index Fund-Reg(G),45716,Kotak Mahindra Mutual Fund,-5.25,-2.64,1.73,-4.53,Nifty100 Low Volatility 30 - TRI,,,,-8.6,169,218,145,175,149,,,,Kotak NIFTY 100 Low Volatility 30 Index Fund-Reg(G),Equity : Index Funds,228,253,245,234,219,101,45,18,-3.26,-4.15,-1.59,6.96,-0.34,10.34,8.4,10.7,,,,,,,,
JioBlackRock Short Term Fund-Reg(G),51179,Jio BlackRock Mutual Fund,,,,,Nifty Short Duration Debt Index,,,,,,,,,,,,,JioBlackRock Short Term Fund-Reg(G),Debt : Short Duration,32,33,32,32,32,25,23,18,3.45,0.12,0.88,2.91,4.9,6.61,5.86,6.24,,,,,,,,
Union Short Term Fund-Reg(G),49467,Union Mutual Fund,0.01,0.55,2.61,4.44,CRISIL Short Duration Debt Index,,,,3.12,23,26,29,28,26,,,,Union Short Term Fund-Reg(G),Debt : Short Duration,32,33,32,32,32,25,23,18,3.45,0.12,0.88,2.91,4.9,6.61,5.86,6.24,,,,,,,,
LIC MF Nifty Next 50 Index Fund(G),12836,LIC Mutual Fund,-3.66,-0.41,13.36,5.46,NIFTY NEXT 50 - TRI,16.72,10.78,11.65,4.03,28,76,57,32,38,15,13,2,LIC MF Nifty Next 50 Index Fund(G),Equity : Index Funds,228,253,245,234,219,101,45,18,-3.26,-4.15,-1.59,6.96,-0.34,10.34,8.4,10.7,,,,,,,,
DSP Nifty IT Index Fund-Reg(G),49906,DSP Mutual Fund,-8.54,3.07,-4.69,-17.53,NIFTY IT - TRI,,,,-25.08,223,248,16,228,215,,,,DSP Nifty IT Index Fund-Reg(G),Equity : Index Funds,228,253,245,234,219,101,45,18,-3.26,-4.15,-1.59,6.96,-0.34,10.34,8.4,10.7,,,,,,,,
UTI 10 year Constant Maturity Gilt Fund-Reg(G),40967,UTI Mutual Fund,-1.27,-0.62,1.89,2.49,CRISIL 10 Year Gilt Index,6.2,,,1.56,4,6,5,3,4,4,,,UTI 10 year Constant Maturity Gilt Fund-Reg(G),Debt : Gilt (10 Yr Constant Duration),6,6,6,6,6,6,4,4,1.78,-1.2,-0.52,1.99,2.67,6.46,5.25,7.0,,,,,,,,
Mirae Asset Nifty Metal ETF FOF-Reg(G),50671,Mirae Asset Mutual Fund,-1.78,4.97,15.37,,NIFTY METAL - TRI,,,,,,35,38,8,,,,,Mirae Asset Nifty Metal ETF FOF-Reg(G),FoFs : Domestic,108,135,127,125,99,61,41,27,2.81,-3.15,2.04,5.11,14.87,17.1,10.87,10.45,,,,,,,,
The Wealth Company Large & Mid Cap Fund-Reg(G),50822,The Wealth Company Mutual Fund,-4.58,-0.45,,,NIFTY LargeMidcap 250 - TRI,,,,,,28,17,,,,,,The Wealth Company Large & Mid Cap Fund-Reg(G),Equity : Large & Mid Cap,33,36,34,33,33,26,26,20,-0.52,-3.92,-0.34,9.21,1.84,12.73,11.15,13.02,,,,,,,,
Invesco India Gilt Fund-Reg(G),4378,Invesco Mutual Fund,-1.05,-0.85,3.26,2.3,Nifty All Duration G-Sec Index,5.74,4.86,5.37,1.36,31,30,35,7,25,21,11,19,Invesco India Gilt Fund-Reg(G),Debt : Gilt,38,38,38,38,38,34,23,21,2.34,-0.55,-0.06,2.74,3.22,5.99,4.93,5.98,,,,,,,,
Canara Rob Medium to Long Term Fund-Reg(G),542,Canara Robeco Mutual Fund,-0.57,-0.06,1.78,2.19,CRISIL Medium to Long Term Debt Index,4.99,4.14,5.45,1.87,57,50,54,58,58,50,12,7,Canara Rob Medium to Long Term Fund-Reg(G),Debt : Medium to Long Duration,58,59,59,58,58,50,12,11,3.39,0.01,0.87,2.74,4.94,6.88,5.21,5.53,,,,,,,,
DSP Nifty Private Bank Index Fund-Reg(G),49659,DSP Mutual Fund,-2.13,-5.07,5.42,-0.3,Nifty Private Bank - TRI,,,,-6.62,148,23,235,118,103,,,,DSP Nifty Private Bank Index Fund-Reg(G),Equity : Index Funds,228,253,245,234,219,101,45,18,-3.26,-4.15,-1.59,6.96,-0.34,10.34,8.4,10.7,,,,,,,,
UTI Nifty 500 Index Fund-Reg(G),50963,UTI Mutual Fund,,,,,NIFTY 500 - TRI,,,,,,,,,,,,,UTI Nifty 500 Index Fund-Reg(G),Equity : Index Funds,228,253,245,234,219,101,45,18,-3.26,-4.15,-1.59,6.96,-0.34,10.34,8.4,10.7,,,,,,,,
DSP Global Clean Energy Overseas Equity Omni FoF-Reg(G),7866,DSP Mutual Fund,-3.86,-7.8,2.41,28.21,MSCI ACWI IMI Clean Energy Infrastructure Index,19.05,10.5,8.36,15.03,34,44,53,50,20,40,23,19,DSP Global Clean Energy Overseas Equity Omni FoF-Reg(G),FoFs : Overseas,54,55,55,55,54,53,38,23,18.34,0.21,3.61,15.81,24.5,25.31,13.29,11.62,,,,,,,,
Axis Income Plus Arbitrage Passive FOF-Reg(G),50378,Axis Mutual Fund,0.47,1.52,3.28,,Nifty Short Duration Debt Index,,,,4.44,26,1,49,71,,,,,Axis Income Plus Arbitrage Passive FOF-Reg(G),FoFs : Domestic,108,135,127,125,99,61,41,27,2.81,-3.15,2.04,5.11,14.87,17.1,10.87,10.45,,,,,,,,
Tata Nifty Auto Index Fund-Reg(G),48683,Tata Mutual Fund,-7.78,0.28,7.97,0.61,NIFTY AUTO - TRI,,,,-4.16,10,11,10,10,9,,,,Tata Nifty Auto Index Fund-Reg(G),Equity : Sectoral - Auto,10,11,10,10,10,5,1,1,3.61,-5.03,4.97,15.41,6.29,19.52,18.61,11.14,,,,,,,,
Samco ELSS Tax Saver Fund-Reg(G),46606,Samco Mutual Fund,1.3,5.08,15.55,0.92,NIFTY 500 - TRI,3.48,,,3.93,12,1,1,13,21,52,,,Samco ELSS Tax Saver Fund-Reg(G),Equity : Tax Saving (ELSS),53,53,53,53,53,52,47,30,-2.04,-3.49,-0.87,8.56,-0.32,10.55,10.24,12.18,,,,,,,,
PGIM India Retirement Fund-Reg(G),44436,PGIM India Mutual Fund,-3.26,1.25,12.71,0.91,BSE 500 - TRI,,,,2.36,18,21,16,18,22,,,,PGIM India Retirement Fund-Reg(G),Equity : Multi Cap,33,33,33,33,33,22,10,7,3.1,-2.77,1.52,13.44,4.67,13.3,11.47,13.51,,,,,,,,
Bank of India Overnight Fund-Reg(G),44437,Bank of India Mutual Fund,0.43,1.29,2.79,5.47,CRISIL Liquid Overnight Index,6.17,5.81,,3.99,1,1,1,1,1,1,1,,Bank of India Overnight Fund-Reg(G),Debt : Overnight,35,37,35,35,35,33,27,3,3.71,0.4,1.24,2.54,5.14,5.94,5.62,5.27,,,,,,,,
Edelweiss Silver ETF FoF-Reg(G),50495,Edelweiss Mutual Fund,-4.16,5.74,-0.98,,Silver,,,,-0.11,83,86,28,112,,,,,Edelweiss Silver ETF FoF-Reg(G),FoFs : Domestic,108,135,127,125,99,61,41,27,2.81,-3.15,2.04,5.11,14.87,17.1,10.87,10.45,,,,,,,,
Canara Rob Corp Bond Fund-Reg(G),23504,Canara Robeco Mutual Fund,-0.08,0.63,2.44,4.08,CRISIL Corporate Bond Index,5.98,5.15,5.97,2.86,16,16,13,21,19,21,19,12,Canara Rob Corp Bond Fund-Reg(G),Debt : Corporate Bond,21,21,21,21,21,21,19,13,3.17,0.0,0.66,2.88,4.63,6.78,5.84,6.57,,,,,,,,
ICICI Pru Diversified Debt Strategy Active FOF(G),1707,ICICI Prudential Mutual Fund,-0.28,0.53,3.21,4.96,NIFTY Composite Debt Index,6.98,6.19,6.82,3.42,48,27,80,74,59,55,35,23,ICICI Pru Diversified Debt Strategy Active FOF(G),FoFs : Domestic,108,135,127,125,99,61,41,27,2.81,-3.15,2.04,5.11,14.87,17.1,10.87,10.45,,,,,,,,
ICICI Pru Nifty 500 Index Fund-Reg(G),49114,ICICI Prudential Mutual Fund,-4.41,-2.24,5.19,-2.14,NIFTY 500 - TRI,,,,-5.43,139,120,131,124,140,,,,ICICI Pru Nifty 500 Index Fund-Reg(G),Equity : Index Funds,228,253,245,234,219,101,45,18,-3.26,-4.15,-1.59,6.96,-0.34,10.34,8.4,10.7,,,,,,,,
Kotak International REIT Overseas Equity Active FOF-Reg(G),42804,Kotak Mahindra Mutual Fund,-7.24,-4.02,0.34,-2.14,S&P Asia Pacific ex Japan REIT - TRI,8.53,1.7,,-3.16,53,52,49,51,52,53,38,,Kotak International REIT Overseas Equity Active FOF-Reg(G),FoFs : Overseas,54,55,55,55,54,53,38,23,18.34,0.21,3.61,15.81,24.5,25.31,13.29,11.62,,,,,,,,
Apex Equity Long-Short Fund-Reg(G),75159,Aditya Birla APEX SIF,,,,,NIFTY 500 - TRI,,,,,,,,,,,,,Apex Equity Long-Short Fund-Reg(G),Hybrid : Long - Short,10,30,27,14,,,,,5.49,-0.21,3.32,9.54,,,,,,,,,,,,
Edelweiss CRISIL IBX AAA Financial Services Bond - Jan 2028 Index Fund-Reg(G),49393,Edelweiss Mutual Fund,0.34,1.34,3.27,5.66,CRISIL-IBX AAA Financial Services Index - Jan 2028,,,,4.0,16,17,14,6,17,,,,Edelweiss CRISIL IBX AAA Financial Services Bond - Jan 2028 Index Fund-Reg(G),Debt : Medium to Long Duration,58,59,59,58,58,50,12,11,3.39,0.01,0.87,2.74,4.94,6.88,5.21,5.53,,,,,,,,
LIC MF Healthcare Fund-Reg(G),41330,LIC Mutual Fund,1.24,9.22,23.75,17.11,BSE Health Care - TRI,22.02,11.69,,17.79,12,5,4,8,13,5,9,,LIC MF Healthcare Fund-Reg(G),Equity : Sectoral - Pharma,21,21,21,21,20,12,9,4,18.65,0.58,6.96,21.05,18.29,21.08,14.12,13.63,,,,,,,,
Axis FTP-113-1228D-Reg(G),47799,Axis Mutual Fund,0.42,1.39,3.11,6.01,CRISIL Medium Duration Debt Index,7.0,,,3.48,26,24,5,3,3,33,,,Axis FTP-113-1228D-Reg(G),Debt : FTP/FMP,49,51,50,49,49,49,16,2,3.47,0.27,1.15,2.75,5.55,7.14,6.12,5.77,,,,,,,,
HDFC NIFTY200 Momentum 30 ETF,46042,HDFC Mutual Fund,-3.48,-3.02,5.37,-0.19,Nifty200 Momentum 30 - TRI,9.93,,,-2.72,95,83,149,110,101,53,,,HDFC NIFTY200 Momentum 30 ETF,Equity : ETFs,232,273,256,246,208,137,85,42,-3.6,-4.03,-1.43,6.06,0.15,10.34,8.93,11.73,,,,,,,,
Shriram Money Market Fund-Reg(G),50602,Shriram Mutual Fund,0.48,1.56,3.38,,Nifty Money Market Index,,,,,,24,23,23,,,,,Shriram Money Market Fund-Reg(G),Debt : Money Market,24,26,25,25,23,22,19,13,4.6,0.52,1.64,3.55,6.27,7.03,6.36,6.38,,,,,,,,
Mirae Asset Nifty IT ETF,48250,Mirae Asset Mutual Fund,-8.49,3.35,-4.26,-16.75,NIFTY IT - TRI,,,,-24.65,226,267,24,231,201,,,,Mirae Asset Nifty IT ETF,Equity : ETFs,232,273,256,246,208,137,85,42,-3.6,-4.03,-1.43,6.06,0.15,10.34,8.93,11.73,,,,,,,,
DSP Nifty Midcap 150 Quality 50 ETF,46157,DSP Mutual Fund,-4.93,-2.57,8.81,-2.45,NIFTY Midcap150 Quality 50 - TRI,8.22,,,-1.86,87,212,130,80,121,71,,,DSP Nifty Midcap 150 Quality 50 ETF,Equity : ETFs,232,273,256,246,208,137,85,42,-3.6,-4.03,-1.43,6.06,0.15,10.34,8.93,11.73,,,,,,,,
Zerodha Nifty Smallcap 100 ETF,50175,Zerodha Mutual Fund,-0.91,5.26,24.68,10.84,Nifty Smallcap 100 - TRI,,,,12.24,18,14,18,7,23,,,,Zerodha Nifty Smallcap 100 ETF,Equity : ETFs,232,273,256,246,208,137,85,42,-3.6,-4.03,-1.43,6.06,0.15,10.34,8.93,11.73,,,,,,,,
Axis Nifty Energy Index Fund-Reg(G),50987,Axis Mutual Fund,,,,,NIFTY ENERGY - TRI,,,,,,,,,,,,,Axis Nifty Energy Index Fund-Reg(G),Equity : Index Funds,228,253,245,234,219,101,45,18,-3.26,-4.15,-1.59,6.96,-0.34,10.34,8.4,10.7,,,,,,,,
Bandhan Nifty Smallcap 250 Index Fund-Reg(G),48141,Bandhan Mutual Fund,-1.09,2.57,21.35,5.94,Nifty Smallcap 250 - TRI,,,,8.46,24,21,30,20,33,,,,Bandhan Nifty Smallcap 250 Index Fund-Reg(G),Equity : Index Funds,228,253,245,234,219,101,45,18,-3.26,-4.15,-1.59,6.96,-0.34,10.34,8.4,10.7,,,,,,,,
Kotak Nifty Financial Services Ex-Bank Index Fund-Reg(G),48107,Kotak Mahindra Mutual Fund,-7.74,-3.79,5.03,1.84,Nifty Financial Services Ex-Bank - TRI,13.45,,,-5.34,138,246,201,127,81,37,,,Kotak Nifty Financial Services Ex-Bank Index Fund-Reg(G),Equity : Index Funds,228,253,245,234,219,101,45,18,-3.26,-4.15,-1.59,6.96,-0.34,10.34,8.4,10.7,,,,,,,,
PGIM India Arbitrage Fund-Reg(G),28514,PGIM India Mutual Fund,0.42,1.38,2.88,5.9,Nifty 50 Arbitrage,6.35,5.71,5.42,4.31,19,22,21,19,24,21,19,13,PGIM India Arbitrage Fund-Reg(G),Hybrid : Arbitrage,34,38,37,36,32,25,24,15,4.25,0.41,1.37,2.79,5.98,6.56,5.9,5.56,0.4,1.74,3.05,7.22,7.4,6.62,,6.8
ICICI Pru Nifty50 Value 20 Index Fund-Reg(G),48523,ICICI Prudential Mutual Fund,-4.24,-5.16,-4.55,-9.34,Nifty50 Value 20 - TRI,,,,-13.96,217,111,237,226,205,,,,ICICI Pru Nifty50 Value 20 Index Fund-Reg(G),Equity : Index Funds,228,253,245,234,219,101,45,18,-3.26,-4.15,-1.59,6.96,-0.34,10.34,8.4,10.7,,,,,,,,
Aditya Birla SL Long Term Fund-Reg(G),46711,Aditya Birla Sun Life Mutual Fund,-0.95,-0.67,2.79,2.24,NIFTY Long Duration Debt Index,5.78,,,1.52,17,8,16,7,17,13,,,Aditya Birla SL Long Term Fund-Reg(G),Debt : Long Duration,25,27,25,25,25,19,3,2,2.17,-1.06,-0.5,2.55,3.05,6.26,4.81,5.99,,,,,,,,
Samco Large & Mid Cap Fund-Reg(G),49779,Samco Mutual Fund,-2.69,-2.8,1.4,-6.96,NIFTY LargeMidcap 250 - TRI,,,,-5.75,31,3,33,33,33,,,,Samco Large & Mid Cap Fund-Reg(G),Equity : Large & Mid Cap,33,36,34,33,33,26,26,20,-0.52,-3.92,-0.34,9.21,1.84,12.73,11.15,13.02,,,,,,,,
Capitalmind Liquid Fund-Reg(G),50478,Capitalmind Mutual Fund,0.48,1.54,3.31,,Nifty Liquid Fund Index,,,,4.66,32,36,32,33,,,,,Capitalmind Liquid Fund-Reg(G),Debt : Liquid,44,45,44,44,41,37,35,30,4.6,0.48,1.52,3.27,6.19,6.73,6.19,5.94,,,,,,,,
Axis Nifty50 Equal Weight Index Fund-Reg(G),50947,Axis Mutual Fund,-4.77,,,,NIFTY50 Equal Weight - TRI,,,,,,165,,,,,,,Axis Nifty50 Equal Weight Index Fund-Reg(G),Equity : Index Funds,228,253,245,234,219,101,45,18,-3.26,-4.15,-1.59,6.96,-0.34,10.34,8.4,10.7,,,,,,,,
Mirae Asset Nifty 100 ESG Sector Leaders ETF,45134,Mirae Asset Mutual Fund,-5.3,-3.35,0.73,-6.59,Nifty100 ESG Sector Leaders - TRI,6.96,5.43,,-10.47,172,234,166,172,172,87,75,,Mirae Asset Nifty 100 ESG Sector Leaders ETF,Equity : ETFs,232,273,256,246,208,137,85,42,-3.6,-4.03,-1.43,6.06,0.15,10.34,8.93,11.73,,,,,,,,
ICICI Pru Retirement Fund-Hybrid Cons Plan(G),25668,ICICI Prudential Mutual Fund,-1.37,0.11,3.38,4.21,NIFTY 50 Hybrid Composite Debt 15:85 Index,8.65,7.41,,1.6,9,17,9,10,5,3,6,,ICICI Pru Retirement Fund-Hybrid Cons Plan(G),Hybrid : Conservative Hybrid,27,27,27,27,27,27,27,21,0.82,-1.18,-0.16,3.0,2.31,6.88,6.44,6.9,,,,,,,,
Kotak Nifty SDL Jul 2026 Index Fund-Reg(G),46729,Kotak Mahindra Mutual Fund,0.41,1.26,2.62,5.37,Nifty SDL Jul 2026 Index,6.89,,,3.06,41,12,20,41,25,38,,,Kotak Nifty SDL Jul 2026 Index Fund-Reg(G),Debt : Medium to Long Duration,58,59,59,58,58,50,12,11,3.39,0.01,0.87,2.74,4.94,6.88,5.21,5.53,,,,,,,,
Quantum ESG Best In Class Strategy Fund-Reg(G),43878,Quantum Mutual Fund,-4.84,-0.88,5.66,-5.68,NIFTY100 ESG - TRI,6.1,5.45,,-6.46,95,102,73,81,103,48,27,,Quantum ESG Best In Class Strategy Fund-Reg(G),Equity : Thematic,112,120,117,117,108,51,33,9,2.18,-3.04,1.09,11.89,4.44,13.34,11.3,12.9,,,,,,,,
Union Childrens Fund-Reg(G),48373,Union Mutual Fund,-4.27,-0.95,8.47,0.64,BSE 500 - TRI,,,,-1.18,29,45,40,30,29,,,,Union Childrens Fund-Reg(G),Equity : Flexi Cap,55,58,56,56,53,47,36,24,-0.83,-3.33,0.32,9.42,1.07,10.83,9.29,11.79,,,,,,,,
Groww Short Term Fund-Reg(G),23158,Groww Mutual Fund,0.16,0.98,2.97,4.69,CRISIL Short Duration Debt Index,6.45,5.06,5.42,3.4,12,11,9,11,18,20,22,17,Groww Short Term Fund-Reg(G),Debt : Short Duration,32,33,32,32,32,25,23,18,3.45,0.12,0.88,2.91,4.9,6.61,5.86,6.24,,,,,,,,
LIC MF Technology Fund-Reg(G),50695,LIC Mutual Fund,-5.12,2.59,7.79,,BSE TECk Index - TRI,,,,,,3,12,7,,,,,LIC MF Technology Fund-Reg(G),Equity : Sectoral - Technology,12,13,13,13,12,7,5,5,-10.68,-4.97,6.29,11.37,-7.14,4.09,2.44,15.63,,,,,,,,
ICICI Pru Global Stable Equity Fund(FOF)(G),16718,ICICI Prudential Mutual Fund,-4.03,5.04,6.56,14.96,MSCI World,13.13,10.23,9.59,10.39,43,45,19,44,41,49,24,17,ICICI Pru Global Stable Equity Fund(FOF)(G),FoFs : Overseas,54,55,55,55,54,53,38,23,18.34,0.21,3.61,15.81,24.5,25.31,13.29,11.62,,,,,,,,
Edelweiss CRISIL IBX 50:50 Gilt Plus SDL June 2027 Index Fund-Reg(G),46999,Edelweiss Mutual Fund,0.28,1.12,2.63,5.47,CRISIL IBX 50:50 Gilt Plus SDL Index - June 2027,7.07,,,3.81,22,23,28,40,22,32,,,Edelweiss CRISIL IBX 50:50 Gilt Plus SDL June 2027 Index Fund-Reg(G),Debt : Medium to Long Duration,58,59,59,58,58,50,12,11,3.39,0.01,0.87,2.74,4.94,6.88,5.21,5.53,,,,,,,,
Samco Large Cap Fund-Reg(G),49506,Samco Mutual Fund,-3.88,-3.13,-1.81,-9.21,NIFTY 100 - TRI,,,,-7.86,23,9,28,34,33,,,,Samco Large Cap Fund-Reg(G),Equity : Large Cap,33,35,34,34,33,30,28,23,-6.14,-4.26,-1.72,3.8,-2.94,8.89,7.38,10.73,,,,,,,,
Bandhan Nifty Midcap 150 Index Fund-Reg(G),48685,Bandhan Mutual Fund,-4.7,-1.5,9.61,4.31,Nifty Midcap 150 - TRI,,,,0.31,79,145,105,76,67,,,,Bandhan Nifty Midcap 150 Index Fund-Reg(G),Equity : Index Funds,228,253,245,234,219,101,45,18,-3.26,-4.15,-1.59,6.96,-0.34,10.34,8.4,10.7,,,,,,,,
Invesco India Nifty 50 ETF,12694,Invesco Mutual Fund,-4.88,-3.5,0.06,-6.09,NIFTY 50 - TRI,6.68,6.46,11.28,-10.66,187,205,181,190,161,106,64,22,Invesco India Nifty 50 ETF,Equity : ETFs,232,273,256,246,208,137,85,42,-3.6,-4.03,-1.43,6.06,0.15,10.34,8.93,11.73,,,,,,,,
Edelweiss Nifty Alpha Low Volatility 30 Index Fund-Reg(G),48808,Edelweiss Mutual Fund,-4.74,-1.57,3.73,-1.62,NIFTY Alpha Low-Volatility 30 - TRI,,,,-4.12,116,158,114,144,134,,,,Edelweiss Nifty Alpha Low Volatility 30 Index Fund-Reg(G),Equity : Index Funds,228,253,245,234,219,101,45,18,-3.26,-4.15,-1.59,6.96,-0.34,10.34,8.4,10.7,,,,,,,,
Motilal Oswal Special Opportunities Fund-Reg(G),49810,Motilal Oswal Mutual Fund,2.77,9.71,28.86,22.19,NIFTY 500 - TRI,,,,18.17,6,2,4,5,3,,,,Motilal Oswal Special Opportunities Fund-Reg(G),Equity : Thematic,112,120,117,117,108,51,33,9,2.18,-3.04,1.09,11.89,4.44,13.34,11.3,12.9,,,,,,,,
Bajaj Finserv ELSS-Tax Saver Fund-Reg(G),49457,Bajaj Finserv Mutual Fund,-3.07,-1.29,9.29,2.18,BSE 500 - TRI,,,,-0.71,21,16,30,21,18,,,,Bajaj Finserv ELSS-Tax Saver Fund-Reg(G),Equity : Tax Saving (ELSS),53,53,53,53,53,52,47,30,-2.04,-3.49,-0.87,8.56,-0.32,10.55,10.24,12.18,,,,,,,,
LIC MF BSE Sensex Index Fund-Reg(G),2133,LIC Mutual Fund,-4.88,-4.1,-1.42,-8.87,BSE SENSEX - TRI,3.91,4.39,9.94,-13.08,215,179,215,217,204,97,45,18,LIC MF BSE Sensex Index Fund-Reg(G),Equity : Index Funds,228,253,245,234,219,101,45,18,-3.26,-4.15,-1.59,6.96,-0.34,10.34,8.4,10.7,,,,,,,,
HDFC Nifty Top 20 Equal Weight Index Fund-Reg(G),49704,HDFC Mutual Fund,-5.47,-1.65,-0.34,-7.4,Nifty Top 20 Equal Weight - TRI,,,,-12.21,205,229,115,202,189,,,,HDFC Nifty Top 20 Equal Weight Index Fund-Reg(G),Equity : Index Funds,228,253,245,234,219,101,45,18,-3.26,-4.15,-1.59,6.96,-0.34,10.34,8.4,10.7,,,,,,,,
Groww Banking & Financial Services Fund-Reg(G),48456,Groww Mutual Fund,-4.32,0.73,13.9,9.94,Nifty Financial Services - TRI,,,,5.69,2,9,2,2,2,,,,Groww Banking & Financial Services Fund-Reg(G),Equity : Sectoral - Financial Services,24,28,28,28,23,17,13,11,-4.0,-4.78,-3.54,5.32,2.41,10.9,9.73,11.13,,,,,,,,
Groww Silver ETF FOF-Reg(G),49845,Groww Mutual Fund,-4.51,5.52,-1.74,61.84,Silver,,,,2.12,60,97,31,124,10,,,,Groww Silver ETF FOF-Reg(G),FoFs : Domestic,108,135,127,125,99,61,41,27,2.81,-3.15,2.04,5.11,14.87,17.1,10.87,10.45,,,,,,,,
Bandhan CRISIL IBX 90:10 SDL Plus Gilt - Nov 2026 Index Fund-Reg(G),46213,Bandhan Mutual Fund,0.43,1.29,2.72,5.63,CRISIL IBX 90:10 SDL Plus Gilt Index - November 2026,7.03,,,3.95,18,7,15,29,19,33,,,Bandhan CRISIL IBX 90:10 SDL Plus Gilt - Nov 2026 Index Fund-Reg(G),Debt : Medium to Long Duration,58,59,59,58,58,50,12,11,3.39,0.01,0.87,2.74,4.94,6.88,5.21,5.53,,,,,,,,
UTI Long Term Fund-Reg(G),47733,UTI Mutual Fund,-0.99,-1.03,2.22,0.95,NIFTY Long Duration Debt Index,4.48,,,0.48,25,11,21,21,25,19,,,UTI Long Term Fund-Reg(G),Debt : Long Duration,25,27,25,25,25,19,3,2,2.17,-1.06,-0.5,2.55,3.05,6.26,4.81,5.99,,,,,,,,
Baroda BNP Paribas NIFTY SDL Dec 2026 Index Fund-Reg(G),47387,Baroda BNP Paribas Mutual Fund,0.48,1.47,2.69,5.7,NIFTY SDL December 2026 Index,7.09,,,3.42,29,2,7,33,16,30,,,Baroda BNP Paribas NIFTY SDL Dec 2026 Index Fund-Reg(G),Debt : Medium to Long Duration,58,59,59,58,58,50,12,11,3.39,0.01,0.87,2.74,4.94,6.88,5.21,5.53,,,,,,,,
UTI Nifty500 Shariah Index Fund-Reg(G),50389,UTI Mutual Fund,-4.3,-1.36,5.22,,Nifty500 Shariah - TRI,,,,,,115,88,122,,,,,UTI Nifty500 Shariah Index Fund-Reg(G),Equity : Index Funds,228,253,245,234,219,101,45,18,-3.26,-4.15,-1.59,6.96,-0.34,10.34,8.4,10.7,,,,,,,,
Mirae Asset Nifty500 Multicap 50:25:25 ETF,49071,Mirae Asset Mutual Fund,-3.72,-1.06,9.08,1.09,Nifty500 Multicap 50:25:25 - TRI,,,,-1.64,82,115,83,74,87,,,,Mirae Asset Nifty500 Multicap 50:25:25 ETF,Equity : ETFs,232,273,256,246,208,137,85,42,-3.6,-4.03,-1.43,6.06,0.15,10.34,8.93,11.73,,,,,,,,
Nippon India BSE Sensex Next 30 Index Fund-Reg(G),49930,Nippon India Mutual Fund,-4.08,-0.57,8.23,6.57,BSE Sensex Next 30 - TRI,,,,1.91,58,104,69,92,23,,,,Nippon India BSE Sensex Next 30 Index Fund-Reg(G),Equity : Index Funds,228,253,245,234,219,101,45,18,-3.26,-4.15,-1.59,6.96,-0.34,10.34,8.4,10.7,,,,,,,,
Quantum Dynamic Term Fund-Reg(G),37428,Quantum Mutual Fund,-0.52,-0.47,2.41,2.92,CRISIL Dynamic Bond Index,6.24,5.79,6.59,2.06,15,16,20,12,16,11,6,6,Quantum Dynamic Term Fund-Reg(G),Debt : Dynamic Bond,23,23,23,23,23,23,23,19,2.57,-0.36,0.16,2.58,3.62,6.05,5.37,6.1,,,,,,,,
DSP Nifty SDL Plus G-Sec Sep 2027 50:50 Index Fund-Reg(G),47548,DSP Mutual Fund,0.24,1.26,2.74,5.56,Nifty SDL Plus G-Sec Sep 2027 50:50 Index,7.24,,,3.9,21,24,19,28,21,11,,,DSP Nifty SDL Plus G-Sec Sep 2027 50:50 Index Fund-Reg(G),Debt : Medium to Long Duration,58,59,59,58,58,50,12,11,3.39,0.01,0.87,2.74,4.94,6.88,5.21,5.53,,,,,,,,
Angel One Gold ETF,50223,Angel One Mutual Fund,-6.02,7.91,4.22,32.39,Gold-India,,,,12.52,21,21,15,8,30,,,,Angel One Gold ETF,Metal : ETFs,40,42,42,42,38,22,11,11,3.29,-5.3,7.04,2.11,46.95,39.54,25.66,15.77,,,,,,,,
Bandhan Conservative Hybrid Fund-Reg(G),8465,Bandhan Mutual Fund,-1.17,0.37,2.88,2.26,NIFTY AAA Short Duration Bond Index,6.07,4.66,5.77,0.06,19,11,3,14,12,20,24,18,Bandhan Conservative Hybrid Fund-Reg(G),Hybrid : Conservative Hybrid,27,27,27,27,27,27,27,21,0.82,-1.18,-0.16,3.0,2.31,6.88,6.44,6.9,,,,,,,,
PGIM India Gilt Fund(G),7012,PGIM India Mutual Fund,-1.0,-0.5,2.13,1.29,CRISIL Dynamic Gilt Index,5.06,4.44,5.64,0.78,35,29,29,31,34,26,17,13,PGIM India Gilt Fund(G),Debt : Gilt,38,38,38,38,38,34,23,21,2.34,-0.55,-0.06,2.74,3.22,5.99,4.93,5.98,,,,,,,,
Navi Nifty India Manufacturing Index Fund-Reg(G),45954,Navi Mutual Fund,-4.28,-0.23,8.84,5.92,Nifty India Manufacturing - TRI,17.12,,,3.15,47,114,48,81,35,8,,,Navi Nifty India Manufacturing Index Fund-Reg(G),Equity : Index Funds,228,253,245,234,219,101,45,18,-3.26,-4.15,-1.59,6.96,-0.34,10.34,8.4,10.7,,,,,,,,
Kotak NIFTY Midcap 50 Index Fund-Reg(G),48955,Kotak Mahindra Mutual Fund,-5.15,-0.66,10.86,7.29,Nifty Midcap 50 - TRI,,,,0.98,63,214,72,56,21,,,,Kotak NIFTY Midcap 50 Index Fund-Reg(G),Equity : Index Funds,228,253,245,234,219,101,45,18,-3.26,-4.15,-1.59,6.96,-0.34,10.34,8.4,10.7,,,,,,,,
HSBC Asia Pacific (Ex Japan) DYF-Reg(G),17816,HSBC Mutual Fund,2.38,2.62,17.44,34.73,MSCI Asia (ex-Japan) Standard Index,28.21,15.13,12.86,27.21,11,15,30,21,12,17,11,8,HSBC Asia Pacific (Ex Japan) DYF-Reg(G),FoFs : Overseas,54,55,55,55,54,53,38,23,18.34,0.21,3.61,15.81,24.5,25.31,13.29,11.62,,,,,,,,
PGIM India Corp Bond Fund(G),854,PGIM India Mutual Fund,-0.03,0.43,2.52,3.98,CRISIL Composite Bond Index,6.33,5.47,6.03,2.52,20,14,17,19,20,19,17,10,PGIM India Corp Bond Fund(G),Debt : Corporate Bond,21,21,21,21,21,21,19,13,3.17,0.0,0.66,2.88,4.63,6.78,5.84,6.57,,,,,,,,
HDFC FMP-Sr 47-1269D-March 2023-Reg(G),47782,HDFC Mutual Fund,0.44,1.2,2.66,5.41,NIFTY Medium Duration Debt Index,6.96,,,3.58,24,12,37,30,35,36,,,HDFC FMP-Sr 47-1269D-March 2023-Reg(G),Debt : FTP/FMP,49,51,50,49,49,49,16,2,3.47,0.27,1.15,2.75,5.55,7.14,6.12,5.77,,,,,,,,
Kotak Nifty Smallcap 250 Index Fund-Reg(G),49225,Kotak Mahindra Mutual Fund,-1.04,2.62,21.5,6.16,Nifty Smallcap 250 - TRI,,,,8.68,17,13,24,16,25,,,,Kotak Nifty Smallcap 250 Index Fund-Reg(G),Equity : Index Funds,228,253,245,234,219,101,45,18,-3.26,-4.15,-1.59,6.96,-0.34,10.34,8.4,10.7,,,,,,,,
Groww Arbitrage Fund-Reg(G),50825,Groww Mutual Fund,0.31,1.36,,,Nifty 50 Arbitrage - TRI,,,,,,35,27,,,,,,Groww Arbitrage Fund-Reg(G),Hybrid : Arbitrage,34,38,37,36,32,25,24,15,4.25,0.41,1.37,2.79,5.98,6.56,5.9,5.56,,,,,,,,
Motilal Oswal BSE Low Volatility ETF,46437,Motilal Oswal Mutual Fund,-4.8,-4.57,-1.02,-6.75,BSE Low Volatility Index - TRI,7.1,,,-10.37,171,174,229,199,173,86,,,Motilal Oswal BSE Low Volatility ETF,Equity : ETFs,232,273,256,246,208,137,85,42,-3.6,-4.03,-1.43,6.06,0.15,10.34,8.93,11.73,,,,,,,,
Mirae Asset Nifty Smallcap 250 ETF,50401,Mirae Asset Mutual Fund,-0.99,2.8,21.98,,Nifty Smallcap 250 - TRI,,,,9.28,22,16,35,14,,,,,Mirae Asset Nifty Smallcap 250 ETF,Equity : ETFs,232,273,256,246,208,137,85,42,-3.6,-4.03,-1.43,6.06,0.15,10.34,8.93,11.73,,,,,,,,
HDFC NIFTY IT ETF,47070,HDFC Mutual Fund,-8.49,3.29,-4.3,-16.83,NIFTY IT - TRI,-2.96,,,-24.7,229,268,27,237,203,134,,,HDFC NIFTY IT ETF,Equity : ETFs,232,273,256,246,208,137,85,42,-3.6,-4.03,-1.43,6.06,0.15,10.34,8.93,11.73,,,,,,,,
Aditya Birla SL Nifty Healthcare ETF,45695,Aditya Birla Sun Life Mutual Fund,0.48,4.65,15.09,15.76,Nifty Healthcare Index - TRI,21.39,,,14.32,13,8,22,33,11,7,,,Aditya Birla SL Nifty Healthcare ETF,Equity : ETFs,232,273,256,246,208,137,85,42,-3.6,-4.03,-1.43,6.06,0.15,10.34,8.93,11.73,,,,,,,,
SBI Nifty IT ETF,45110,SBI Mutual Fund,-8.5,3.23,-4.41,-16.93,NIFTY IT - TRI,-3.0,-3.68,,-24.79,232,272,33,243,206,136,85,,SBI Nifty IT ETF,Equity : ETFs,232,273,256,246,208,137,85,42,-3.6,-4.03,-1.43,6.06,0.15,10.34,8.93,11.73,,,,,,,,
TRUSTMF Corporate Bond Fund-Reg(G),47440,Trust Mutual Fund,0.08,0.68,2.79,4.25,CRISIL Corporate Bond Index,6.31,,,3.11,10,7,10,14,16,20,,,TRUSTMF Corporate Bond Fund-Reg(G),Debt : Corporate Bond,21,21,21,21,21,21,19,13,3.17,0.0,0.66,2.88,4.63,6.78,5.84,6.57,,,,,,,,
Motilal Oswal Nifty 50 ETF,8634,Motilal Oswal Mutual Fund,-4.88,-3.49,0.07,-6.05,NIFTY 50 - TRI,6.73,6.53,11.01,-10.64,184,204,179,186,154,98,52,35,Motilal Oswal Nifty 50 ETF,Equity : ETFs,232,273,256,246,208,137,85,42,-3.6,-4.03,-1.43,6.06,0.15,10.34,8.93,11.73,,,,,,,,
Invesco India Banking and PSU Debt Fund-Reg(G),17249,Invesco Mutual Fund,-0.07,0.63,2.97,4.52,NIFTY Banking and PSU Debt Index,6.75,5.22,6.22,3.12,11,18,11,7,11,8,18,16,Invesco India Banking and PSU Debt Fund-Reg(G),Debt : Banking & PSU,21,21,21,21,21,20,18,16,3.22,0.08,0.74,2.9,4.74,6.68,5.83,6.66,,,,,,,,
Nippon India CRISIL-IBX AAA Financial Services - Jan 2028 Index Fund-Reg(G),49221,Nippon India Mutual Fund,0.34,1.34,3.3,5.59,CRISIL-IBX AAA Financial Services Index - Jan 2028,,,,3.96,17,16,12,5,20,,,,Nippon India CRISIL-IBX AAA Financial Services - Jan 2028 Index Fund-Reg(G),Debt : Medium to Long Duration,58,59,59,58,58,50,12,11,3.39,0.01,0.87,2.74,4.94,6.88,5.21,5.53,,,,,,,,
SBI Nifty 200 Quality 30 ETF,41015,SBI Mutual Fund,-5.84,-1.23,3.68,-4.71,NIFTY200 Quality 30 - TRI,6.73,5.76,,-8.21,158,251,101,140,146,100,68,,SBI Nifty 200 Quality 30 ETF,Equity : ETFs,232,273,256,246,208,137,85,42,-3.6,-4.03,-1.43,6.06,0.15,10.34,8.93,11.73,,,,,,,,
Canara Rob Dynamic Term Fund-Reg(G),7792,Canara Robeco Mutual Fund,-0.75,-0.17,1.2,1.63,CRISIL Dynamic Bond Index,4.42,4.08,5.07,1.04,21,19,17,22,22,23,22,18,Canara Rob Dynamic Term Fund-Reg(G),Debt : Dynamic Bond,23,23,23,23,23,23,23,19,2.57,-0.36,0.16,2.58,3.62,6.05,5.37,6.1,,,,,,,,
JM Short Term Fund-Reg(G),46751,JM Financial Mutual Fund,0.03,0.79,2.68,4.32,CRISIL Short Duration Debt Index,6.27,,,3.02,28,21,15,25,28,23,,,JM Short Term Fund-Reg(G),Debt : Short Duration,32,33,32,32,32,25,23,18,3.45,0.12,0.88,2.91,4.9,6.61,5.86,6.24,,,,,,,,
Union Gilt Fund-Reg(G),46221,Union Mutual Fund,-0.91,-1.14,2.95,0.77,CRISIL Dynamic Gilt Index,4.57,,,0.35,38,27,38,13,37,34,,,Union Gilt Fund-Reg(G),Debt : Gilt,38,38,38,38,38,34,23,21,2.34,-0.55,-0.06,2.74,3.22,5.99,4.93,5.98,,,,,,,,
Mahindra Manulife Short Term Fund-Reg(G),45310,Mahindra Manulife Mutual Fund,0.0,0.57,2.88,4.74,CRISIL Short Duration Debt Index,6.61,5.58,,3.44,10,27,27,16,15,15,15,,Mahindra Manulife Short Term Fund-Reg(G),Debt : Short Duration,32,33,32,32,32,25,23,18,3.45,0.12,0.88,2.91,4.9,6.61,5.86,6.24,,,,,,,,
Edelweiss CRISIL-IBX AAA Bond NBFC-HFC-Jun 2027 Index Fund-Reg(G),49624,Edelweiss Mutual Fund,0.48,1.61,3.52,6.22,CRISIL-IBX AAA NBFC-HFC Index - Jun 2027,,,,4.52,4,4,4,3,4,,,,Edelweiss CRISIL-IBX AAA Bond NBFC-HFC-Jun 2027 Index Fund-Reg(G),Debt : Short Duration,32,33,32,32,32,25,23,18,3.45,0.12,0.88,2.91,4.9,6.61,5.86,6.24,,,,,,,,
Aditya Birla SL BSE 500 Momentum 50 Index Fund-Reg(G),50025,Aditya Birla Sun Life Mutual Fund,-2.58,2.47,12.52,5.28,BSE 500 Momentum 50 - TRI,,,,2.59,52,32,33,50,42,,,,Aditya Birla SL BSE 500 Momentum 50 Index Fund-Reg(G),Equity : Index Funds,228,253,245,234,219,101,45,18,-3.26,-4.15,-1.59,6.96,-0.34,10.34,8.4,10.7,,,,,,,,
Samco Mid Cap Fund-Reg(G),50634,Samco Mutual Fund,-3.26,-1.71,6.99,,Nifty Midcap 150 - TRI,,,,,,12,32,34,,,,,Samco Mid Cap Fund-Reg(G),Equity : Mid Cap,32,35,34,34,32,30,25,20,4.31,-3.8,0.67,13.28,6.21,15.36,13.92,14.96,,,,,,,,
Invesco India Nifty G-sec Jul 2027 Index Fund-Reg(G),47794,Invesco Mutual Fund,0.25,1.09,2.62,5.34,Nifty G-sec Jul 2027 Index,7.14,,,3.72,16,8,11,18,14,10,,,Invesco India Nifty G-sec Jul 2027 Index Fund-Reg(G),Debt : Medium Duration,22,23,23,22,22,22,13,12,3.74,0.01,0.88,2.92,5.3,7.09,6.23,6.18,,,,,,,,
Baroda BNP Paribas Income Plus Arbitrage Active FoF-Reg(G),49897,Baroda BNP Paribas Mutual Fund,0.27,1.19,3.4,5.81,NIFTY Composite Debt Index,,,,4.15,29,7,55,68,45,,,,Baroda BNP Paribas Income Plus Arbitrage Active FoF-Reg(G),FoFs : Domestic,108,135,127,125,99,61,41,27,2.81,-3.15,2.04,5.11,14.87,17.1,10.87,10.45,,,,,,,,
Nippon India FMP-XLIV-1-1743D(G),46914,Nippon India Mutual Fund,0.28,1.19,2.86,5.79,NIFTY Medium to Long Duration Debt Index,7.37,,,4.03,15,39,38,9,14,8,,,Nippon India FMP-XLIV-1-1743D(G),Debt : FTP/FMP,49,51,50,49,49,49,16,2,3.47,0.27,1.15,2.75,5.55,7.14,6.12,5.77,,,,,,,,
Mirae Asset Nifty 100 ESG Sector Leaders FoF-Reg(G),45135,Mirae Asset Mutual Fund,-5.08,-3.35,0.44,-6.91,Nifty100 ESG Sector Leaders - TRI,6.41,4.92,,-10.64,106,109,122,107,98,60,41,,Mirae Asset Nifty 100 ESG Sector Leaders FoF-Reg(G),FoFs : Domestic,108,135,127,125,99,61,41,27,2.81,-3.15,2.04,5.11,14.87,17.1,10.87,10.45,,,,,,,,
Kotak BSE PSU Index Fund-Reg(G),48890,Kotak Mahindra Mutual Fund,-3.32,-4.06,-2.04,2.6,BSE PSU - TRI,,,,-2.17,95,45,214,221,78,,,,Kotak BSE PSU Index Fund-Reg(G),Equity : Index Funds,228,253,245,234,219,101,45,18,-3.26,-4.15,-1.59,6.96,-0.34,10.34,8.4,10.7,,,,,,,,
Mirae Asset Nifty SDL June 2028 Index Fund-Reg(G),47763,Mirae Asset Mutual Fund,0.12,1.15,2.63,5.3,Nifty SDL June 2028 Index,7.11,,,3.3,32,34,27,39,28,28,,,Mirae Asset Nifty SDL June 2028 Index Fund-Reg(G),Debt : Medium to Long Duration,58,59,59,58,58,50,12,11,3.39,0.01,0.87,2.74,4.94,6.88,5.21,5.53,,,,,,,,
Axis Nifty500 Quality 50 Index Fund-Reg(G),49731,Axis Mutual Fund,-5.38,-3.85,7.78,-2.09,Nifty500 Quality 50 - TRI,,,,-0.31,85,227,202,96,137,,,,Axis Nifty500 Quality 50 Index Fund-Reg(G),Equity : Index Funds,228,253,245,234,219,101,45,18,-3.26,-4.15,-1.59,6.96,-0.34,10.34,8.4,10.7,,,,,,,,
ICICI Pru Retirement Fund-Pure Debt Plan(G),25670,ICICI Prudential Mutual Fund,-0.33,0.14,2.38,3.25,NIFTY Composite Debt Index,5.53,4.88,,2.25,13,11,13,15,13,17,16,,ICICI Pru Retirement Fund-Pure Debt Plan(G),Debt : Dynamic Bond,23,23,23,23,23,23,23,19,2.57,-0.36,0.16,2.58,3.62,6.05,5.37,6.1,,,,,,,,
Aditya Birla SL CRISIL-IBX AAA NBFC-HFC Index-Sep 2026 Fund-Reg(G),49201,Aditya Birla Sun Life Mutual Fund,0.46,1.52,3.52,6.46,CRISIL-IBX AAA NBFC-HFC Index - Sep 2026,,,,4.78,3,5,5,4,2,,,,Aditya Birla SL CRISIL-IBX AAA NBFC-HFC Index-Sep 2026 Fund-Reg(G),Debt : Short Duration,32,33,32,32,32,25,23,18,3.45,0.12,0.88,2.91,4.9,6.61,5.86,6.24,,,,,,,,
ICICI Pru Nifty EV & New Age Automotive ETF,49189,ICICI Prudential Mutual Fund,-6.22,-0.46,12.9,0.76,Nifty EV and New Age Automotive - TRI,,,,-0.33,73,253,75,49,94,,,,ICICI Pru Nifty EV & New Age Automotive ETF,Equity : ETFs,232,273,256,246,208,137,85,42,-3.6,-4.03,-1.43,6.06,0.15,10.34,8.93,11.73,,,,,,,,
PGIM India Dynamic Term Fund(G),15247,PGIM India Mutual Fund,-0.46,-0.32,1.82,2.12,CRISIL Dynamic Bond Index,5.59,4.76,6.13,1.27,18,12,19,20,18,16,19,8,PGIM India Dynamic Term Fund(G),Debt : Dynamic Bond,23,23,23,23,23,23,23,19,2.57,-0.36,0.16,2.58,3.62,6.05,5.37,6.1,,,,,,,,
Kotak Multi Asset Active FOF-Reg(G),50818,Kotak Mahindra Mutual Fund,-3.07,1.03,,,NIFTY 50 - TRI,,,,,,57,61,,,,,,Kotak Multi Asset Active FOF-Reg(G),FoFs : Domestic,108,135,127,125,99,61,41,27,2.81,-3.15,2.04,5.11,14.87,17.1,10.87,10.45,,,,,,,,
Mirae Asset Nifty 8-13 yr G-Sec ETF,47899,Mirae Asset Mutual Fund,-1.14,-0.39,1.95,3.02,Nifty 8-13 yr G-Sec,6.8,,,2.02,25,26,23,25,24,7,,,Mirae Asset Nifty 8-13 yr G-Sec ETF,Debt : ETFs,31,34,31,31,30,15,10,4,3.01,-0.35,0.44,2.25,4.33,6.47,5.55,5.58,-1.18,-0.36,1.83,2.7,6.83,5.63,,2.34
JioBlackRock Nifty 50 ETF,51060,Jio BlackRock Mutual Fund,-4.88,,,,NIFTY 50 - TRI,,,,,,206,,,,,,,JioBlackRock Nifty 50 ETF,Equity : ETFs,232,273,256,246,208,137,85,42,-3.6,-4.03,-1.43,6.06,0.15,10.34,8.93,11.73,,,,,,,,
Quantum Multi Asset Active FoF-Reg(G),20096,Quantum Mutual Fund,-3.24,0.17,2.3,3.26,NIFTY 50 - TRI,10.4,9.04,8.68,-1.52,91,60,87,101,74,35,25,19,Quantum Multi Asset Active FoF-Reg(G),FoFs : Domestic,108,135,127,125,99,61,41,27,2.81,-3.15,2.04,5.11,14.87,17.1,10.87,10.45,,,,,,,,
UTI Nifty Midcap 150 Index Fund-Reg(G),49368,UTI Mutual Fund,-4.68,-1.38,9.9,4.6,Nifty Midcap 150 - TRI,,,,0.59,70,136,93,67,60,,,,UTI Nifty Midcap 150 Index Fund-Reg(G),Equity : Index Funds,228,253,245,234,219,101,45,18,-3.26,-4.15,-1.59,6.96,-0.34,10.34,8.4,10.7,,,,,,,,
Kotak Nifty 50 Value 20 ETF,31116,Kotak Mahindra Mutual Fund,-4.2,-5.02,-4.28,-8.68,Nifty50 Value 20 - TRI,4.65,6.1,13.26,-13.58,213,128,237,234,188,122,65,4,Kotak Nifty 50 Value 20 ETF,Equity : ETFs,232,273,256,246,208,137,85,42,-3.6,-4.03,-1.43,6.06,0.15,10.34,8.93,11.73,,,,,,,,
Groww Multi Asset Omni FOF-Reg(G),50379,Groww Mutual Fund,-3.45,0.44,8.77,,NIFTY 500 - TRI,,,,2.26,58,71,81,21,,,,,Groww Multi Asset Omni FOF-Reg(G),FoFs : Domestic,108,135,127,125,99,61,41,27,2.81,-3.15,2.04,5.11,14.87,17.1,10.87,10.45,,,,,,,,
Tata Multi Sector Passive FOF-Reg(G),50755,Tata Mutual Fund,-3.79,,,,NIFTY 500 - TRI,,,,,,79,,,,,,,Tata Multi Sector Passive FOF-Reg(G),FoFs : Domestic,108,135,127,125,99,61,41,27,2.81,-3.15,2.04,5.11,14.87,17.1,10.87,10.45,,,,,,,,
Sundaram LT Micro Cap Tax Adv Fund-Sr III-Reg(G),36026,Sundaram Mutual Fund,-3.18,-1.2,18.86,6.46,Nifty Smallcap 100,11.89,14.54,,6.4,7,22,28,2,8,18,6,,Sundaram LT Micro Cap Tax Adv Fund-Sr III-Reg(G),Equity : Tax Saving (ELSS),53,53,53,53,53,52,47,30,-2.04,-3.49,-0.87,8.56,-0.32,10.55,10.24,12.18,-0.96,4.92,24.02,9.73,16.44,12.7,,15.52
Mirae Asset BSE Midcap 150 Momentum 30 ETF,50929,Mirae Asset Mutual Fund,-3.48,,,,BSE Midcap 150 Momentum 30 - TRI,,,,,,87,,,,,,,Mirae Asset BSE Midcap 150 Momentum 30 ETF,Equity : ETFs,232,273,256,246,208,137,85,42,-3.6,-4.03,-1.43,6.06,0.15,10.34,8.93,11.73,,,,,,,,
Tata Nifty500 Multicap Infrastructure 50:30:20 Index Fund-Reg(G),48786,Tata Mutual Fund,-4.47,-4.34,5.87,0.07,Nifty500 Multicap Infrastructure 50:30:20 - TRI,,,,-3.18,103,124,219,113,96,,,,Tata Nifty500 Multicap Infrastructure 50:30:20 Index Fund-Reg(G),Equity : Index Funds,228,253,245,234,219,101,45,18,-3.26,-4.15,-1.59,6.96,-0.34,10.34,8.4,10.7,,,,,,,,
Mahindra Manulife Overnight Fund-Reg(G),42560,Mahindra Manulife Mutual Fund,0.4,1.24,2.51,5.14,CRISIL Liquid Overnight Index,5.94,5.62,,3.7,25,22,25,26,24,23,15,,Mahindra Manulife Overnight Fund-Reg(G),Debt : Overnight,35,37,35,35,35,33,27,3,3.71,0.4,1.24,2.54,5.14,5.94,5.62,5.27,,,,,,,,
Motilal Oswal Asset Allocation Passive FoF-Conservative-Reg(G),45346,Motilal Oswal Mutual Fund,-1.66,1.15,5.29,7.42,Nifty 5 yr Benchmark G-Sec Index TRI,12.69,9.76,,2.27,57,34,56,44,35,25,18,,Motilal Oswal Asset Allocation Passive FoF-Conservative-Reg(G),FoFs : Domestic,108,135,127,125,99,61,41,27,2.81,-3.15,2.04,5.11,14.87,17.1,10.87,10.45,,,,,,,,
Mirae Asset Hang Seng TECH ETF FoF-Reg(G),46071,Mirae Asset Mutual Fund,-4.85,1.53,-4.22,-23.38,Hang Seng TECH TRI,14.8,,,-14.8,54,47,37,55,54,46,,,Mirae Asset Hang Seng TECH ETF FoF-Reg(G),FoFs : Overseas,54,55,55,55,54,53,38,23,18.34,0.21,3.61,15.81,24.5,25.31,13.29,11.62,,,,,,,,
Quant Gilt Fund-Reg(G),47345,Quant Mutual Fund,-0.82,-0.41,1.96,2.24,CRISIL Dynamic Gilt Index,4.74,,,1.53,28,25,24,34,26,30,,,Quant Gilt Fund-Reg(G),Debt : Gilt,38,38,38,38,38,34,23,21,2.34,-0.55,-0.06,2.74,3.22,5.99,4.93,5.98,,,,,,,,
AlphaGrep Multi Asset Allocation Fund-Reg(G),50972,AlphaGrep Mutual Fund,-0.93,,,,NIFTY Composite Debt Index,,,,,,2,,,,,,,AlphaGrep Multi Asset Allocation Fund-Reg(G),Hybrid : Multi Asset Allocation,33,36,34,34,30,14,8,6,1.18,-3.02,0.54,4.52,7.5,13.59,12.21,12.2,,,,,,,,
Groww Value Fund-Reg(G),33606,Groww Mutual Fund,-2.62,-0.89,8.41,-0.7,NIFTY 500 - TRI,11.15,9.34,9.08,-2.19,9,5,9,8,13,13,19,15,Groww Value Fund-Reg(G),Equity : Value / Contra,23,25,24,23,23,22,20,15,-2.25,-3.2,-1.06,7.17,1.48,12.23,11.84,12.8,,,,,,,,
Navi Liquid Fund-Reg(G),8544,Navi Mutual Fund,0.42,1.35,2.91,5.7,CRISIL Liquid Debt Index,6.34,6.03,5.84,4.19,41,41,40,40,38,36,30,26,Navi Liquid Fund-Reg(G),Debt : Liquid,44,45,44,44,41,37,35,30,4.6,0.48,1.52,3.27,6.19,6.73,6.19,5.94,,,,,,,,
Tata Nifty G-Sec Dec 2026 Index Fund-Reg(G),47436,Tata Mutual Fund,0.43,1.28,2.72,5.44,Nifty G-sec Dec 2026 Index,6.86,,,3.86,13,2,5,13,13,17,,,Tata Nifty G-Sec Dec 2026 Index Fund-Reg(G),Debt : Medium Duration,22,23,23,22,22,22,13,12,3.74,0.01,0.88,2.92,5.3,7.09,6.23,6.18,,,,,,,,
Taurus ELSS Tax Saver Fund-Reg(G),3314,Taurus Mutual Fund,-0.18,4.12,10.87,-1.09,BSE 500 - TRI,10.02,9.83,11.93,-0.01,18,2,3,19,28,29,25,15,Taurus ELSS Tax Saver Fund-Reg(G),Equity : Tax Saving (ELSS),53,53,53,53,53,52,47,30,-2.04,-3.49,-0.87,8.56,-0.32,10.55,10.24,12.18,,,,,,,,
Aditya Birla SL US Treasury 1-3 Year Bonds ETFs Passive FOF-Reg(G),48274,Aditya Birla Sun Life Mutual Fund,-0.33,1.2,2.23,9.79,Bloomberg US Treasury 1-3 Year Index,,,,7.11,1,18,10,22,1,,,,Aditya Birla SL US Treasury 1-3 Year Bonds ETFs Passive FOF-Reg(G),Debt : ETFs,31,34,31,31,30,15,10,4,3.01,-0.35,0.44,2.25,4.33,6.47,5.55,5.58,,,,,,,,
Nippon India ETF Nifty Dividend Opportunities 50,17481,Nippon India Mutual Fund,-5.04,-2.68,-3.35,-4.26,Nifty Dividend Opportunities 50 - TRI,8.49,10.09,12.48,-11.22,195,218,134,228,140,67,25,10,Nippon India ETF Nifty Dividend Opportunities 50,Equity : ETFs,232,273,256,246,208,137,85,42,-3.6,-4.03,-1.43,6.06,0.15,10.34,8.93,11.73,,,,,,,,
Mirae Asset Nifty 50 Index Fund-Reg(G),48894,Mirae Asset Mutual Fund,-4.94,-3.67,-0.34,-6.81,NIFTY 50 - TRI,,,,-11.16,201,204,193,203,181,,,,Mirae Asset Nifty 50 Index Fund-Reg(G),Equity : Index Funds,228,253,245,234,219,101,45,18,-3.26,-4.15,-1.59,6.96,-0.34,10.34,8.4,10.7,,,,,,,,
Sundaram Income Plus Arbitrage Active FoF-Reg(G),50612,Sundaram Mutual Fund,0.27,1.13,3.01,,Nifty Short Duration Debt Index,,,,,,6,58,83,,,,,Sundaram Income Plus Arbitrage Active FoF-Reg(G),FoFs : Domestic,108,135,127,125,99,61,41,27,2.81,-3.15,2.04,5.11,14.87,17.1,10.87,10.45,,,,,,,,
Tata Nifty Financial Services Index Fund-Reg(G),48760,Tata Mutual Fund,-4.48,-6.26,0.33,-4.75,Nifty Financial Services - TRI,,,,-9.16,176,126,243,181,154,,,,Tata Nifty Financial Services Index Fund-Reg(G),Equity : Index Funds,228,253,245,234,219,101,45,18,-3.26,-4.15,-1.59,6.96,-0.34,10.34,8.4,10.7,,,,,,,,
Nippon India FMP-XLI-8-3654D(G),43259,Nippon India Mutual Fund,-0.05,0.8,2.45,5.04,CRISIL Dynamic Gilt Index,7.23,6.2,,3.39,31,44,45,48,45,19,6,,Nippon India FMP-XLI-8-3654D(G),Debt : FTP/FMP,49,51,50,49,49,49,16,2,3.47,0.27,1.15,2.75,5.55,7.14,6.12,5.77,,,,,,,,
UTI Nifty Alpha Low-Volatility 30 Index Fund-Reg(G),49366,UTI Mutual Fund,-4.73,-1.53,3.81,-1.42,NIFTY Alpha Low-Volatility 30 - TRI,,,,-3.99,112,156,110,142,129,,,,UTI Nifty Alpha Low-Volatility 30 Index Fund-Reg(G),Equity : Index Funds,228,253,245,234,219,101,45,18,-3.26,-4.15,-1.59,6.96,-0.34,10.34,8.4,10.7,,,,,,,,
ICICI Pru FMP-88-1303D-S(G),47688,ICICI Prudential Mutual Fund,0.41,1.27,2.71,5.49,CRISIL Medium Duration Debt Index,7.01,,,3.92,21,31,27,26,28,32,,,ICICI Pru FMP-88-1303D-S(G),Debt : FTP/FMP,49,51,50,49,49,49,16,2,3.47,0.27,1.15,2.75,5.55,7.14,6.12,5.77,,,,,,,,
360 ONE ELSS Tax Saver Nifty 50 Index Fund-Reg(G),47302,360 ONE Mutual Fund,-4.91,-3.61,-0.18,-6.4,NIFTY 50 - TRI,6.24,,,-10.86,52,46,48,51,47,47,,,360 ONE ELSS Tax Saver Nifty 50 Index Fund-Reg(G),Equity : Tax Saving (ELSS),53,53,53,53,53,52,47,30,-2.04,-3.49,-0.87,8.56,-0.32,10.55,10.24,12.18,,,,,,,,
Bank of India Credit Risk Fund-Reg(G),30390,Bank of India Mutual Fund,0.5,1.47,8.76,17.35,CRISIL Credit Risk Debt Index,9.66,27.32,2.15,15.17,1,1,6,2,1,4,1,12,Bank of India Credit Risk Fund-Reg(G),Debt : Credit Risk,15,15,15,15,15,15,15,12,5.72,0.13,1.25,4.35,7.51,8.7,8.78,6.15,,,,,,,,
DSP US Specific Debt Passive FoF-Reg(G),48492,DSP Mutual Fund,-3.25,-2.6,-1.54,5.4,MSCI U.S. Government Bond Index,,,,2.17,51,41,48,54,49,,,,DSP US Specific Debt Passive FoF-Reg(G),FoFs : Overseas,54,55,55,55,54,53,38,23,18.34,0.21,3.61,15.81,24.5,25.31,13.29,11.62,,,,,,,,
Bank of India Midcap Tax Fund-Sr 1-Reg(G),38076,Bank of India Mutual Fund,-1.03,2.99,18.35,9.63,BSE 500 - TRI,14.33,11.33,,10.2,2,3,5,8,2,6,16,,Bank of India Midcap Tax Fund-Sr 1-Reg(G),Equity : Tax Saving (ELSS),53,53,53,53,53,52,47,30,-2.04,-3.49,-0.87,8.56,-0.32,10.55,10.24,12.18,,,,,,,,
Kotak Nifty 50 Equal Weight Index Fund-Reg(G),49426,Kotak Mahindra Mutual Fund,-4.74,-2.53,3.7,-0.74,NIFTY50 Equal Weight - TRI,,,,-4.71,129,157,139,146,108,,,,Kotak Nifty 50 Equal Weight Index Fund-Reg(G),Equity : Index Funds,228,253,245,234,219,101,45,18,-3.26,-4.15,-1.59,6.96,-0.34,10.34,8.4,10.7,,,,,,,,
Motilal Oswal BSE Low Volatility Index Fund-Reg(G),46438,Motilal Oswal Mutual Fund,-4.86,-4.79,-1.43,-7.48,BSE Low Volatility Index - TRI,6.05,,,-10.92,192,173,232,218,190,87,,,Motilal Oswal BSE Low Volatility Index Fund-Reg(G),Equity : Index Funds,228,253,245,234,219,101,45,18,-3.26,-4.15,-1.59,6.96,-0.34,10.34,8.4,10.7,,,,,,,,
Mirae Asset Global Electric & Autonomous Vehicles Equity Passive FOF-Reg(G),46002,Mirae Asset Mutual Fund,-3.79,-10.77,4.67,24.63,Solactive Autonomous & Electric Vehicles Index - TRI,17.27,,,13.75,38,43,55,45,28,43,,,Mirae Asset Global Electric & Autonomous Vehicles Equity Passive FOF-Reg(G),FoFs : Overseas,54,55,55,55,54,53,38,23,18.34,0.21,3.61,15.81,24.5,25.31,13.29,11.62,,,,,,,,
Axis Nifty SDL Sep 2026 Debt Index Fund-Reg(G),47113,Axis Mutual Fund,0.43,1.29,2.79,5.58,Nifty SDL Sep 2026 Index,7.08,,,4.0,7,4,3,11,9,11,,,Axis Nifty SDL Sep 2026 Debt Index Fund-Reg(G),Debt : Medium Duration,22,23,23,22,22,22,13,12,3.74,0.01,0.88,2.92,5.3,7.09,6.23,6.18,,,,,,,,
TRUSTMF FMP-SR-II-Reg(G),45723,Trust Mutual Fund,0.43,1.44,3.35,6.7,CRISIL Medium Duration Debt Index,8.26,,,3.42,28,21,2,2,2,1,,,TRUSTMF FMP-SR-II-Reg(G),Debt : FTP/FMP,49,51,50,49,49,49,16,2,3.47,0.27,1.15,2.75,5.55,7.14,6.12,5.77,,,,,,,,
UTI CRISIL SDL Maturity June 2027 Index Fund-Reg(G),47369,UTI Mutual Fund,0.32,1.24,2.82,5.84,CRISIL IBX SDL Index - June 2027,7.22,,,4.1,14,19,22,22,11,15,,,UTI CRISIL SDL Maturity June 2027 Index Fund-Reg(G),Debt : Medium to Long Duration,58,59,59,58,58,50,12,11,3.39,0.01,0.87,2.74,4.94,6.88,5.21,5.53,,,,,,,,
DSP Nifty Bank Index Fund-Reg(G),48801,DSP Mutual Fund,-3.44,-4.52,3.62,0.77,NIFTY BANK - TRI,,,,-6.79,153,54,226,149,87,,,,DSP Nifty Bank Index Fund-Reg(G),Equity : Index Funds,228,253,245,234,219,101,45,18,-3.26,-4.15,-1.59,6.96,-0.34,10.34,8.4,10.7,,,,,,,,
Baroda BNP Paribas Aqua FoF-Reg(G),45484,Baroda BNP Paribas Mutual Fund,-5.11,-2.38,3.85,9.25,MSCI World,14.02,7.16,,8.25,46,48,47,46,47,48,32,,Baroda BNP Paribas Aqua FoF-Reg(G),FoFs : Overseas,54,55,55,55,54,53,38,23,18.34,0.21,3.61,15.81,24.5,25.31,13.29,11.62,,,,,,,,
Bank of India Conservative Hybrid Fund-Reg(G),7569,Bank of India Mutual Fund,-0.92,-0.08,2.07,2.05,CRISIL Hybrid 85+15 - Conservative Index,5.7,8.82,6.58,1.23,12,9,15,21,15,22,3,12,Bank of India Conservative Hybrid Fund-Reg(G),Hybrid : Conservative Hybrid,27,27,27,27,27,27,27,21,0.82,-1.18,-0.16,3.0,2.31,6.88,6.44,6.9,,,,,,,,
Edelweiss Nifty 1D Rate Liquid ETF(G),50360,Edelweiss Mutual Fund,0.39,1.22,2.49,,Nifty 1D Rate Index,,,,3.63,2,3,4,8,,,,,Edelweiss Nifty 1D Rate Liquid ETF(G),Debt : ETFs,31,34,31,31,30,15,10,4,3.01,-0.35,0.44,2.25,4.33,6.47,5.55,5.58,0.41,1.27,2.59,5.24,6.06,5.75,,5.14
UTI FTIF-XXXVI-I(1574D)(G),47684,UTI Mutual Fund,0.22,1.04,2.72,5.39,CRISIL Short Duration Debt Index,7.16,,,3.66,23,40,40,25,37,24,,,UTI FTIF-XXXVI-I(1574D)(G),Debt : FTP/FMP,49,51,50,49,49,49,16,2,3.47,0.27,1.15,2.75,5.55,7.14,6.12,5.77,,,,,,,,
Aditya Birla SL BSE 500 Quality 50 Index Fund-Reg(G),50026,Aditya Birla Sun Life Mutual Fund,-4.43,-1.78,6.96,0.56,BSE 500 Quality 50 - TRI,,,,-0.65,88,122,118,101,92,,,,Aditya Birla SL BSE 500 Quality 50 Index Fund-Reg(G),Equity : Index Funds,228,253,245,234,219,101,45,18,-3.26,-4.15,-1.59,6.96,-0.34,10.34,8.4,10.7,,,,,,,,
Zerodha Nifty 50 ETF,50265,Zerodha Mutual Fund,-4.86,-3.44,0.19,,NIFTY 50 - TRI,,,,-10.48,173,190,167,174,,,,,Zerodha Nifty 50 ETF,Equity : ETFs,232,273,256,246,208,137,85,42,-3.6,-4.03,-1.43,6.06,0.15,10.34,8.93,11.73,,,,,,,,
Tata Nifty Realty Index Fund-Reg(G),48684,Tata Mutual Fund,-5.32,5.39,25.4,-1.19,NIFTY REALTY - TRI,,,,-1.44,93,222,10,5,119,,,,Tata Nifty Realty Index Fund-Reg(G),Equity : Index Funds,228,253,245,234,219,101,45,18,-3.26,-4.15,-1.59,6.96,-0.34,10.34,8.4,10.7,,,,,,,,
Quantum Nifty 50 ETF,5382,Quantum Mutual Fund,-4.88,-3.51,0.06,-6.1,NIFTY 50 - TRI,6.68,6.47,11.25,-10.67,189,211,186,189,162,104,62,24,Quantum Nifty 50 ETF,Equity : ETFs,232,273,256,246,208,137,85,42,-3.6,-4.03,-1.43,6.06,0.15,10.34,8.93,11.73,,,,,,,,
TRUSTMF Short Term Fund-Reg(G),45652,Trust Mutual Fund,0.3,1.01,2.91,4.69,CRISIL Short Duration Debt Index,6.56,5.64,,3.31,18,8,7,14,16,16,13,,TRUSTMF Short Term Fund-Reg(G),Debt : Short Duration,32,33,32,32,32,25,23,18,3.45,0.12,0.88,2.91,4.9,6.61,5.86,6.24,,,,,,,,
ITI Arbitrage Fund-Reg(G),44126,ITI Mutual Fund,0.22,1.21,2.32,5.74,Nifty 50 Arbitrage,6.52,5.38,,3.96,32,37,34,35,27,17,22,,ITI Arbitrage Fund-Reg(G),Hybrid : Arbitrage,34,38,37,36,32,25,24,15,4.25,0.41,1.37,2.79,5.98,6.56,5.9,5.56,0.4,1.74,3.05,7.22,7.4,6.62,,6.8
Motilal Oswal BSE 1000 Index Fund-Reg(G),49898,Motilal Oswal Mutual Fund,-3.89,-1.53,6.68,-1.49,BSE 1000 - TRI,,,,-4.35,121,102,108,102,131,,,,Motilal Oswal BSE 1000 Index Fund-Reg(G),Equity : Index Funds,228,253,245,234,219,101,45,18,-3.26,-4.15,-1.59,6.96,-0.34,10.34,8.4,10.7,,,,,,,,
Union Dynamic Term Fund(G),16032,Union Mutual Fund,-0.85,-1.0,2.42,0.96,CRISIL Dynamic Bond Index,4.78,3.91,4.97,0.42,23,21,23,11,23,22,23,19,Union Dynamic Term Fund(G),Debt : Dynamic Bond,23,23,23,23,23,23,23,19,2.57,-0.36,0.16,2.58,3.62,6.05,5.37,6.1,,,,,,,,
Angel One Nifty Total Market Index Fund-Reg(G),49647,Angel One Mutual Fund,-4.09,-1.79,6.34,-1.38,Nifty Total Market - TRI,,,,-4.44,123,107,119,105,127,,,,Angel One Nifty Total Market Index Fund-Reg(G),Equity : Index Funds,228,253,245,234,219,101,45,18,-3.26,-4.15,-1.59,6.96,-0.34,10.34,8.4,10.7,,,,,,,,
Groww Money Market Fund-Reg(G),50361,Groww Mutual Fund,0.45,1.45,2.96,,CRISIL Money Market Index,,,,3.86,24,26,25,25,,,,,Groww Money Market Fund-Reg(G),Debt : Money Market,24,26,25,25,23,22,19,13,4.6,0.52,1.64,3.55,6.27,7.03,6.36,6.38,,,,,,,,
Motilal Oswal 5 Year G-Sec FoF-Reg(G),45925,Motilal Oswal Mutual Fund,0.23,0.57,3.1,4.83,Nifty 5 yr Benchmark G-Sec Index TRI,7.09,,,3.59,42,10,79,77,62,53,,,Motilal Oswal 5 Year G-Sec FoF-Reg(G),FoFs : Domestic,108,135,127,125,99,61,41,27,2.81,-3.15,2.04,5.11,14.87,17.1,10.87,10.45,,,,,,,,
Motilal Oswal Nifty Energy ETF,50367,Motilal Oswal Mutual Fund,-2.07,-5.19,5.62,,NIFTY ENERGY - TRI,,,,6.59,29,29,244,107,,,,,Motilal Oswal Nifty Energy ETF,Equity : ETFs,232,273,256,246,208,137,85,42,-3.6,-4.03,-1.43,6.06,0.15,10.34,8.93,11.73,,,,,,,,
PGIM India Global Select Real Estate Securities FoF-Reg(G),46019,PGIM India Mutual Fund,-7.15,-4.5,3.58,12.46,FTSE EPRA/NAREIT Developed Index,14.22,,,11.84,40,51,51,48,44,47,,,PGIM India Global Select Real Estate Securities FoF-Reg(G),FoFs : Overseas,54,55,55,55,54,53,38,23,18.34,0.21,3.61,15.81,24.5,25.31,13.29,11.62,,,,,,,,
ICICI Pru BSE Insurance ETF,50991,ICICI Prudential Mutual Fund,-3.75,,,,BSE Insurance - TRI,,,,,,117,,,,,,,ICICI Pru BSE Insurance ETF,Equity : ETFs,232,273,256,246,208,137,85,42,-3.6,-4.03,-1.43,6.06,0.15,10.34,8.93,11.73,,,,,,,,
SBI NIFTY 1D Rate Liquid ETF(G),50024,SBI Mutual Fund,0.39,1.22,2.47,4.99,Nifty 1D Rate Index,,,,3.59,43,44,43,43,40,,,,SBI NIFTY 1D Rate Liquid ETF(G),Debt : Liquid,44,45,44,44,41,37,35,30,4.6,0.48,1.52,3.27,6.19,6.73,6.19,5.94,0.41,1.27,2.59,5.24,6.06,5.75,,5.14
Taurus Large Cap Fund-Reg(G),3305,Taurus Mutual Fund,-0.05,8.28,12.75,7.76,BSE 100 - TRI,13.03,9.94,9.8,3.66,1,1,1,2,1,1,2,18,Taurus Large Cap Fund-Reg(G),Equity : Large Cap,33,35,34,34,33,30,28,23,-6.14,-4.26,-1.72,3.8,-2.94,8.89,7.38,10.73,,,,,,,,
HDFC Nifty PSU Bank ETF,48522,HDFC Mutual Fund,-3.61,-4.0,-2.89,12.6,NIFTY PSU BANK - TRI,,,,-2.36,91,93,208,221,17,,,,HDFC Nifty PSU Bank ETF,Equity : ETFs,232,273,256,246,208,137,85,42,-3.6,-4.03,-1.43,6.06,0.15,10.34,8.93,11.73,,,,,,,,
Nippon India FMP-XLV-5-1158D(G),47900,Nippon India Mutual Fund,0.49,1.42,3.99,7.41,CRISIL Medium Duration Debt Index,8.25,,,5.49,1,3,3,1,1,2,,,Nippon India FMP-XLV-5-1158D(G),Debt : FTP/FMP,49,51,50,49,49,49,16,2,3.47,0.27,1.15,2.75,5.55,7.14,6.12,5.77,,,,,,,,
Groww Nifty India Railways PSU Index Fund-Reg(G),49495,Groww Mutual Fund,-6.41,-8.85,-9.5,-24.41,Nifty India Railways PSU Index - TRI,,,,-24.55,222,243,244,234,219,,,,Groww Nifty India Railways PSU Index Fund-Reg(G),Equity : Index Funds,228,253,245,234,219,101,45,18,-3.26,-4.15,-1.59,6.96,-0.34,10.34,8.4,10.7,,,,,,,,
Nippon India ETF Nifty 50 Shariah BeES,7599,Nippon India Mutual Fund,-6.4,-3.59,-4.29,-11.69,Nifty50 Shariah - TRI,-0.93,-1.38,7.83,-16.11,218,256,189,236,194,128,80,41,Nippon India ETF Nifty 50 Shariah BeES,Equity : ETFs,232,273,256,246,208,137,85,42,-3.6,-4.03,-1.43,6.06,0.15,10.34,8.93,11.73,,,,,,,,
Mirae Asset Nifty India New Age Consumption ETF,49489,Mirae Asset Mutual Fund,-6.47,1.84,13.43,-4.02,Nifty India New Age Consumption - TRI,,,,-2.05,88,258,43,41,134,,,,Mirae Asset Nifty India New Age Consumption ETF,Equity : ETFs,232,273,256,246,208,137,85,42,-3.6,-4.03,-1.43,6.06,0.15,10.34,8.93,11.73,,,,,,,,
Quant Equity Savings Fund-Reg(G),50041,Quant Mutual Fund,0.53,1.96,9.52,7.68,NIFTY 50 Equity Savings Index - TRI,,,,7.19,1,1,3,1,1,,,,Quant Equity Savings Fund-Reg(G),Hybrid : Equity Savings,24,24,24,24,24,21,21,14,1.27,-1.02,0.5,3.63,3.17,7.57,6.8,7.45,,,,,,,,
Quantum Multi Asset Allocation Fund-Reg(G),48217,Quantum Mutual Fund,-3.81,-0.6,0.35,-0.85,NIFTY Composite Debt Index,,,,-4.61,33,31,30,33,30,,,,Quantum Multi Asset Allocation Fund-Reg(G),Hybrid : Multi Asset Allocation,33,36,34,34,30,14,8,6,1.18,-3.02,0.54,4.52,7.5,13.59,12.21,12.2,,,,,,,,
PGIM India Equity Savings Fund(G),845,PGIM India Mutual Fund,-1.27,0.46,2.7,2.67,NIFTY 50 Equity Savings Index,5.74,5.22,6.45,0.96,14,16,12,16,15,20,21,12,PGIM India Equity Savings Fund(G),Hybrid : Equity Savings,24,24,24,24,24,21,21,14,1.27,-1.02,0.5,3.63,3.17,7.57,6.8,7.45,,,,,,,,
Union Income Plus Arbitrage Active FOF-Reg(G),49932,Union Mutual Fund,0.0,0.58,2.8,4.1,CRISIL Composite Bond Index,,,,2.83,53,23,78,91,66,,,,Union Income Plus Arbitrage Active FOF-Reg(G),FoFs : Domestic,108,135,127,125,99,61,41,27,2.81,-3.15,2.04,5.11,14.87,17.1,10.87,10.45,,,,,,,,
Motilal Oswal BSE Quality Index Fund-Reg(G),46744,Motilal Oswal Mutual Fund,-5.37,-3.72,4.27,-1.07,BSE Quality Index - TRI,10.96,,,-4.09,115,226,196,137,117,43,,,Motilal Oswal BSE Quality Index Fund-Reg(G),Equity : Index Funds,228,253,245,234,219,101,45,18,-3.26,-4.15,-1.59,6.96,-0.34,10.34,8.4,10.7,,,,,,,,
Quant Overnight Fund-Reg(G),47327,Quant Mutual Fund,0.38,1.19,2.44,4.95,CRISIL Liquid Overnight Index,6.02,,,3.56,32,34,32,32,32,4,,,Quant Overnight Fund-Reg(G),Debt : Overnight,35,37,35,35,35,33,27,3,3.71,0.4,1.24,2.54,5.14,5.94,5.62,5.27,,,,,,,,
Kotak Long Term Fund-Reg(G),48538,Kotak Mahindra Mutual Fund,-1.51,-1.13,2.45,1.61,NIFTY Long Duration Debt Index,,,,1.08,20,27,22,13,23,,,,Kotak Long Term Fund-Reg(G),Debt : Long Duration,25,27,25,25,25,19,3,2,2.17,-1.06,-0.5,2.55,3.05,6.26,4.81,5.99,,,,,,,,
Axis NIFTY IT ETF,45427,Axis Mutual Fund,-8.5,3.24,-4.41,-16.91,NIFTY IT - TRI,-3.02,-3.65,,-24.75,230,273,32,242,204,137,83,,Axis NIFTY IT ETF,Equity : ETFs,232,273,256,246,208,137,85,42,-3.6,-4.03,-1.43,6.06,0.15,10.34,8.93,11.73,,,,,,,,
Nippon India Nifty Realty Index Fund-Reg(G),48948,Nippon India Mutual Fund,-5.34,5.34,25.38,-1.26,NIFTY REALTY - TRI,,,,-1.26,92,223,11,6,120,,,,Nippon India Nifty Realty Index Fund-Reg(G),Equity : Index Funds,228,253,245,234,219,101,45,18,-3.26,-4.15,-1.59,6.96,-0.34,10.34,8.4,10.7,,,,,,,,
Tata BSE Quality Index Fund-Reg(G),49736,Tata Mutual Fund,-5.36,-3.72,4.27,-1.28,BSE Quality Index - TRI,,,,-4.2,120,224,195,136,122,,,,Tata BSE Quality Index Fund-Reg(G),Equity : Index Funds,228,253,245,234,219,101,45,18,-3.26,-4.15,-1.59,6.96,-0.34,10.34,8.4,10.7,,,,,,,,
Shriram Overnight Fund-Reg(G),46777,Shriram Mutual Fund,0.4,1.25,2.56,5.18,CRISIL Liquid Overnight Index,5.91,,,3.75,12,20,20,11,16,28,,,Shriram Overnight Fund-Reg(G),Debt : Overnight,35,37,35,35,35,33,27,3,3.71,0.4,1.24,2.54,5.14,5.94,5.62,5.27,,,,,,,,
SBI Nifty100 Low Volatility 30 Index Fund-Reg(G),49728,SBI Mutual Fund,-5.24,-2.69,1.61,-4.43,Nifty100 Low Volatility 30 - TRI,,,,-8.57,167,216,149,176,148,,,,SBI Nifty100 Low Volatility 30 Index Fund-Reg(G),Equity : Index Funds,228,253,245,234,219,101,45,18,-3.26,-4.15,-1.59,6.96,-0.34,10.34,8.4,10.7,,,,,,,,
Edelweiss Nifty LargeMidcap250 Plus 8-13 yr G-Sec 70:30 Index Fund-Reg(G),50788,Edelweiss Mutual Fund,-3.64,-1.77,,,Nifty LargeMidcap250 Plus 8-13 yr G-Sec 70:30 Index - TRI,,,,,,75,116,,,,,,Edelweiss Nifty LargeMidcap250 Plus 8-13 yr G-Sec 70:30 Index Fund-Reg(G),Equity : Index Funds,228,253,245,234,219,101,45,18,-3.26,-4.15,-1.59,6.96,-0.34,10.34,8.4,10.7,,,,,,,,
ICICI Pru BSE 500 ETF FOF-Reg(G),45726,ICICI Prudential Mutual Fund,-3.83,-1.84,5.3,-2.46,BSE 500 - TRI,8.98,,,-5.43,103,81,116,43,93,41,,,ICICI Pru BSE 500 ETF FOF-Reg(G),FoFs : Domestic,108,135,127,125,99,61,41,27,2.81,-3.15,2.04,5.11,14.87,17.1,10.87,10.45,,,,,,,,
Aditya Birla SL Nifty Next 50 ETF,38262,Aditya Birla Sun Life Mutual Fund,-3.63,-0.24,13.47,5.96,NIFTY NEXT 50 - TRI,17.66,11.6,,4.27,34,100,64,40,47,17,20,,Aditya Birla SL Nifty Next 50 ETF,Equity : ETFs,232,273,256,246,208,137,85,42,-3.6,-4.03,-1.43,6.06,0.15,10.34,8.93,11.73,,,,,,,,
DSP FMP 264-60M & 17D-Reg(G),43787,DSP Mutual Fund,0.42,1.3,2.76,5.6,CRISIL Medium to Long Term Debt Index,7.14,5.98,,4.01,18,25,17,19,23,26,14,,DSP FMP 264-60M & 17D-Reg(G),Debt : FTP/FMP,49,51,50,49,49,49,16,2,3.47,0.27,1.15,2.75,5.55,7.14,6.12,5.77,,,,,,,,
Baroda BNP Paribas Nifty 50 Index Fund-Reg(G),41180,Baroda BNP Paribas Mutual Fund,-4.92,-3.6,-0.19,-6.59,NIFTY 50 - TRI,,,,-11.03,197,200,186,198,178,,,,Baroda BNP Paribas Nifty 50 Index Fund-Reg(G),Equity : Index Funds,228,253,245,234,219,101,45,18,-3.26,-4.15,-1.59,6.96,-0.34,10.34,8.4,10.7,,,,,,,,
Axis BSE Sensex Index Fund-Reg(G),48476,Axis Mutual Fund,-4.89,-4.04,-1.35,-8.49,BSE SENSEX - TRI,,,,-12.87,213,180,212,216,200,,,,Axis BSE Sensex Index Fund-Reg(G),Equity : Index Funds,228,253,245,234,219,101,45,18,-3.26,-4.15,-1.59,6.96,-0.34,10.34,8.4,10.7,,,,,,,,
ICICI Pru Nifty Private Bank Index Fund-Reg(G),49835,ICICI Prudential Mutual Fund,-2.13,-5.03,5.42,-0.13,Nifty Private Bank - TRI,,,,-6.49,144,22,233,119,100,,,,ICICI Pru Nifty Private Bank Index Fund-Reg(G),Equity : Index Funds,228,253,245,234,219,101,45,18,-3.26,-4.15,-1.59,6.96,-0.34,10.34,8.4,10.7,,,,,,,,
Motilal Oswal Nifty MidSmall IT and Telecom Index Fund-Reg(G),46865,Motilal Oswal Mutual Fund,-6.27,1.16,18.45,0.12,Nifty MidSmall IT & Telecom - TRI,,,,-5.67,142,242,36,24,95,,,,Motilal Oswal Nifty MidSmall IT and Telecom Index Fund-Reg(G),Equity : Index Funds,228,253,245,234,219,101,45,18,-3.26,-4.15,-1.59,6.96,-0.34,10.34,8.4,10.7,,,,,,,,
Groww Aggressive Hybrid Fund-Reg(G),41853,Groww Mutual Fund,-3.52,-0.99,2.74,-2.95,CRISIL Hybrid 35+65 - Aggressive Index,7.51,6.63,,-4.91,35,35,22,37,37,35,34,,Groww Aggressive Hybrid Fund-Reg(G),Hybrid : Aggressive Hybrid,43,44,43,43,43,41,41,28,-1.6,-2.93,-0.57,6.19,0.55,9.9,8.59,10.55,,,,,,,,
ICICI Pru Nifty EV & New Age Automotive ETF FOF-Reg(G),49690,ICICI Prudential Mutual Fund,-5.91,-0.3,12.47,0.16,Nifty EV and New Age Automotive - TRI,,,,-0.53,87,117,95,12,86,,,,ICICI Pru Nifty EV & New Age Automotive ETF FOF-Reg(G),FoFs : Domestic,108,135,127,125,99,61,41,27,2.81,-3.15,2.04,5.11,14.87,17.1,10.87,10.45,,,,,,,,
JM Dynamic Term Fund-Reg(G),1925,JM Financial Mutual Fund,-0.26,0.35,2.13,3.11,CRISIL Dynamic Bond Index,6.19,5.51,6.05,1.92,17,10,9,18,14,12,11,10,JM Dynamic Term Fund-Reg(G),Debt : Dynamic Bond,23,23,23,23,23,23,23,19,2.57,-0.36,0.16,2.58,3.62,6.05,5.37,6.1,,,,,,,,
Invesco India Nifty G-sec Sep 2032 Index Fund-Reg(G),47756,Invesco Mutual Fund,-1.42,-0.5,2.22,3.63,Nifty G-Sec Sep 2032 Index,7.12,,,2.62,10,26,13,20,11,1,,,Invesco India Nifty G-sec Sep 2032 Index Fund-Reg(G),Debt : Long Duration,25,27,25,25,25,19,3,2,2.17,-1.06,-0.5,2.55,3.05,6.26,4.81,5.99,,,,,,,,
Edelweiss Gold ETF FoF-Reg(G),50498,Edelweiss Mutual Fund,-6.18,7.65,3.98,,Gold-India,,,,,,121,12,65,,,,,Edelweiss Gold ETF FoF-Reg(G),FoFs : Domestic,108,135,127,125,99,61,41,27,2.81,-3.15,2.04,5.11,14.87,17.1,10.87,10.45,,,,,,,,
SBI FMP-1-3668D-Reg(G),43205,SBI Mutual Fund,-0.07,0.75,2.62,5.12,CRISIL Long Duration Debt Index,7.46,6.37,,3.41,29,47,46,36,43,3,1,,SBI FMP-1-3668D-Reg(G),Debt : FTP/FMP,49,51,50,49,49,49,16,2,3.47,0.27,1.15,2.75,5.55,7.14,6.12,5.77,,,,,,,,
ITI Liquid Fund-Reg(G),43396,ITI Mutual Fund,0.44,1.46,3.19,6.02,CRISIL Liquid Debt Index,6.53,5.97,,4.45,35,40,36,35,33,32,33,,ITI Liquid Fund-Reg(G),Debt : Liquid,44,45,44,44,41,37,35,30,4.6,0.48,1.52,3.27,6.19,6.73,6.19,5.94,,,,,,,,
Unifi Liquid Fund-Reg(G),49844,Unifi Mutual Fund,0.41,1.31,2.91,5.8,Nifty Liquid Fund Index,,,,4.24,40,42,41,41,36,,,,Unifi Liquid Fund-Reg(G),Debt : Liquid,44,45,44,44,41,37,35,30,4.6,0.48,1.52,3.27,6.19,6.73,6.19,5.94,,,,,,,,
WOC ESG Best-In-Class Strategy Fund-Reg(G),49117,WhiteOak Capital Mutual Fund,-5.37,-0.85,5.59,-5.93,NIFTY100 ESG - TRI,,,,-7.77,100,109,72,83,105,,,,WOC ESG Best-In-Class Strategy Fund-Reg(G),Equity : Thematic,112,120,117,117,108,51,33,9,2.18,-3.04,1.09,11.89,4.44,13.34,11.3,12.9,,,,,,,,
Groww ELSS Tax Saver Fund-Reg(G),38133,Groww Mutual Fund,-4.76,-2.28,2.79,-7.58,NIFTY 500 - TRI,7.44,6.25,,-8.4,43,45,36,40,51,42,43,,Groww ELSS Tax Saver Fund-Reg(G),Equity : Tax Saving (ELSS),53,53,53,53,53,52,47,30,-2.04,-3.49,-0.87,8.56,-0.32,10.55,10.24,12.18,,,,,,,,
Mirae Asset Nifty Total Market Index Fund-Reg(G),49226,Mirae Asset Mutual Fund,-4.09,-1.78,6.37,-1.34,Nifty Total Market - TRI,,,,-4.41,122,105,117,103,125,,,,Mirae Asset Nifty Total Market Index Fund-Reg(G),Equity : Index Funds,228,253,245,234,219,101,45,18,-3.26,-4.15,-1.59,6.96,-0.34,10.34,8.4,10.7,,,,,,,,
Motilal Oswal Nifty Midcap150 Momentum 50 ETF,49970,Motilal Oswal Mutual Fund,-3.33,-2.07,8.41,3.66,Nifty Midcap150 Momentum 50 - TRI,,,,0.78,68,66,119,89,62,,,,Motilal Oswal Nifty Midcap150 Momentum 50 ETF,Equity : ETFs,232,273,256,246,208,137,85,42,-3.6,-4.03,-1.43,6.06,0.15,10.34,8.93,11.73,,,,,,,,
ICICI Pru Nifty India Consumption ETF,45678,ICICI Prudential Mutual Fund,-5.62,-1.17,6.59,-6.24,Nifty India Consumption - TRI,11.0,,,-6.59,144,239,87,94,168,48,,,ICICI Pru Nifty India Consumption ETF,Equity : ETFs,232,273,256,246,208,137,85,42,-3.6,-4.03,-1.43,6.06,0.15,10.34,8.93,11.73,,,,,,,,
Shriram Aggressive Hybrid Fund-Reg(G),24794,Shriram Mutual Fund,-3.22,-1.44,3.71,-0.44,CRISIL Hybrid 35+65 - Aggressive Index,7.53,5.85,8.19,-3.89,32,25,28,30,21,34,35,27,Shriram Aggressive Hybrid Fund-Reg(G),Hybrid : Aggressive Hybrid,43,44,43,43,43,41,41,28,-1.6,-2.93,-0.57,6.19,0.55,9.9,8.59,10.55,,,,,,,,
Choice Gold ETF,50405,Choice Mutual Fund,-6.07,7.92,4.2,,Gold-India,,,,13.25,17,27,13,13,,,,,Choice Gold ETF,Metal : ETFs,40,42,42,42,38,22,11,11,3.29,-5.3,7.04,2.11,46.95,39.54,25.66,15.77,,,,,,,,
Motilal Oswal Nifty MidSmall Healthcare Index Fund-Reg(G),46866,Motilal Oswal Mutual Fund,0.61,6.9,22.81,17.97,Nifty MidSmall Healthcare - TRI,,,,18.81,4,4,2,12,4,,,,Motilal Oswal Nifty MidSmall Healthcare Index Fund-Reg(G),Equity : Index Funds,228,253,245,234,219,101,45,18,-3.26,-4.15,-1.59,6.96,-0.34,10.34,8.4,10.7,,,,,,,,
AlphaGrep Flexi Cap Fund-Reg(G),51031,AlphaGrep Mutual Fund,-1.59,,,,NIFTY 500 - TRI,,,,,,8,,,,,,,AlphaGrep Flexi Cap Fund-Reg(G),Equity : Flexi Cap,55,58,56,56,53,47,36,24,-0.83,-3.33,0.32,9.42,1.07,10.83,9.29,11.79,,,,,,,,
Nippon India Nifty Auto Index Fund-Reg(G),48949,Nippon India Mutual Fund,-7.76,0.31,8.2,1.13,NIFTY AUTO - TRI,,,,-3.84,8,8,9,8,7,,,,Nippon India Nifty Auto Index Fund-Reg(G),Equity : Sectoral - Auto,10,11,10,10,10,5,1,1,3.61,-5.03,4.97,15.41,6.29,19.52,18.61,11.14,,,,,,,,
Mahindra Manulife Dynamic Term Fund-Reg(G),40695,Mahindra Manulife Mutual Fund,-0.47,0.04,2.87,3.67,CRISIL Dynamic Bond Index,6.16,4.75,,2.89,15,15,15,15,15,15,15,,Mahindra Manulife Dynamic Term Fund-Reg(G),Debt : Credit Risk,15,15,15,15,15,15,15,12,5.72,0.13,1.25,4.35,7.51,8.7,8.78,6.15,,,,,,,,
Bandhan Long Term Fund-Reg(G),48582,Bandhan Mutual Fund,-0.71,-0.75,3.38,3.13,NIFTY Long Duration Debt Index,,,,2.27,13,3,17,2,16,,,,Bandhan Long Term Fund-Reg(G),Debt : Long Duration,25,27,25,25,25,19,3,2,2.17,-1.06,-0.5,2.55,3.05,6.26,4.81,5.99,,,,,,,,
Kotak Nifty Alpha 50 Index Fund-Reg(G),49687,Kotak Mahindra Mutual Fund,-3.57,2.51,15.91,7.84,Nifty Alpha 50 - TRI,,,,8.69,14,71,32,28,20,,,,Kotak Nifty Alpha 50 Index Fund-Reg(G),Equity : Index Funds,228,253,245,234,219,101,45,18,-3.26,-4.15,-1.59,6.96,-0.34,10.34,8.4,10.7,,,,,,,,
HDFC NIFTY SDL Plus G-Sec Jun 2027 40:60 Index Fund-Reg(G),47769,HDFC Mutual Fund,0.29,1.16,2.67,5.56,NIFTY SDL Plus G-Sec Jun 2027 40:60 Index,7.18,,,3.88,12,5,8,15,10,8,,,HDFC NIFTY SDL Plus G-Sec Jun 2027 40:60 Index Fund-Reg(G),Debt : Medium Duration,22,23,23,22,22,22,13,12,3.74,0.01,0.88,2.92,5.3,7.09,6.23,6.18,,,,,,,,
HSBC Medium to Long Term Fund(G),1432,HSBC Mutual Fund,-0.34,-0.11,2.39,3.02,NIFTY Medium to Long Duration Debt Index,5.53,4.27,5.02,2.25,55,44,56,52,55,49,11,8,HSBC Medium to Long Term Fund(G),Debt : Medium to Long Duration,58,59,59,58,58,50,12,11,3.39,0.01,0.87,2.74,4.94,6.88,5.21,5.53,,,,,,,,
Qsif Sector Rotation Long-Short Fund-Reg(G),75026,Quant QSIF,2.18,1.77,,,NIFTY 500 - TRI,,,,,,3,13,,,,,,Qsif Sector Rotation Long-Short Fund-Reg(G),Hybrid : Long - Short,10,30,27,14,,,,,5.49,-0.21,3.32,9.54,,,,,,,,,,,,
WSIF Equity Ex-Top 100 Long-Short Fund-Reg(G),75105,Wealth Company WSIF,-2.65,0.21,,,NIFTY 500 - TRI,,,,,,23,19,,,,,,WSIF Equity Ex-Top 100 Long-Short Fund-Reg(G),Hybrid : Long - Short,10,30,27,14,,,,,5.49,-0.21,3.32,9.54,,,,,,,,,,,,
Kotak Nifty 100 Equal Weight Index Fund-Reg(G),49213,Kotak Mahindra Mutual Fund,-4.48,-1.51,8.58,1.93,Nifty100 Equal Weight - TRI,,,,-0.29,84,125,106,85,80,,,,Kotak Nifty 100 Equal Weight Index Fund-Reg(G),Equity : Index Funds,228,253,245,234,219,101,45,18,-3.26,-4.15,-1.59,6.96,-0.34,10.34,8.4,10.7,,,,,,,,
Mirae Asset Nifty PSU Bank ETF,49099,Mirae Asset Mutual Fund,-3.61,-3.98,-2.84,12.75,NIFTY PSU BANK - TRI,,,,-2.27,90,92,207,220,16,,,,Mirae Asset Nifty PSU Bank ETF,Equity : ETFs,232,273,256,246,208,137,85,42,-3.6,-4.03,-1.43,6.06,0.15,10.34,8.93,11.73,,,,,,,,
HSBC Aggressive Hybrid Active FOF-Reg(G),28307,HSBC Mutual Fund,-2.03,0.89,11.07,5.85,CRISIL Hybrid 35+65 - Aggressive Index,11.26,9.45,11.18,4.2,28,39,70,15,43,33,21,12,HSBC Aggressive Hybrid Active FOF-Reg(G),FoFs : Domestic,108,135,127,125,99,61,41,27,2.81,-3.15,2.04,5.11,14.87,17.1,10.87,10.45,,,,,,,,
Groww Nifty Capital Markets ETF,50141,Groww Mutual Fund,-4.52,-3.16,16.89,,Nifty Capital Markets Index - TRI,,,,13.17,17,141,157,24,,,,,Groww Nifty Capital Markets ETF,Equity : ETFs,232,273,256,246,208,137,85,42,-3.6,-4.03,-1.43,6.06,0.15,10.34,8.93,11.73,,,,,,,,
ICICI Pru Nifty200 Value 30 ETF,48946,ICICI Prudential Mutual Fund,-2.87,-4.21,0.24,11.1,Nifty200 Value 30 - TRI,,,,-0.61,78,53,215,173,22,,,,ICICI Pru Nifty200 Value 30 ETF,Equity : ETFs,232,273,256,246,208,137,85,42,-3.6,-4.03,-1.43,6.06,0.15,10.34,8.93,11.73,,,,,,,,
The Wealth Company Balanced Advantage Fund-Reg(G),50591,The Wealth Company Mutual Fund,-2.63,-1.09,2.79,,CRISIL Hybrid 50+50 - Moderate Index,,,,,,19,25,27,,,,,The Wealth Company Balanced Advantage Fund-Reg(G),Hybrid : Dynamic Asset Allocation,37,38,38,38,37,30,22,11,-1.63,-2.48,-0.35,4.38,0.68,8.22,7.48,8.98,,,,,,,,
Franklin India Long Term Fund-Reg(G),48950,Franklin Templeton Mutual Fund,-0.97,-0.19,2.31,3.15,CRISIL Long Duration Debt Index,,,,2.05,15,10,7,16,15,,,,Franklin India Long Term Fund-Reg(G),Debt : Long Duration,25,27,25,25,25,19,3,2,2.17,-1.06,-0.5,2.55,3.05,6.26,4.81,5.99,,,,,,,,
Shriram ELSS Tax Saver Fund-Reg(G),41744,Shriram Mutual Fund,-4.1,-2.93,4.18,-3.16,NIFTY 500 - TRI,5.47,4.81,,-6.5,37,33,43,38,34,51,46,,Shriram ELSS Tax Saver Fund-Reg(G),Equity : Tax Saving (ELSS),53,53,53,53,53,52,47,30,-2.04,-3.49,-0.87,8.56,-0.32,10.55,10.24,12.18,,,,,,,,
DSP FMP 267-1172D-Reg(G),47071,DSP Mutual Fund,-0.07,0.82,2.89,5.74,CRISIL Medium Duration Debt Index,6.93,,,4.09,7,46,44,6,17,38,,,DSP FMP 267-1172D-Reg(G),Debt : FTP/FMP,49,51,50,49,49,49,16,2,3.47,0.27,1.15,2.75,5.55,7.14,6.12,5.77,,,,,,,,
DSP BSE Sensex Next 30 ETF,49536,DSP Mutual Fund,-4.04,-0.39,8.63,7.21,BSE Sensex Next 30 - TRI,,,,2.4,50,123,72,82,30,,,,DSP BSE Sensex Next 30 ETF,Equity : ETFs,232,273,256,246,208,137,85,42,-3.6,-4.03,-1.43,6.06,0.15,10.34,8.93,11.73,,,,,,,,
Kotak Nifty Midcap 150 Index Fund-Reg(G),49719,Kotak Mahindra Mutual Fund,-4.67,-1.33,10.01,4.58,Nifty Midcap 150 - TRI,,,,0.6,69,132,83,64,62,,,,Kotak Nifty Midcap 150 Index Fund-Reg(G),Equity : Index Funds,228,253,245,234,219,101,45,18,-3.26,-4.15,-1.59,6.96,-0.34,10.34,8.4,10.7,,,,,,,,
Motilal Oswal BSE Clean Environment Index Fund-Reg(G),50841,Motilal Oswal Mutual Fund,-3.55,-10.2,,,BSE Clean Environment - TRI,,,,,,69,245,,,,,,Motilal Oswal BSE Clean Environment Index Fund-Reg(G),Equity : Index Funds,228,253,245,234,219,101,45,18,-3.26,-4.15,-1.59,6.96,-0.34,10.34,8.4,10.7,,,,,,,,
Kotak NIFTY MNC ETF,45729,Kotak Mahindra Mutual Fund,-5.74,-3.21,8.61,4.75,NIFTY MNC - TRI,13.29,,,3.41,43,244,160,83,59,43,,,Kotak NIFTY MNC ETF,Equity : ETFs,232,273,256,246,208,137,85,42,-3.6,-4.03,-1.43,6.06,0.15,10.34,8.93,11.73,,,,,,,,
LIC MF Conservative Hybrid Fund(G),2142,LIC Mutual Fund,-1.31,-0.08,2.32,2.88,CRISIL Hybrid 85+15 - Conservative Index,5.53,4.45,5.65,0.31,16,16,14,20,10,23,25,19,LIC MF Conservative Hybrid Fund(G),Hybrid : Conservative Hybrid,27,27,27,27,27,27,27,21,0.82,-1.18,-0.16,3.0,2.31,6.88,6.44,6.9,,,,,,,,
JioBlackRock Large Cap Fund-Reg(G),51168,Jio BlackRock Mutual Fund,-4.7,,,,BSE 100 - TRI,,,,,,25,,,,,,,JioBlackRock Large Cap Fund-Reg(G),Equity : Large Cap,33,35,34,34,33,30,28,23,-6.14,-4.26,-1.72,3.8,-2.94,8.89,7.38,10.73,,,,,,,,
Axis Retirement Fund-Conservative Plan-Reg(G),43843,Axis Mutual Fund,-2.67,-1.62,0.41,-1.2,CRISIL Hybrid 75+25 - Conservative Index,5.85,4.28,,-3.75,27,27,27,26,27,21,27,,Axis Retirement Fund-Conservative Plan-Reg(G),Hybrid : Conservative Hybrid,27,27,27,27,27,27,27,21,0.82,-1.18,-0.16,3.0,2.31,6.88,6.44,6.9,,,,,,,,
SBI Nifty 1D Rate Liquid ETF(IDCW),48244,SBI Mutual Fund,0.38,1.16,2.37,4.81,Nifty 1D Rate Index,,,,3.44,14,13,14,19,13,,,,SBI Nifty 1D Rate Liquid ETF(IDCW),Debt : ETFs,31,34,31,31,30,15,10,4,3.01,-0.35,0.44,2.25,4.33,6.47,5.55,5.58,0.41,1.27,2.59,5.24,6.06,5.75,,5.14
360 ONE Silver ETF,49515,360 ONE Mutual Fund,-4.14,5.77,-1.2,66.4,Silver,,,,1.23,25,8,30,28,13,,,,360 ONE Silver ETF,Metal : ETFs,40,42,42,42,38,22,11,11,3.29,-5.3,7.04,2.11,46.95,39.54,25.66,15.77,,,,,,,,
Bandhan Nifty Total Market Index Fund-Reg(G),48651,Bandhan Mutual Fund,-4.09,-1.84,6.21,-1.57,Nifty Total Market - TRI,,,,-4.6,125,106,121,107,132,,,,Bandhan Nifty Total Market Index Fund-Reg(G),Equity : Index Funds,228,253,245,234,219,101,45,18,-3.26,-4.15,-1.59,6.96,-0.34,10.34,8.4,10.7,,,,,,,,
Aditya Birla SL Aggressive Hybrid Omni FOF(G),8299,Aditya Birla Sun Life Mutual Fund,-2.34,0.34,7.31,2.54,CRISIL Hybrid 35+65 - Aggressive Index,10.14,9.16,9.75,-0.78,88,45,86,29,77,36,22,15,Aditya Birla SL Aggressive Hybrid Omni FOF(G),FoFs : Domestic,108,135,127,125,99,61,41,27,2.81,-3.15,2.04,5.11,14.87,17.1,10.87,10.45,,,,,,,,
Motilal Oswal BSE Healthcare ETF,46222,Motilal Oswal Mutual Fund,1.36,6.5,21.02,17.66,BSE Health Care - TRI,23.21,,,18.2,7,5,7,18,9,5,,,Motilal Oswal BSE Healthcare ETF,Equity : ETFs,232,273,256,246,208,137,85,42,-3.6,-4.03,-1.43,6.06,0.15,10.34,8.93,11.73,,,,,,,,
LIC MF Gilt Fund-Reg(G),2124,LIC Mutual Fund,-0.35,-0.21,3.75,2.13,Nifty All Duration G-Sec Index,4.75,4.24,5.63,1.82,25,14,16,4,28,29,22,15,LIC MF Gilt Fund-Reg(G),Debt : Gilt,38,38,38,38,38,34,23,21,2.34,-0.55,-0.06,2.74,3.22,5.99,4.93,5.98,,,,,,,,
LIC MF Gilt Fund-PF(G),2126,LIC Mutual Fund,-0.35,-0.21,3.75,2.13,Nifty All Duration G-Sec Index,4.75,4.24,5.62,1.82,24,15,17,3,27,28,21,16,LIC MF Gilt Fund-PF(G),Debt : Gilt,38,38,38,38,38,34,23,21,2.34,-0.55,-0.06,2.74,3.22,5.99,4.93,5.98,,,,,,,,
Mirae Asset Corp Bond Fund-Reg(G),45356,Mirae Asset Mutual Fund,0.04,0.74,2.75,4.5,CRISIL Corporate Bond Index,6.57,5.56,,3.06,12,9,5,15,11,17,16,,Mirae Asset Corp Bond Fund-Reg(G),Debt : Corporate Bond,21,21,21,21,21,21,19,13,3.17,0.0,0.66,2.88,4.63,6.78,5.84,6.57,,,,,,,,
Angel One Nifty Total Market ETF,49646,Angel One Mutual Fund,-4.03,-1.61,6.76,-0.63,Nifty Total Market - TRI,,,,-3.91,107,121,111,92,111,,,,Angel One Nifty Total Market ETF,Equity : ETFs,232,273,256,246,208,137,85,42,-3.6,-4.03,-1.43,6.06,0.15,10.34,8.93,11.73,,,,,,,,
HDFC Nifty 100 ETF,46003,HDFC Mutual Fund,-4.67,-2.95,2.26,-4.21,NIFTY 100 - TRI,8.26,,,-8.31,162,156,143,153,137,69,,,HDFC Nifty 100 ETF,Equity : ETFs,232,273,256,246,208,137,85,42,-3.6,-4.03,-1.43,6.06,0.15,10.34,8.93,11.73,,,,,,,,
Mirae Asset Nifty 100 Low Volatility 30 ETF,46810,Mirae Asset Mutual Fund,-5.2,-2.57,1.87,-3.98,Nifty100 Low Volatility 30 - TRI,9.42,,,-8.25,160,227,131,163,132,60,,,Mirae Asset Nifty 100 Low Volatility 30 ETF,Equity : ETFs,232,273,256,246,208,137,85,42,-3.6,-4.03,-1.43,6.06,0.15,10.34,8.93,11.73,,,,,,,,
Nippon India Nifty 500 Quality 50 Index Fund-Reg(G),49834,Nippon India Mutual Fund,-5.37,-3.91,7.31,-2.57,Nifty500 Quality 50 - TRI,,,,-0.8,89,225,204,99,142,,,,Nippon India Nifty 500 Quality 50 Index Fund-Reg(G),Equity : Index Funds,228,253,245,234,219,101,45,18,-3.26,-4.15,-1.59,6.96,-0.34,10.34,8.4,10.7,,,,,,,,
DSP 10 year Constant Maturity Gilt Fund-Reg(G),17573,DSP Mutual Fund,-1.2,-0.67,1.4,1.5,CRISIL 10 Year Gilt Index,5.86,4.64,5.88,0.96,6,4,6,6,6,6,4,4,DSP 10 year Constant Maturity Gilt Fund-Reg(G),Debt : Gilt (10 Yr Constant Duration),6,6,6,6,6,6,4,4,1.78,-1.2,-0.52,1.99,2.67,6.46,5.25,7.0,,,,,,,,
Groww Nifty India Internet ETF,49979,Groww Mutual Fund,-5.84,12.05,22.63,-2.62,Nifty India Internet & E-Commerce - TRI,,,,-0.61,79,249,3,12,123,,,,Groww Nifty India Internet ETF,Equity : ETFs,232,273,256,246,208,137,85,42,-3.6,-4.03,-1.43,6.06,0.15,10.34,8.93,11.73,,,,,,,,
Shriram Balanced Advantage Fund-Reg(G),43158,Shriram Mutual Fund,-3.14,-1.64,1.41,-2.74,CRISIL Hybrid 50+50 - Moderate Index,4.47,4.32,,-5.98,37,30,34,38,33,29,22,,Shriram Balanced Advantage Fund-Reg(G),Hybrid : Dynamic Asset Allocation,37,38,38,38,37,30,22,11,-1.63,-2.48,-0.35,4.38,0.68,8.22,7.48,8.98,,,,,,,,
SBI CRISIL-IBX 10:90 Gilt+SDL Index-Dec 2029 Index Fund-Reg(G),50824,SBI Mutual Fund,-0.39,0.49,,,CRISIL-IBX 10:90 Gilt + SDL Index - Dec 2029,,,,,,19,18,,,,,,SBI CRISIL-IBX 10:90 Gilt+SDL Index-Dec 2029 Index Fund-Reg(G),Debt : Medium Duration,22,23,23,22,22,22,13,12,3.74,0.01,0.88,2.92,5.3,7.09,6.23,6.18,,,,,,,,
Nippon India Nifty India Manufacturing Index Fund-Reg(G),50150,Nippon India Mutual Fund,-4.26,-0.17,8.83,6.06,Nifty India Manufacturing - TRI,,,,3.23,46,112,46,82,30,,,,Nippon India Nifty India Manufacturing Index Fund-Reg(G),Equity : Index Funds,228,253,245,234,219,101,45,18,-3.26,-4.15,-1.59,6.96,-0.34,10.34,8.4,10.7,,,,,,,,
Tata BSE Multicap Consumption 50:30:20 Index Fund-Reg(G),50491,Tata Mutual Fund,-5.1,0.26,8.57,,BSE Multicap Consumption 50:30:20 Index - TRI,,,,-5.12,135,212,39,86,,,,,Tata BSE Multicap Consumption 50:30:20 Index Fund-Reg(G),Equity : Index Funds,228,253,245,234,219,101,45,18,-3.26,-4.15,-1.59,6.96,-0.34,10.34,8.4,10.7,,,,,,,,
Franklin India Medium to Long Term Fund-Reg(G),48952,Franklin Templeton Mutual Fund,-0.67,0.25,2.78,4.12,CRISIL Medium to Long Term Debt Index,,,,2.84,44,52,47,25,45,,,,Franklin India Medium to Long Term Fund-Reg(G),Debt : Medium to Long Duration,58,59,59,58,58,50,12,11,3.39,0.01,0.87,2.74,4.94,6.88,5.21,5.53,,,,,,,,
Motilal Oswal Diversified Equity Flexicap Passive FoF-Reg(G),50376,Motilal Oswal Mutual Fund,-3.28,-0.53,11.04,,NIFTY 500 - TRI,,,,,,64,100,16,,,,,Motilal Oswal Diversified Equity Flexicap Passive FoF-Reg(G),FoFs : Domestic,108,135,127,125,99,61,41,27,2.81,-3.15,2.04,5.11,14.87,17.1,10.87,10.45,,,,,,,,
Groww Nifty Metal ETF,50216,Groww Mutual Fund,-2.14,5.27,15.97,,NIFTY METAL - TRI,,,,17.74,9,40,17,30,,,,,Groww Nifty Metal ETF,Equity : ETFs,232,273,256,246,208,137,85,42,-3.6,-4.03,-1.43,6.06,0.15,10.34,8.93,11.73,,,,,,,,
Mirae Asset BSE Sensex ETF,48259,Mirae Asset Mutual Fund,-4.83,-3.87,-1.07,-8.06,BSE SENSEX - TRI,,,,-12.55,207,180,197,207,184,,,,Mirae Asset BSE Sensex ETF,Equity : ETFs,232,273,256,246,208,137,85,42,-3.6,-4.03,-1.43,6.06,0.15,10.34,8.93,11.73,,,,,,,,
Navi Nifty Smallcap250 Momentum Quality 100 Index Fund-Reg(G),49310,Navi Mutual Fund,-0.29,4.45,22.93,5.79,Nifty Smallcap250 Momentum Quality 100 - TRI,,,,10.03,13,5,14,10,36,,,,Navi Nifty Smallcap250 Momentum Quality 100 Index Fund-Reg(G),Equity : Index Funds,228,253,245,234,219,101,45,18,-3.26,-4.15,-1.59,6.96,-0.34,10.34,8.4,10.7,,,,,,,,
Mahindra Manulife Asia Pacific REITs FOF-Reg(G),45381,Mahindra Manulife Mutual Fund,-5.78,-2.17,-0.67,3.31,FTSE EPRA Nareit Asia ex Japan REITs Index,8.57,,,0.28,52,50,45,52,51,52,,,Mahindra Manulife Asia Pacific REITs FOF-Reg(G),FoFs : Overseas,54,55,55,55,54,53,38,23,18.34,0.21,3.61,15.81,24.5,25.31,13.29,11.62,,,,,,,,
The Wealth Company Ethical Fund-Reg(G),50308,The Wealth Company Mutual Fund,-3.91,-1.41,7.32,,Nifty500 Shariah - TRI,,,,-3.43,80,77,79,76,,,,,The Wealth Company Ethical Fund-Reg(G),Equity : Thematic,112,120,117,117,108,51,33,9,2.18,-3.04,1.09,11.89,4.44,13.34,11.3,12.9,,,,,,,,
Aditya Birla SL CRISIL Liquid Overnight ETF,47722,Aditya Birla Sun Life Mutual Fund,0.38,1.17,2.38,4.81,CRISIL Liquid Overnight Index,5.61,,,3.45,34,36,34,34,34,32,,,Aditya Birla SL CRISIL Liquid Overnight ETF,Debt : Overnight,35,37,35,35,35,33,27,3,3.71,0.4,1.24,2.54,5.14,5.94,5.62,5.27,,,,,,,,
SBI FMP-54-1842D-Reg(G),46004,SBI Mutual Fund,0.44,1.34,2.79,5.91,CRISIL Medium to Long Term Debt Index,7.24,,,4.06,14,10,9,16,7,18,,,SBI FMP-54-1842D-Reg(G),Debt : FTP/FMP,49,51,50,49,49,49,16,2,3.47,0.27,1.15,2.75,5.55,7.14,6.12,5.77,,,,,,,,
Motilal Oswal BSE Quality ETF,46743,Motilal Oswal Mutual Fund,-5.3,-3.53,4.66,-0.31,BSE Quality Index - TRI,11.88,,,-3.52,104,235,188,118,104,45,,,Motilal Oswal BSE Quality ETF,Equity : ETFs,232,273,256,246,208,137,85,42,-3.6,-4.03,-1.43,6.06,0.15,10.34,8.93,11.73,,,,,,,,
Edelweiss BSE Internet Economy Index Fund-Reg(G),49778,Edelweiss Mutual Fund,-5.53,8.26,19.19,4.09,BSE Internet Economy - TRI,,,,2.08,49,114,11,26,51,,,,Edelweiss BSE Internet Economy Index Fund-Reg(G),Equity : Thematic,112,120,117,117,108,51,33,9,2.18,-3.04,1.09,11.89,4.44,13.34,11.3,12.9,,,,,,,,
Groww Nifty Non-Cyclical Consumer Index Fund-Reg(G),48799,Groww Mutual Fund,-4.8,-1.54,6.18,-9.38,Nifty Non-Cyclical Consumer - TRI,,,,-7.77,161,167,111,109,206,,,,Groww Nifty Non-Cyclical Consumer Index Fund-Reg(G),Equity : Index Funds,228,253,245,234,219,101,45,18,-3.26,-4.15,-1.59,6.96,-0.34,10.34,8.4,10.7,,,,,,,,
Aditya Birla SL Nifty SDL Sep 2027 Index Fund-Reg(G),46893,Aditya Birla Sun Life Mutual Fund,0.26,1.3,2.85,5.64,Nifty SDL Sep 2027 Index,7.26,,,4.01,6,7,2,10,8,6,,,Aditya Birla SL Nifty SDL Sep 2027 Index Fund-Reg(G),Debt : Medium Duration,22,23,23,22,22,22,13,12,3.74,0.01,0.88,2.92,5.3,7.09,6.23,6.18,,,,,,,,
Bajaj Finserv Equity Savings Fund-Reg(G),50003,Bajaj Finserv Mutual Fund,0.07,0.58,2.78,4.34,NIFTY 50 Equity Savings Index - TRI,,,,2.69,4,2,11,14,6,,,,Bajaj Finserv Equity Savings Fund-Reg(G),Hybrid : Equity Savings,24,24,24,24,24,21,21,14,1.27,-1.02,0.5,3.63,3.17,7.57,6.8,7.45,,,,,,,,
Mirae Asset Banking and PSU Debt Fund-Reg(G),45003,Mirae Asset Mutual Fund,0.03,0.58,2.6,4.11,CRISIL Banking and PSU Debt Index,6.34,5.42,,2.78,19,12,13,20,20,19,16,,Mirae Asset Banking and PSU Debt Fund-Reg(G),Debt : Banking & PSU,21,21,21,21,21,20,18,16,3.22,0.08,0.74,2.9,4.74,6.68,5.83,6.66,,,,,,,,
ICICI Pru LT Wealth Enhancement Fund(G),38299,ICICI Prudential Mutual Fund,-6.01,-1.95,5.0,-5.19,NIFTY 500 - TRI,11.96,12.47,,-7.22,38,53,32,35,42,17,12,,ICICI Pru LT Wealth Enhancement Fund(G),Equity : Tax Saving (ELSS),53,53,53,53,53,52,47,30,-2.04,-3.49,-0.87,8.56,-0.32,10.55,10.24,12.18,,,,,,,,
SBI Nifty50 Equal Weight ETF,48514,SBI Mutual Fund,-4.7,-2.46,3.9,-0.1,NIFTY50 Equal Weight - TRI,,,,-4.34,111,165,127,136,99,,,,SBI Nifty50 Equal Weight ETF,Equity : ETFs,232,273,256,246,208,137,85,42,-3.6,-4.03,-1.43,6.06,0.15,10.34,8.93,11.73,,,,,,,,
Kotak Nifty Top 10 Equal Weight Index Fund-Reg(G),49776,Kotak Mahindra Mutual Fund,-5.31,-5.49,-3.7,-12.38,Nifty Top 10 Equal Weight - TRI,,,,-18.31,221,220,240,224,210,,,,Kotak Nifty Top 10 Equal Weight Index Fund-Reg(G),Equity : Index Funds,228,253,245,234,219,101,45,18,-3.26,-4.15,-1.59,6.96,-0.34,10.34,8.4,10.7,,,,,,,,
Capitalmind Multi Asset Allocation Fund-Reg(G),50668,Capitalmind Mutual Fund,-2.51,1.09,-1.57,,NIFTY 500 - TRI,,,,,,11,13,34,,,,,Capitalmind Multi Asset Allocation Fund-Reg(G),Hybrid : Multi Asset Allocation,33,36,34,34,30,14,8,6,1.18,-3.02,0.54,4.52,7.5,13.59,12.21,12.2,,,,,,,,
Aditya Birla SL Nifty 200 Momentum 30 ETF,46120,Aditya Birla Sun Life Mutual Fund,-3.48,-3.05,5.34,-0.3,Nifty200 Momentum 30 - TRI,9.89,,,-2.72,96,82,154,112,103,54,,,Aditya Birla SL Nifty 200 Momentum 30 ETF,Equity : ETFs,232,273,256,246,208,137,85,42,-3.6,-4.03,-1.43,6.06,0.15,10.34,8.93,11.73,,,,,,,,
Motilal Oswal Developed Market Ex US ETFs Overseas Equity Passive FOF-Reg(G),48142,Motilal Oswal Mutual Fund,-2.42,3.53,12.9,27.99,S&P Developed Ex-U.S. BMI Total Return Index,22.67,,,18.27,28,37,28,34,21,33,,,Motilal Oswal Developed Market Ex US ETFs Overseas Equity Passive FOF-Reg(G),FoFs : Overseas,54,55,55,55,54,53,38,23,18.34,0.21,3.61,15.81,24.5,25.31,13.29,11.62,,,,,,,,
LIC MF Equity Savings Fund(G),12894,LIC Mutual Fund,-1.01,1.97,5.43,2.25,NIFTY 50 Equity Savings Index,7.53,6.41,6.46,1.55,8,13,2,4,17,9,12,11,LIC MF Equity Savings Fund(G),Hybrid : Equity Savings,24,24,24,24,24,21,21,14,1.27,-1.02,0.5,3.63,3.17,7.57,6.8,7.45,,,,,,,,
Bajaj Finserv Nifty 50 Index Fund-Reg(G),49847,Bajaj Finserv Mutual Fund,-4.96,-3.75,-0.35,-7.16,NIFTY 50 - TRI,,,,-11.07,199,207,199,204,187,,,,Bajaj Finserv Nifty 50 Index Fund-Reg(G),Equity : Index Funds,228,253,245,234,219,101,45,18,-3.26,-4.15,-1.59,6.96,-0.34,10.34,8.4,10.7,,,,,,,,
Groww BSE Hospitals ETF FOF-Reg(G),50487,Groww Mutual Fund,-1.09,-2.93,12.23,,BSE Hospitals Index - TRI,,,,,,31,120,14,,,,,Groww BSE Hospitals ETF FOF-Reg(G),FoFs : Domestic,108,135,127,125,99,61,41,27,2.81,-3.15,2.04,5.11,14.87,17.1,10.87,10.45,,,,,,,,
Kotak Nifty 100 Equal Weight ETF,49470,Kotak Mahindra Mutual Fund,-4.41,-1.37,8.83,2.57,Nifty100 Equal Weight - TRI,,,,0.09,70,138,108,78,65,,,,Kotak Nifty 100 Equal Weight ETF,Equity : ETFs,232,273,256,246,208,137,85,42,-3.6,-4.03,-1.43,6.06,0.15,10.34,8.93,11.73,,,,,,,,
Groww Nifty 50 ETF,50009,Groww Mutual Fund,-4.88,-3.52,0.0,-6.19,NIFTY 50 - TRI,,,,-10.69,192,210,187,196,167,,,,Groww Nifty 50 ETF,Equity : ETFs,232,273,256,246,208,137,85,42,-3.6,-4.03,-1.43,6.06,0.15,10.34,8.93,11.73,,,,,,,,
Mirae Asset Nifty India Internet ETF,49981,Mirae Asset Mutual Fund,-5.83,12.09,22.76,-2.43,Nifty India Internet & E-Commerce - TRI,,,,-0.49,76,248,2,11,120,,,,Mirae Asset Nifty India Internet ETF,Equity : ETFs,232,273,256,246,208,137,85,42,-3.6,-4.03,-1.43,6.06,0.15,10.34,8.93,11.73,,,,,,,,
SBI FMP-6-3668D-Reg(G),43566,SBI Mutual Fund,-0.11,0.69,2.5,4.83,CRISIL Long Duration Debt Index,7.2,6.11,,3.21,32,48,47,47,46,22,9,,SBI FMP-6-3668D-Reg(G),Debt : FTP/FMP,49,51,50,49,49,49,16,2,3.47,0.27,1.15,2.75,5.55,7.14,6.12,5.77,,,,,,,,
Angel One Nifty Total Market Momentum Quality 50 Index Fund-Reg(G),50395,Angel One Mutual Fund,-2.85,-1.05,9.55,,Nifty Total Market Momentum Quality 50 - TRI,,,,4.48,27,40,78,77,,,,,Angel One Nifty Total Market Momentum Quality 50 Index Fund-Reg(G),Equity : Index Funds,228,253,245,234,219,101,45,18,-3.26,-4.15,-1.59,6.96,-0.34,10.34,8.4,10.7,,,,,,,,
Kotak Nifty India Tourism Index Fund-Reg(G),49021,Kotak Mahindra Mutual Fund,-3.56,-3.15,11.06,-14.37,Nifty India Tourism Index - TRI,,,,-9.93,178,70,163,54,211,,,,Kotak Nifty India Tourism Index Fund-Reg(G),Equity : Index Funds,228,253,245,234,219,101,45,18,-3.26,-4.15,-1.59,6.96,-0.34,10.34,8.4,10.7,,,,,,,,
Mirae Asset Nifty LargeMidcap 250 Index Fund-Reg(G),48945,Mirae Asset Mutual Fund,-4.71,-2.27,5.89,-0.18,NIFTY LargeMidcap 250 - TRI,,,,-4.17,118,151,134,112,101,,,,Mirae Asset Nifty LargeMidcap 250 Index Fund-Reg(G),Equity : Index Funds,228,253,245,234,219,101,45,18,-3.26,-4.15,-1.59,6.96,-0.34,10.34,8.4,10.7,,,,,,,,
Bandhan Nifty 500 Momentum 50 Index Fund-Reg(G),49118,Bandhan Mutual Fund,-2.58,-0.74,10.84,3.87,Nifty500 Momentum 50 - TRI,,,,1.94,56,33,75,57,73,,,,Bandhan Nifty 500 Momentum 50 Index Fund-Reg(G),Equity : Index Funds,228,253,245,234,219,101,45,18,-3.26,-4.15,-1.59,6.96,-0.34,10.34,8.4,10.7,,,,,,,,
Sundaram LT Micro Cap Tax Adv Fund-Sr IV-Reg(G),36380,Sundaram Mutual Fund,-3.13,-1.27,18.42,6.42,Nifty Smallcap 100,12.05,14.72,,6.1,9,18,29,7,9,15,4,,Sundaram LT Micro Cap Tax Adv Fund-Sr IV-Reg(G),Equity : Tax Saving (ELSS),53,53,53,53,53,52,47,30,-2.04,-3.49,-0.87,8.56,-0.32,10.55,10.24,12.18,-0.96,4.92,24.02,9.73,16.44,12.7,,15.52
Sundaram LT Micro Cap Tax Adv Fund-Sr VI-Reg(G),37867,Sundaram Mutual Fund,-3.18,-0.69,18.43,5.89,Nifty Smallcap 100,11.98,14.42,,6.2,8,21,23,6,10,16,7,,Sundaram LT Micro Cap Tax Adv Fund-Sr VI-Reg(G),Equity : Tax Saving (ELSS),53,53,53,53,53,52,47,30,-2.04,-3.49,-0.87,8.56,-0.32,10.55,10.24,12.18,-0.96,4.92,24.02,9.73,16.44,12.7,,15.52
Groww BSE Power ETF FoF-Reg(G),50008,Groww Mutual Fund,-2.76,-8.91,5.69,8.85,BSE Power Index - TRI,,,,13.37,2,52,127,38,32,,,,Groww BSE Power ETF FoF-Reg(G),FoFs : Domestic,108,135,127,125,99,61,41,27,2.81,-3.15,2.04,5.11,14.87,17.1,10.87,10.45,,,,,,,,
Groww Nifty Chemicals ETF,50140,Groww Mutual Fund,-3.01,-1.25,10.53,,Nifty Chemicals - TRI,,,,,,56,105,59,,,,,Groww Nifty Chemicals ETF,Equity : ETFs,232,273,256,246,208,137,85,42,-3.6,-4.03,-1.43,6.06,0.15,10.34,8.93,11.73,,,,,,,,
UTI Medium Term Fund-Reg(G),31387,UTI Mutual Fund,-0.45,0.27,2.28,3.81,NIFTY Medium Duration Debt Index,6.05,5.51,5.26,2.63,21,22,21,21,20,21,10,10,UTI Medium Term Fund-Reg(G),Debt : Medium Duration,22,23,23,22,22,22,13,12,3.74,0.01,0.88,2.92,5.3,7.09,6.23,6.18,,,,,,,,
Axis CRISIL IBX 50:50 Gilt Plus SDL Sep 2027 Index Fund-Reg(G),47621,Axis Mutual Fund,0.26,1.22,2.77,5.56,CRISIL IBX 50:50 Gilt Plus SDL Index - September 2027,7.19,,,3.92,11,6,6,12,11,7,,,Axis CRISIL IBX 50:50 Gilt Plus SDL Sep 2027 Index Fund-Reg(G),Debt : Medium Duration,22,23,23,22,22,22,13,12,3.74,0.01,0.88,2.92,5.3,7.09,6.23,6.18,,,,,,,,
Axis Multi Factor Passive FoF-Reg(G),46371,Axis Mutual Fund,-4.07,-2.65,2.67,-0.61,NIFTY 500 - TRI,7.66,,,-4.94,117,125,132,147,109,85,,,Axis Multi Factor Passive FoF-Reg(G),Equity : ETFs,232,273,256,246,208,137,85,42,-3.6,-4.03,-1.43,6.06,0.15,10.34,8.93,11.73,,,,,,,,
Aditya Birla SL Multi-Asset Passive FoF-Reg(G),46956,Aditya Birla Sun Life Mutual Fund,-3.35,1.01,7.7,8.35,NIFTY 500 - TRI,15.11,,,-0.02,82,67,63,26,33,19,,,Aditya Birla SL Multi-Asset Passive FoF-Reg(G),FoFs : Domestic,108,135,127,125,99,61,41,27,2.81,-3.15,2.04,5.11,14.87,17.1,10.87,10.45,,,,,,,,
Kotak Nifty 200 Momentum 30 ETF,50098,Kotak Mahindra Mutual Fund,-3.48,-3.1,5.27,,Nifty200 Momentum 30 - TRI,,,,-2.78,99,86,156,115,,,,,Kotak Nifty 200 Momentum 30 ETF,Equity : ETFs,232,273,256,246,208,137,85,42,-3.6,-4.03,-1.43,6.06,0.15,10.34,8.93,11.73,,,,,,,,
Bandhan Nifty Next 50 Index Fund-Reg(G),49614,Bandhan Mutual Fund,-3.72,-0.52,12.89,4.89,NIFTY NEXT 50 - TRI,,,,3.49,38,95,67,41,51,,,,Bandhan Nifty Next 50 Index Fund-Reg(G),Equity : Index Funds,228,253,245,234,219,101,45,18,-3.26,-4.15,-1.59,6.96,-0.34,10.34,8.4,10.7,,,,,,,,
HDFC NIFTY50 Value 20 ETF,46890,HDFC Mutual Fund,-4.21,-5.04,-4.32,-8.87,Nifty50 Value 20 - TRI,4.54,,,-13.64,214,129,238,238,189,124,,,HDFC NIFTY50 Value 20 ETF,Equity : ETFs,232,273,256,246,208,137,85,42,-3.6,-4.03,-1.43,6.06,0.15,10.34,8.93,11.73,,,,,,,,
Angel One Gold ETF FOF-Reg(G),50225,Angel One Mutual Fund,-6.52,7.17,4.11,31.59,Gold-India,,,,12.51,7,134,15,60,16,,,,Angel One Gold ETF FOF-Reg(G),FoFs : Domestic,108,135,127,125,99,61,41,27,2.81,-3.15,2.04,5.11,14.87,17.1,10.87,10.45,,,,,,,,
HDFC FMP-Sr 46-1876D-Mar 2022-Reg(G),46540,HDFC Mutual Fund,0.35,1.25,2.81,5.83,NIFTY Medium to Long Duration Debt Index,7.34,,,4.09,8,37,30,11,12,12,,,HDFC FMP-Sr 46-1876D-Mar 2022-Reg(G),Debt : FTP/FMP,49,51,50,49,49,49,16,2,3.47,0.27,1.15,2.75,5.55,7.14,6.12,5.77,,,,,,,,
Bandhan Nifty 500 Value 50 Index Fund-Reg(G),48800,Bandhan Mutual Fund,-2.8,-3.2,2.12,8.88,NIFTY500 Value 50 - TRI,,,,0.85,65,37,165,171,18,,,,Bandhan Nifty 500 Value 50 Index Fund-Reg(G),Equity : Index Funds,228,253,245,234,219,101,45,18,-3.26,-4.15,-1.59,6.96,-0.34,10.34,8.4,10.7,,,,,,,,
Quantum Nifty 50 ETF FOF-Reg(G),46655,Quantum Mutual Fund,-4.81,-3.76,-0.38,-6.49,NIFTY 50 - TRI,6.36,,,-10.96,107,108,125,108,97,61,,,Quantum Nifty 50 ETF FOF-Reg(G),FoFs : Domestic,108,135,127,125,99,61,41,27,2.81,-3.15,2.04,5.11,14.87,17.1,10.87,10.45,,,,,,,,
Groww Gilt Fund-Reg(G),49836,Groww Mutual Fund,-0.2,-0.07,1.43,0.62,CRISIL Dynamic Gilt Index,,,,0.4,37,10,14,38,38,,,,Groww Gilt Fund-Reg(G),Debt : Gilt,38,38,38,38,38,34,23,21,2.34,-0.55,-0.06,2.74,3.22,5.99,4.93,5.98,,,,,,,,
Mirae Asset BSE Midcap 150 Momentum 30 ETF FOF-Reg(G),50928,Mirae Asset Mutual Fund,-3.42,,,,BSE Midcap 150 Momentum 30 - TRI,,,,,,68,,,,,,,Mirae Asset BSE Midcap 150 Momentum 30 ETF FOF-Reg(G),FoFs : Domestic,108,135,127,125,99,61,41,27,2.81,-3.15,2.04,5.11,14.87,17.1,10.87,10.45,,,,,,,,
Sundaram LT Tax Adv Fund-Sr III-Reg(G),38374,Sundaram Mutual Fund,-3.15,-0.29,18.73,8.57,BSE 500,12.95,16.27,,7.7,3,19,17,3,3,12,2,,Sundaram LT Tax Adv Fund-Sr III-Reg(G),Equity : Tax Saving (ELSS),53,53,53,53,53,52,47,30,-2.04,-3.49,-0.87,8.56,-0.32,10.55,10.24,12.18,-4.19,-2.16,5.07,-2.22,8.89,7.9,13.5,-7.82
Kotak NIFTY India Consumption ETF,45731,Kotak Mahindra Mutual Fund,-5.61,-1.07,6.72,-6.11,Nifty India Consumption - TRI,11.13,,,-6.45,141,238,84,93,163,47,,,Kotak NIFTY India Consumption ETF,Equity : ETFs,232,273,256,246,208,137,85,42,-3.6,-4.03,-1.43,6.06,0.15,10.34,8.93,11.73,,,,,,,,
Angel One Silver ETF,50669,Angel One Mutual Fund,-4.09,5.64,-1.32,,Silver,,,,,,1,40,36,,,,,Angel One Silver ETF,Metal : ETFs,40,42,42,42,38,22,11,11,3.29,-5.3,7.04,2.11,46.95,39.54,25.66,15.77,,,,,,,,
Bandhan Nifty IT Index Fund-Reg(G),48140,Bandhan Mutual Fund,-8.56,3.0,-4.9,-17.76,NIFTY IT - TRI,-3.49,,,-25.36,228,252,19,233,218,99,,,Bandhan Nifty IT Index Fund-Reg(G),Equity : Index Funds,228,253,245,234,219,101,45,18,-3.26,-4.15,-1.59,6.96,-0.34,10.34,8.4,10.7,,,,,,,,
UTI BSE Sensex Next 50 ETF,41461,UTI Mutual Fund,-5.03,-1.66,8.85,2.11,BSE Sensex Next 50 - TRI,15.38,13.23,,-1.65,83,216,112,77,67,28,14,,UTI BSE Sensex Next 50 ETF,Equity : ETFs,232,273,256,246,208,137,85,42,-3.6,-4.03,-1.43,6.06,0.15,10.34,8.93,11.73,,,,,,,,
Bank of India Midcap Tax Fund-Sr 2-Reg(G),39958,Bank of India Mutual Fund,-1.65,3.75,16.57,5.69,BSE 500 - TRI,13.34,10.44,,5.82,10,5,4,11,11,10,19,,Bank of India Midcap Tax Fund-Sr 2-Reg(G),Equity : Tax Saving (ELSS),53,53,53,53,53,52,47,30,-2.04,-3.49,-0.87,8.56,-0.32,10.55,10.24,12.18,,,,,,,,
WSIF Equity Long-Short Fund-Reg(G),75101,Wealth Company WSIF,-3.77,-1.33,,,NIFTY 500 - TRI,,,,,,26,23,,,,,,WSIF Equity Long-Short Fund-Reg(G),Hybrid : Long - Short,10,30,27,14,,,,,5.49,-0.21,3.32,9.54,,,,,,,,,,,,
ITI Banking & PSU Debt Fund-Reg(G),44398,ITI Mutual Fund,0.04,0.81,2.41,4.33,CRISIL Banking and PSU Debt Index,6.39,5.72,,3.09,13,11,7,21,17,18,11,,ITI Banking & PSU Debt Fund-Reg(G),Debt : Banking & PSU,21,21,21,21,21,20,18,16,3.22,0.08,0.74,2.9,4.74,6.68,5.83,6.66,,,,,,,,
Invesco India Nifty Bank Index Fund-Reg(G),50836,Invesco Mutual Fund,-3.42,-4.44,,,NIFTY BANK - TRI,,,,,,52,222,,,,,,Invesco India Nifty Bank Index Fund-Reg(G),Equity : Index Funds,228,253,245,234,219,101,45,18,-3.26,-4.15,-1.59,6.96,-0.34,10.34,8.4,10.7,,,,,,,,
Mirae Asset Silver ETF FOF-Reg(G),46380,Mirae Asset Mutual Fund,-4.6,5.82,-1.73,,Silver,,,,,,105,24,123,,,,,Mirae Asset Silver ETF FOF-Reg(G),FoFs : Domestic,108,135,127,125,99,61,41,27,2.81,-3.15,2.04,5.11,14.87,17.1,10.87,10.45,,,,,,,,
Angel One Nifty 50 Index Fund-Reg(G),49842,Angel One Mutual Fund,-4.93,-3.66,-0.26,-6.74,NIFTY 50 - TRI,,,,-11.1,200,203,192,201,180,,,,Angel One Nifty 50 Index Fund-Reg(G),Equity : Index Funds,228,253,245,234,219,101,45,18,-3.26,-4.15,-1.59,6.96,-0.34,10.34,8.4,10.7,,,,,,,,
Shriram Nifty 1D Rate Liquid ETF,48953,Shriram Mutual Fund,0.37,1.14,2.33,4.74,Nifty 1D Rate Index,,,,3.42,15,14,15,21,14,,,,Shriram Nifty 1D Rate Liquid ETF,Debt : ETFs,31,34,31,31,30,15,10,4,3.01,-0.35,0.44,2.25,4.33,6.47,5.55,5.58,0.41,1.27,2.59,5.24,6.06,5.75,,5.14
Bajaj Finserv Nifty Next 50 Index Fund-Reg(G),49837,Bajaj Finserv Mutual Fund,-3.69,-0.46,12.7,4.34,NIFTY NEXT 50 - TRI,,,,2.98,48,86,61,49,66,,,,Bajaj Finserv Nifty Next 50 Index Fund-Reg(G),Equity : Index Funds,228,253,245,234,219,101,45,18,-3.26,-4.15,-1.59,6.96,-0.34,10.34,8.4,10.7,,,,,,,,
Motilal Oswal BSE Financials ex Bank 30 Index Fund-Reg(G),46118,Motilal Oswal Mutual Fund,-8.08,-2.34,3.99,-2.23,BSE Financials ex Bank 30 - TRI,11.23,,,-7.55,160,247,136,138,141,42,,,Motilal Oswal BSE Financials ex Bank 30 Index Fund-Reg(G),Equity : Index Funds,228,253,245,234,219,101,45,18,-3.26,-4.15,-1.59,6.96,-0.34,10.34,8.4,10.7,,,,,,,,
Sundaram Medium Term Fund(G),2936,Sundaram Mutual Fund,-0.45,0.08,1.65,2.66,NIFTY Medium Duration Debt Index,5.0,3.91,4.81,1.68,22,21,23,22,22,22,13,11,Sundaram Medium Term Fund(G),Debt : Medium Duration,22,23,23,22,22,22,13,12,3.74,0.01,0.88,2.92,5.3,7.09,6.23,6.18,,,,,,,,
UTI Nifty SDL Plus AAA PSU Bond Apr 2028 75:25 Index Fund-Reg(G),47706,UTI Mutual Fund,0.21,1.18,2.83,5.4,Nifty SDL Plus AAA PSU Bond Apr 2028 75:25 Index,7.19,,,3.48,24,26,25,21,24,17,,,UTI Nifty SDL Plus AAA PSU Bond Apr 2028 75:25 Index Fund-Reg(G),Debt : Medium to Long Duration,58,59,59,58,58,50,12,11,3.39,0.01,0.87,2.74,4.94,6.88,5.21,5.53,,,,,,,,
Axis Nifty500 Value 50 ETF,49181,Axis Mutual Fund,-2.7,-2.97,2.68,9.93,NIFTY500 Value 50 - TRI,,,,1.64,56,46,145,146,24,,,,Axis Nifty500 Value 50 ETF,Equity : ETFs,232,273,256,246,208,137,85,42,-3.6,-4.03,-1.43,6.06,0.15,10.34,8.93,11.73,,,,,,,,
Aditya Birla SL CRISIL 10 Year Gilt ETF,49045,Aditya Birla Sun Life Mutual Fund,-1.16,-0.59,1.66,1.89,CRISIL 10 Year Gilt Index,,,,1.3,29,27,28,28,28,,,,Aditya Birla SL CRISIL 10 Year Gilt ETF,Debt : ETFs,31,34,31,31,30,15,10,4,3.01,-0.35,0.44,2.25,4.33,6.47,5.55,5.58,,,,,,,,
SBI CRISIL - IBX SDL Index - June 2034 Index Fund-Reg(G),50799,SBI Mutual Fund,-1.14,,,,CRISIL IBX SDL Index - June 2034,,,,,,16,,,,,,,SBI CRISIL - IBX SDL Index - June 2034 Index Fund-Reg(G),Debt : Long Duration,25,27,25,25,25,19,3,2,2.17,-1.06,-0.5,2.55,3.05,6.26,4.81,5.99,,,,,,,,
Sundaram LT Micro Cap Tax Adv Fund-Sr V-Reg(G),36903,Sundaram Mutual Fund,-3.16,-0.75,19.0,6.91,Nifty Smallcap 100,12.57,14.31,,6.7,6,20,25,1,7,13,8,,Sundaram LT Micro Cap Tax Adv Fund-Sr V-Reg(G),Equity : Tax Saving (ELSS),53,53,53,53,53,52,47,30,-2.04,-3.49,-0.87,8.56,-0.32,10.55,10.24,12.18,-0.96,4.92,24.02,9.73,16.44,12.7,,15.52
UTI Nifty India Manufacturing Index Fund-Reg(G),49584,UTI Mutual Fund,-4.26,-0.18,8.8,5.85,Nifty India Manufacturing - TRI,,,,3.1,43,84,63,64,45,,,,UTI Nifty India Manufacturing Index Fund-Reg(G),Equity : Thematic,112,120,117,117,108,51,33,9,2.18,-3.04,1.09,11.89,4.44,13.34,11.3,12.9,,,,,,,,
JioBlackRock Nifty 8-13 yr G-Sec Index Fund-Reg(G),51173,Jio BlackRock Mutual Fund,-1.19,,,,Nifty 8-13 yr G-Sec,,,,,,19,,,,,,,JioBlackRock Nifty 8-13 yr G-Sec Index Fund-Reg(G),Debt : Long Duration,25,27,25,25,25,19,3,2,2.17,-1.06,-0.5,2.55,3.05,6.26,4.81,5.99,-1.18,-0.36,1.83,2.7,6.83,5.63,,2.34
Edelweiss Nifty500 Multicap Momentum Quality 50 ETF,49220,Edelweiss Mutual Fund,-2.75,-2.38,7.39,-0.63,Nifty500 Multicap Momentum Quality 50 - TRI,,,,-0.12,71,48,122,91,110,,,,Edelweiss Nifty500 Multicap Momentum Quality 50 ETF,Equity : ETFs,232,273,256,246,208,137,85,42,-3.6,-4.03,-1.43,6.06,0.15,10.34,8.93,11.73,,,,,,,,
ICICI Pru Nifty Top 15 Equal Weight Index Fund-Reg(G),49748,ICICI Prudential Mutual Fund,-6.44,-5.68,-3.04,-11.39,Nifty Top 15 Equal Weight - TRI,,,,-15.97,219,244,242,223,208,,,,ICICI Pru Nifty Top 15 Equal Weight Index Fund-Reg(G),Equity : Index Funds,228,253,245,234,219,101,45,18,-3.26,-4.15,-1.59,6.96,-0.34,10.34,8.4,10.7,,,,,,,,
TRUSTMF Overnight Fund-Reg(G),45719,Trust Mutual Fund,0.39,1.23,2.5,5.07,CRISIL Liquid Overnight Index,5.93,,,3.66,28,31,29,29,28,26,,,TRUSTMF Overnight Fund-Reg(G),Debt : Overnight,35,37,35,35,35,33,27,3,3.71,0.4,1.24,2.54,5.14,5.94,5.62,5.27,,,,,,,,
Motilal Oswal Multi Factor Passive FoF-Reg(G),49312,Motilal Oswal Mutual Fund,-1.84,-2.19,5.87,,NIFTY 500 - TRI,,,,,,36,118,36,,,,,Motilal Oswal Multi Factor Passive FoF-Reg(G),FoFs : Domestic,108,135,127,125,99,61,41,27,2.81,-3.15,2.04,5.11,14.87,17.1,10.87,10.45,,,,,,,,
The Wealth Company Gold ETF,50521,The Wealth Company Mutual Fund,-5.98,7.75,4.18,,Gold-India,,,,8.37,23,18,25,16,,,,,The Wealth Company Gold ETF,Metal : ETFs,40,42,42,42,38,22,11,11,3.29,-5.3,7.04,2.11,46.95,39.54,25.66,15.77,,,,,,,,
Mirae Asset Multi Factor Passive FOF-Reg(G),50137,Mirae Asset Mutual Fund,-3.35,-1.04,7.2,3.09,NIFTY 500 - TRI,,,,-0.39,85,66,109,30,75,,,,Mirae Asset Multi Factor Passive FOF-Reg(G),FoFs : Domestic,108,135,127,125,99,61,41,27,2.81,-3.15,2.04,5.11,14.87,17.1,10.87,10.45,,,,,,,,
Axis BSE India Sector Leaders Index Fund-Reg(G),50588,Axis Mutual Fund,-4.87,-2.73,3.17,,BSE India Sector Leaders Index - TRI,,,,,,177,154,166,,,,,Axis BSE India Sector Leaders Index Fund-Reg(G),Equity : Index Funds,228,253,245,234,219,101,45,18,-3.26,-4.15,-1.59,6.96,-0.34,10.34,8.4,10.7,,,,,,,,
HDFC Income Plus Arbitrage Omni FOF-Reg(G),50397,HDFC Mutual Fund,0.26,1.54,3.87,,Nifty Short Duration Debt Index,,,,,,9,48,67,,,,,HDFC Income Plus Arbitrage Omni FOF-Reg(G),FoFs : Domestic,108,135,127,125,99,61,41,27,2.81,-3.15,2.04,5.11,14.87,17.1,10.87,10.45,,,,,,,,
JM Medium to Long Term Fund-Reg(G),1921,JM Financial Mutual Fund,-0.75,-0.25,1.78,2.6,CRISIL Medium to Long Term Debt Index,5.94,4.71,3.81,1.77,58,56,58,57,57,44,10,11,JM Medium to Long Term Fund-Reg(G),Debt : Medium to Long Duration,58,59,59,58,58,50,12,11,3.39,0.01,0.87,2.74,4.94,6.88,5.21,5.53,,,,,,,,
Aditya Birla SL BSE India Infrastructure Index Fund-Reg(G),49355,Aditya Birla Sun Life Mutual Fund,-2.59,-8.17,1.06,-4.6,BSE India Infrastructure Index - TRI,,,,-3.3,20,11,22,20,19,,,,Aditya Birla SL BSE India Infrastructure Index Fund-Reg(G),Equity : Sectoral - Infrastructure,22,22,22,22,21,19,19,18,3.92,-2.54,-2.88,10.36,3.25,15.22,16.22,14.92,,,,,,,,
Groww Nifty 500 Momentum 50 ETF,49328,Groww Mutual Fund,-2.52,-0.5,11.3,4.6,Nifty500 Momentum 50 - TRI,,,,2.53,48,43,77,53,60,,,,Groww Nifty 500 Momentum 50 ETF,Equity : ETFs,232,273,256,246,208,137,85,42,-3.6,-4.03,-1.43,6.06,0.15,10.34,8.93,11.73,,,,,,,,
SBI FMP-34-3682D-Reg(G),44969,SBI Mutual Fund,-0.43,0.4,2.45,4.77,CRISIL Long Duration Debt Index,7.12,6.14,,3.19,33,49,48,49,47,28,8,,SBI FMP-34-3682D-Reg(G),Debt : FTP/FMP,49,51,50,49,49,49,16,2,3.47,0.27,1.15,2.75,5.55,7.14,6.12,5.77,,,,,,,,
SBI FMP-59-1618D-Reg(G),46334,SBI Mutual Fund,0.41,1.25,2.52,5.24,CRISIL Medium to Long Term Debt Index,6.82,,,2.61,40,30,32,45,40,45,,,SBI FMP-59-1618D-Reg(G),Debt : FTP/FMP,49,51,50,49,49,49,16,2,3.47,0.27,1.15,2.75,5.55,7.14,6.12,5.77,,,,,,,,
Bajaj Finserv Gilt Fund-Reg(G),48966,Bajaj Finserv Mutual Fund,-0.32,-0.26,3.44,3.04,CRISIL Dynamic Gilt Index,,,,2.92,13,13,18,5,20,,,,Bajaj Finserv Gilt Fund-Reg(G),Debt : Gilt,38,38,38,38,38,34,23,21,2.34,-0.55,-0.06,2.74,3.22,5.99,4.93,5.98,,,,,,,,
Aditya Birla SL FTP-TJ-1838D-Reg(G),45628,Aditya Birla Sun Life Mutual Fund,0.45,1.3,2.76,5.68,CRISIL Medium to Long Term Debt Index,7.19,6.31,,3.16,34,8,19,20,20,23,3,,Aditya Birla SL FTP-TJ-1838D-Reg(G),Debt : FTP/FMP,49,51,50,49,49,49,16,2,3.47,0.27,1.15,2.75,5.55,7.14,6.12,5.77,,,,,,,,
Samco Overnight Fund-Reg(G),46969,Samco Mutual Fund,0.36,1.14,2.33,4.76,CRISIL Liquid Overnight Index,5.61,,,3.42,35,37,35,35,35,33,,,Samco Overnight Fund-Reg(G),Debt : Overnight,35,37,35,35,35,33,27,3,3.71,0.4,1.24,2.54,5.14,5.94,5.62,5.27,,,,,,,,
Aditya Birla SL Nifty IT ETF,45697,Aditya Birla Sun Life Mutual Fund,-8.49,3.28,-3.82,-16.16,NIFTY IT - TRI,-2.75,,,-24.3,223,269,29,229,197,130,,,Aditya Birla SL Nifty IT ETF,Equity : ETFs,232,273,256,246,208,137,85,42,-3.6,-4.03,-1.43,6.06,0.15,10.34,8.93,11.73,,,,,,,,
Navi Nifty 500 Multicap 50:25:25 Index Fund-Reg(G),48958,Navi Mutual Fund,-3.8,-1.34,8.41,0.25,Nifty500 Multicap 50:25:25 - TRI,,,,-2.31,98,101,84,90,94,,,,Navi Nifty 500 Multicap 50:25:25 Index Fund-Reg(G),Equity : Index Funds,228,253,245,234,219,101,45,18,-3.26,-4.15,-1.59,6.96,-0.34,10.34,8.4,10.7,,,,,,,,
Samco Arbitrage Fund-Reg(G),49350,Samco Mutual Fund,0.19,0.66,1.61,3.77,Nifty 50 Arbitrage - TRI,,,,2.58,34,38,37,36,32,,,,Samco Arbitrage Fund-Reg(G),Hybrid : Arbitrage,34,38,37,36,32,25,24,15,4.25,0.41,1.37,2.79,5.98,6.56,5.9,5.56,,,,,,,,
Aditya Birla SL CRISIL IBX Gilt April 2033 Index Fund-Reg(G),48411,Aditya Birla Sun Life Mutual Fund,-1.18,-0.2,2.54,3.94,CRISIL IBX Gilt Index - April 2033,,,,2.79,8,18,8,10,7,,,,Aditya Birla SL CRISIL IBX Gilt April 2033 Index Fund-Reg(G),Debt : Long Duration,25,27,25,25,25,19,3,2,2.17,-1.06,-0.5,2.55,3.05,6.26,4.81,5.99,,,,,,,,
Nippon India Nifty 500 Low Volatility 50 Index Fund-Reg(G),49833,Nippon India Mutual Fund,-3.94,-1.5,1.39,-3.55,Nifty500 Low Volatility 50 - TRI,,,,-6.54,146,103,103,179,147,,,,Nippon India Nifty 500 Low Volatility 50 Index Fund-Reg(G),Equity : Index Funds,228,253,245,234,219,101,45,18,-3.26,-4.15,-1.59,6.96,-0.34,10.34,8.4,10.7,,,,,,,,
Aditya Birla SL Retirement Fund-50-Reg(G),42774,Aditya Birla Sun Life Mutual Fund,-1.44,-0.21,3.19,2.99,CRISIL Short Term Debt Hybrid 75+25 Index,6.52,5.55,,1.74,7,21,16,12,8,16,20,,Aditya Birla SL Retirement Fund-50-Reg(G),Hybrid : Conservative Hybrid,27,27,27,27,27,27,27,21,0.82,-1.18,-0.16,3.0,2.31,6.88,6.44,6.9,,,,,,,,
Groww Nifty 50 Index Fund-Reg(G),50018,Groww Mutual Fund,-4.96,-3.75,-0.47,-7.12,NIFTY 50 - TRI,,,,-11.34,203,209,200,206,186,,,,Groww Nifty 50 Index Fund-Reg(G),Equity : Index Funds,228,253,245,234,219,101,45,18,-3.26,-4.15,-1.59,6.96,-0.34,10.34,8.4,10.7,,,,,,,,
Kotak Nifty500 Momentum 50 Index Fund-Reg(G),50233,Kotak Mahindra Mutual Fund,-2.52,-0.62,11.11,,Nifty500 Momentum 50 - TRI,,,,2.28,54,28,71,53,,,,,Kotak Nifty500 Momentum 50 Index Fund-Reg(G),Equity : Index Funds,228,253,245,234,219,101,45,18,-3.26,-4.15,-1.59,6.96,-0.34,10.34,8.4,10.7,,,,,,,,
UTI Nifty 5 yr Benchmark G-Sec ETF,48533,UTI Mutual Fund,-0.83,0.06,2.86,4.35,Nifty 5 yr Benchmark G-Sec Index TRI,,,,3.35,17,23,19,5,18,,,,UTI Nifty 5 yr Benchmark G-Sec ETF,Debt : ETFs,31,34,31,31,30,15,10,4,3.01,-0.35,0.44,2.25,4.33,6.47,5.55,5.58,,,,,,,,
DSP BSE Sensex Next 30 Index Fund-Reg(G),49537,DSP Mutual Fund,-4.11,-0.6,8.18,6.25,BSE Sensex Next 30 - TRI,,,,1.72,59,109,70,94,24,,,,DSP BSE Sensex Next 30 Index Fund-Reg(G),Equity : Index Funds,228,253,245,234,219,101,45,18,-3.26,-4.15,-1.59,6.96,-0.34,10.34,8.4,10.7,,,,,,,,
SBI BSE Sensex Next 50 ETF,38734,SBI Mutual Fund,-5.04,-1.68,8.83,2.09,BSE Sensex Next 50 - TRI,15.34,13.21,,-1.67,84,217,113,79,68,29,15,,SBI BSE Sensex Next 50 ETF,Equity : ETFs,232,273,256,246,208,137,85,42,-3.6,-4.03,-1.43,6.06,0.15,10.34,8.93,11.73,,,,,,,,
DSP FMP 270-1172D-Reg(G),47634,DSP Mutual Fund,-0.07,0.82,2.88,5.73,CRISIL Medium Duration Debt Index,6.92,,,4.09,10,45,43,8,18,39,,,DSP FMP 270-1172D-Reg(G),Debt : FTP/FMP,49,51,50,49,49,49,16,2,3.47,0.27,1.15,2.75,5.55,7.14,6.12,5.77,,,,,,,,
ICICI Pru Nifty200 Quality 30 Index Fund-Reg(G),49749,ICICI Prudential Mutual Fund,-5.88,-1.39,3.32,-5.25,NIFTY200 Quality 30 - TRI,,,,-8.62,171,237,95,163,158,,,,ICICI Pru Nifty200 Quality 30 Index Fund-Reg(G),Equity : Index Funds,228,253,245,234,219,101,45,18,-3.26,-4.15,-1.59,6.96,-0.34,10.34,8.4,10.7,,,,,,,,
UTI Nifty 1D Rate Liquid ETF(G),50816,UTI Mutual Fund,0.38,,,,Nifty 1D Rate Index,,,,,,11,,,,,,,UTI Nifty 1D Rate Liquid ETF(G),Debt : ETFs,31,34,31,31,30,15,10,4,3.01,-0.35,0.44,2.25,4.33,6.47,5.55,5.58,0.41,1.27,2.59,5.24,6.06,5.75,,5.14
ITI Dynamic Term Fund-Reg(G),45597,ITI Mutual Fund,-0.91,-0.82,0.05,1.75,CRISIL Dynamic Bond Index,4.95,4.62,,0.97,22,22,22,23,21,20,20,,ITI Dynamic Term Fund-Reg(G),Debt : Dynamic Bond,23,23,23,23,23,23,23,19,2.57,-0.36,0.16,2.58,3.62,6.05,5.37,6.1,,,,,,,,
Groww Dynamic Term Fund-Reg(G),38110,Groww Mutual Fund,0.08,0.69,2.28,2.48,CRISIL Dynamic Bond Index,4.84,4.31,,1.95,16,4,5,16,17,21,21,,Groww Dynamic Term Fund-Reg(G),Debt : Dynamic Bond,23,23,23,23,23,23,23,19,2.57,-0.36,0.16,2.58,3.62,6.05,5.37,6.1,,,,,,,,
DSP Nifty Healthcare Index Fund-Reg(G),49905,DSP Mutual Fund,0.42,4.53,14.73,14.91,Nifty Healthcare Index - TRI,,,,13.73,18,14,18,20,15,,,,DSP Nifty Healthcare Index Fund-Reg(G),Equity : Sectoral - Pharma,21,21,21,21,20,12,9,4,18.65,0.58,6.96,21.05,18.29,21.08,14.12,13.63,,,,,,,,
Bandhan BSE India Sector Leaders Index Fund-Reg(G),50132,Bandhan Mutual Fund,-4.88,-2.73,3.21,-5.77,BSE India Sector Leaders Index - TRI,,,,-8.27,163,178,153,165,162,,,,Bandhan BSE India Sector Leaders Index Fund-Reg(G),Equity : Index Funds,228,253,245,234,219,101,45,18,-3.26,-4.15,-1.59,6.96,-0.34,10.34,8.4,10.7,,,,,,,,
Motilal Oswal Nifty MidSmall India Consumption Index Fund-Reg(G),47385,Motilal Oswal Mutual Fund,-4.67,1.49,9.1,-7.12,Nifty MidSmall India Consumption - TRI,,,,-3.5,110,133,34,79,185,,,,Motilal Oswal Nifty MidSmall India Consumption Index Fund-Reg(G),Equity : Index Funds,228,253,245,234,219,101,45,18,-3.26,-4.15,-1.59,6.96,-0.34,10.34,8.4,10.7,,,,,,,,
Kotak BSE Sensex ETF,5285,Kotak Mahindra Mutual Fund,-4.84,-3.9,-1.13,-8.15,BSE SENSEX - TRI,4.81,5.25,10.94,-12.65,211,188,204,212,186,121,77,36,Kotak BSE Sensex ETF,Equity : ETFs,232,273,256,246,208,137,85,42,-3.6,-4.03,-1.43,6.06,0.15,10.34,8.93,11.73,,,,,,,,
Axis NIFTY Healthcare ETF,45520,Axis Mutual Fund,0.46,4.59,14.97,15.55,Nifty Healthcare Index - TRI,20.98,13.48,,14.16,14,9,23,34,13,10,13,,Axis NIFTY Healthcare ETF,Equity : ETFs,232,273,256,246,208,137,85,42,-3.6,-4.03,-1.43,6.06,0.15,10.34,8.93,11.73,,,,,,,,
Aditya Birla SL Nifty 200 Quality 30 ETF,46122,Aditya Birla Sun Life Mutual Fund,-5.84,-1.24,3.68,-4.61,NIFTY200 Quality 30 - TRI,6.93,,,-8.16,155,250,102,141,144,88,,,Aditya Birla SL Nifty 200 Quality 30 ETF,Equity : ETFs,232,273,256,246,208,137,85,42,-3.6,-4.03,-1.43,6.06,0.15,10.34,8.93,11.73,,,,,,,,
UTI BSE Housing Index Fund-Reg(G),47964,UTI Mutual Fund,-6.22,-2.28,7.72,-8.39,BSE Housing - TRI,6.77,,,-4.61,126,240,135,97,196,68,,,UTI BSE Housing Index Fund-Reg(G),Equity : Index Funds,228,253,245,234,219,101,45,18,-3.26,-4.15,-1.59,6.96,-0.34,10.34,8.4,10.7,,,,,,,,
UTI Nifty 10 yr Benchmark G-Sec ETF,48534,UTI Mutual Fund,-1.2,-0.66,1.32,1.33,Nifty 10 yr Benchmark G-Sec,,,,0.93,31,32,30,30,30,,,,UTI Nifty 10 yr Benchmark G-Sec ETF,Debt : ETFs,31,34,31,31,30,15,10,4,3.01,-0.35,0.44,2.25,4.33,6.47,5.55,5.58,-1.2,-0.59,1.5,1.61,6.41,5.09,,1.5
Mirae Asset BSE LargeMid (60:40) Stable Dividend 50 ETF,51073,Mirae Asset Mutual Fund,-4.96,,,,BSE LargeMid (60:40) Stable Dividend 50 - TRI,,,,,,213,,,,,,,Mirae Asset BSE LargeMid (60:40) Stable Dividend 50 ETF,Equity : ETFs,232,273,256,246,208,137,85,42,-3.6,-4.03,-1.43,6.06,0.15,10.34,8.93,11.73,,,,,,,,
Kotak BSE Sensex Index Fund-Reg(G),49580,Kotak Mahindra Mutual Fund,-4.87,-3.95,-1.28,-8.44,BSE SENSEX - TRI,,,,-12.85,212,176,207,212,197,,,,Kotak BSE Sensex Index Fund-Reg(G),Equity : Index Funds,228,253,245,234,219,101,45,18,-3.26,-4.15,-1.59,6.96,-0.34,10.34,8.4,10.7,,,,,,,,
Mirae Asset BSE Select IPO ETF,49500,Mirae Asset Mutual Fund,-3.73,5.35,18.03,-3.37,BSE Select IPO Index - TRI,,,,2.32,52,116,14,22,127,,,,Mirae Asset BSE Select IPO ETF,Equity : ETFs,232,273,256,246,208,137,85,42,-3.6,-4.03,-1.43,6.06,0.15,10.34,8.93,11.73,,,,,,,,
Aditya Birla SL Nifty PSE ETF,48469,Aditya Birla Sun Life Mutual Fund,-1.96,-3.19,-1.11,-0.4,NIFTY PSE,,,,-1.55,81,23,159,211,107,,,,Aditya Birla SL Nifty PSE ETF,Equity : ETFs,232,273,256,246,208,137,85,42,-3.6,-4.03,-1.43,6.06,0.15,10.34,8.93,11.73,-2.29,-3.83,-1.72,-2.12,17.57,20.05,,-4.57
SBI Nifty Consumption ETF,45613,SBI Mutual Fund,-5.63,-1.18,6.56,-6.29,Nifty India Consumption - TRI,10.92,9.98,,-6.63,145,240,90,95,169,49,26,,SBI Nifty Consumption ETF,Equity : ETFs,232,273,256,246,208,137,85,42,-3.6,-4.03,-1.43,6.06,0.15,10.34,8.93,11.73,,,,,,,,
Capitalmind Arbitrage Fund-Reg(G),50667,Capitalmind Mutual Fund,0.47,1.15,2.53,,Nifty 50 Arbitrage - TRI,,,,,,6,35,33,,,,,Capitalmind Arbitrage Fund-Reg(G),Hybrid : Arbitrage,34,38,37,36,32,25,24,15,4.25,0.41,1.37,2.79,5.98,6.56,5.9,5.56,,,,,,,,
Bandhan Aggressive Hybrid Passive FOF-Reg(G),8457,Bandhan Mutual Fund,-3.75,-0.44,8.53,6.95,CRISIL Hybrid 35+65 - Aggressive Index,11.72,9.11,9.46,3.56,43,76,97,24,38,31,23,16,Bandhan Aggressive Hybrid Passive FOF-Reg(G),FoFs : Domestic,108,135,127,125,99,61,41,27,2.81,-3.15,2.04,5.11,14.87,17.1,10.87,10.45,,,,,,,,
Sundaram LT Tax Adv Fund-Sr IV-Reg(G),39388,Sundaram Mutual Fund,-3.47,-0.5,18.62,8.08,BSE 500,13.15,16.37,,7.17,5,26,21,5,4,11,1,,Sundaram LT Tax Adv Fund-Sr IV-Reg(G),Equity : Tax Saving (ELSS),53,53,53,53,53,52,47,30,-2.04,-3.49,-0.87,8.56,-0.32,10.55,10.24,12.18,-4.19,-2.16,5.07,-2.22,8.89,7.9,13.5,-7.82
Motilal Oswal Nifty Next 50 ETF,49855,Motilal Oswal Mutual Fund,-3.64,-0.3,13.32,5.72,NIFTY NEXT 50 - TRI,,,,4.13,38,107,69,46,50,,,,Motilal Oswal Nifty Next 50 ETF,Equity : ETFs,232,273,256,246,208,137,85,42,-3.6,-4.03,-1.43,6.06,0.15,10.34,8.93,11.73,,,,,,,,
Bandhan Nifty 50 ETF,34198,Bandhan Mutual Fund,-4.88,-3.5,0.05,-6.13,NIFTY 50 - TRI,6.68,6.48,,-10.67,190,209,185,193,166,105,61,,Bandhan Nifty 50 ETF,Equity : ETFs,232,273,256,246,208,137,85,42,-3.6,-4.03,-1.43,6.06,0.15,10.34,8.93,11.73,,,,,,,,
UTI Annual Interval Fund-I-(G),3541,UTI Mutual Fund,0.39,1.22,2.55,5.11,NIFTY Low Duration Debt Index,6.06,6.07,5.49,3.7,22,33,35,43,44,49,11,2,UTI Annual Interval Fund-I-(G),Debt : FTP/FMP,49,51,50,49,49,49,16,2,3.47,0.27,1.15,2.75,5.55,7.14,6.12,5.77,,,,,,,,
Baroda BNP Paribas Nifty200 Momentum 30 Index Fund-Reg(G),49199,Baroda BNP Paribas Mutual Fund,-3.54,-3.23,4.81,-1.42,Nifty200 Momentum 30 - TRI,,,,-3.45,109,67,169,135,128,,,,Baroda BNP Paribas Nifty200 Momentum 30 Index Fund-Reg(G),Equity : Index Funds,228,253,245,234,219,101,45,18,-3.26,-4.15,-1.59,6.96,-0.34,10.34,8.4,10.7,,,,,,,,
Mirae Asset Income plus Arbitrage Active FOF-Reg(G),49935,Mirae Asset Mutual Fund,0.08,0.67,2.5,5.03,Nifty Short Duration Debt Index,,,,3.33,50,21,77,99,58,,,,Mirae Asset Income plus Arbitrage Active FOF-Reg(G),FoFs : Domestic,108,135,127,125,99,61,41,27,2.81,-3.15,2.04,5.11,14.87,17.1,10.87,10.45,,,,,,,,
HDFC NIFTY Growth Sectors 15 ETF,46047,HDFC Mutual Fund,-6.98,0.89,1.58,-7.59,Nifty Growth Sectors 15 - TRI,4.12,,,-12.55,208,259,45,165,175,127,,,HDFC NIFTY Growth Sectors 15 ETF,Equity : ETFs,232,273,256,246,208,137,85,42,-3.6,-4.03,-1.43,6.06,0.15,10.34,8.93,11.73,,,,,,,,
Mirae Asset Nifty India New Age Consumption ETF FoF-Reg(G),49481,Mirae Asset Mutual Fund,-6.36,1.71,12.79,-4.73,Nifty India New Age Consumption - TRI,,,,-2.69,94,130,46,11,96,,,,Mirae Asset Nifty India New Age Consumption ETF FoF-Reg(G),FoFs : Domestic,108,135,127,125,99,61,41,27,2.81,-3.15,2.04,5.11,14.87,17.1,10.87,10.45,,,,,,,,
PGIM India CRISIL IBX Gilt Index - Apr 2028 Fund-Reg(G),47617,PGIM India Mutual Fund,0.12,0.95,2.42,4.9,CRISIL IBX Gilt Index - April 2028,7.01,,,3.29,35,31,35,49,38,35,,,PGIM India CRISIL IBX Gilt Index - Apr 2028 Fund-Reg(G),Debt : Medium to Long Duration,58,59,59,58,58,50,12,11,3.39,0.01,0.87,2.74,4.94,6.88,5.21,5.53,,,,,,,,
Kotak Nifty G-Sec July 2033 Index Fund-Reg(G),48255,Kotak Mahindra Mutual Fund,-1.3,-0.35,2.33,3.64,Nifty G-Sec July 2033 Index,,,,2.51,11,22,10,15,10,,,,Kotak Nifty G-Sec July 2033 Index Fund-Reg(G),Debt : Long Duration,25,27,25,25,25,19,3,2,2.17,-1.06,-0.5,2.55,3.05,6.26,4.81,5.99,,,,,,,,
HDFC NIFTY100 Quality 30 ETF,46043,HDFC Mutual Fund,-5.04,0.58,5.17,-2.45,NIFTY100 Quality 30 - TRI,7.99,,,-6.24,128,219,46,116,122,84,,,HDFC NIFTY100 Quality 30 ETF,Equity : ETFs,232,273,256,246,208,137,85,42,-3.6,-4.03,-1.43,6.06,0.15,10.34,8.93,11.73,,,,,,,,
Aditya Birla SL CRISIL IBX Gilt Apr 2028 Index Fund-Reg(G),47757,Aditya Birla Sun Life Mutual Fund,0.15,0.88,2.41,4.79,CRISIL IBX Gilt Index - April 2028,6.75,,,3.3,33,28,38,50,39,39,,,Aditya Birla SL CRISIL IBX Gilt Apr 2028 Index Fund-Reg(G),Debt : Medium to Long Duration,58,59,59,58,58,50,12,11,3.39,0.01,0.87,2.74,4.94,6.88,5.21,5.53,,,,,,,,
Angel One Nifty 50 ETF,49843,Angel One Mutual Fund,-4.88,-3.5,0.06,-6.09,NIFTY 50 - TRI,,,,-10.64,186,196,182,191,160,,,,Angel One Nifty 50 ETF,Equity : ETFs,232,273,256,246,208,137,85,42,-3.6,-4.03,-1.43,6.06,0.15,10.34,8.93,11.73,,,,,,,,
Invesco India BSE Sensex Index Fund-Reg(G),50838,Invesco Mutual Fund,-5.1,-4.25,,,BSE SENSEX - TRI,,,,,,211,218,,,,,,Invesco India BSE Sensex Index Fund-Reg(G),Equity : Index Funds,228,253,245,234,219,101,45,18,-3.26,-4.15,-1.59,6.96,-0.34,10.34,8.4,10.7,,,,,,,,
Bandhan BSE Healthcare Index Fund-Reg(G),48745,Bandhan Mutual Fund,1.29,6.17,20.4,16.52,BSE Health Care - TRI,,,,17.33,5,1,7,23,7,,,,Bandhan BSE Healthcare Index Fund-Reg(G),Equity : Index Funds,228,253,245,234,219,101,45,18,-3.26,-4.15,-1.59,6.96,-0.34,10.34,8.4,10.7,,,,,,,,
Groww Nifty Capital Markets ETF FOF-Reg(G),50196,Groww Mutual Fund,-3.77,-3.56,16.08,,Nifty Capital Markets Index - TRI,,,,12.52,6,78,123,6,,,,,Groww Nifty Capital Markets ETF FOF-Reg(G),FoFs : Domestic,108,135,127,125,99,61,41,27,2.81,-3.15,2.04,5.11,14.87,17.1,10.87,10.45,,,,,,,,
ICICI Pru Nifty 5 yr Benchmark G-SEC ETF,46440,ICICI Prudential Mutual Fund,-0.78,0.11,2.85,4.38,Nifty 5 yr Benchmark G-Sec Index TRI,7.4,,,3.36,30,57,50,20,42,1,,,ICICI Pru Nifty 5 yr Benchmark G-SEC ETF,Debt : Medium to Long Duration,58,59,59,58,58,50,12,11,3.39,0.01,0.87,2.74,4.94,6.88,5.21,5.53,,,,,,,,
Choice Nifty Next 50 Index Fund-Reg(G),50792,Choice Mutual Fund,-3.68,-0.42,,,NIFTY NEXT 50 - TRI,,,,,,82,58,,,,,,Choice Nifty Next 50 Index Fund-Reg(G),Equity : Index Funds,228,253,245,234,219,101,45,18,-3.26,-4.15,-1.59,6.96,-0.34,10.34,8.4,10.7,,,,,,,,
Bandhan Nifty Bank Index Fund-Reg(G),48898,Bandhan Mutual Fund,-3.45,-4.58,3.53,0.57,NIFTY BANK - TRI,,,,-6.94,157,56,230,157,91,,,,Bandhan Nifty Bank Index Fund-Reg(G),Equity : Index Funds,228,253,245,234,219,101,45,18,-3.26,-4.15,-1.59,6.96,-0.34,10.34,8.4,10.7,,,,,,,,
Bandhan Multi-Asset Passive FOF-Reg(G),8458,Bandhan Mutual Fund,-3.63,1.25,2.34,2.73,NIFTY 500 - TRI,8.91,7.28,8.05,0.15,79,73,54,100,76,42,31,21,Bandhan Multi-Asset Passive FOF-Reg(G),FoFs : Domestic,108,135,127,125,99,61,41,27,2.81,-3.15,2.04,5.11,14.87,17.1,10.87,10.45,,,,,,,,
Kotak Nifty Next 50 ETF,50270,Kotak Mahindra Mutual Fund,-3.62,-0.25,13.34,,NIFTY NEXT 50 - TRI,,,,,,94,66,44,,,,,Kotak Nifty Next 50 ETF,Equity : ETFs,232,273,256,246,208,137,85,42,-3.6,-4.03,-1.43,6.06,0.15,10.34,8.93,11.73,,,,,,,,
Mirae Asset BSE 200 Equal Weight ETF,49454,Mirae Asset Mutual Fund,-4.34,-1.17,8.44,2.71,BSE 200 Equal Weight - TRI,,,,-0.36,74,136,89,88,64,,,,Mirae Asset BSE 200 Equal Weight ETF,Equity : ETFs,232,273,256,246,208,137,85,42,-3.6,-4.03,-1.43,6.06,0.15,10.34,8.93,11.73,,,,,,,,
Edelweiss BSE LargeMid (60:40) Stable Dividend 50 ETF,51054,Edelweiss Mutual Fund,-4.97,,,,BSE LargeMid (60:40) Stable Dividend 50 - TRI,,,,,,214,,,,,,,Edelweiss BSE LargeMid (60:40) Stable Dividend 50 ETF,Equity : ETFs,232,273,256,246,208,137,85,42,-3.6,-4.03,-1.43,6.06,0.15,10.34,8.93,11.73,,,,,,,,
Tata Nifty Pvt Bank ETF,43854,Tata Mutual Fund,-2.07,-4.88,5.93,0.88,Nifty Private Bank - TRI,5.65,6.77,,-5.9,121,32,235,103,88,107,46,,Tata Nifty Pvt Bank ETF,Equity : ETFs,232,273,256,246,208,137,85,42,-3.6,-4.03,-1.43,6.06,0.15,10.34,8.93,11.73,,,,,,,,
Mirae Asset Long Term Fund-Reg(G),49233,Mirae Asset Mutual Fund,-0.87,-1.19,2.85,1.58,CRISIL Long Duration Debt Index,,,,0.87,24,6,24,5,24,,,,Mirae Asset Long Term Fund-Reg(G),Debt : Long Duration,25,27,25,25,25,19,3,2,2.17,-1.06,-0.5,2.55,3.05,6.26,4.81,5.99,,,,,,,,
Navi BSE Sensex Index Fund-Reg(G),48193,Navi Mutual Fund,-4.89,-4.11,-1.58,-8.69,BSE SENSEX - TRI,4.01,,,-13.15,216,181,216,219,203,96,,,Navi BSE Sensex Index Fund-Reg(G),Equity : Index Funds,228,253,245,234,219,101,45,18,-3.26,-4.15,-1.59,6.96,-0.34,10.34,8.4,10.7,,,,,,,,
Sundaram Conservative Hybrid Fund(G),8512,Sundaram Mutual Fund,-1.6,-0.58,0.24,-0.97,CRISIL Hybrid 85+15 - Conservative Index,4.27,4.7,5.44,-2.76,26,24,20,27,26,27,23,20,Sundaram Conservative Hybrid Fund(G),Hybrid : Conservative Hybrid,27,27,27,27,27,27,27,21,0.82,-1.18,-0.16,3.0,2.31,6.88,6.44,6.9,,,,,,,,
DSP Nifty Healthcare ETF,48427,DSP Mutual Fund,0.48,4.64,15.08,15.72,Nifty Healthcare Index - TRI,,,,14.3,16,11,17,19,14,,,,DSP Nifty Healthcare ETF,Equity : Sectoral - Pharma,21,21,21,21,20,12,9,4,18.65,0.58,6.96,21.05,18.29,21.08,14.12,13.63,,,,,,,,
Aditya Birla SL Conservative Hybrid Active FOF(G),8297,Aditya Birla Sun Life Mutual Fund,-0.77,0.42,3.97,3.68,CRISIL Hybrid 85+15 - Conservative Index,8.91,8.2,8.31,1.74,64,29,83,66,73,43,30,20,Aditya Birla SL Conservative Hybrid Active FOF(G),FoFs : Domestic,108,135,127,125,99,61,41,27,2.81,-3.15,2.04,5.11,14.87,17.1,10.87,10.45,,,,,,,,
Motilal Oswal Nifty 100 ETF,50366,Motilal Oswal Mutual Fund,-4.69,-3.01,2.11,,NIFTY 100 - TRI,,,,-8.48,166,161,148,158,,,,,Motilal Oswal Nifty 100 ETF,Equity : ETFs,232,273,256,246,208,137,85,42,-3.6,-4.03,-1.43,6.06,0.15,10.34,8.93,11.73,,,,,,,,
DSP Nifty Midcap 150 Index Fund-Reg(G),50481,DSP Mutual Fund,-4.68,-1.42,9.73,,Nifty Midcap 150 - TRI,,,,0.33,78,137,98,72,,,,,DSP Nifty Midcap 150 Index Fund-Reg(G),Equity : Index Funds,228,253,245,234,219,101,45,18,-3.26,-4.15,-1.59,6.96,-0.34,10.34,8.4,10.7,,,,,,,,
Groww Nifty PSE ETF,50180,Groww Mutual Fund,-1.99,-3.27,-1.29,,NIFTY PSE - TRI,,,,,,25,162,215,,,,,Groww Nifty PSE ETF,Equity : ETFs,232,273,256,246,208,137,85,42,-3.6,-4.03,-1.43,6.06,0.15,10.34,8.93,11.73,,,,,,,,
DSP Nifty Smallcap 250 Index Fund-Reg(G),50482,DSP Mutual Fund,-1.08,2.6,21.35,,Nifty Smallcap 250 - TRI,,,,8.41,25,20,27,19,,,,,DSP Nifty Smallcap 250 Index Fund-Reg(G),Equity : Index Funds,228,253,245,234,219,101,45,18,-3.26,-4.15,-1.59,6.96,-0.34,10.34,8.4,10.7,,,,,,,,
Kotak Nifty 200 Quality 30 Index Fund-Reg(G),49688,Kotak Mahindra Mutual Fund,-5.87,-1.24,3.57,-5.0,NIFTY200 Quality 30 - TRI,,,,-8.4,164,235,80,153,156,,,,Kotak Nifty 200 Quality 30 Index Fund-Reg(G),Equity : Index Funds,228,253,245,234,219,101,45,18,-3.26,-4.15,-1.59,6.96,-0.34,10.34,8.4,10.7,,,,,,,,
Motilal Oswal Nifty India Tourism ETF,49968,Motilal Oswal Mutual Fund,-3.53,-3.05,11.32,-14.0,Nifty India Tourism Index - TRI,,,,-9.59,170,89,153,52,195,,,,Motilal Oswal Nifty India Tourism ETF,Equity : ETFs,232,273,256,246,208,137,85,42,-3.6,-4.03,-1.43,6.06,0.15,10.34,8.93,11.73,,,,,,,,
Groww Nifty Smallcap 250 ETF,50236,Groww Mutual Fund,-1.0,2.76,21.78,,Nifty Smallcap 250 - TRI,,,,9.11,23,21,40,16,,,,,Groww Nifty Smallcap 250 ETF,Equity : ETFs,232,273,256,246,208,137,85,42,-3.6,-4.03,-1.43,6.06,0.15,10.34,8.93,11.73,,,,,,,,
SBI Nifty G-sec Jul 2031 Index Fund-Reg(G),50823,SBI Mutual Fund,-1.19,-0.19,,,Nifty G-Sec July 2031 Index,,,,,,59,57,,,,,,SBI Nifty G-sec Jul 2031 Index Fund-Reg(G),Debt : Medium to Long Duration,58,59,59,58,58,50,12,11,3.39,0.01,0.87,2.74,4.94,6.88,5.21,5.53,,,,,,,,
The Wealth Company Gold ETF FOF-Reg(G),50522,The Wealth Company Mutual Fund,-5.94,7.24,4.52,,Gold-India,,,,,,118,13,48,,,,,The Wealth Company Gold ETF FOF-Reg(G),FoFs : Domestic,108,135,127,125,99,61,41,27,2.81,-3.15,2.04,5.11,14.87,17.1,10.87,10.45,,,,,,,,
Angel One Nifty Total Market Momentum Quality 50 ETF,50396,Angel One Mutual Fund,-2.79,-0.86,9.95,,Nifty Total Market Momentum Quality 50 - TRI,,,,5.1,30,50,81,71,,,,,Angel One Nifty Total Market Momentum Quality 50 ETF,Equity : ETFs,232,273,256,246,208,137,85,42,-3.6,-4.03,-1.43,6.06,0.15,10.34,8.93,11.73,,,,,,,,
LIC MF Childrens Fund-Reg(G),2088,LIC Mutual Fund,-2.9,1.9,14.11,4.94,CRISIL Hybrid 35+65 - Aggressive Index,8.47,6.78,7.73,3.8,12,16,13,11,12,35,31,24,LIC MF Childrens Fund-Reg(G),Equity : Flexi Cap,55,58,56,56,53,47,36,24,-0.83,-3.33,0.32,9.42,1.07,10.83,9.29,11.79,,,,,,,,
Groww Nifty 200 ETF,49236,Groww Mutual Fund,-4.75,-2.65,3.67,-2.43,NIFTY 200 - TRI,,,,-6.67,147,168,133,142,119,,,,Groww Nifty 200 ETF,Equity : ETFs,232,273,256,246,208,137,85,42,-3.6,-4.03,-1.43,6.06,0.15,10.34,8.93,11.73,,,,,,,,
Kotak Nifty Private Bank ETF,50969,Kotak Mahindra Mutual Fund,-2.07,,,,Nifty Private Bank - TRI,,,,,,28,,,,,,,Kotak Nifty Private Bank ETF,Equity : ETFs,232,273,256,246,208,137,85,42,-3.6,-4.03,-1.43,6.06,0.15,10.34,8.93,11.73,,,,,,,,
Groww Nifty India Internet ETF FOF-Reg(G),49978,Groww Mutual Fund,-6.64,10.69,20.67,-4.48,Nifty India Internet & E-Commerce - TRI,,,,-2.12,93,135,1,4,95,,,,Groww Nifty India Internet ETF FOF-Reg(G),FoFs : Domestic,108,135,127,125,99,61,41,27,2.81,-3.15,2.04,5.11,14.87,17.1,10.87,10.45,,,,,,,,
DSP Nifty 500 Index Fund-Reg(G),50490,DSP Mutual Fund,-4.31,-2.13,5.36,,NIFTY 500 - TRI,,,,,,118,127,120,,,,,DSP Nifty 500 Index Fund-Reg(G),Equity : Index Funds,228,253,245,234,219,101,45,18,-3.26,-4.15,-1.59,6.96,-0.34,10.34,8.4,10.7,,,,,,,,
Groww Nifty Realty ETF,50295,Groww Mutual Fund,-5.29,5.55,25.86,,NIFTY REALTY - TRI,,,,-0.8,80,233,12,5,,,,,Groww Nifty Realty ETF,Equity : ETFs,232,273,256,246,208,137,85,42,-3.6,-4.03,-1.43,6.06,0.15,10.34,8.93,11.73,,,,,,,,
Edelweiss Nifty 50 ETF,50363,Edelweiss Mutual Fund,-4.88,-3.48,0.06,,NIFTY 50 - TRI,,,,-10.6,175,207,172,188,,,,,Edelweiss Nifty 50 ETF,Equity : ETFs,232,273,256,246,208,137,85,42,-3.6,-4.03,-1.43,6.06,0.15,10.34,8.93,11.73,,,,,,,,
Edelweiss BSE Top 10 Bank ETF,51044,Edelweiss Mutual Fund,-3.05,,,,BSE Top 10 Banks Index - TRI,,,,,,57,,,,,,,Edelweiss BSE Top 10 Bank ETF,Equity : ETFs,232,273,256,246,208,137,85,42,-3.6,-4.03,-1.43,6.06,0.15,10.34,8.93,11.73,,,,,,,,
Edelweiss BSE Capital Markets & Insurance ETF,49456,Edelweiss Mutual Fund,-4.49,-3.79,4.99,2.18,BSE Capital Markets & Insurance - TRI,,,,-3.58,106,140,192,117,66,,,,Edelweiss BSE Capital Markets & Insurance ETF,Equity : ETFs,232,273,256,246,208,137,85,42,-3.6,-4.03,-1.43,6.06,0.15,10.34,8.93,11.73,,,,,,,,
Groww Nifty Midcap 150 Index Fund-Reg(G),50135,Groww Mutual Fund,-4.69,-1.43,9.71,,Nifty Midcap 150 - TRI,,,,0.42,76,139,100,75,,,,,Groww Nifty Midcap 150 Index Fund-Reg(G),Equity : Index Funds,228,253,245,234,219,101,45,18,-3.26,-4.15,-1.59,6.96,-0.34,10.34,8.4,10.7,,,,,,,,
Mirae Asset Nifty200 Momentum 30 Plus 8-13 yr G-Sec 50:50 ETF,50988,Mirae Asset Mutual Fund,-2.3,,,,Nifty200 Momentum 30 Plus 8-13 yr G-Sec 50:50 - TRI,,,,,,34,,,,,,,Mirae Asset Nifty200 Momentum 30 Plus 8-13 yr G-Sec 50:50 ETF,Debt : ETFs,31,34,31,31,30,15,10,4,3.01,-0.35,0.44,2.25,4.33,6.47,5.55,5.58,,,,,,,,
Choice Nifty 50 Index Fund-Reg(G),50790,Choice Mutual Fund,-4.9,-3.73,,,NIFTY 50 - TRI,,,,,,186,197,,,,,,Choice Nifty 50 Index Fund-Reg(G),Equity : Index Funds,228,253,245,234,219,101,45,18,-3.26,-4.15,-1.59,6.96,-0.34,10.34,8.4,10.7,,,,,,,,
Mirae Asset BSE 500 Dividend Leaders 50 ETF,50138,Mirae Asset Mutual Fund,-2.95,-0.23,1.87,,BSE 500 Dividend Leaders 50 TRI,,,,-4.41,112,54,63,162,,,,,Mirae Asset BSE 500 Dividend Leaders 50 ETF,Equity : ETFs,232,273,256,246,208,137,85,42,-3.6,-4.03,-1.43,6.06,0.15,10.34,8.93,11.73,,,,,,,,
Mirae Asset Nifty 500 Healthcare ETF,50604,Mirae Asset Mutual Fund,1.06,5.91,19.68,,Nifty500 Healthcare Index - TRI,,,,,,6,9,19,,,,,Mirae Asset Nifty 500 Healthcare ETF,Equity : ETFs,232,273,256,246,208,137,85,42,-3.6,-4.03,-1.43,6.06,0.15,10.34,8.93,11.73,,,,,,,,
DSP Nifty500 Flexicap Quality 30 ETF,50267,DSP Mutual Fund,-5.5,0.05,4.49,,Nifty500 Flexicap Quality 30 - TRI,,,,-8.9,168,237,53,119,,,,,DSP Nifty500 Flexicap Quality 30 ETF,Equity : ETFs,232,273,256,246,208,137,85,42,-3.6,-4.03,-1.43,6.06,0.15,10.34,8.93,11.73,,,,,,,,
Edelweiss BSE Sensex ETF,50362,Edelweiss Mutual Fund,-4.83,-3.9,-1.1,,BSE SENSEX - TRI,,,,-12.56,209,181,203,210,,,,,Edelweiss BSE Sensex ETF,Equity : ETFs,232,273,256,246,208,137,85,42,-3.6,-4.03,-1.43,6.06,0.15,10.34,8.93,11.73,,,,,,,,
DSP Nifty 10 yr Benchmark G-Sec ETF,51072,DSP Mutual Fund,-1.18,,,,Nifty 10 yr Benchmark G-Sec,,,,,,29,,,,,,,DSP Nifty 10 yr Benchmark G-Sec ETF,Debt : ETFs,31,34,31,31,30,15,10,4,3.01,-0.35,0.44,2.25,4.33,6.47,5.55,5.58,-1.2,-0.59,1.5,1.61,6.41,5.09,,1.5
Kotak Nifty Midcap 150 ETF,49318,Kotak Mahindra Mutual Fund,-4.61,-1.19,10.31,5.44,Nifty Midcap 150 - TRI,,,,1.15,60,147,94,63,54,,,,Kotak Nifty Midcap 150 ETF,Equity : ETFs,232,273,256,246,208,137,85,42,-3.6,-4.03,-1.43,6.06,0.15,10.34,8.93,11.73,,,,,,,,
ITI Overnight Fund-Reg(G),44267,ITI Mutual Fund,0.38,1.17,2.4,4.9,CRISIL Liquid Overnight Index,5.72,5.42,,3.51,33,35,33,33,33,31,27,,ITI Overnight Fund-Reg(G),Debt : Overnight,35,37,35,35,35,33,27,3,3.71,0.4,1.24,2.54,5.14,5.94,5.62,5.27,,,,,,,,
Bandhan Nifty 200 Quality 30 Index Fund-Reg(G),49390,Bandhan Mutual Fund,-5.9,-1.43,3.31,-5.43,NIFTY200 Quality 30 - TRI,,,,-8.73,174,238,99,164,160,,,,Bandhan Nifty 200 Quality 30 Index Fund-Reg(G),Equity : Index Funds,228,253,245,234,219,101,45,18,-3.26,-4.15,-1.59,6.96,-0.34,10.34,8.4,10.7,,,,,,,,
SBI Nifty Midcap 150 ETF,50743,SBI Mutual Fund,-4.62,-1.22,,,Nifty Midcap 150 - TRI,,,,,,149,96,,,,,,SBI Nifty Midcap 150 ETF,Equity : ETFs,232,273,256,246,208,137,85,42,-3.6,-4.03,-1.43,6.06,0.15,10.34,8.93,11.73,,,,,,,,
Mirae Asset Nifty Top 20 Equal Weight ETF,50019,Mirae Asset Mutual Fund,-5.41,-1.46,0.07,,Nifty Top 20 Equal Weight - TRI,,,,-11.71,197,236,110,187,,,,,Mirae Asset Nifty Top 20 Equal Weight ETF,Equity : ETFs,232,273,256,246,208,137,85,42,-3.6,-4.03,-1.43,6.06,0.15,10.34,8.93,11.73,,,,,,,,
Aditya Birla SL Retirement Fund-50 Plus-Debt Plan-Reg(G),42778,Aditya Birla Sun Life Mutual Fund,-0.52,-0.08,1.65,2.43,CRISIL Short Term Bond Index,4.64,3.77,,1.66,32,33,32,32,32,25,23,,Aditya Birla SL Retirement Fund-50 Plus-Debt Plan-Reg(G),Debt : Short Duration,32,33,32,32,32,25,23,18,3.45,0.12,0.88,2.91,4.9,6.61,5.86,6.24,,,,,,,,
UTI Nifty Midcap 150 ETF,48183,UTI Mutual Fund,-4.61,-1.19,10.29,5.39,Nifty Midcap 150 - TRI,14.64,,,1.12,62,146,91,65,56,39,,,UTI Nifty Midcap 150 ETF,Equity : ETFs,232,273,256,246,208,137,85,42,-3.6,-4.03,-1.43,6.06,0.15,10.34,8.93,11.73,,,,,,,,
Navi Nifty MidSmallcap 400 Index Fund-Reg(G),50519,Navi Mutual Fund,-3.47,-0.15,12.99,,Nifty MidSmallcap 400 - TRI,,,,2.62,50,59,44,37,,,,,Navi Nifty MidSmallcap 400 Index Fund-Reg(G),Equity : Index Funds,228,253,245,234,219,101,45,18,-3.26,-4.15,-1.59,6.96,-0.34,10.34,8.4,10.7,,,,,,,,
Mirae Asset Nifty200 Momentum 30 Plus 8-13yr G-Sec 75:25 Index Fund-Reg(G),50989,Mirae Asset Mutual Fund,-2.94,,,,Nifty200 Momentum 30 Plus 8-13 yr G-Sec 75:25 Index - TRI,,,,,,43,,,,,,,Mirae Asset Nifty200 Momentum 30 Plus 8-13yr G-Sec 75:25 Index Fund-Reg(G),Equity : Index Funds,228,253,245,234,219,101,45,18,-3.26,-4.15,-1.59,6.96,-0.34,10.34,8.4,10.7,,,,,,,,
Axis NIFTY India Consumption ETF,45820,Axis Mutual Fund,-5.64,-1.23,6.47,-6.41,Nifty India Consumption - TRI,10.78,9.92,,-6.72,148,242,100,98,171,51,28,,Axis NIFTY India Consumption ETF,Equity : ETFs,232,273,256,246,208,137,85,42,-3.6,-4.03,-1.43,6.06,0.15,10.34,8.93,11.73,,,,,,,,
DSP Nifty Midcap 150 ETF,50484,DSP Mutual Fund,-4.63,-1.22,10.21,,Nifty Midcap 150 - TRI,,,,1.04,66,151,98,68,,,,,DSP Nifty Midcap 150 ETF,Equity : ETFs,232,273,256,246,208,137,85,42,-3.6,-4.03,-1.43,6.06,0.15,10.34,8.93,11.73,,,,,,,,
HDFC NIFTY100 Low Volatility 30 ETF,46044,HDFC Mutual Fund,-5.19,-2.55,1.9,-3.92,Nifty100 Low Volatility 30 - TRI,9.4,,,-8.21,157,226,128,160,130,61,,,HDFC NIFTY100 Low Volatility 30 ETF,Equity : ETFs,232,273,256,246,208,137,85,42,-3.6,-4.03,-1.43,6.06,0.15,10.34,8.93,11.73,,,,,,,,
Kotak Nifty200 Value 30 Index Fund-Reg(G),50234,Kotak Mahindra Mutual Fund,-2.88,-4.36,-0.05,,Nifty200 Value 30 - TRI,,,,,,41,220,183,,,,,Kotak Nifty200 Value 30 Index Fund-Reg(G),Equity : Index Funds,228,253,245,234,219,101,45,18,-3.26,-4.15,-1.59,6.96,-0.34,10.34,8.4,10.7,,,,,,,,
ICICI Pru Nifty Top 15 Equal Weight ETF,49744,ICICI Prudential Mutual Fund,-6.41,-5.56,-2.78,-10.95,Nifty Top 15 Equal Weight - TRI,,,,-15.8,217,257,250,219,192,,,,ICICI Pru Nifty Top 15 Equal Weight ETF,Equity : ETFs,232,273,256,246,208,137,85,42,-3.6,-4.03,-1.43,6.06,0.15,10.34,8.93,11.73,,,,,,,,
Mahindra Manulife Income Plus Arbitrage Active FOF-Reg(G),50005,Mahindra Manulife Mutual Fund,0.09,0.88,3.05,,CRISIL Composite Bond Index,,,,3.98,33,20,71,78,,,,,Mahindra Manulife Income Plus Arbitrage Active FOF-Reg(G),FoFs : Domestic,108,135,127,125,99,61,41,27,2.81,-3.15,2.04,5.11,14.87,17.1,10.87,10.45,,,,,,,,
Aditya Birla SL CRISIL IBX Gilt June 2027 Index Fund-Reg(G),48450,Aditya Birla Sun Life Mutual Fund,0.21,0.98,2.48,5.06,CRISIL IBX Gilt Index - June 2027,,,,3.52,9,6,7,27,8,,,,Aditya Birla SL CRISIL IBX Gilt June 2027 Index Fund-Reg(G),Debt : Gilt,38,38,38,38,38,34,23,21,2.34,-0.55,-0.06,2.74,3.22,5.99,4.93,5.98,,,,,,,,
Kotak BSE Housing Index Fund-Reg(G),48163,Kotak Mahindra Mutual Fund,-6.24,-2.38,7.69,-8.44,BSE Housing - TRI,6.68,,,-4.69,128,241,137,98,198,69,,,Kotak BSE Housing Index Fund-Reg(G),Equity : Index Funds,228,253,245,234,219,101,45,18,-3.26,-4.15,-1.59,6.96,-0.34,10.34,8.4,10.7,,,,,,,,
Mirae Asset Nifty 500 Value 50 ETF,50402,Mirae Asset Mutual Fund,-2.69,-2.96,2.66,,NIFTY500 Value 50 - TRI,,,,,,45,144,148,,,,,Mirae Asset Nifty 500 Value 50 ETF,Equity : ETFs,232,273,256,246,208,137,85,42,-3.6,-4.03,-1.43,6.06,0.15,10.34,8.93,11.73,,,,,,,,
AlphaGrep Liquid Omni FOF-Reg(G),51071,AlphaGrep Mutual Fund,0.46,,,,Nifty Liquid Fund Index,,,,,,2,,,,,,,AlphaGrep Liquid Omni FOF-Reg(G),FoFs : Domestic,108,135,127,125,99,61,41,27,2.81,-3.15,2.04,5.11,14.87,17.1,10.87,10.45,,,,,,,,
Groww Nifty PSE ETF FOF-Reg(G),50654,Groww Mutual Fund,-1.32,-3.68,-1.43,,NIFTY PSE - TRI,,,,,,32,124,118,,,,,Groww Nifty PSE ETF FOF-Reg(G),FoFs : Domestic,108,135,127,125,99,61,41,27,2.81,-3.15,2.04,5.11,14.87,17.1,10.87,10.45,,,,,,,,
Aditya Birla SL CRISIL Broad Based Gilt ETF,48976,Aditya Birla Sun Life Mutual Fund,-0.97,-0.41,2.22,2.95,CRISIL Broad Based Gilt Index,,,,1.86,26,25,25,23,25,,,,Aditya Birla SL CRISIL Broad Based Gilt ETF,Debt : ETFs,31,34,31,31,30,15,10,4,3.01,-0.35,0.44,2.25,4.33,6.47,5.55,5.58,,,,,,,,
Angel One Silver ETF FOF-Reg(G),50670,Angel One Mutual Fund,-4.19,5.42,-1.26,,Silver,,,,,,87,33,115,,,,,Angel One Silver ETF FOF-Reg(G),FoFs : Domestic,108,135,127,125,99,61,41,27,2.81,-3.15,2.04,5.11,14.87,17.1,10.87,10.45,,,,,,,,
Groww Overnight Fund-Reg(G),42042,Groww Mutual Fund,0.39,1.21,2.48,5.06,CRISIL Liquid Overnight Index,5.87,5.49,,3.64,30,32,30,30,29,29,26,,Groww Overnight Fund-Reg(G),Debt : Overnight,35,37,35,35,35,33,27,3,3.71,0.4,1.24,2.54,5.14,5.94,5.62,5.27,,,,,,,,
Nippon India Nifty India Manufacturing ETF,50131,Nippon India Mutual Fund,-4.21,-0.01,9.14,6.65,Nifty India Manufacturing - TRI,,,,3.64,41,132,55,73,35,,,,Nippon India Nifty India Manufacturing ETF,Equity : ETFs,232,273,256,246,208,137,85,42,-3.6,-4.03,-1.43,6.06,0.15,10.34,8.93,11.73,,,,,,,,
Aditya Birla SL MSCI India ETF,50673,Aditya Birla Sun Life Mutual Fund,-4.77,-2.72,2.94,,MSCI India,,,,,,170,136,144,,,,,Aditya Birla SL MSCI India ETF,Equity : ETFs,232,273,256,246,208,137,85,42,-3.6,-4.03,-1.43,6.06,0.15,10.34,8.93,11.73,,,,,,,,
Groww Nifty Next 50 Index Fund-Reg(G),50134,Groww Mutual Fund,-3.71,-0.52,12.76,4.79,NIFTY NEXT 50 - TRI,,,,3.43,43,94,68,46,54,,,,Groww Nifty Next 50 Index Fund-Reg(G),Equity : Index Funds,228,253,245,234,219,101,45,18,-3.26,-4.15,-1.59,6.96,-0.34,10.34,8.4,10.7,,,,,,,,
Taurus Banking & Fin Serv Fund-Reg(G),15063,Taurus Mutual Fund,-3.76,-5.4,1.37,-4.69,BSE BANKEX - TRI,6.68,7.51,10.83,-6.91,21,4,26,26,23,16,13,6,Taurus Banking & Fin Serv Fund-Reg(G),Equity : Sectoral - Financial Services,24,28,28,28,23,17,13,11,-4.0,-4.78,-3.54,5.32,2.41,10.9,9.73,11.13,,,,,,,,
Mirae Asset Nifty India Infrastructure & Logistics ETF,50237,Mirae Asset Mutual Fund,-4.04,-4.84,10.0,,Nifty India Infrastructure & Logistics Index - TRI,,,,,,124,230,70,,,,,Mirae Asset Nifty India Infrastructure & Logistics ETF,Equity : ETFs,232,273,256,246,208,137,85,42,-3.6,-4.03,-1.43,6.06,0.15,10.34,8.93,11.73,,,,,,,,
Groww Nifty 500 Momentum 50 ETF FOF-Reg(G),49327,Groww Mutual Fund,-2.14,-0.66,10.65,4.09,Nifty500 Momentum 50 - TRI,,,,1.83,63,41,102,17,67,,,,Groww Nifty 500 Momentum 50 ETF FOF-Reg(G),FoFs : Domestic,108,135,127,125,99,61,41,27,2.81,-3.15,2.04,5.11,14.87,17.1,10.87,10.45,,,,,,,,
Baroda BNP Paribas NIFTY Midcap 150 Index Fund-Reg(G),49282,Baroda BNP Paribas Mutual Fund,-4.73,-1.53,9.54,4.08,Nifty Midcap 150 - TRI,,,,0.14,82,155,109,78,71,,,,Baroda BNP Paribas NIFTY Midcap 150 Index Fund-Reg(G),Equity : Index Funds,228,253,245,234,219,101,45,18,-3.26,-4.15,-1.59,6.96,-0.34,10.34,8.4,10.7,,,,,,,,
Aditya Birla SL CRISIL-IBX AAA Financial Services Index-Sep 2027 Fund-Reg(G),49205,Aditya Birla Sun Life Mutual Fund,0.42,1.48,3.56,5.99,CRISIL IBX AAA Financial Services Index - Sep 2027,,,,4.37,3,11,5,1,5,,,,Aditya Birla SL CRISIL-IBX AAA Financial Services Index-Sep 2027 Fund-Reg(G),Debt : Medium to Long Duration,58,59,59,58,58,50,12,11,3.39,0.01,0.87,2.74,4.94,6.88,5.21,5.53,,,,,,,,
SBI BSE 100 ETF,30042,SBI Mutual Fund,-4.82,-2.94,2.06,-4.17,BSE 100 - TRI,8.24,7.68,11.77,-8.67,167,177,140,159,136,70,41,13,SBI BSE 100 ETF,Equity : ETFs,232,273,256,246,208,137,85,42,-3.6,-4.03,-1.43,6.06,0.15,10.34,8.93,11.73,,,,,,,,
DSP Nifty Next 50 ETF,50489,DSP Mutual Fund,-3.64,-0.27,13.36,,NIFTY NEXT 50 - TRI,,,,,,106,67,43,,,,,DSP Nifty Next 50 ETF,Equity : ETFs,232,273,256,246,208,137,85,42,-3.6,-4.03,-1.43,6.06,0.15,10.34,8.93,11.73,,,,,,,,
Mirae Asset BSE Select IPO ETF FoF-Reg(G),49499,Mirae Asset Mutual Fund,-4.06,4.85,17.18,-3.9,BSE Select IPO Index - TRI,,,,2.49,55,83,39,5,94,,,,Mirae Asset BSE Select IPO ETF FoF-Reg(G),FoFs : Domestic,108,135,127,125,99,61,41,27,2.81,-3.15,2.04,5.11,14.87,17.1,10.87,10.45,,,,,,,,
ICICI Pru Nifty Smallcap 250 ETF,50893,ICICI Prudential Mutual Fund,-0.99,2.79,,,Nifty Smallcap 250 - TRI,,,,,,17,36,,,,,,ICICI Pru Nifty Smallcap 250 ETF,Equity : ETFs,232,273,256,246,208,137,85,42,-3.6,-4.03,-1.43,6.06,0.15,10.34,8.93,11.73,,,,,,,,
UTI Nifty 500 ETF,50962,UTI Mutual Fund,-3.9,,,,NIFTY 500 - TRI,,,,,,120,,,,,,,UTI Nifty 500 ETF,Equity : ETFs,232,273,256,246,208,137,85,42,-3.6,-4.03,-1.43,6.06,0.15,10.34,8.93,11.73,,,,,,,,
Bandhan Nifty Alpha Low Volatility 30 Index Fund-Reg(G),49119,Bandhan Mutual Fund,-4.75,-1.56,3.76,-1.61,NIFTY Alpha Low-Volatility 30 - TRI,,,,-4.15,117,159,113,143,133,,,,Bandhan Nifty Alpha Low Volatility 30 Index Fund-Reg(G),Equity : Index Funds,228,253,245,234,219,101,45,18,-3.26,-4.15,-1.59,6.96,-0.34,10.34,8.4,10.7,,,,,,,,
Groww Nifty Next 50 ETF,50133,Groww Mutual Fund,-3.65,-0.32,13.26,5.6,NIFTY NEXT 50 - TRI,,,,4.05,40,109,70,47,51,,,,Groww Nifty Next 50 ETF,Equity : ETFs,232,273,256,246,208,137,85,42,-3.6,-4.03,-1.43,6.06,0.15,10.34,8.93,11.73,,,,,,,,
Groww Nifty Smallcap 250 Momentum Quality 100 Index Fund-Reg(G),50889,Groww Mutual Fund,-0.32,4.81,,,Nifty Smallcap250 Momentum Quality 100,,,,,,6,13,,,,,,Groww Nifty Smallcap 250 Momentum Quality 100 Index Fund-Reg(G),Equity : Index Funds,228,253,245,234,219,101,45,18,-3.26,-4.15,-1.59,6.96,-0.34,10.34,8.4,10.7,-0.28,4.68,23.48,6.73,,,,14.7
Taurus Infrastructure Fund-Reg(G),3308,Taurus Mutual Fund,-4.98,-6.84,1.0,-10.74,Nifty Infrastructure - TRI,7.2,9.64,12.06,-10.11,22,22,21,21,21,19,19,16,Taurus Infrastructure Fund-Reg(G),Equity : Sectoral - Infrastructure,22,22,22,22,21,19,19,18,3.92,-2.54,-2.88,10.36,3.25,15.22,16.22,14.92,,,,,,,,
SBI Nifty Smallcap 250 ETF,50742,SBI Mutual Fund,-1.0,2.79,,,Nifty Smallcap 250 - TRI,,,,,,18,38,,,,,,SBI Nifty Smallcap 250 ETF,Equity : ETFs,232,273,256,246,208,137,85,42,-3.6,-4.03,-1.43,6.06,0.15,10.34,8.93,11.73,,,,,,,,
DSP Nifty Smallcap 250 ETF,50483,DSP Mutual Fund,-0.98,2.83,22.37,,Nifty Smallcap 250 - TRI,,,,9.61,20,15,34,13,,,,,DSP Nifty Smallcap 250 ETF,Equity : ETFs,232,273,256,246,208,137,85,42,-3.6,-4.03,-1.43,6.06,0.15,10.34,8.93,11.73,,,,,,,,
Edelweiss Nifty Next 50 ETF,50535,Edelweiss Mutual Fund,-3.63,-0.21,,,NIFTY NEXT 50 - TRI,,,,,,101,59,,,,,,Edelweiss Nifty Next 50 ETF,Equity : ETFs,232,273,256,246,208,137,85,42,-3.6,-4.03,-1.43,6.06,0.15,10.34,8.93,11.73,,,,,,,,
Groww Nifty Cements ETF,50970,Groww Mutual Fund,-5.01,,,,Nifty Cements - TRI,,,,,,215,,,,,,,Groww Nifty Cements ETF,Equity : ETFs,232,273,256,246,208,137,85,42,-3.6,-4.03,-1.43,6.06,0.15,10.34,8.93,11.73,,,,,,,,
Axis CRISIL-IBX AAA Bond NBFC-HFC - Jun 2027 Index Fund-Reg(G),49126,Axis Mutual Fund,0.52,1.84,3.21,6.2,CRISIL-IBX AAA NBFC-HFC Index - Jun 2027,,,,4.24,5,3,1,6,5,,,,Axis CRISIL-IBX AAA Bond NBFC-HFC - Jun 2027 Index Fund-Reg(G),Debt : Short Duration,32,33,32,32,32,25,23,18,3.45,0.12,0.88,2.91,4.9,6.61,5.86,6.24,,,,,,,,
Invesco India Nifty Bank ETF,50999,Invesco Mutual Fund,-3.37,,,,NIFTY BANK - TRI,,,,,,73,,,,,,,Invesco India Nifty Bank ETF,Equity : ETFs,232,273,256,246,208,137,85,42,-3.6,-4.03,-1.43,6.06,0.15,10.34,8.93,11.73,,,,,,,,
Mirae Asset BSE 200 Equal Weight ETF FoF-Reg(G),49699,Mirae Asset Mutual Fund,-4.55,-1.36,7.64,1.58,BSE 200 Equal Weight - TRI,,,,-1.27,90,102,112,27,82,,,,Mirae Asset BSE 200 Equal Weight ETF FoF-Reg(G),FoFs : Domestic,108,135,127,125,99,61,41,27,2.81,-3.15,2.04,5.11,14.87,17.1,10.87,10.45,,,,,,,,
Edelweiss Nifty Metal ETF,50933,Edelweiss Mutual Fund,-2.14,,,,NIFTY METAL - TRI,,,,,,35,,,,,,,Edelweiss Nifty Metal ETF,Equity : ETFs,232,273,256,246,208,137,85,42,-3.6,-4.03,-1.43,6.06,0.15,10.34,8.93,11.73,,,,,,,,
Groww Nifty Smallcap 250 Momentum Quality 100 ETF,50890,Groww Mutual Fund,-0.26,4.87,,,Nifty Smallcap250 Momentum Quality 100,,,,,,12,19,,,,,,Groww Nifty Smallcap 250 Momentum Quality 100 ETF,Equity : ETFs,232,273,256,246,208,137,85,42,-3.6,-4.03,-1.43,6.06,0.15,10.34,8.93,11.73,-0.28,4.68,23.48,6.73,,,,14.7
Groww Nifty 200 ETF FOF-Reg(G),49642,Groww Mutual Fund,-5.12,-3.28,2.2,-4.23,NIFTY 200 - TRI,,,,-7.72,151,224,163,154,138,,,,Groww Nifty 200 ETF FOF-Reg(G),Equity : ETFs,232,273,256,246,208,137,85,42,-3.6,-4.03,-1.43,6.06,0.15,10.34,8.93,11.73,,,,,,,,
Kotak Nifty Alpha Low-Volatility 30 Index Fund-Reg(G),50599,Kotak Mahindra Mutual Fund,-4.73,-1.53,,,NIFTY Alpha Low-Volatility 30 - TRI,,,,,,154,107,,,,,,Kotak Nifty Alpha Low-Volatility 30 Index Fund-Reg(G),Equity : Index Funds,228,253,245,234,219,101,45,18,-3.26,-4.15,-1.59,6.96,-0.34,10.34,8.4,10.7,,,,,,,,
Nippon India Inv-Qrtly-II(G),2611,Nippon India Mutual Fund,0.46,1.41,3.06,5.85,CRISIL Liquid Debt Index,6.52,6.17,6.06,4.29,2,4,4,4,11,48,7,1,Nippon India Inv-Qrtly-II(G),Debt : FTP/FMP,49,51,50,49,49,49,16,2,3.47,0.27,1.15,2.75,5.55,7.14,6.12,5.77,,,,,,,,
Nippon India BSE Sensex Next 30 ETF,49931,Nippon India Mutual Fund,-4.04,-0.44,8.53,7.16,BSE Sensex Next 30 - TRI,,,,2.34,51,122,73,85,31,,,,Nippon India BSE Sensex Next 30 ETF,Equity : ETFs,232,273,256,246,208,137,85,42,-3.6,-4.03,-1.43,6.06,0.15,10.34,8.93,11.73,,,,,,,,
UTI Nifty IT ETF,48249,UTI Mutual Fund,-8.45,3.32,-4.28,-16.72,NIFTY IT - TRI,,,,-24.67,228,264,26,235,200,,,,UTI Nifty IT ETF,Equity : ETFs,232,273,256,246,208,137,85,42,-3.6,-4.03,-1.43,6.06,0.15,10.34,8.93,11.73,,,,,,,,
Groww Nifty Private Bank ETF,50750,Groww Mutual Fund,-2.08,-4.89,,,Nifty Private Bank - TRI,,,,,,34,236,,,,,,Groww Nifty Private Bank ETF,Equity : ETFs,232,273,256,246,208,137,85,42,-3.6,-4.03,-1.43,6.06,0.15,10.34,8.93,11.73,,,,,,,,
Axis Nifty Energy ETF,14653,Axis Mutual Fund,,,,,NIFTY ENERGY - TRI,,,,,,,,,,,,,Axis Nifty Energy ETF,Equity : ETFs,232,273,256,246,208,137,85,42,-3.6,-4.03,-1.43,6.06,0.15,10.34,8.93,11.73,,,,,,,,
Kotak Nifty Bank Index Fund-Reg(G),50932,Kotak Mahindra Mutual Fund,-3.71,,,,NIFTY BANK - TRI,,,,,,90,,,,,,,Kotak Nifty Bank Index Fund-Reg(G),Equity : Index Funds,228,253,245,234,219,101,45,18,-3.26,-4.15,-1.59,6.96,-0.34,10.34,8.4,10.7,,,,,,,,
360 ONE MSCI India ETF,50860,360 ONE Mutual Fund,-4.76,-2.77,,,MSCI India,,,,,,169,138,,,,,,360 ONE MSCI India ETF,Equity : ETFs,232,273,256,246,208,137,85,42,-3.6,-4.03,-1.43,6.06,0.15,10.34,8.93,11.73,,,,,,,,
Taurus Nifty 50 Index Fund-Reg(G),8151,Taurus Mutual Fund,-4.92,-3.7,-0.53,-7.05,NIFTY 50 - TRI,5.53,5.42,10.34,-11.37,204,198,194,207,184,89,38,15,Taurus Nifty 50 Index Fund-Reg(G),Equity : Index Funds,228,253,245,234,219,101,45,18,-3.26,-4.15,-1.59,6.96,-0.34,10.34,8.4,10.7,,,,,,,,
Groww Nifty Midcap 150 ETF,50136,Groww Mutual Fund,-4.62,-1.24,10.14,,Nifty Midcap 150 - TRI,,,,1.04,65,150,103,69,,,,,Groww Nifty Midcap 150 ETF,Equity : ETFs,232,273,256,246,208,137,85,42,-3.6,-4.03,-1.43,6.06,0.15,10.34,8.93,11.73,,,,,,,,
Motilal Oswal BSE Select IPO ETF,50477,Motilal Oswal Mutual Fund,-3.68,5.37,17.99,,BSE Select IPO Index - TRI,,,,2.26,53,110,13,23,,,,,Motilal Oswal BSE Select IPO ETF,Equity : ETFs,232,273,256,246,208,137,85,42,-3.6,-4.03,-1.43,6.06,0.15,10.34,8.93,11.73,,,,,,,,
DSP Nifty FMCG ETF,50871,DSP Mutual Fund,-3.71,-6.8,,,NIFTY FMCG - TRI,,,,,,112,252,,,,,,DSP Nifty FMCG ETF,Equity : ETFs,232,273,256,246,208,137,85,42,-3.6,-4.03,-1.43,6.06,0.15,10.34,8.93,11.73,,,,,,,,
Motilal Oswal Nifty Services Sector ETF,50368,Motilal Oswal Mutual Fund,-4.48,-3.3,0.1,,Nifty Services Sector - TRI,,,,-11.45,196,139,165,176,,,,,Motilal Oswal Nifty Services Sector ETF,Equity : ETFs,232,273,256,246,208,137,85,42,-3.6,-4.03,-1.43,6.06,0.15,10.34,8.93,11.73,,,,,,,,
Groww Nifty PSU Bank ETF,50752,Groww Mutual Fund,-3.63,-4.05,-2.98,,NIFTY PSU BANK - TRI,,,,,,99,212,225,,,,,Groww Nifty PSU Bank ETF,Equity : ETFs,232,273,256,246,208,137,85,42,-3.6,-4.03,-1.43,6.06,0.15,10.34,8.93,11.73,,,,,,,,
DSP BSE MidSmall Private Banks ETF,51051,DSP Mutual Fund,-3.86,,,,BSE MidSmall Private Banks Index - TRI,,,,,,119,,,,,,,DSP BSE MidSmall Private Banks ETF,Equity : ETFs,232,273,256,246,208,137,85,42,-3.6,-4.03,-1.43,6.06,0.15,10.34,8.93,11.73,,,,,,,,
SBI Nifty200 Value 30 ETF,50694,SBI Mutual Fund,-2.86,-4.19,,,Nifty200 Value 30 - TRI,,,,,,52,214,,,,,,SBI Nifty200 Value 30 ETF,Equity : ETFs,232,273,256,246,208,137,85,42,-3.6,-4.03,-1.43,6.06,0.15,10.34,8.93,11.73,,,,,,,,
Invesco India BSE Sensex ETF,50998,Invesco Mutual Fund,-4.82,,,,BSE SENSEX - TRI,,,,,,176,,,,,,,Invesco India BSE Sensex ETF,Equity : ETFs,232,273,256,246,208,137,85,42,-3.6,-4.03,-1.43,6.06,0.15,10.34,8.93,11.73,,,,,,,,
Groww Nifty Private Bank Index Fund-Reg(G),50749,Groww Mutual Fund,-2.17,-5.13,,,Nifty Private Bank - TRI,,,,,,26,236,,,,,,Groww Nifty Private Bank Index Fund-Reg(G),Equity : Index Funds,228,253,245,234,219,101,45,18,-3.26,-4.15,-1.59,6.96,-0.34,10.34,8.4,10.7,,,,,,,,
Bandhan Conservative Hybrid Passive FOF-Reg(G),8459,Bandhan Mutual Fund,-1.45,-0.03,1.85,2.49,CRISIL Hybrid 85+15 - Conservative Index,6.98,5.96,6.8,0.39,77,33,90,103,78,56,37,24,Bandhan Conservative Hybrid Passive FOF-Reg(G),FoFs : Domestic,108,135,127,125,99,61,41,27,2.81,-3.15,2.04,5.11,14.87,17.1,10.87,10.45,,,,,,,,
Motilal Oswal BSE Top 10 Banks ETF,50813,Motilal Oswal Mutual Fund,-3.05,-5.35,,,BSE Top 10 Banks Index - TRI,,,,,,58,246,,,,,,Motilal Oswal BSE Top 10 Banks ETF,Equity : ETFs,232,273,256,246,208,137,85,42,-3.6,-4.03,-1.43,6.06,0.15,10.34,8.93,11.73,,,,,,,,
Axis CRISIL-IBX AAA Bond Financial Services - Sep 2027 Index Fund-Reg(G),49254,Axis Mutual Fund,0.5,1.78,3.17,6.04,null,,,,4.06,15,1,1,7,2,,,,Axis CRISIL-IBX AAA Bond Financial Services - Sep 2027 Index Fund-Reg(G),Debt : Medium to Long Duration,58,59,59,58,58,50,12,11,3.39,0.01,0.87,2.74,4.94,6.88,5.21,5.53,,,,,,,,
Groww Nifty PSU Bank Index Fund-Reg(G),50751,Groww Mutual Fund,-3.73,-5.19,-1.81,,NIFTY PSU BANK - TRI,,,,,,96,238,220,,,,,Groww Nifty PSU Bank Index Fund-Reg(G),Equity : Index Funds,228,253,245,234,219,101,45,18,-3.26,-4.15,-1.59,6.96,-0.34,10.34,8.4,10.7,,,,,,,,
Baroda BNP Paribas NIFTY Bank ETF,48464,Baroda BNP Paribas Mutual Fund,-3.35,-4.35,3.95,1.51,NIFTY BANK - TRI,,,,-6.31,138,68,228,135,81,,,,Baroda BNP Paribas NIFTY Bank ETF,Equity : ETFs,232,273,256,246,208,137,85,42,-3.6,-4.03,-1.43,6.06,0.15,10.34,8.93,11.73,,,,,,,,
Groww Nifty 500 Low Volatility 50 ETF,49742,Groww Mutual Fund,-3.83,-1.27,1.77,-2.74,Nifty500 Low Volatility 50 - TRI,,,,-5.93,123,118,106,164,125,,,,Groww Nifty 500 Low Volatility 50 ETF,Equity : ETFs,232,273,256,246,208,137,85,42,-3.6,-4.03,-1.43,6.06,0.15,10.34,8.93,11.73,,,,,,,,
DSP BSE Sensex ETF,48088,DSP Mutual Fund,-4.82,-3.86,-1.06,-8.0,BSE SENSEX - TRI,4.89,,,-12.52,199,175,193,202,177,120,,,DSP BSE Sensex ETF,Equity : ETFs,232,273,256,246,208,137,85,42,-3.6,-4.03,-1.43,6.06,0.15,10.34,8.93,11.73,,,,,,,,
Motilal Oswal Nifty Alpha 50 ETF,49969,Motilal Oswal Mutual Fund,-3.53,2.7,16.13,8.37,Nifty Alpha 50 - TRI,,,,9.1,24,90,42,27,28,,,,Motilal Oswal Nifty Alpha 50 ETF,Equity : ETFs,232,273,256,246,208,137,85,42,-3.6,-4.03,-1.43,6.06,0.15,10.34,8.93,11.73,,,,,,,,
Edelweiss Nifty Bank ETF,49134,Edelweiss Mutual Fund,-3.38,-4.34,3.97,1.43,NIFTY BANK - TRI,,,,-6.35,140,80,227,133,85,,,,Edelweiss Nifty Bank ETF,Equity : ETFs,232,273,256,246,208,137,85,42,-3.6,-4.03,-1.43,6.06,0.15,10.34,8.93,11.73,,,,,,,,
Motilal Oswal BSE India Infrastructure ETF,49857,Motilal Oswal Mutual Fund,-2.56,-8.04,1.22,-4.25,BSE India Infrastructure Index - TRI,,,,-3.08,101,44,254,166,139,,,,Motilal Oswal BSE India Infrastructure ETF,Equity : ETFs,232,273,256,246,208,137,85,42,-3.6,-4.03,-1.43,6.06,0.15,10.34,8.93,11.73,,,,,,,,
Kotak Nifty200 Quality 30 ETF,49777,Kotak Mahindra Mutual Fund,-5.83,-1.1,3.84,-4.51,NIFTY200 Quality 30 - TRI,,,,-8.03,153,247,85,137,143,,,,Kotak Nifty200 Quality 30 ETF,Equity : ETFs,232,273,256,246,208,137,85,42,-3.6,-4.03,-1.43,6.06,0.15,10.34,8.93,11.73,,,,,,,,
DSP MSCI India ETF,50466,DSP Mutual Fund,-4.79,-2.76,2.86,,MSCI India,,,,-7.1,150,172,137,145,,,,,DSP MSCI India ETF,Equity : ETFs,232,273,256,246,208,137,85,42,-3.6,-4.03,-1.43,6.06,0.15,10.34,8.93,11.73,,,,,,,,
Motilal Oswal Nifty MNC ETF,50369,Motilal Oswal Mutual Fund,-5.75,-3.28,8.37,,NIFTY MNC - TRI,,,,3.06,46,245,164,90,,,,,Motilal Oswal Nifty MNC ETF,Equity : ETFs,232,273,256,246,208,137,85,42,-3.6,-4.03,-1.43,6.06,0.15,10.34,8.93,11.73,,,,,,,,
Motilal Oswal Nifty PSE ETF,49966,Motilal Oswal Mutual Fund,-1.99,-3.26,-1.29,-0.75,NIFTY PSE - TRI,,,,-1.8,86,24,161,214,112,,,,Motilal Oswal Nifty PSE ETF,Equity : ETFs,232,273,256,246,208,137,85,42,-3.6,-4.03,-1.43,6.06,0.15,10.34,8.93,11.73,,,,,,,,
Motilal Oswal Nifty India Manufacturing ETF,49856,Motilal Oswal Mutual Fund,-4.24,-0.11,8.91,6.27,Nifty India Manufacturing - TRI,,,,3.35,44,134,57,76,38,,,,Motilal Oswal Nifty India Manufacturing ETF,Equity : ETFs,232,273,256,246,208,137,85,42,-3.6,-4.03,-1.43,6.06,0.15,10.34,8.93,11.73,,,,,,,,
Motilal Oswal Nifty Metal ETF,51063,Motilal Oswal Mutual Fund,-2.14,,,,NIFTY METAL - TRI,,,,,,39,,,,,,,Motilal Oswal Nifty Metal ETF,Equity : ETFs,232,273,256,246,208,137,85,42,-3.6,-4.03,-1.43,6.06,0.15,10.34,8.93,11.73,,,,,,,,
Motilal Oswal Nifty Oil & Gas ETF,51062,Motilal Oswal Mutual Fund,-3.07,,,,NIFTY OIL & GAS - TRI,,,,,,62,,,,,,,Motilal Oswal Nifty Oil & Gas ETF,Equity : ETFs,232,273,256,246,208,137,85,42,-3.6,-4.03,-1.43,6.06,0.15,10.34,8.93,11.73,,,,,,,,
Bandhan BSE Sensex ETF,34197,Bandhan Mutual Fund,-4.85,-3.94,-1.2,-8.33,BSE SENSEX - TRI,4.62,5.09,,-12.74,212,189,205,213,187,123,78,,Bandhan BSE Sensex ETF,Equity : ETFs,232,273,256,246,208,137,85,42,-3.6,-4.03,-1.43,6.06,0.15,10.34,8.93,11.73,,,,,,,,
Bandhan CRISIL-IBX 10:90 Gilt+SDL Index - Dec 2029 Fund-Reg(G),49630,Bandhan Mutual Fund,0.0,1.16,2.15,5.11,CRISIL-IBX 10:90 Gilt + SDL Index - Dec 2029,,,,3.3,34,39,26,56,35,,,,Bandhan CRISIL-IBX 10:90 Gilt+SDL Index - Dec 2029 Fund-Reg(G),Debt : Medium to Long Duration,58,59,59,58,58,50,12,11,3.39,0.01,0.87,2.74,4.94,6.88,5.21,5.53,,,,,,,,
null,50291,null,,,,,null,,,,0.0,6,,,,,,,,Qsif Equity Long-Short Fund-Reg(G),Hybrid : Long - Short,10,30,27,14,,,,,5.49,-0.21,3.32,9.54,,,,,,,,,,,,
null,50332,null,,,,,null,,,,0.0,7,,,,,,,,Qsif Hybrid Long-Short Fund-Reg(G),Hybrid : Long - Short,10,30,27,14,,,,,5.49,-0.21,3.32,9.54,,,,,,,,,,,,
Invesco India Pharma and Healthcare Fund-Reg(G),50808,Invesco Mutual Fund,,,,,BSE Health Care - TRI,,,,,,,,,,,,,Invesco India Pharma and Healthcare Fund-Reg(G),Equity : Sectoral - Pharma,21,21,21,21,20,12,9,4,18.65,0.58,6.96,21.05,18.29,21.08,14.12,13.63,,,,,,,,
HDFC Gold Silver Passive FOF-Reg(G),50842,HDFC Mutual Fund,,,,,Gold-India,,,,,,,,,,,,,HDFC Gold Silver Passive FOF-Reg(G),FoFs : Domestic,108,135,127,125,99,61,41,27,2.81,-3.15,2.04,5.11,14.87,17.1,10.87,10.45,,,,,,,,
ICICI Pru Life Cycle Fund 2031-Reg(G),50942,ICICI Prudential Mutual Fund,,,,,NIFTY 200 - TRI,,,,,,,,,,,,,ICICI Pru Life Cycle Fund 2031-Reg(G),Debt : Medium to Long Duration,58,59,59,58,58,50,12,11,3.39,0.01,0.87,2.74,4.94,6.88,5.21,5.53,,,,,,,,
ICICI Pru Life Cycle Fund 2036-Reg(G),50943,ICICI Prudential Mutual Fund,,,,,NIFTY 200 - TRI,,,,,,,,,,,,,ICICI Pru Life Cycle Fund 2036-Reg(G),Debt : Long Duration,25,27,25,25,25,19,3,2,2.17,-1.06,-0.5,2.55,3.05,6.26,4.81,5.99,,,,,,,,
ICICI Pru Life Cycle Fund 2041-Reg(G),50944,ICICI Prudential Mutual Fund,,,,,NIFTY 200 - TRI,,,,,,,,,,,,,ICICI Pru Life Cycle Fund 2041-Reg(G),Debt : Long Duration,25,27,25,25,25,19,3,2,2.17,-1.06,-0.5,2.55,3.05,6.26,4.81,5.99,,,,,,,,
UTI BSE India Sector Leaders Index Fund-Reg(G),50954,UTI Mutual Fund,,,,,BSE India Sector Leaders Index - TRI,,,,,,,,,,,,,UTI BSE India Sector Leaders Index Fund-Reg(G),Equity : Index Funds,228,253,245,234,219,101,45,18,-3.26,-4.15,-1.59,6.96,-0.34,10.34,8.4,10.7,,,,,,,,
UTI BSE India Sector Leaders ETF,50961,UTI Mutual Fund,,,,,BSE India Sector Leaders Index - TRI,,,,,,,,,,,,,UTI BSE India Sector Leaders ETF,Equity : ETFs,232,273,256,246,208,137,85,42,-3.6,-4.03,-1.43,6.06,0.15,10.34,8.93,11.73,,,,,,,,
Quantum Flexi Cap Fund-Reg(G),50971,Quantum Mutual Fund,,,,,BSE 500 - TRI,,,,,,,,,,,,,Quantum Flexi Cap Fund-Reg(G),Equity : Flexi Cap,55,58,56,56,53,47,36,24,-0.83,-3.33,0.32,9.42,1.07,10.83,9.29,11.79,,,,,,,,
Quant Income Plus Arbitrage Active FoF-Reg(G),50994,Quant Mutual Fund,,,,,NIFTY Composite Debt Index,,,,,,,,,,,,,Quant Income Plus Arbitrage Active FoF-Reg(G),FoFs : Domestic,108,135,127,125,99,61,41,27,2.81,-3.15,2.04,5.11,14.87,17.1,10.87,10.45,,,,,,,,
Quant Silver ETF,50995,Quant Mutual Fund,-4.07,,,,Silver,,,,,,84,,,,,,,Quant Silver ETF,FoFs : Domestic,108,135,127,125,99,61,41,27,2.81,-3.15,2.04,5.11,14.87,17.1,10.87,10.45,,,,,,,,
The Wealth Company Multi Cap Fund-Reg(G),51011,The Wealth Company Mutual Fund,,,,,Nifty500 Multicap 50:25:25 - TRI,,,,,,,,,,,,,The Wealth Company Multi Cap Fund-Reg(G),Equity : Multi Cap,33,33,33,33,33,22,10,7,3.1,-2.77,1.52,13.44,4.67,13.3,11.47,13.51,,,,,,,,
ITI Multi Asset Allocation Fund-Reg(G),51024,ITI Mutual Fund,,,,,NIFTY 500 - TRI,,,,,,,,,,,,,ITI Multi Asset Allocation Fund-Reg(G),Hybrid : Multi Asset Allocation,33,36,34,34,30,14,8,6,1.18,-3.02,0.54,4.52,7.5,13.59,12.21,12.2,,,,,,,,
Nippon India Income Plus Arbitrage Omni FOF-Reg(G),51061,Nippon India Mutual Fund,,,,,CRISIL Short Term Bond Index,,,,,,,,,,,,,Nippon India Income Plus Arbitrage Omni FOF-Reg(G),FoFs : Domestic,108,135,127,125,99,61,41,27,2.81,-3.15,2.04,5.11,14.87,17.1,10.87,10.45,,,,,,,,
ICICI Pru Dynamic Asset Allocation Passive FOF(G),51104,ICICI Prudential Mutual Fund,,,,,CRISIL Hybrid 50+50 - Moderate Index,,,,,,,,,,,,,ICICI Pru Dynamic Asset Allocation Passive FOF(G),FoFs : Domestic,108,135,127,125,99,61,41,27,2.81,-3.15,2.04,5.11,14.87,17.1,10.87,10.45,,,,,,,,
Bank of India Value Fund-Reg(G),51118,Bank of India Mutual Fund,,,,,NIFTY 500 - TRI,,,,,,,,,,,,,Bank of India Value Fund-Reg(G),Equity : Value / Contra,23,25,24,23,23,22,20,15,-2.25,-3.2,-1.06,7.17,1.48,12.23,11.84,12.8,,,,,,,,
UTI Balanced Hybrid Fund-Reg(G),51121,UTI Mutual Fund,,,,,NIFTY 50 Hybrid Composite Debt 50:50 Index,,,,,,,,,,,,,UTI Balanced Hybrid Fund-Reg(G),Hybrid : Balanced Hybrid,5,6,5,5,5,5,4,4,-0.67,-1.79,-0.36,4.03,0.5,7.43,6.29,7.31,,,,,,,,
ASK Liquid Fund-Reg(G),51122,ASK Mutual Fund,,,,,CRISIL Liquid Debt Index,,,,,,,,,,,,,ASK Liquid Fund-Reg(G),Debt : Liquid,44,45,44,44,41,37,35,30,4.6,0.48,1.52,3.27,6.19,6.73,6.19,5.94,,,,,,,,
Motilal Oswal Quality Fund-Reg(G),51157,Motilal Oswal Mutual Fund,,,,,NIFTY200 Quality 30 - TRI,,,,,,,,,,,,,Motilal Oswal Quality Fund-Reg(G),Equity : Thematic,112,120,117,117,108,51,33,9,2.18,-3.04,1.09,11.89,4.44,13.34,11.3,12.9,,,,,,,,
JioBlackRock Nifty Midcap 150 Index Fund-Reg(G),51174,Jio BlackRock Mutual Fund,-4.69,,,,Nifty Midcap 150 - TRI,,,,,,140,,,,,,,JioBlackRock Nifty Midcap 150 Index Fund-Reg(G),Equity : Index Funds,228,253,245,234,219,101,45,18,-3.26,-4.15,-1.59,6.96,-0.34,10.34,8.4,10.7,,,,,,,,
HDFC BSE REITS and Commercial Real Estate Index Fund-Reg(G),51196,HDFC Mutual Fund,,,,,BSE REITS & Commercial Real Estate Index - TRI,,,,,,,,,,,,,HDFC BSE REITS and Commercial Real Estate Index Fund-Reg(G),Equity : Index Funds,228,253,245,234,219,101,45,18,-3.26,-4.15,-1.59,6.96,-0.34,10.34,8.4,10.7,,,,,,,,
Monarch Overnight Fund-Reg(G),51204,Monarch Mutual Fund,,,,,CRISIL Liquid Overnight Index,,,,,,,,,,,,,Monarch Overnight Fund-Reg(G),Debt : Overnight,35,37,35,35,35,33,27,3,3.71,0.4,1.24,2.54,5.14,5.94,5.62,5.27,,,,,,,,
Navi Nifty REITs & Realty Index Fund-Reg(G),51212,Navi Mutual Fund,,,,,Nifty REITs & Realty - TRI,,,,,,,,,,,,,Navi Nifty REITs & Realty Index Fund-Reg(G),Equity : Index Funds,228,253,245,234,219,101,45,18,-3.26,-4.15,-1.59,6.96,-0.34,10.34,8.4,10.7,,,,,,,,
Lakshya Overnight Fund-Reg(G),51260,Lakshya Mutual Fund,,,,,CRISIL Liquid Overnight Index,,,,,,,,,,,,,Lakshya Overnight Fund-Reg(G),Debt : Overnight,35,37,35,35,35,33,27,3,3.71,0.4,1.24,2.54,5.14,5.94,5.62,5.27,,,,,,,,
Sapphire Equity Long-Short SIF-Reg(G),75097,Franklin Sapphire SIF,-3.89,-2.93,,,NIFTY 500 - TRI,,,,,,27,25,,,,,,Sapphire Equity Long-Short SIF-Reg(G),Hybrid : Long - Short,10,30,27,14,,,,,5.49,-0.21,3.32,9.54,,,,,,,,,,,,
Magnum Equity Ex-Top 100 Long-Short Fund-Reg(G),75151,SBI Magnum SIF,,,,,BSE 500 - TRI,,,,,,,,,,,,,Magnum Equity Ex-Top 100 Long-Short Fund-Reg(G),Hybrid : Long - Short,10,30,27,14,,,,,5.49,-0.21,3.32,9.54,,,,,,,,,,,,
