MF Code,incept_date,schemecode,sdx_returns,sharpex_returns,sotinox_returns,betax_returns,alphax_returns,treynorx_returns,sdy_returns,sharpey_returns,sotinoy_returns,betay_returns,alphay_returns,treynory_returns,rank_sd,rank_sharpe,rank_sotino,rank_beta,rank_alpha,rank_treynor,index_name,s_name,avg_std_dev,avg_sharpe,avg_sotino,avg_beta,avg_alpha,avg_treyno,no_of_funds_total
JM Multi Asset Allocation Fund-Reg(G),2026-07-15,50946,,0.26,0.78,1.28,2.96,,,,,,,,,15,5,33,1,,NIFTY 500 - TRI,JM Multi Asset Allocation Fund-Reg(G),8.22,0.22,0.44,0.76,0.62,2.48,30
ICICI Pru Nifty 100 ETF,2013-08-20,22404,12.8,0.07,0.13,1.0,-0.04,-9.63,0.94,0.02,0.03,1.03,0.01,-0.04,43,116,120,165,203,137,NIFTY 100 - TRI,ICICI Pru Nifty 100 ETF,15.71,-0.1,0.07,0.99,0.07,-3.59,208
Groww BSE Hospitals ETF,2026-03-02,50486,,0.39,0.87,0.73,2.04,,,,,,,,,7,8,8,2,,BSE Hospitals Index - TRI,Groww BSE Hospitals ETF,15.71,-0.1,0.07,0.99,0.07,-3.59,208
HDFC Nifty India Digital Index Fund-Reg(G),2024-12-11,49178,,-0.12,-0.19,1.0,-0.09,-13.48,,,,,,-0.05,,211,208,139,138,191,Nifty India Digital - TRI,HDFC Nifty India Digital Index Fund-Reg(G),15.61,-0.08,0.01,1.0,-0.03,-5.19,219
Motilal Oswal Nifty 50 Equal Weight ETF,2025-05-02,49858,,0.0,0.0,1.0,-0.01,-5.04,,,,,,-0.02,,194,194,201,98,107,NIFTY50 Equal Weight - TRI,Motilal Oswal Nifty 50 Equal Weight ETF,15.71,-0.1,0.07,0.99,0.07,-3.59,208
Groww Nifty India Defence ETF FOF-Reg(G),2024-10-11,49023,,0.19,0.43,0.99,-0.12,3.73,,,,,,0.01,,53,47,115,109,46,Nifty India Defence - TRI,Groww Nifty India Defence ETF FOF-Reg(G),12.98,0.06,0.25,0.07,0.69,5.86,99
ICICI Pru Nifty Pharma Index Fund-Reg(G),2022-12-14,47224,13.81,0.29,0.63,0.99,-0.1,33.26,1.01,0.05,0.09,0.56,0.05,0.13,5,11,10,19,19,4,NIFTY PHARMA - TRI,ICICI Pru Nifty Pharma Index Fund-Reg(G),14.03,0.27,0.57,0.76,0.62,25.03,20
HSBC Conservative Hybrid Fund(G),2004-02-24,1458,5.24,0.1,0.22,0.94,0.16,-3.63,0.36,0.08,0.13,1.53,0.01,-0.01,25,9,9,8,4,23,NIFTY 50 Hybrid Composite Debt 15:85 Index,HSBC Conservative Hybrid Fund(G),4.05,0.06,0.13,0.99,0.01,-2.02,27
HSBC Gilt Fund-Reg(G),2000-03-29,586,3.44,-0.13,-0.27,1.13,-0.13,-2.8,0.16,0.09,0.15,1.31,0.0,-0.01,22,34,34,27,33,35,CRISIL Dynamic Gilt Index,HSBC Gilt Fund-Reg(G),2.89,-0.02,-0.05,0.91,-0.03,1.5,38
Navi ELSS Tax Saver Nifty 50 Index Fund-Reg(G),2023-03-20,47657,12.14,0.02,0.03,1.0,-0.1,-12.68,0.88,0.02,0.03,0.99,0.0,-0.05,6,51,51,32,38,48,NIFTY 50 - TRI,Navi ELSS Tax Saver Nifty 50 Index Fund-Reg(G),14.53,0.11,0.21,0.98,0.08,-5.35,53
UTI NIFTY50 Equal Weight Index Fund-Reg(G),2023-06-07,47962,12.58,0.13,0.24,1.0,-0.09,-5.87,0.93,0.01,0.02,0.98,0.0,-0.02,32,61,64,81,127,117,NIFTY50 Equal Weight - TRI,UTI NIFTY50 Equal Weight Index Fund-Reg(G),15.61,-0.08,0.01,1.0,-0.03,-5.19,219
PGIM India Overnight Fund-Reg(G),2019-08-27,24529,0.21,-0.92,-0.26,0.91,-0.01,1181.5,0.0,1.02,0.13,0.0,0.0,4.69,28,7,16,15,24,23,Nifty 1D Rate Index,PGIM India Overnight Fund-Reg(G),0.2,-1.54,-0.3,0.93,0.0,1442.09,35
HDFC BSE 500 ETF,2023-02-15,46875,13.55,0.1,0.19,1.07,0.24,-6.45,0.98,0.02,0.03,1.03,0.01,-0.03,48,93,96,257,30,119,BSE 500 - TRI,HDFC BSE 500 ETF,15.71,-0.1,0.07,0.99,0.07,-3.59,208
HDFC NIFTY G-Sec Apr 2029 Index Fund-Reg(G),2023-03-10,47712,1.7,0.16,0.31,0.55,0.08,0.91,0.08,0.23,0.42,0.6,0.01,0.0,31,30,2,38,9,41,NIFTY G- Sec Apr 2029 Index,HDFC NIFTY G-Sec Apr 2029 Index Fund-Reg(G),1.48,0.13,0.16,0.5,0.04,15.25,58
Choice Overnight Fund-Reg(G),2026-07-04,50812,,-13.53,-0.65,0.77,-0.04,,,,,,,,,37,36,3,36,,CRISIL Liquid Overnight Index,Choice Overnight Fund-Reg(G),0.2,-1.54,-0.3,0.93,0.0,1442.09,35
DynaSIF Equity Ex-Top 100 Long-Short Fund-Reg(G),2026-06-24,75132,,1.51,2.43,0.84,5.19,,,,,,,,,3,2,22,1,,BSE 500 - TRI,DynaSIF Equity Ex-Top 100 Long-Short Fund-Reg(G),,0.37,0.71,0.62,1.07,,30
The Wealth Company Arbitrage Fund-Reg(G),2025-10-14,50304,,-0.49,-0.33,0.01,-0.06,,,,,,,,,32,30,4,31,,Nifty 50 Arbitrage - TRI,The Wealth Company Arbitrage Fund-Reg(G),0.48,-0.27,-0.2,0.37,-0.04,-32.03,32
Aditya Birla SL CRISIL IBX SDL Jun 2032 Index Fund-Reg(G),2023-02-14,47592,2.76,0.05,0.09,0.85,0.03,0.45,0.11,0.18,0.33,0.64,0.01,0.0,5,10,11,4,11,6,CRISIL IBX SDL Index - June 2032,Aditya Birla SL CRISIL IBX SDL Jun 2032 Index Fund-Reg(G),3.36,-0.25,-0.14,1.09,-0.01,-0.58,25
Motilal Oswal Infrastructure Fund-Reg(G),2025-05-13,49811,,0.15,0.34,0.8,0.82,1.94,,,,,,0.01,,14,12,3,5,8,Nifty Infrastructure - TRI,Motilal Oswal Infrastructure Fund-Reg(G),17.95,0.15,0.3,1.03,0.46,-1.25,21
SBI Childrens Fund-Savings Plan-Reg(G),2002-01-28,2748,4.76,0.3,0.67,0.27,0.43,5.49,0.29,0.13,0.22,0.89,0.03,0.02,22,1,1,1,1,1,NIFTY 50 Hybrid Composite Debt 15:85 Index,SBI Childrens Fund-Savings Plan-Reg(G),4.05,0.06,0.13,0.99,0.01,-2.02,27
SBI FMP-52-1848D-Reg(G),2021-09-28,45915,0.62,0.25,0.19,0.21,0.04,22.53,0.03,0.17,0.28,0.11,0.0,0.09,4,19,31,21,30,17,CRISIL Medium to Long Term Debt Index,SBI FMP-52-1848D-Reg(G),1.07,0.21,0.21,0.37,0.05,70.42,49
Axis Floating Interest Rates Fund-Reg(G),2021-07-29,45632,2.31,0.18,0.42,0.72,0.1,4.28,0.14,0.15,0.24,1.14,0.01,0.02,12,7,1,7,3,10,NIFTY Long Duration Debt Index,Axis Floating Interest Rates Fund-Reg(G),1.14,0.18,0.24,0.65,0.07,19.65,12
JM Overnight Fund-Reg(G),2019-12-03,44156,0.21,-1.03,-0.29,1.04,0.0,2466.17,0.0,1.3,0.1,0.0,0.0,9.79,29,29,29,33,18,6,CRISIL Liquid Overnight Index,JM Overnight Fund-Reg(G),0.2,-1.54,-0.3,0.93,0.0,1442.09,35
Nippon India ETF BSE Sensex Next 50,2019-07-30,43930,15.55,0.2,0.37,1.0,0.08,-2.67,1.2,0.04,0.06,1.07,0.04,-0.01,88,44,50,85,42,84,BSE Sensex Next 50 - TRI,Nippon India ETF BSE Sensex Next 50,15.71,-0.1,0.07,0.99,0.07,-3.59,208
Franklin India Gilt Fund(G),2001-12-07,3373,2.5,-0.06,-0.1,0.68,-0.04,1.11,0.07,0.24,0.45,0.45,0.01,0.0,9,22,22,9,23,10,Nifty All Duration G-Sec Index,Franklin India Gilt Fund(G),2.89,-0.02,-0.05,0.91,-0.03,1.5,38
Sundaram Nifty 100 Equal Weight Fund(G),1999-07-27,2384,14.29,0.17,0.33,0.98,-0.08,-3.2,1.05,0.01,0.02,1.04,0.0,-0.01,44,41,43,15,101,89,Nifty100 Equal Weight - TRI,Sundaram Nifty 100 Equal Weight Fund(G),15.61,-0.08,0.01,1.0,-0.03,-5.19,219
Nippon India Medium Term Fund(G),2014-06-26,21911,1.93,0.2,0.44,0.44,0.11,3.15,0.05,0.33,0.63,0.4,0.01,0.01,21,12,3,12,3,16,CRISIL Medium Duration Debt Index,Nippon India Medium Term Fund(G),1.27,0.15,0.2,0.39,0.05,289.22,22
Arudha Hybrid Long-Short Fund-Reg(G),2026-01-28,75033,,-0.16,-0.36,0.25,0.0,,,,,,,,,25,26,5,25,,CRISIL Hybrid 85+15 - Conservative Index,Arudha Hybrid Long-Short Fund-Reg(G),,0.37,0.71,0.62,1.07,,30
HDFC Retirement Fund-Hybrid-Debt Plan-Reg(G),2016-02-25,24807,3.91,-0.05,-0.1,0.96,-0.06,-5.12,0.24,0.06,0.09,0.96,0.0,-0.02,14,25,25,10,18,26,NIFTY 50 Hybrid Composite Debt 15:85 Index,HDFC Retirement Fund-Hybrid-Debt Plan-Reg(G),4.05,0.06,0.13,0.99,0.01,-2.02,27
Edelweiss CRISIL IBX 50:50 Gilt Plus SDL Short Duration Index Fund-Reg(G),2023-02-15,47430,1.26,0.07,0.12,0.41,0.02,1.03,0.04,0.34,0.72,0.31,0.01,0.0,14,15,16,18,23,28,CRISIL IBX 50:50 Gilt Plus SDL Short Duration Index,Edelweiss CRISIL IBX 50:50 Gilt Plus SDL Short Duration Index Fund-Reg(G),1.26,-0.05,0.04,0.54,0.03,18.08,32
Shriram Multi Asset Allocation Fund-Reg(G),2023-09-08,48029,10.63,0.1,0.18,0.73,0.21,0.38,0.89,-0.02,-0.03,2.29,-0.04,0.0,13,30,30,29,32,23,NIFTY 50 - TRI,Shriram Multi Asset Allocation Fund-Reg(G),8.22,0.22,0.44,0.76,0.62,2.48,30
HDFC NIFTY Realty Index Fund-Reg(G),2024-03-26,48654,,-0.04,-0.07,1.0,-0.07,-4.84,,,,,,-0.02,,172,172,143,86,111,NIFTY REALTY - TRI,HDFC NIFTY Realty Index Fund-Reg(G),15.61,-0.08,0.01,1.0,-0.03,-5.19,219
Bandhan CRISIL IBX 90:10 SDL Plus Gilt - Sep 2027 Index Fund-Reg(G),2022-11-24,46212,1.02,0.22,0.29,0.3,0.07,11.21,0.05,0.31,0.64,0.25,0.01,0.04,5,1,2,6,7,2,CRISIL IBX 90:10 SDL Plus Gilt Index - September 2027,Bandhan CRISIL IBX 90:10 SDL Plus Gilt - Sep 2027 Index Fund-Reg(G),2.89,-0.02,-0.05,0.91,-0.03,1.5,38
HDFC Nifty100 Quality 30 Index Fund-Reg(G),2025-02-20,49573,,0.05,0.09,1.0,-0.07,-10.33,,,,,,-0.04,,99,98,123,87,149,NIFTY100 Quality 30 - TRI,HDFC Nifty100 Quality 30 Index Fund-Reg(G),15.61,-0.08,0.01,1.0,-0.03,-5.19,219
Nippon India ETF Nifty 50 Value 20,2015-06-18,31920,12.7,0.01,0.02,1.0,-0.03,-17.72,0.91,0.01,0.01,0.96,0.0,-0.07,36,177,178,51,175,192,Nifty50 Value 20 - TRI,Nippon India ETF Nifty 50 Value 20,15.71,-0.1,0.07,0.99,0.07,-3.59,208
Franklin India Income Plus Arbitrage Active FoF(G),2014-11-28,31040,4.46,0.32,0.79,0.72,0.41,14.39,0.35,0.11,0.17,0.66,0.03,0.06,14,25,29,78,47,22,Nifty Short Duration Debt Index,Franklin India Income Plus Arbitrage Active FoF(G),12.98,0.06,0.25,0.07,0.69,5.86,99
Bandhan US Treasury Bond 0-1 year specific Debt Passive FOF-Reg(G),2023-03-28,47724,3.24,0.25,0.57,-0.13,0.25,-14.14,0.14,0.14,0.25,-0.39,0.02,-0.06,1,40,34,5,54,48,ICE 0-1 Year US Treasury Securities Index,Bandhan US Treasury Bond 0-1 year specific Debt Passive FOF-Reg(G),18.54,0.3,0.64,0.37,1.39,14.4,54
Nippon India Retirement Fund-Income Generation(G),2015-02-11,17166,4.85,-0.03,-0.06,1.46,-0.15,-3.5,0.27,0.06,0.09,1.55,0.0,-0.01,24,22,22,26,26,22,CRISIL Hybrid 85+15 - Conservative Index,Nippon India Retirement Fund-Income Generation(G),4.05,0.06,0.13,0.99,0.01,-2.02,27
ICICI Pru Nifty 200 Quality 30 ETF,2023-08-07,48118,14.22,0.08,0.14,1.0,-0.02,-11.42,0.88,0.01,0.02,0.79,0.0,-0.05,55,112,112,190,163,159,NIFTY200 Quality 30 - TRI,ICICI Pru Nifty 200 Quality 30 ETF,15.71,-0.1,0.07,0.99,0.07,-3.59,208
HDFC Nifty 1D Rate Liquid ETF(G),2023-08-24,46470,0.16,-2.05,-0.47,0.65,-0.07,-284.13,0.01,0.27,0.32,0.0,0.0,-1.13,1,27,23,10,29,25,Nifty 1D Rate Index,HDFC Nifty 1D Rate Liquid ETF(G),1.67,-1.32,-0.26,0.79,0.05,-127.32,30
SBI FMP-46-1850D-Reg(G),2021-07-07,45620,0.59,0.13,0.1,0.19,0.02,-5.12,0.02,0.16,0.27,0.11,0.0,-0.02,5,43,45,10,46,38,CRISIL Medium to Long Term Debt Index,SBI FMP-46-1850D-Reg(G),1.07,0.21,0.21,0.37,0.05,70.42,49
Tata Nifty500 Multicap India Manufacturing 50:30:20 Index Fund-Reg(G),2024-04-26,48782,,0.08,0.15,1.0,-0.1,0.1,,,,,,0.0,,82,78,155,188,52,Nifty500 Multicap India Manufacturing 50:30:20 - TRI,Tata Nifty500 Multicap India Manufacturing 50:30:20 Index Fund-Reg(G),15.61,-0.08,0.01,1.0,-0.03,-5.19,219
SBI Retirement Benefit Fund-Conservative Plan-Reg(G),2021-02-10,30401,4.03,0.0,-0.01,1.21,-0.09,-1.84,0.21,0.07,0.11,1.24,0.0,-0.01,16,21,21,23,21,11,CRISIL Hybrid 85+15 - Conservative Index,SBI Retirement Benefit Fund-Conservative Plan-Reg(G),4.05,0.06,0.13,0.99,0.01,-2.02,27
WOC Consumption Opportunities Fund-Reg(G),2026-02-10,50623,,0.13,0.21,0.95,0.93,,,,,,,,,6,7,14,4,,Nifty India Consumption - TRI,WOC Consumption Opportunities Fund-Reg(G),14.71,0.04,0.08,0.96,0.13,-10.57,22
Taurus Mid Cap Fund-Reg(G),1994-09-05,3306,16.19,0.09,0.17,0.94,-0.41,1.51,1.31,0.0,0.01,1.1,-0.01,0.01,18,32,32,12,33,18,Nifty Midcap 150 - TRI,Taurus Mid Cap Fund-Reg(G),16.1,0.12,0.33,0.94,0.17,2.2,32
360 ONE Gold ETF,2025-03-07,49516,,0.48,1.05,-0.32,2.89,14.72,,,,,,0.06,,6,18,26,19,33,Gold-India,360 ONE Gold ETF,26.35,0.38,0.92,-1.14,2.95,21.33,38
Edelweiss Nifty REITs & Realty Index Fund-Reg(G),2026-08-26,51058,,,,,,,,,,,,,,,,,,,Nifty REITs & Realty - TRI,Edelweiss Nifty REITs & Realty Index Fund-Reg(G),15.61,-0.08,0.01,1.0,-0.03,-5.19,219
Groww Nifty Smallcap 250 Index Fund-Reg(G),2024-02-29,48617,,0.08,0.15,1.0,-0.09,2.22,1.37,0.02,0.03,1.05,0.02,0.01,,80,79,166,133,26,Nifty Smallcap 250 - TRI,Groww Nifty Smallcap 250 Index Fund-Reg(G),15.61,-0.08,0.01,1.0,-0.03,-5.19,219
Mirae Asset CRISIL-IBX Financial Services 9-12 Months Debt Index Fund-Reg(G),2025-06-25,49980,,-0.17,-0.17,1.37,0.24,23.54,,,,,,0.09,,27,27,29,2,4,CRISIL-IBX Financial Services 9-12 Months Debt Index,Mirae Asset CRISIL-IBX Financial Services 9-12 Months Debt Index Fund-Reg(G),0.64,-0.15,-0.03,0.8,0.04,17.92,26
Quantum Diversified Equity All Cap Active FOF-Reg(G),2009-07-20,19904,12.81,0.13,0.23,0.97,0.18,-1.34,0.91,0.04,0.06,2.79,0.01,-0.01,36,69,70,97,61,82,BSE 500 - TRI,Quantum Diversified Equity All Cap Active FOF-Reg(G),12.98,0.06,0.25,0.07,0.69,5.86,99
Axis NIFTY IT Index Fund-Reg(G),2023-07-14,47983,23.85,-0.03,-0.05,1.0,-0.1,-28.38,1.25,0.0,0.01,0.8,0.0,-0.11,100,170,170,68,168,214,NIFTY IT - TRI,Axis NIFTY IT Index Fund-Reg(G),15.61,-0.08,0.01,1.0,-0.03,-5.19,219
Groww Largecap Fund-Reg(G),2012-02-10,15997,13.43,0.08,0.15,1.02,0.02,-8.59,0.97,0.0,0.01,1.04,-0.01,-0.03,24,18,18,30,21,14,NIFTY 100 - TRI,Groww Largecap Fund-Reg(G),12.81,-0.17,0.05,0.96,0.04,-8.89,33
SBI Nifty IT Index Fund-Reg(G),2025-02-21,49105,,-0.16,-0.24,1.0,-0.1,-28.05,,,,,,-0.11,,223,221,128,186,213,NIFTY IT - TRI,SBI Nifty IT Index Fund-Reg(G),15.61,-0.08,0.01,1.0,-0.03,-5.19,219
Kotak Multi Factor Passive FOF-Reg(G),2026-03-20,50271,,0.12,0.27,1.0,-0.49,,,,,,,,,70,67,120,125,,NIFTY 500 - TRI,Kotak Multi Factor Passive FOF-Reg(G),12.98,0.06,0.25,0.07,0.69,5.86,99
Aditya Birla SL US Treasury 3-10 Year Bond ETFs Passive FOF-Reg(G),2023-10-31,48284,,0.16,0.37,-0.03,0.21,-7.33,0.34,0.05,0.09,0.4,0.01,-0.03,,3,2,2,3,17,Bloomberg US Treasury 3-10 Year Index,Aditya Birla SL US Treasury 3-10 Year Bond ETFs Passive FOF-Reg(G),1.67,-1.32,-0.26,0.79,0.05,-127.32,30
Helios Arbitrage Fund-Reg(G),2026-03-20,50609,,-0.73,-0.6,0.01,-0.11,,,,,,,,,35,35,6,35,,Nifty 50 Arbitrage - TRI,Helios Arbitrage Fund-Reg(G),0.48,-0.27,-0.2,0.37,-0.04,-32.03,32
TRUSTMF Arbitrage Fund-Reg(G),2025-08-28,50178,,-0.64,-0.4,0.29,-0.02,-18.72,,,,,,-0.07,,34,32,14,12,3,Nifty 50 Arbitrage - TRI,TRUSTMF Arbitrage Fund-Reg(G),0.48,-0.27,-0.2,0.37,-0.04,-32.03,32
Mahindra Manulife Arbitrage Fund-Reg(G),2020-08-24,45042,0.44,-0.64,-0.43,0.52,-0.11,-22.81,0.06,0.1,0.22,-0.08,0.01,-0.09,3,33,33,25,36,6,Nifty 50 Arbitrage,Mahindra Manulife Arbitrage Fund-Reg(G),0.48,-0.27,-0.2,0.37,-0.04,-32.03,32
Bank of India Arbitrage Fund-Reg(G),2018-06-18,39384,0.45,-0.31,-0.19,0.48,-0.07,-18.07,0.06,0.17,0.39,-0.08,0.01,-0.07,4,29,29,18,34,2,Nifty 50 Arbitrage,Bank of India Arbitrage Fund-Reg(G),0.48,-0.27,-0.2,0.37,-0.04,-32.03,32
UTI Nifty Midsmallcap 400 Momentum Quality 100 Index Fund-Reg(G),2025-02-13,49586,,0.16,0.38,1.0,-0.09,1.31,,,,,,0.01,,45,19,163,157,37,Nifty MidSmallcap400 Momentum Quality 100 - TRI,UTI Nifty Midsmallcap 400 Momentum Quality 100 Index Fund-Reg(G),15.61,-0.08,0.01,1.0,-0.03,-5.19,219
DSP FMP 268-1281D-Reg(G),2022-11-24,47124,0.53,0.19,0.12,0.19,0.03,-142.66,0.04,0.39,0.93,0.1,0.01,-0.57,7,27,40,12,37,47,CRISIL Medium Duration Debt Index,DSP FMP 268-1281D-Reg(G),1.07,0.21,0.21,0.37,0.05,70.42,49
Tata Nifty G-Sec Dec 2029 Index Fund-Reg(G),2023-01-13,47405,1.77,0.14,0.26,0.58,0.07,0.38,0.08,0.23,0.41,0.6,0.01,0.0,33,39,15,41,15,43,Nifty G-Sec Dec 2029 Index,Tata Nifty G-Sec Dec 2029 Index Fund-Reg(G),1.48,0.13,0.16,0.5,0.04,15.25,58
Arthaya Equity Long Short Fund-Reg(G),2026-05-25,75118,,-0.8,-1.0,0.55,-1.11,,,,,,,,,30,30,12,30,,NIFTY 200 - TRI,Arthaya Equity Long Short Fund-Reg(G),,0.37,0.71,0.62,1.07,,30
Motilal Oswal Services Fund-Reg(G),2025-06-09,49929,,0.16,0.32,0.93,1.58,10.94,,,,,,0.04,,40,38,31,4,13,Nifty Services Sector - TRI,Motilal Oswal Services Fund-Reg(G),15.29,0.02,0.15,0.99,0.29,0.01,108
SBI FMP-50-1843D-Reg(G),2021-09-07,45842,0.65,0.21,0.17,0.21,0.03,20.31,0.03,0.17,0.29,0.12,0.0,0.08,5,24,35,23,35,20,CRISIL Medium to Long Term Debt Index,SBI FMP-50-1843D-Reg(G),1.07,0.21,0.21,0.37,0.05,70.42,49
Groww Gold ETF FOF-Reg(G),2024-11-06,49187,,0.5,1.06,-0.04,2.82,14.26,,,,,,0.06,,1,1,29,17,23,Gold-India,Groww Gold ETF FOF-Reg(G),12.98,0.06,0.25,0.07,0.69,5.86,99
SBI Nifty Midcap 150 Momentum 50 ETF,2026-03-02,50693,,0.33,0.82,1.0,-0.05,,,,,,,,,15,10,229,220,,Nifty Midcap150 Momentum 50 - TRI,SBI Nifty Midcap 150 Momentum 50 ETF,15.71,-0.1,0.07,0.99,0.07,-3.59,208
Shriram Flexi Cap Fund-Reg(G),2018-09-28,38781,15.42,0.02,0.03,1.04,-0.4,-9.35,1.23,-0.02,-0.02,1.09,-0.03,-0.04,38,51,51,47,56,47,NIFTY 500 - TRI,Shriram Flexi Cap Fund-Reg(G),13.95,-0.01,0.16,0.97,0.22,-3.42,53
Baroda BNP Paribas Childrens Fund-Reg(G),2024-12-27,49110,,0.06,0.11,0.9,0.26,-0.55,,,,,,0.0,,46,47,10,21,18,NIFTY 500 - TRI,Baroda BNP Paribas Childrens Fund-Reg(G),13.95,-0.01,0.16,0.97,0.22,-3.42,53
Mirae Asset Nifty India Manufacturing ETF FoF-Reg(G),2022-01-31,46053,15.27,0.22,0.43,0.99,-0.08,0.45,1.11,0.04,0.06,2.8,0.01,0.0,41,46,48,117,102,62,Nifty India Manufacturing - TRI,Mirae Asset Nifty India Manufacturing ETF FoF-Reg(G),12.98,0.06,0.25,0.07,0.69,5.86,99
The Wealth Company Small Cap Fund-Reg(G),2026-03-25,50593,,0.74,2.09,0.62,0.37,,,,,,,,,2,2,1,16,,Nifty Smallcap 250 - TRI,The Wealth Company Small Cap Fund-Reg(G),17.92,0.22,0.48,0.91,0.44,8.23,31
Kotak CRISIL-IBX AAA Bond Financial Services Index - Dec 2026 Fund-Reg(G),2025-02-17,49471,,0.23,0.24,0.18,0.09,63.2,,,,,,0.25,,4,4,4,2,3,CRISIL IBX AAA Financial Services Index - Sep 2027,Kotak CRISIL-IBX AAA Bond Financial Services Index - Dec 2026 Fund-Reg(G),1.26,-0.05,0.04,0.54,0.03,18.08,32
Edelweiss CRISIL IBX 50:50 Gilt Plus SDL Sep 2028 Index Fund-Reg(G),2022-11-10,47075,1.41,0.14,0.25,0.45,0.06,5.17,0.06,0.27,0.54,0.42,0.01,0.02,27,36,23,35,32,35,CRISIL IBX 50:50 Gilt Plus SDL Index - Sep 2028,Edelweiss CRISIL IBX 50:50 Gilt Plus SDL Sep 2028 Index Fund-Reg(G),1.48,0.13,0.16,0.5,0.04,15.25,58
Arudha Equity Long-Short Fund-Reg(G),2026-03-24,75062,,0.03,0.07,0.48,-0.25,,,,,,,,,23,22,11,27,,NIFTY 500 - TRI,Arudha Equity Long-Short Fund-Reg(G),,0.37,0.71,0.62,1.07,,30
Axis BSE Sensex ETF,2023-03-24,47768,12.25,0.0,-0.01,1.0,-0.16,-13.2,0.87,0.02,0.03,0.99,0.01,-0.05,17,196,196,222,257,175,BSE SENSEX - TRI,Axis BSE Sensex ETF,15.71,-0.1,0.07,0.99,0.07,-3.59,208
ICICI Pru Nifty PSU Bank ETF,2023-03-15,36397,22.72,0.19,0.4,1.0,-0.02,7.81,1.85,-0.02,-0.03,1.51,-0.05,0.03,127,52,38,185,160,18,NIFTY PSU BANK - TRI,ICICI Pru Nifty PSU Bank ETF,15.71,-0.1,0.07,0.99,0.07,-3.59,208
Nippon India Nifty G-Sec Oct 2028 Maturity Index Fund-Reg(G),2023-03-06,47629,1.45,0.15,0.26,0.46,0.06,1.86,0.06,0.28,0.57,0.47,0.01,0.01,28,32,19,36,21,40,Nifty G-Sec Oct 2028 Index,Nippon India Nifty G-Sec Oct 2028 Maturity Index Fund-Reg(G),1.48,0.13,0.16,0.5,0.04,15.25,58
Samco Special Opportunities Fund-Reg(G),2024-06-06,48744,,-0.13,-0.19,1.19,-0.52,-0.03,,,,,,0.0,,107,108,116,117,50,NIFTY 500 - TRI,Samco Special Opportunities Fund-Reg(G),15.29,0.02,0.15,0.99,0.29,0.01,108
Quantum Ethical Fund-Reg(G),2024-12-20,49179,,-0.08,-0.15,0.95,0.19,-7.94,,,,,,-0.03,,103,103,39,59,87,Nifty500 Shariah - TRI,Quantum Ethical Fund-Reg(G),15.29,0.02,0.15,0.99,0.29,0.01,108
360 ONE Overnight Fund-Reg(G),2025-07-10,44412,,-4.56,-0.52,0.65,-0.04,35.88,,,,,,0.14,,35,35,2,35,30,Nifty 1D Rate Index,360 ONE Overnight Fund-Reg(G),0.2,-1.54,-0.3,0.93,0.0,1442.09,35
Nippon India CRISIL-IBX AAA Financial Services - Dec 2026 Index Fund-Reg(G),2024-10-25,49222,,0.26,0.24,0.16,0.08,71.16,,,,,,0.28,,2,3,2,4,2,CRISIL-IBX AAA Financial Services Index - Dec 2026,Nippon India CRISIL-IBX AAA Financial Services - Dec 2026 Index Fund-Reg(G),1.26,-0.05,0.04,0.54,0.03,18.08,32
Motilal Oswal Nifty 200 Momentum 30 ETF,2022-02-10,46325,18.86,0.09,0.17,1.0,-0.04,-3.83,1.44,-0.01,-0.02,1.31,-0.03,-0.02,117,99,103,224,208,101,Nifty200 Momentum 30 - TRI,Motilal Oswal Nifty 200 Momentum 30 ETF,15.71,-0.1,0.07,0.99,0.07,-3.59,208
Tata Nifty Next 50 Index Fund-Reg(G),2025-10-01,50239,,0.01,0.02,1.0,-0.09,,,,,,,,,140,141,138,165,,NIFTY NEXT 50 - TRI,Tata Nifty Next 50 Index Fund-Reg(G),15.61,-0.08,0.01,1.0,-0.03,-5.19,219
PGIM India Money Market Fund-Reg(G),2020-03-06,34742,0.53,0.17,0.11,0.6,0.05,37.07,0.02,0.61,1.26,0.02,0.01,0.15,6,19,19,10,20,13,CRISIL Money Market Index,PGIM India Money Market Fund-Reg(G),0.53,0.23,0.11,0.58,0.07,39.99,23
PGIM India Healthcare Fund-Reg(G),2024-12-06,48975,,0.15,0.29,0.57,0.83,37.93,,,,,,0.15,,20,19,3,9,3,BSE Health Care - TRI,PGIM India Healthcare Fund-Reg(G),14.03,0.27,0.57,0.76,0.62,25.03,20
Motilal Oswal Nifty MidSmall Financial Services Index Fund-Reg(G),2024-11-19,48807,,0.22,0.45,0.99,-0.1,11.92,,,,,,0.05,,6,8,38,174,9,Nifty MidSmall Financial Services - TRI,Motilal Oswal Nifty MidSmall Financial Services Index Fund-Reg(G),15.61,-0.08,0.01,1.0,-0.03,-5.19,219
Axis Nifty Capital Markets Index Fund-Reg(G),2026-05-20,50587,,-0.28,-0.52,0.99,-0.16,,,,,,,,,242,245,43,237,,Nifty Capital Markets Index - TRI,Axis Nifty Capital Markets Index Fund-Reg(G),15.61,-0.08,0.01,1.0,-0.03,-5.19,219
ICICI Pru Nifty Commodities ETF,2022-12-15,47332,15.84,0.17,0.36,1.0,-0.03,2.62,1.37,0.01,0.02,1.25,0.0,0.01,33,34,27,65,85,39,NIFTY COMMODITIES - TRI,ICICI Pru Nifty Commodities ETF,15.29,0.02,0.15,0.99,0.29,0.01,108
Edelweiss Income Plus Arbitrage Omni FoF-Reg(G),2025-07-18,50022,,-0.46,-0.66,0.19,-0.03,15.27,,,,,,0.06,,131,125,39,96,19,Nifty Short Duration Debt Index,Edelweiss Income Plus Arbitrage Omni FoF-Reg(G),12.98,0.06,0.25,0.07,0.69,5.86,99
LIC MF Short Term Fund-Reg(G),2019-02-01,34304,1.37,0.0,0.0,0.43,0.0,1.64,0.04,0.3,0.59,0.31,0.01,0.01,24,24,24,26,28,23,CRISIL Short Duration Debt Index,LIC MF Short Term Fund-Reg(G),1.26,-0.05,0.04,0.54,0.03,18.08,32
Mirae Asset BSE India Defence ETF FOF-Reg(G),2026-02-23,50403,,0.38,0.87,1.43,4.05,,,,,,,,,18,21,132,5,,BSE India Defence - TRI,Mirae Asset BSE India Defence ETF FOF-Reg(G),12.98,0.06,0.25,0.07,0.69,5.86,99
Bandhan Nifty200 Momentum 30 Index Fund-Reg(G),2022-09-02,46608,18.65,0.08,0.14,1.0,-0.12,-4.56,1.44,-0.02,-0.02,1.31,-0.04,-0.02,79,83,86,134,222,105,Nifty200 Momentum 30 - TRI,Bandhan Nifty200 Momentum 30 Index Fund-Reg(G),15.61,-0.08,0.01,1.0,-0.03,-5.19,219
Edelweiss Gilt Fund-Reg(G),2014-02-13,21922,3.57,-0.07,-0.15,1.18,-0.08,-3.25,0.16,0.11,0.18,1.26,0.0,-0.01,24,25,25,31,26,37,CRISIL Dynamic Gilt Index,Edelweiss Gilt Fund-Reg(G),2.89,-0.02,-0.05,0.91,-0.03,1.5,38
Kotak FMP-304-3119D(G),2022-12-30,47401,2.78,0.14,0.31,1.23,0.09,-0.4,0.13,0.18,0.32,0.93,0.01,0.0,31,40,6,51,5,33,Nifty G-Sec July 2031 Index,Kotak FMP-304-3119D(G),1.07,0.21,0.21,0.37,0.05,70.42,49
HDFC Nifty Metal ETF,2026-07-27,50986,,0.19,0.63,1.0,-0.03,,,,,,,,,49,21,45,184,,NIFTY METAL - TRI,HDFC Nifty Metal ETF,15.71,-0.1,0.07,0.99,0.07,-3.59,208
HSBC Dynamic Term Fund-Reg(G),2006-08-30,925,2.62,-0.03,-0.06,0.87,-0.02,-1.46,0.14,0.13,0.21,1.09,0.01,-0.01,16,13,13,13,13,12,CRISIL Dynamic Bond Index,HSBC Dynamic Term Fund-Reg(G),2.42,-0.03,-0.06,0.87,-0.03,0.57,23
Zerodha Nifty 8-13 Yr G-Sec ETF,2025-08-14,50176,,-0.27,-0.53,1.0,-0.01,-1.66,,,,,,-0.01,,37,37,18,17,28,Nifty 8-13 yr G-Sec,Zerodha Nifty 8-13 Yr G-Sec ETF,2.89,-0.02,-0.05,0.91,-0.03,1.5,38
Canara Rob Gilt Fund-Reg(G),1999-12-29,538,3.15,-0.1,-0.2,0.96,-0.09,-2.8,0.16,0.1,0.16,1.31,0.0,-0.01,18,28,29,17,29,36,CRISIL Dynamic Gilt Index,Canara Rob Gilt Fund-Reg(G),2.89,-0.02,-0.05,0.91,-0.03,1.5,38
Groww Nifty 1D Rate Liquid ETF,2024-09-24,49128,,-1.9,-0.59,1.04,-0.03,-316.69,,,,,,-1.26,,25,28,32,21,26,Nifty 1D Rate Index,Groww Nifty 1D Rate Liquid ETF,1.67,-1.32,-0.26,0.79,0.05,-127.32,30
SBI Nifty200 Momentum 30 Index Fund-Reg(G),2025-07-09,49727,,-0.11,-0.18,1.0,-0.12,-4.33,,,,,,-0.02,,203,202,228,220,99,Nifty200 Momentum 30 - TRI,SBI Nifty200 Momentum 30 Index Fund-Reg(G),15.61,-0.08,0.01,1.0,-0.03,-5.19,219
Edelweiss Nifty 100 Quality 30 Index Fund-Reg(G),2021-10-07,45961,13.28,0.08,0.14,1.0,-0.07,-10.41,0.82,0.0,0.01,0.78,-0.01,-0.04,40,86,85,178,78,150,NIFTY100 Quality 30 - TRI,Edelweiss Nifty 100 Quality 30 Index Fund-Reg(G),15.61,-0.08,0.01,1.0,-0.03,-5.19,219
Navi Aggressive Hybrid Fund-Reg(G),2018-04-30,39479,10.52,0.13,0.24,1.09,0.12,0.96,0.75,0.03,0.05,1.94,0.0,0.0,26,14,15,23,17,3,CRISIL Hybrid 35+65 - Aggressive Index,Navi Aggressive Hybrid Fund-Reg(G),10.8,0.11,0.21,1.03,0.13,-2.23,43
ICICI Pru BSE Midcap Select ETF,2016-07-04,33837,17.68,0.21,0.37,1.22,0.86,4.91,1.32,0.03,0.05,1.12,0.03,0.02,102,33,44,266,14,25,BSE MidCap Select Index - TRI,ICICI Pru BSE Midcap Select ETF,15.71,-0.1,0.07,0.99,0.07,-3.59,208
Tata Nifty India Digital ETF FoF-Reg(G),2022-04-13,46355,18.02,0.1,0.17,0.97,-0.13,-9.37,1.04,0.02,0.03,1.8,0.0,-0.04,48,77,79,96,112,99,Nifty India Digital - TRI,Tata Nifty India Digital ETF FoF-Reg(G),12.98,0.06,0.25,0.07,0.69,5.86,99
SBI Nifty Midcap 150 Momentum 50 ETF FOF-Reg(G),2026-08-07,51001,,-1.5,-1.34,0.97,-0.09,,,,,,,,,133,133,99,105,,Nifty Midcap150 Momentum 50 - TRI,SBI Nifty Midcap 150 Momentum 50 ETF FOF-Reg(G),12.98,0.06,0.25,0.07,0.69,5.86,99
Baroda BNP Paribas NIFTY SDL Dec 2028 Index Fund-Reg(G),2023-03-24,47771,1.78,0.1,0.19,2.0,0.13,5.17,0.08,0.2,0.43,0.39,0.01,0.02,35,44,38,59,1,34,Nifty SDL Dec 2028 Index,Baroda BNP Paribas NIFTY SDL Dec 2028 Index Fund-Reg(G),1.48,0.13,0.16,0.5,0.04,15.25,58
Nippon India Quant Fund(G),2008-04-18,5153,13.48,0.17,0.32,1.01,0.37,-5.7,1.08,0.03,0.04,1.11,0.02,-0.02,13,35,41,70,44,75,BSE 200 - TRI,Nippon India Quant Fund(G),15.29,0.02,0.15,0.99,0.29,0.01,108
ITI Business Cycle Fund-Reg(G),2026-03-09,50616,,0.5,1.13,0.42,0.67,,,,,,,,,1,1,1,23,,NIFTY 500 - TRI,ITI Business Cycle Fund-Reg(G),15.29,0.02,0.15,0.99,0.29,0.01,108
Aditya Birla SL Retirement Fund-40-Reg(G),2019-03-11,42770,10.13,0.12,0.22,1.08,0.07,-1.79,0.74,0.04,0.07,2.33,0.01,-0.01,19,19,18,22,21,16,CRISIL Hybrid 35+65 - Aggressive Index,Aditya Birla SL Retirement Fund-40-Reg(G),10.8,0.11,0.21,1.03,0.13,-2.23,43
Baroda BNP Paribas Dynamic Term Fund(G),2004-09-23,116,2.6,-0.13,-0.27,1.06,-0.1,-3.53,0.14,0.12,0.2,1.11,0.0,-0.01,15,19,19,18,19,21,CRISIL Dynamic Bond Index,Baroda BNP Paribas Dynamic Term Fund(G),2.42,-0.03,-0.06,0.87,-0.03,0.57,23
Mirae Asset Dynamic Term Fund-Reg(G),2017-03-24,36556,0.99,-0.12,-0.17,0.34,-0.04,-1.56,0.03,0.34,0.68,0.2,0.01,-0.01,2,18,16,2,15,14,CRISIL Dynamic Bond Index,Mirae Asset Dynamic Term Fund-Reg(G),2.42,-0.03,-0.06,0.87,-0.03,0.57,23
Union Equity Savings Fund-Reg(G),2018-08-09,40627,4.41,0.01,0.02,0.77,0.01,-1.51,0.3,0.03,0.04,0.94,0.0,-0.01,10,18,18,16,18,12,Crisil Equity Savings Index,Union Equity Savings Fund-Reg(G),4.48,0.06,0.11,0.78,0.12,-1.95,24
HDFC Nifty Metal ETF FOF-Reg(G),2026-08-06,50985,,-0.42,-0.83,0.47,-0.28,,,,,,,,,127,130,59,122,,NIFTY METAL - TRI,HDFC Nifty Metal ETF FOF-Reg(G),12.98,0.06,0.25,0.07,0.69,5.86,99
HSBC Multi Asset Active FOF-Reg(G),2014-04-30,28309,9.85,0.26,0.49,0.67,0.63,4.54,0.66,0.03,0.05,2.04,0.0,0.02,28,40,43,74,38,43,BSE 200 - TRI,HSBC Multi Asset Active FOF-Reg(G),12.98,0.06,0.25,0.07,0.69,5.86,99
HDFC Nifty India Consumption Index Fund-Reg(G),2026-02-18,50605,,0.01,0.02,1.0,-0.09,,,,,,,,,142,142,164,141,,Nifty India Consumption - TRI,HDFC Nifty India Consumption Index Fund-Reg(G),15.61,-0.08,0.01,1.0,-0.03,-5.19,219
Baroda BNP Paribas Multi Asset Active FoF-Reg(G),2025-05-30,49872,,0.23,0.44,0.24,0.46,3.83,,,,,,0.02,,44,46,40,45,45,NIFTY Composite Debt Index,Baroda BNP Paribas Multi Asset Active FoF-Reg(G),12.98,0.06,0.25,0.07,0.69,5.86,99
Motilal Oswal BSE Midcap 150 Momentum 30 Index Fund-Reg(G),2026-07-23,50843,,0.2,0.51,1.31,4.53,,,,,,,,,11,6,252,1,,BSE Midcap 150 Momentum 30 - TRI,Motilal Oswal BSE Midcap 150 Momentum 30 Index Fund-Reg(G),15.61,-0.08,0.01,1.0,-0.03,-5.19,219
Kotak Nifty Chemicals ETF,2025-11-12,50375,,-0.01,-0.01,1.0,-0.04,,,,,,,,,197,197,216,202,,Nifty Chemicals - TRI,Kotak Nifty Chemicals ETF,15.71,-0.1,0.07,0.99,0.07,-3.59,208
Tata Floating Interest Rates Fund-Reg(G),2021-07-07,45375,1.12,0.11,0.16,0.3,0.04,12.98,0.04,0.4,0.81,0.2,0.01,0.05,8,11,11,4,11,5,CRISIL Short Duration Debt Index,Tata Floating Interest Rates Fund-Reg(G),1.14,0.18,0.24,0.65,0.07,19.65,12
Kotak NIFTY 100 Low Volatility 30 Index Fund-Reg(G),2024-06-07,45716,,-0.07,-0.1,1.0,-0.1,-11.57,,,,,,-0.05,,181,181,193,167,152,Nifty100 Low Volatility 30 - TRI,Kotak NIFTY 100 Low Volatility 30 Index Fund-Reg(G),15.61,-0.08,0.01,1.0,-0.03,-5.19,219
JioBlackRock Short Term Fund-Reg(G),2026-08-27,51179,,,,,,,,,,,,,,,,,,,Nifty Short Duration Debt Index,JioBlackRock Short Term Fund-Reg(G),1.26,-0.05,0.04,0.54,0.03,18.08,32
Union Short Term Fund-Reg(G),2025-01-31,49467,,-0.09,-0.23,0.46,0.05,1.44,,,,,,0.01,,30,30,27,13,25,CRISIL Short Duration Debt Index,Union Short Term Fund-Reg(G),1.26,-0.05,0.04,0.54,0.03,18.08,32
LIC MF Nifty Next 50 Index Fund(G),2010-09-20,12836,17.82,0.19,0.35,1.0,-0.07,0.15,1.37,0.02,0.03,1.23,0.01,0.0,67,19,26,65,68,51,NIFTY NEXT 50 - TRI,LIC MF Nifty Next 50 Index Fund(G),15.61,-0.08,0.01,1.0,-0.03,-5.19,219
DSP Nifty IT Index Fund-Reg(G),2025-06-20,49906,,-0.23,-0.34,0.99,-0.09,-28.78,,,,,,-0.11,,237,237,31,142,218,NIFTY IT - TRI,DSP Nifty IT Index Fund-Reg(G),15.61,-0.08,0.01,1.0,-0.03,-5.19,219
UTI 10 year Constant Maturity Gilt Fund-Reg(G),2022-08-01,40967,2.75,0.02,0.05,0.99,0.01,-1.69,0.14,0.15,0.24,1.06,0.01,-0.01,3,4,5,4,3,4,CRISIL 10 Year Gilt Index,UTI 10 year Constant Maturity Gilt Fund-Reg(G),2.77,0.04,0.09,0.98,0.02,-1.54,6
Mirae Asset Nifty Metal ETF FOF-Reg(G),2026-02-26,50671,,0.29,0.74,0.98,-0.13,,,,,,,,,36,31,107,114,,NIFTY METAL - TRI,Mirae Asset Nifty Metal ETF FOF-Reg(G),12.98,0.06,0.25,0.07,0.69,5.86,99
The Wealth Company Large & Mid Cap Fund-Reg(G),2026-06-10,50822,,0.13,0.23,0.92,0.65,,,,,,,,,21,23,6,3,,NIFTY LargeMidcap 250 - TRI,The Wealth Company Large & Mid Cap Fund-Reg(G),14.59,0.05,0.16,0.98,0.19,-3.03,33
Invesco India Gilt Fund-Reg(G),2008-02-09,4378,4.0,-0.03,-0.06,1.28,-0.03,-1.39,0.19,0.1,0.16,1.46,0.0,-0.01,30,19,19,35,21,23,Nifty All Duration G-Sec Index,Invesco India Gilt Fund-Reg(G),2.89,-0.02,-0.05,0.91,-0.03,1.5,38
Canara Rob Medium to Long Term Fund-Reg(G),2002-09-19,542,2.13,-0.17,-0.41,0.72,-0.1,-3.43,0.11,0.12,0.2,0.88,0.0,-0.01,39,59,59,46,59,57,CRISIL Medium to Long Term Debt Index,Canara Rob Medium to Long Term Fund-Reg(G),1.48,0.13,0.16,0.5,0.04,15.25,58
DSP Nifty Private Bank Index Fund-Reg(G),2025-03-06,49659,,0.01,0.02,0.99,-0.11,-4.21,,,,,,-0.02,,143,145,44,197,97,Nifty Private Bank - TRI,DSP Nifty Private Bank Index Fund-Reg(G),15.61,-0.08,0.01,1.0,-0.03,-5.19,219
UTI Nifty 500 Index Fund-Reg(G),2026-08-27,50963,,,,,,,,,,,,,,,,,,,NIFTY 500 - TRI,UTI Nifty 500 Index Fund-Reg(G),15.61,-0.08,0.01,1.0,-0.03,-5.19,219
DSP Global Clean Energy Overseas Equity Omni FoF-Reg(G),2009-08-14,7866,19.2,0.2,0.43,0.57,1.0,20.19,1.19,-0.03,-0.05,0.96,-0.05,0.08,30,44,44,48,40,22,MSCI ACWI IMI Clean Energy Infrastructure Index,DSP Global Clean Energy Overseas Equity Omni FoF-Reg(G),18.54,0.3,0.64,0.37,1.39,14.4,54
Axis Income Plus Arbitrage Passive FOF-Reg(G),2025-11-12,50378,,-0.22,-0.21,0.13,0.0,,,,,,,,,117,115,36,89,,Nifty Short Duration Debt Index,Axis Income Plus Arbitrage Passive FOF-Reg(G),12.98,0.06,0.25,0.07,0.69,5.86,99
Tata Nifty Auto Index Fund-Reg(G),2024-04-26,48683,,0.08,0.14,1.0,-0.1,-3.73,,,,,,-0.01,,10,10,10,11,9,NIFTY AUTO - TRI,Tata Nifty Auto Index Fund-Reg(G),17.46,0.18,0.32,0.95,0.11,1.15,10
Samco ELSS Tax Saver Fund-Reg(G),2022-12-22,46606,18.54,0.0,-0.01,1.14,-0.55,-3.53,1.32,-0.03,-0.04,0.99,-0.05,-0.01,51,53,53,49,53,20,NIFTY 500 - TRI,Samco ELSS Tax Saver Fund-Reg(G),14.53,0.11,0.21,0.98,0.08,-5.35,53
PGIM India Retirement Fund-Reg(G),2024-04-15,44436,,0.08,0.15,1.03,0.44,-1.61,,,,,,-0.01,,26,25,27,5,20,BSE 500 - TRI,PGIM India Retirement Fund-Reg(G),14.69,0.13,0.25,0.98,0.21,-0.08,33
Bank of India Overnight Fund-Reg(G),2020-01-28,44437,0.2,-0.66,-0.17,0.9,0.02,179.8,0.0,2.36,0.16,0.0,0.0,0.71,25,2,1,13,2,29,CRISIL Liquid Overnight Index,Bank of India Overnight Fund-Reg(G),0.2,-1.54,-0.3,0.93,0.0,1442.09,35
Edelweiss Silver ETF FoF-Reg(G),2025-12-29,50495,,-0.11,-0.2,0.18,-0.99,,,,,,,,,112,114,38,131,,Silver,Edelweiss Silver ETF FoF-Reg(G),12.98,0.06,0.25,0.07,0.69,5.86,99
Canara Rob Corp Bond Fund-Reg(G),2014-02-07,23504,1.25,-0.1,-0.2,0.39,-0.04,0.3,0.05,0.29,0.54,0.35,0.01,0.0,2,21,21,4,21,18,CRISIL Corporate Bond Index,Canara Rob Corp Bond Fund-Reg(G),1.45,0.07,0.12,0.45,0.03,2.6,21
ICICI Pru Diversified Debt Strategy Active FOF(G),2003-12-18,1707,1.56,0.11,0.2,0.51,0.05,1.99,0.06,0.29,0.5,0.44,0.01,0.01,4,72,72,63,76,52,NIFTY Composite Debt Index,ICICI Pru Diversified Debt Strategy Active FOF(G),12.98,0.06,0.25,0.07,0.69,5.86,99
ICICI Pru Nifty 500 Index Fund-Reg(G),2024-12-20,49114,,-0.05,-0.08,0.99,-0.09,-7.18,,,,,,-0.03,,174,173,20,161,136,NIFTY 500 - TRI,ICICI Pru Nifty 500 Index Fund-Reg(G),15.61,-0.08,0.01,1.0,-0.03,-5.19,219
Kotak International REIT Overseas Equity Active FOF-Reg(G),2020-12-29,42804,14.72,0.09,0.18,1.07,0.37,-3.18,1.07,0.01,0.01,1.61,-0.01,-0.01,13,54,54,54,50,46,S&P Asia Pacific ex Japan REIT - TRI,Kotak International REIT Overseas Equity Active FOF-Reg(G),18.54,0.3,0.64,0.37,1.39,14.4,54
Apex Equity Long-Short Fund-Reg(G),2026-08-31,75159,,,,,,,,,,,,,,,,,,,NIFTY 500 - TRI,Apex Equity Long-Short Fund-Reg(G),,0.37,0.71,0.62,1.07,,30
Edelweiss CRISIL IBX AAA Financial Services Bond - Jan 2028 Index Fund-Reg(G),2024-11-27,49393,,0.15,0.23,0.31,0.1,10.23,,,,,,0.04,,31,29,21,4,22,CRISIL-IBX AAA Financial Services Index - Jan 2028,Edelweiss CRISIL IBX AAA Financial Services Bond - Jan 2028 Index Fund-Reg(G),1.48,0.13,0.16,0.5,0.04,15.25,58
LIC MF Healthcare Fund-Reg(G),2019-02-28,41330,14.03,0.31,0.69,0.57,1.16,24.12,1.0,0.08,0.12,0.59,0.07,0.1,10,7,7,5,5,11,BSE Health Care - TRI,LIC MF Healthcare Fund-Reg(G),14.03,0.27,0.57,0.76,0.62,25.03,20
Axis FTP-113-1228D-Reg(G),2023-03-21,47799,0.51,0.25,0.15,0.13,0.03,781.1,0.03,0.5,1.06,0.12,0.01,3.1,3,18,37,2,36,4,CRISIL Medium Duration Debt Index,Axis FTP-113-1228D-Reg(G),1.07,0.21,0.21,0.37,0.05,70.42,49
HDFC NIFTY200 Momentum 30 ETF,2022-10-11,46042,18.83,0.09,0.17,1.0,-0.04,-3.58,1.44,-0.01,-0.02,1.31,-0.03,-0.01,115,98,102,215,195,95,Nifty200 Momentum 30 - TRI,HDFC NIFTY200 Momentum 30 ETF,15.71,-0.1,0.07,0.99,0.07,-3.59,208
Shriram Money Market Fund-Reg(G),2026-01-27,50602,,-0.08,-0.1,1.26,0.24,,,,,,,,,25,25,26,1,,Nifty Money Market Index,Shriram Money Market Fund-Reg(G),0.53,0.23,0.11,0.58,0.07,39.99,23
Mirae Asset Nifty IT ETF,2023-10-20,48250,,0.0,0.0,1.0,-0.01,-28.12,1.26,0.01,0.01,0.8,0.0,-0.11,,189,189,112,78,203,NIFTY IT - TRI,Mirae Asset Nifty IT ETF,15.71,-0.1,0.07,0.99,0.07,-3.59,208
DSP Nifty Midcap 150 Quality 50 ETF,2021-12-23,46157,15.55,0.08,0.14,1.0,-0.02,-7.48,1.05,0.03,0.05,0.85,0.02,-0.03,89,113,111,174,152,125,NIFTY Midcap150 Quality 50 - TRI,DSP Nifty Midcap 150 Quality 50 ETF,15.71,-0.1,0.07,0.99,0.07,-3.59,208
Zerodha Nifty Smallcap 100 ETF,2025-09-09,50175,,0.11,0.23,1.0,0.04,6.22,,,,,,0.02,,91,77,80,46,24,Nifty Smallcap 100 - TRI,Zerodha Nifty Smallcap 100 ETF,15.71,-0.1,0.07,0.99,0.07,-3.59,208
Axis Nifty Energy Index Fund-Reg(G),2026-08-27,50987,,,,,,,,,,,,,,,,,,,NIFTY ENERGY - TRI,Axis Nifty Energy Index Fund-Reg(G),15.61,-0.08,0.01,1.0,-0.03,-5.19,219
Bandhan Nifty Smallcap 250 Index Fund-Reg(G),2023-12-22,48141,,0.08,0.14,1.0,-0.09,1.92,1.36,0.02,0.03,1.05,0.02,0.01,,84,84,78,145,33,Nifty Smallcap 250 - TRI,Bandhan Nifty Smallcap 250 Index Fund-Reg(G),15.61,-0.08,0.01,1.0,-0.03,-5.19,219
Kotak Nifty Financial Services Ex-Bank Index Fund-Reg(G),2023-08-14,48107,16.21,0.18,0.35,1.0,-0.12,-1.46,1.34,0.05,0.08,1.21,0.05,-0.01,62,32,21,221,221,78,Nifty Financial Services Ex-Bank - TRI,Kotak Nifty Financial Services Ex-Bank Index Fund-Reg(G),15.61,-0.08,0.01,1.0,-0.03,-5.19,219
PGIM India Arbitrage Fund-Reg(G),2014-08-27,28514,0.48,-0.18,-0.11,0.49,-0.06,-30.21,0.06,0.17,0.41,0.01,0.01,-0.12,11,24,24,20,30,12,Nifty 50 Arbitrage,PGIM India Arbitrage Fund-Reg(G),0.48,-0.27,-0.2,0.37,-0.04,-32.03,32
ICICI Pru Nifty50 Value 20 Index Fund-Reg(G),2024-02-02,48523,,-0.14,-0.24,1.0,-0.07,-18.72,0.92,0.01,0.01,0.96,0.0,-0.07,,218,219,103,76,209,Nifty50 Value 20 - TRI,ICICI Pru Nifty50 Value 20 Index Fund-Reg(G),15.61,-0.08,0.01,1.0,-0.03,-5.19,219
Aditya Birla SL Long Term Fund-Reg(G),2022-08-08,46711,3.77,-0.02,-0.05,1.23,-0.03,-1.56,0.16,0.12,0.2,1.32,0.0,-0.01,14,16,16,18,18,21,NIFTY Long Duration Debt Index,Aditya Birla SL Long Term Fund-Reg(G),3.36,-0.25,-0.14,1.09,-0.01,-0.58,25
Samco Large & Mid Cap Fund-Reg(G),2025-06-25,49779,,-0.51,-0.72,0.55,-1.19,-24.42,,,,,,-0.1,,35,35,1,36,33,NIFTY LargeMidcap 250 - TRI,Samco Large & Mid Cap Fund-Reg(G),14.59,0.05,0.16,0.98,0.19,-3.03,33
Capitalmind Liquid Fund-Reg(G),2025-11-28,50478,,-0.22,-0.08,0.24,0.03,,,,,,,,,35,35,6,2,,Nifty Liquid Fund Index,Capitalmind Liquid Fund-Reg(G),0.24,-0.32,-0.04,0.69,0.0,-147.28,41
Axis Nifty50 Equal Weight Index Fund-Reg(G),2026-07-23,50947,,-1.35,-1.52,0.98,-0.19,,,,,,,,,247,248,13,242,,NIFTY50 Equal Weight - TRI,Axis Nifty50 Equal Weight Index Fund-Reg(G),15.61,-0.08,0.01,1.0,-0.03,-5.19,219
Mirae Asset Nifty 100 ESG Sector Leaders ETF,2020-11-18,45134,12.74,0.06,0.1,1.0,-0.05,-12.25,0.9,0.02,0.04,1.0,0.01,-0.05,40,133,134,61,212,172,Nifty100 ESG Sector Leaders - TRI,Mirae Asset Nifty 100 ESG Sector Leaders ETF,15.71,-0.1,0.07,0.99,0.07,-3.59,208
ICICI Pru Retirement Fund-Hybrid Cons Plan(G),2019-02-27,25668,4.08,0.18,0.37,0.31,0.16,-0.25,0.31,0.04,0.07,0.98,0.0,0.0,19,4,4,2,2,5,NIFTY 50 Hybrid Composite Debt 15:85 Index,ICICI Pru Retirement Fund-Hybrid Cons Plan(G),4.05,0.06,0.13,0.99,0.01,-2.02,27
Kotak Nifty SDL Jul 2026 Index Fund-Reg(G),2022-12-22,46729,0.59,0.16,0.12,0.15,0.02,161.81,0.04,0.37,0.86,0.13,0.01,0.64,2,27,44,2,47,2,Nifty SDL Jul 2026 Index,Kotak Nifty SDL Jul 2026 Index Fund-Reg(G),1.48,0.13,0.16,0.5,0.04,15.25,58
Quantum ESG Best In Class Strategy Fund-Reg(G),2019-07-12,43878,13.49,0.04,0.07,0.97,-0.28,-11.21,0.83,0.02,0.03,0.79,0.01,-0.04,14,79,79,50,109,101,NIFTY100 ESG - TRI,Quantum ESG Best In Class Strategy Fund-Reg(G),15.29,0.02,0.15,0.99,0.29,0.01,108
Union Childrens Fund-Reg(G),2023-12-19,48373,,0.09,0.15,1.03,0.26,-1.59,0.98,0.03,0.04,2.84,0.0,-0.01,,38,39,41,22,23,BSE 500 - TRI,Union Childrens Fund-Reg(G),13.95,-0.01,0.16,0.97,0.22,-3.42,53
Groww Short Term Fund-Reg(G),2013-09-13,23158,1.22,0.0,0.0,1.44,0.06,2.82,0.04,0.28,0.57,0.29,0.01,0.01,9,25,25,31,9,15,CRISIL Short Duration Debt Index,Groww Short Term Fund-Reg(G),1.26,-0.05,0.04,0.54,0.03,18.08,32
LIC MF Technology Fund-Reg(G),2026-03-13,50695,,0.57,1.35,0.5,1.8,,,,,,,,,1,1,1,1,,BSE TECk Index - TRI,LIC MF Technology Fund-Reg(G),19.54,0.08,0.17,0.9,0.53,-13.61,12
ICICI Pru Global Stable Equity Fund(FOF)(G),2013-09-13,16718,9.48,0.26,0.53,0.22,0.67,24.82,0.68,0.04,0.07,0.62,0.02,0.1,3,38,38,9,46,19,MSCI World,ICICI Pru Global Stable Equity Fund(FOF)(G),18.54,0.3,0.64,0.37,1.39,14.4,54
Edelweiss CRISIL IBX 50:50 Gilt Plus SDL June 2027 Index Fund-Reg(G),2022-10-18,46999,0.87,0.19,0.22,0.26,0.05,15.93,0.04,0.36,0.76,0.26,0.01,0.06,9,17,35,12,40,13,CRISIL IBX 50:50 Gilt Plus SDL Index - June 2027,Edelweiss CRISIL IBX 50:50 Gilt Plus SDL June 2027 Index Fund-Reg(G),1.48,0.13,0.16,0.5,0.04,15.25,58
Samco Large Cap Fund-Reg(G),2025-03-25,49506,,-0.5,-0.75,0.49,-1.15,-32.03,,,,,,-0.13,,34,34,1,35,33,NIFTY 100 - TRI,Samco Large Cap Fund-Reg(G),12.81,-0.17,0.05,0.96,0.04,-8.89,33
Bandhan Nifty Midcap 150 Index Fund-Reg(G),2024-09-19,48685,,-0.03,-0.05,0.99,-0.11,-0.03,,,,,,0.0,,169,169,29,199,57,Nifty Midcap 150 - TRI,Bandhan Nifty Midcap 150 Index Fund-Reg(G),15.61,-0.08,0.01,1.0,-0.03,-5.19,219
Invesco India Nifty 50 ETF,2011-06-13,12694,12.19,0.04,0.07,1.0,-0.01,-11.44,0.88,0.02,0.03,0.99,0.01,-0.05,15,163,164,124,87,161,NIFTY 50 - TRI,Invesco India Nifty 50 ETF,15.71,-0.1,0.07,0.99,0.07,-3.59,208
Edelweiss Nifty Alpha Low Volatility 30 Index Fund-Reg(G),2024-05-16,48808,,-0.12,-0.18,1.0,-0.11,-7.74,,,,,,-0.03,,210,203,127,207,140,NIFTY Alpha Low-Volatility 30 - TRI,Edelweiss Nifty Alpha Low Volatility 30 Index Fund-Reg(G),15.61,-0.08,0.01,1.0,-0.03,-5.19,219
Motilal Oswal Special Opportunities Fund-Reg(G),2025-08-14,49810,,0.27,0.55,1.07,1.61,18.3,,,,,,0.07,,8,6,92,3,3,NIFTY 500 - TRI,Motilal Oswal Special Opportunities Fund-Reg(G),15.29,0.02,0.15,0.99,0.29,0.01,108
Bajaj Finserv ELSS-Tax Saver Fund-Reg(G),2025-01-29,49457,,0.09,0.16,0.95,0.5,-2.44,,,,,,-0.01,,36,35,20,5,18,BSE 500 - TRI,Bajaj Finserv ELSS-Tax Saver Fund-Reg(G),14.53,0.11,0.21,0.98,0.08,-5.35,53
LIC MF BSE Sensex Index Fund-Reg(G),2002-11-28,2133,12.27,-0.02,-0.04,1.0,-0.24,-14.59,0.88,0.02,0.02,0.99,0.0,-0.06,20,162,162,196,246,201,BSE SENSEX - TRI,LIC MF BSE Sensex Index Fund-Reg(G),15.61,-0.08,0.01,1.0,-0.03,-5.19,219
HDFC Nifty Top 20 Equal Weight Index Fund-Reg(G),2025-03-25,49704,,-0.09,-0.13,0.99,-0.08,-13.0,,,,,,-0.05,,194,190,42,111,190,Nifty Top 20 Equal Weight - TRI,HDFC Nifty Top 20 Equal Weight Index Fund-Reg(G),15.61,-0.08,0.01,1.0,-0.03,-5.19,219
Groww Banking & Financial Services Fund-Reg(G),2024-02-06,48456,,0.11,0.19,0.91,0.12,5.59,1.04,0.01,0.02,0.99,0.0,0.02,,15,17,10,21,2,Nifty Financial Services - TRI,Groww Banking & Financial Services Fund-Reg(G),14.58,0.09,0.18,0.92,0.36,-1.36,23
Groww Silver ETF FOF-Reg(G),2025-05-23,49845,,0.4,1.04,-2.95,5.34,19.4,,,,,,0.08,,15,5,14,2,12,Silver,Groww Silver ETF FOF-Reg(G),12.98,0.06,0.25,0.07,0.69,5.86,99
Bandhan CRISIL IBX 90:10 SDL Plus Gilt - Nov 2026 Index Fund-Reg(G),2022-11-17,46213,0.68,0.21,0.18,0.17,0.04,127.29,0.04,0.35,0.78,0.17,0.01,0.51,3,14,40,4,42,3,CRISIL IBX 90:10 SDL Plus Gilt Index - November 2026,Bandhan CRISIL IBX 90:10 SDL Plus Gilt - Nov 2026 Index Fund-Reg(G),1.48,0.13,0.16,0.5,0.04,15.25,58
UTI Long Term Fund-Reg(G),2023-03-17,47733,4.56,-0.1,-0.19,1.34,-0.14,-2.39,0.19,0.08,0.13,1.5,0.0,-0.01,17,22,22,21,26,25,NIFTY Long Duration Debt Index,UTI Long Term Fund-Reg(G),3.36,-0.25,-0.14,1.09,-0.01,-0.58,25
Baroda BNP Paribas NIFTY SDL Dec 2026 Index Fund-Reg(G),2023-01-25,47387,0.79,0.18,0.18,0.9,0.07,64.94,0.05,0.3,0.66,0.18,0.01,0.26,7,21,39,56,13,5,NIFTY SDL December 2026 Index,Baroda BNP Paribas NIFTY SDL Dec 2026 Index Fund-Reg(G),1.48,0.13,0.16,0.5,0.04,15.25,58
UTI Nifty500 Shariah Index Fund-Reg(G),2026-02-23,50389,,0.06,0.11,1.0,-0.11,,,,,,,,,95,96,195,191,,Nifty500 Shariah - TRI,UTI Nifty500 Shariah Index Fund-Reg(G),15.61,-0.08,0.01,1.0,-0.03,-5.19,219
Mirae Asset Nifty500 Multicap 50:25:25 ETF,2024-08-30,49071,,-0.09,-0.15,1.0,-0.02,-3.5,,,,,,-0.01,,226,225,65,121,94,Nifty500 Multicap 50:25:25 - TRI,Mirae Asset Nifty500 Multicap 50:25:25 ETF,15.71,-0.1,0.07,0.99,0.07,-3.59,208
Nippon India BSE Sensex Next 30 Index Fund-Reg(G),2025-06-10,49930,,0.05,0.09,0.88,0.94,2.55,,,,,,0.01,,102,102,7,8,23,BSE Sensex Next 30 - TRI,Nippon India BSE Sensex Next 30 Index Fund-Reg(G),15.61,-0.08,0.01,1.0,-0.03,-5.19,219
Quantum Dynamic Term Fund-Reg(G),2015-05-19,37428,2.88,0.0,-0.01,1.17,-0.01,-1.69,0.15,0.12,0.2,1.17,0.0,-0.01,19,10,10,21,10,15,CRISIL Dynamic Bond Index,Quantum Dynamic Term Fund-Reg(G),2.42,-0.03,-0.06,0.87,-0.03,0.57,23
DSP Nifty SDL Plus G-Sec Sep 2027 50:50 Index Fund-Reg(G),2023-02-14,47548,0.97,0.22,0.27,0.3,0.06,10.38,0.05,0.35,0.73,0.28,0.01,0.04,13,12,13,17,28,21,Nifty SDL Plus G-Sec Sep 2027 50:50 Index,DSP Nifty SDL Plus G-Sec Sep 2027 50:50 Index Fund-Reg(G),1.48,0.13,0.16,0.5,0.04,15.25,58
Angel One Gold ETF,2025-09-05,50223,,0.4,0.86,-1.38,2.48,23.99,,,,,,0.1,,26,29,10,23,7,Gold-India,Angel One Gold ETF,26.35,0.38,0.92,-1.14,2.95,21.33,38
Bandhan Conservative Hybrid Fund-Reg(G),2010-02-25,8465,4.04,0.0,0.0,1.13,-0.08,-2.24,0.22,0.07,0.11,0.7,0.01,-0.01,17,20,20,21,20,14,NIFTY AAA Short Duration Bond Index,Bandhan Conservative Hybrid Fund-Reg(G),4.05,0.06,0.13,0.99,0.01,-2.02,27
PGIM India Gilt Fund(G),2008-10-27,7012,3.29,-0.09,-0.19,1.06,-0.09,-2.7,0.16,0.11,0.17,1.22,0.0,-0.01,20,27,27,23,28,34,CRISIL Dynamic Gilt Index,PGIM India Gilt Fund(G),2.89,-0.02,-0.05,0.91,-0.03,1.5,38
Navi Nifty India Manufacturing Index Fund-Reg(G),2022-08-26,45954,15.3,0.22,0.42,1.0,-0.1,1.29,1.12,0.04,0.05,1.02,0.03,0.01,50,5,10,153,166,38,Nifty India Manufacturing - TRI,Navi Nifty India Manufacturing Index Fund-Reg(G),15.61,-0.08,0.01,1.0,-0.03,-5.19,219
Kotak NIFTY Midcap 50 Index Fund-Reg(G),2024-08-16,48955,,0.01,0.02,1.0,-0.09,2.85,,,,,,0.01,,145,144,154,159,21,Nifty Midcap 50 - TRI,Kotak NIFTY Midcap 50 Index Fund-Reg(G),15.61,-0.08,0.01,1.0,-0.03,-5.19,219
HSBC Asia Pacific (Ex Japan) DYF-Reg(G),2014-02-24,17816,15.43,0.37,0.85,0.34,1.61,12.52,0.95,0.04,0.07,1.59,0.02,0.05,15,15,9,19,17,35,MSCI Asia (ex-Japan) Standard Index,HSBC Asia Pacific (Ex Japan) DYF-Reg(G),18.54,0.3,0.64,0.37,1.39,14.4,54
PGIM India Corp Bond Fund(G),2003-01-30,854,1.5,-0.02,-0.03,0.46,-0.01,-0.05,0.05,0.29,0.53,0.37,0.01,0.0,14,19,19,10,19,20,CRISIL Composite Bond Index,PGIM India Corp Bond Fund(G),1.45,0.07,0.12,0.45,0.03,2.6,21
HDFC FMP-Sr 47-1269D-March 2023-Reg(G),2023-03-21,47782,0.7,0.17,0.15,0.19,0.03,97.22,0.04,0.34,0.74,0.19,0.01,0.39,11,32,36,14,39,9,NIFTY Medium Duration Debt Index,HDFC FMP-Sr 47-1269D-March 2023-Reg(G),1.07,0.21,0.21,0.37,0.05,70.42,49
Kotak Nifty Smallcap 250 Index Fund-Reg(G),2025-01-27,49225,,0.14,0.28,1.0,-0.08,2.24,,,,,,0.01,,58,50,129,118,25,Nifty Smallcap 250 - TRI,Kotak Nifty Smallcap 250 Index Fund-Reg(G),15.61,-0.08,0.01,1.0,-0.03,-5.19,219
Groww Arbitrage Fund-Reg(G),2026-04-28,50825,,-0.36,-0.34,0.04,-0.04,,,,,,,,,30,31,8,21,,Nifty 50 Arbitrage - TRI,Groww Arbitrage Fund-Reg(G),0.48,-0.27,-0.2,0.37,-0.04,-32.03,32
Motilal Oswal BSE Low Volatility ETF,2022-03-23,46437,12.46,0.06,0.1,0.93,0.05,-14.46,0.72,-0.01,-0.01,0.7,-0.01,-0.06,28,132,135,16,44,187,BSE Low Volatility Index - TRI,Motilal Oswal BSE Low Volatility ETF,15.71,-0.1,0.07,0.99,0.07,-3.59,208
Mirae Asset Nifty Smallcap 250 ETF,2025-11-07,50401,,0.09,0.19,1.0,-0.01,,,,,,,,,106,98,184,89,,Nifty Smallcap 250 - TRI,Mirae Asset Nifty Smallcap 250 ETF,15.71,-0.1,0.07,0.99,0.07,-3.59,208
HDFC NIFTY IT ETF,2022-11-16,47070,23.82,-0.02,-0.03,1.0,-0.02,-28.25,1.26,0.01,0.01,0.8,0.0,-0.11,134,210,209,101,126,205,NIFTY IT - TRI,HDFC NIFTY IT ETF,15.71,-0.1,0.07,0.99,0.07,-3.59,208
Aditya Birla SL Nifty Healthcare ETF,2021-10-21,45695,14.04,0.29,0.63,1.0,0.0,21.12,1.0,0.07,0.11,0.59,0.06,0.08,52,20,20,242,73,10,Nifty Healthcare Index - TRI,Aditya Birla SL Nifty Healthcare ETF,15.71,-0.1,0.07,0.99,0.07,-3.59,208
SBI Nifty IT ETF,2020-10-19,45110,23.88,-0.02,-0.03,1.0,-0.02,-28.05,1.25,0.01,0.01,0.8,0.0,-0.11,136,209,208,100,140,199,NIFTY IT - TRI,SBI Nifty IT ETF,15.71,-0.1,0.07,0.99,0.07,-3.59,208
TRUSTMF Corporate Bond Fund-Reg(G),2023-01-20,47440,1.35,-0.03,-0.05,0.4,-0.01,0.98,0.09,0.16,0.28,0.43,0.01,0.0,5,20,20,6,20,14,CRISIL Corporate Bond Index,TRUSTMF Corporate Bond Fund-Reg(G),1.45,0.07,0.12,0.45,0.03,2.6,21
Motilal Oswal Nifty 50 ETF,2010-07-28,8634,12.17,0.04,0.08,1.0,0.0,-11.39,0.88,0.02,0.03,0.99,0.01,-0.05,6,151,152,147,67,153,NIFTY 50 - TRI,Motilal Oswal Nifty 50 ETF,15.71,-0.1,0.07,0.99,0.07,-3.59,208
Invesco India Banking and PSU Debt Fund-Reg(G),2012-12-29,17249,1.59,0.06,0.13,0.51,0.03,1.29,0.06,0.26,0.44,0.42,0.01,0.01,17,8,7,12,7,14,NIFTY Banking and PSU Debt Index,Invesco India Banking and PSU Debt Fund-Reg(G),1.39,0.06,0.08,0.61,0.02,9.67,21
Nippon India CRISIL-IBX AAA Financial Services - Jan 2028 Index Fund-Reg(G),2024-10-25,49221,,0.15,0.23,0.32,0.09,8.9,,,,,,0.04,,34,32,22,6,23,CRISIL-IBX AAA Financial Services Index - Jan 2028,Nippon India CRISIL-IBX AAA Financial Services - Jan 2028 Index Fund-Reg(G),1.48,0.13,0.16,0.5,0.04,15.25,58
SBI Nifty 200 Quality 30 ETF,2018-12-10,41015,14.19,0.07,0.13,1.0,-0.04,-11.34,0.87,0.01,0.02,0.79,0.0,-0.04,53,118,118,155,193,148,NIFTY200 Quality 30 - TRI,SBI Nifty 200 Quality 30 ETF,15.71,-0.1,0.07,0.99,0.07,-3.59,208
Canara Rob Dynamic Term Fund-Reg(G),2009-05-29,7792,3.03,-0.17,-0.34,1.13,-0.15,-4.26,0.15,0.08,0.13,1.22,0.0,-0.02,20,22,21,20,23,22,CRISIL Dynamic Bond Index,Canara Rob Dynamic Term Fund-Reg(G),2.42,-0.03,-0.06,0.87,-0.03,0.57,23
JM Short Term Fund-Reg(G),2022-08-29,46751,1.19,-0.04,-0.06,1.42,0.04,1.06,0.04,0.32,0.61,0.3,0.01,0.0,5,28,28,30,16,27,CRISIL Short Duration Debt Index,JM Short Term Fund-Reg(G),1.26,-0.05,0.04,0.54,0.03,18.08,32
Union Gilt Fund-Reg(G),2022-08-08,46221,4.27,-0.11,-0.19,1.33,-0.13,-2.09,0.17,0.1,0.16,1.36,0.0,-0.01,34,29,28,38,36,32,CRISIL Dynamic Gilt Index,Union Gilt Fund-Reg(G),2.89,-0.02,-0.05,0.91,-0.03,1.5,38
Mahindra Manulife Short Term Fund-Reg(G),2021-02-23,45310,1.21,0.04,0.07,1.39,0.07,2.65,0.04,0.35,0.68,0.29,0.01,0.01,8,19,20,29,7,18,CRISIL Short Duration Debt Index,Mahindra Manulife Short Term Fund-Reg(G),1.26,-0.05,0.04,0.54,0.03,18.08,32
Edelweiss CRISIL-IBX AAA Bond NBFC-HFC-Jun 2027 Index Fund-Reg(G),2025-02-18,49624,,0.26,0.31,0.25,0.13,18.17,,,,,,0.07,,3,1,6,1,4,CRISIL-IBX AAA NBFC-HFC Index - Jun 2027,Edelweiss CRISIL-IBX AAA Bond NBFC-HFC-Jun 2027 Index Fund-Reg(G),1.26,-0.05,0.04,0.54,0.03,18.08,32
Aditya Birla SL BSE 500 Momentum 50 Index Fund-Reg(G),2025-08-08,50025,,0.04,0.06,1.08,0.56,1.16,,,,,,0.0,,111,118,239,13,39,BSE 500 Momentum 50 - TRI,Aditya Birla SL BSE 500 Momentum 50 Index Fund-Reg(G),15.61,-0.08,0.01,1.0,-0.03,-5.19,219
Samco Mid Cap Fund-Reg(G),2026-02-10,50634,,-0.05,-0.08,0.85,-0.7,,,,,,,,,34,34,5,35,,Nifty Midcap 150 - TRI,Samco Mid Cap Fund-Reg(G),16.1,0.12,0.33,0.94,0.17,2.2,32
Invesco India Nifty G-sec Jul 2027 Index Fund-Reg(G),2023-03-20,47794,0.91,0.21,0.25,0.27,0.06,10.86,0.05,0.34,0.71,0.3,0.01,0.04,7,10,9,7,9,8,Nifty G-sec Jul 2027 Index,Invesco India Nifty G-sec Jul 2027 Index Fund-Reg(G),1.27,0.15,0.2,0.39,0.05,289.22,22
Baroda BNP Paribas Income Plus Arbitrage Active FoF-Reg(G),2025-05-23,49897,,-0.24,-0.45,0.04,-0.04,10.11,,,,,,0.04,,118,120,35,100,30,NIFTY Composite Debt Index,Baroda BNP Paribas Income Plus Arbitrage Active FoF-Reg(G),12.98,0.06,0.25,0.07,0.69,5.86,99
Nippon India FMP-XLIV-1-1743D(G),2022-09-21,46914,0.93,0.27,0.31,0.34,0.07,24.72,0.05,0.35,0.75,0.25,0.01,0.1,19,11,5,38,9,14,NIFTY Medium to Long Duration Debt Index,Nippon India FMP-XLIV-1-1743D(G),1.07,0.21,0.21,0.37,0.05,70.42,49
Mirae Asset Nifty 100 ESG Sector Leaders FoF-Reg(G),2020-11-18,45135,12.67,0.05,0.08,0.99,-0.09,-5.44,0.89,0.02,0.03,2.61,-0.01,-0.02,35,91,93,112,103,98,Nifty100 ESG Sector Leaders - TRI,Mirae Asset Nifty 100 ESG Sector Leaders FoF-Reg(G),12.98,0.06,0.25,0.07,0.69,5.86,99
Kotak BSE PSU Index Fund-Reg(G),2024-07-31,48890,,-0.1,-0.18,1.01,-0.05,-1.59,,,,,,-0.01,,201,205,233,52,79,BSE PSU - TRI,Kotak BSE PSU Index Fund-Reg(G),15.61,-0.08,0.01,1.0,-0.03,-5.19,219
Mirae Asset Nifty SDL June 2028 Index Fund-Reg(G),2023-03-31,47763,1.47,0.13,0.22,0.45,0.05,8.62,0.07,0.23,0.47,0.32,0.01,0.03,29,42,36,34,35,24,Nifty SDL June 2028 Index,Mirae Asset Nifty SDL June 2028 Index Fund-Reg(G),1.48,0.13,0.16,0.5,0.04,15.25,58
Axis Nifty500 Quality 50 Index Fund-Reg(G),2025-09-10,49731,,-0.09,-0.2,1.0,-0.1,-7.76,,,,,,-0.03,,197,210,216,177,141,Nifty500 Quality 50 - TRI,Axis Nifty500 Quality 50 Index Fund-Reg(G),15.61,-0.08,0.01,1.0,-0.03,-5.19,219
ICICI Pru Retirement Fund-Pure Debt Plan(G),2019-02-27,25670,1.48,-0.16,-0.33,0.05,-0.08,-1.49,0.05,0.25,0.49,0.37,0.01,-0.01,3,20,20,1,18,13,NIFTY Composite Debt Index,ICICI Pru Retirement Fund-Pure Debt Plan(G),2.42,-0.03,-0.06,0.87,-0.03,0.57,23
Aditya Birla SL CRISIL-IBX AAA NBFC-HFC Index-Sep 2026 Fund-Reg(G),2024-10-08,49201,,0.3,0.22,0.16,0.06,347.86,,,,,,1.38,,1,9,3,8,1,CRISIL-IBX AAA NBFC-HFC Index - Sep 2026,Aditya Birla SL CRISIL-IBX AAA NBFC-HFC Index-Sep 2026 Fund-Reg(G),1.26,-0.05,0.04,0.54,0.03,18.08,32
ICICI Pru Nifty EV & New Age Automotive ETF,2025-04-07,49189,,0.18,0.32,1.0,-0.05,-3.63,,,,,,-0.01,,60,64,145,211,97,Nifty EV and New Age Automotive - TRI,ICICI Pru Nifty EV & New Age Automotive ETF,15.71,-0.1,0.07,0.99,0.07,-3.59,208
PGIM India Dynamic Term Fund(G),2012-01-12,15247,2.6,-0.07,-0.19,1.05,-0.06,-3.02,0.13,0.13,0.22,1.04,0.0,-0.01,14,16,17,17,16,19,CRISIL Dynamic Bond Index,PGIM India Dynamic Term Fund(G),2.42,-0.03,-0.06,0.87,-0.03,0.57,23
Kotak Multi Asset Active FOF-Reg(G),2026-04-27,50818,,-0.02,-0.04,0.36,0.17,,,,,,,,,103,103,50,64,,NIFTY 50 - TRI,Kotak Multi Asset Active FOF-Reg(G),12.98,0.06,0.25,0.07,0.69,5.86,99
Mirae Asset Nifty 8-13 yr G-Sec ETF,2023-03-31,47899,2.57,0.08,0.18,0.97,0.0,-1.26,0.13,0.17,0.28,1.04,0.01,0.0,12,10,10,28,12,11,Nifty 8-13 yr G-Sec,Mirae Asset Nifty 8-13 yr G-Sec ETF,1.67,-1.32,-0.26,0.79,0.05,-127.32,30
JioBlackRock Nifty 50 ETF,2026-08-14,51060,,-7.06,-1.86,0.85,-0.86,,,,,,,,,272,271,10,269,,NIFTY 50 - TRI,JioBlackRock Nifty 50 ETF,15.71,-0.1,0.07,0.99,0.07,-3.59,208
Quantum Multi Asset Active FoF-Reg(G),2012-07-11,20096,5.92,0.23,0.39,0.42,0.32,-0.3,0.31,0.09,0.16,0.8,0.02,0.0,18,45,49,53,52,74,NIFTY 50 - TRI,Quantum Multi Asset Active FoF-Reg(G),12.98,0.06,0.25,0.07,0.69,5.86,99
UTI Nifty Midcap 150 Index Fund-Reg(G),2024-11-28,49368,,0.01,0.01,1.0,-0.08,0.33,,,,,,0.0,,146,146,140,105,46,Nifty Midcap 150 - TRI,UTI Nifty Midcap 150 Index Fund-Reg(G),15.61,-0.08,0.01,1.0,-0.03,-5.19,219
Kotak Nifty 50 Value 20 ETF,2015-12-02,31116,12.74,0.02,0.03,1.0,-0.01,-17.39,0.91,0.01,0.02,0.96,0.0,-0.07,39,173,173,148,93,190,Nifty50 Value 20 - TRI,Kotak Nifty 50 Value 20 ETF,15.71,-0.1,0.07,0.99,0.07,-3.59,208
Groww Multi Asset Omni FOF-Reg(G),2025-12-22,50379,,0.03,0.05,0.82,0.61,,,,,,,,,96,96,82,40,,NIFTY 500 - TRI,Groww Multi Asset Omni FOF-Reg(G),12.98,0.06,0.25,0.07,0.69,5.86,99
Tata Multi Sector Passive FOF-Reg(G),2026-07-09,50755,,-0.44,-0.62,0.83,-0.01,,,,,,,,,129,124,84,92,,NIFTY 500 - TRI,Tata Multi Sector Passive FOF-Reg(G),12.98,0.06,0.25,0.07,0.69,5.86,99
Sundaram LT Micro Cap Tax Adv Fund-Sr III-Reg(G),2016-11-18,36026,18.33,0.12,0.23,0.82,-0.2,3.91,1.16,0.01,0.02,0.88,0.0,0.02,50,25,23,5,45,8,Nifty Smallcap 100,Sundaram LT Micro Cap Tax Adv Fund-Sr III-Reg(G),14.53,0.11,0.21,0.98,0.08,-5.35,53
Mirae Asset BSE Midcap 150 Momentum 30 ETF,2026-07-16,50929,,0.38,0.98,1.26,0.73,,,,,,,,,8,7,269,16,,BSE Midcap 150 Momentum 30 - TRI,Mirae Asset BSE Midcap 150 Momentum 30 ETF,15.71,-0.1,0.07,0.99,0.07,-3.59,208
Tata Nifty500 Multicap Infrastructure 50:30:20 Index Fund-Reg(G),2024-04-26,48786,,-0.01,-0.03,1.0,-0.09,-4.49,,,,,,-0.02,,160,160,209,136,102,Nifty500 Multicap Infrastructure 50:30:20 - TRI,Tata Nifty500 Multicap Infrastructure 50:30:20 Index Fund-Reg(G),15.61,-0.08,0.01,1.0,-0.03,-5.19,219
Mahindra Manulife Overnight Fund-Reg(G),2019-07-23,42560,0.2,-0.99,-0.26,0.99,0.01,4055.41,0.0,1.63,0.11,0.0,0.0,16.09,22,20,23,29,12,3,CRISIL Liquid Overnight Index,Mahindra Manulife Overnight Fund-Reg(G),0.2,-1.54,-0.3,0.93,0.0,1442.09,35
Motilal Oswal Asset Allocation Passive FoF-Conservative-Reg(G),2021-03-12,45346,5.59,0.32,0.63,0.36,0.35,2.8,0.44,0.06,0.09,0.69,0.02,0.01,17,24,33,49,51,48,Nifty 5 yr Benchmark G-Sec Index TRI,Motilal Oswal Asset Allocation Passive FoF-Conservative-Reg(G),12.98,0.06,0.25,0.07,0.69,5.86,99
Mirae Asset Hang Seng TECH ETF FoF-Reg(G),2021-12-08,46071,37.2,0.1,0.28,-0.23,1.05,-30.24,2.4,0.12,0.25,1.53,0.28,-0.12,46,53,53,3,38,50,Hang Seng TECH TRI,Mirae Asset Hang Seng TECH ETF FoF-Reg(G),18.54,0.3,0.64,0.37,1.39,14.4,54
Quant Gilt Fund-Reg(G),2022-12-21,47345,2.34,-0.18,-0.35,1.05,-0.14,-2.6,0.06,0.21,0.41,0.52,0.01,-0.01,8,35,35,22,37,33,CRISIL Dynamic Gilt Index,Quant Gilt Fund-Reg(G),2.89,-0.02,-0.05,0.91,-0.03,1.5,38
AlphaGrep Multi Asset Allocation Fund-Reg(G),2026-07-24,50972,,0.62,1.76,0.56,2.37,,,,,,,,,1,1,14,2,,NIFTY Composite Debt Index,AlphaGrep Multi Asset Allocation Fund-Reg(G),8.22,0.22,0.44,0.76,0.62,2.48,30
Groww Value Fund-Reg(G),2015-09-07,33606,13.44,0.13,0.24,0.96,0.05,-6.22,0.95,0.01,0.01,0.97,0.0,-0.02,8,16,16,11,20,15,NIFTY 500 - TRI,Groww Value Fund-Reg(G),14.34,-0.02,0.26,0.95,0.15,-3.5,23
Navi Liquid Fund-Reg(G),2010-02-19,8544,0.21,-0.44,-0.12,0.93,-0.03,-57.93,0.01,0.6,0.71,0.0,0.01,-0.23,2,38,39,24,42,38,CRISIL Liquid Debt Index,Navi Liquid Fund-Reg(G),0.24,-0.32,-0.04,0.69,0.0,-147.28,41
Tata Nifty G-Sec Dec 2026 Index Fund-Reg(G),2023-01-16,47436,0.72,0.14,0.13,0.19,0.03,28.55,0.04,0.33,0.72,0.24,0.01,0.11,4,15,17,4,17,4,Nifty G-sec Dec 2026 Index,Tata Nifty G-Sec Dec 2026 Index Fund-Reg(G),1.27,0.15,0.2,0.39,0.05,289.22,22
Taurus ELSS Tax Saver Fund-Reg(G),1996-03-31,3314,12.8,0.1,0.21,0.92,0.24,-7.06,0.93,0.03,0.05,0.9,0.02,-0.03,13,31,29,14,16,33,BSE 500 - TRI,Taurus ELSS Tax Saver Fund-Reg(G),14.53,0.11,0.21,0.98,0.08,-5.35,53
Aditya Birla SL US Treasury 1-3 Year Bonds ETFs Passive FOF-Reg(G),2023-10-31,48274,,0.23,0.57,-0.37,0.23,-11.29,0.19,0.09,0.18,-0.02,0.02,-0.04,,1,1,1,2,18,Bloomberg US Treasury 1-3 Year Index,Aditya Birla SL US Treasury 1-3 Year Bonds ETFs Passive FOF-Reg(G),1.67,-1.32,-0.26,0.79,0.05,-127.32,30
Nippon India ETF Nifty Dividend Opportunities 50,2014-04-15,17481,14.3,0.1,0.19,1.0,-0.03,-10.51,1.08,0.01,0.02,1.09,0.0,-0.04,57,94,95,46,186,139,Nifty Dividend Opportunities 50 - TRI,Nippon India ETF Nifty Dividend Opportunities 50,15.71,-0.1,0.07,0.99,0.07,-3.59,208
Mirae Asset Nifty 50 Index Fund-Reg(G),2024-10-24,48894,,-0.13,-0.21,1.0,-0.08,-12.5,,,,,,-0.05,,216,213,105,88,181,NIFTY 50 - TRI,Mirae Asset Nifty 50 Index Fund-Reg(G),15.61,-0.08,0.01,1.0,-0.03,-5.19,219
Sundaram Income Plus Arbitrage Active FoF-Reg(G),2026-01-12,50612,,-0.25,-0.37,0.28,-0.03,,,,,,,,,119,118,44,98,,Nifty Short Duration Debt Index,Sundaram Income Plus Arbitrage Active FoF-Reg(G),12.98,0.06,0.25,0.07,0.69,5.86,99
Tata Nifty Financial Services Index Fund-Reg(G),2024-04-26,48760,,0.04,0.07,1.0,-0.12,-8.11,,,,,,-0.03,,109,109,69,219,142,Nifty Financial Services - TRI,Tata Nifty Financial Services Index Fund-Reg(G),15.61,-0.08,0.01,1.0,-0.03,-5.19,219
Nippon India FMP-XLI-8-3654D(G),2019-04-26,43259,1.81,0.12,0.26,0.73,0.05,4.18,0.08,0.22,0.42,0.29,0.01,0.02,28,45,19,45,19,31,CRISIL Dynamic Gilt Index,Nippon India FMP-XLI-8-3654D(G),1.07,0.21,0.21,0.37,0.05,70.42,49
UTI Nifty Alpha Low-Volatility 30 Index Fund-Reg(G),2024-11-28,49366,,-0.16,-0.24,1.0,-0.09,-7.51,,,,,,-0.03,,226,224,93,132,138,NIFTY Alpha Low-Volatility 30 - TRI,UTI Nifty Alpha Low-Volatility 30 Index Fund-Reg(G),15.61,-0.08,0.01,1.0,-0.03,-5.19,219
ICICI Pru FMP-88-1303D-S(G),2023-03-14,47688,0.65,0.22,0.17,0.2,0.04,1248.91,0.04,0.36,0.8,0.14,0.01,4.96,5,23,34,15,32,2,CRISIL Medium Duration Debt Index,ICICI Pru FMP-88-1303D-S(G),1.07,0.21,0.21,0.37,0.05,70.42,49
360 ONE ELSS Tax Saver Nifty 50 Index Fund-Reg(G),2022-12-28,47302,12.11,0.03,0.06,0.99,-0.04,-12.07,0.88,0.02,0.03,0.99,0.01,-0.05,3,48,48,30,35,46,NIFTY 50 - TRI,360 ONE ELSS Tax Saver Nifty 50 Index Fund-Reg(G),14.53,0.11,0.21,0.98,0.08,-5.35,53
Bank of India Credit Risk Fund-Reg(G),2015-02-27,30390,4.04,0.21,1.27,-0.21,0.25,-44.83,0.03,0.12,0.15,0.04,0.0,-0.18,12,10,4,1,4,15,CRISIL Credit Risk Debt Index,Bank of India Credit Risk Fund-Reg(G),2.51,0.26,0.62,0.33,0.17,7.23,15
DSP US Specific Debt Passive FoF-Reg(G),2024-03-18,48492,,0.17,0.36,-0.45,0.21,-9.8,0.38,0.06,0.1,0.43,0.02,-0.04,,47,46,2,55,47,MSCI U.S. Government Bond Index,DSP US Specific Debt Passive FoF-Reg(G),18.54,0.3,0.64,0.37,1.39,14.4,54
Bank of India Midcap Tax Fund-Sr 1-Reg(G),2018-02-19,38076,17.44,0.17,0.32,1.16,0.44,5.7,1.25,0.0,0.0,1.04,-0.01,0.02,45,7,7,51,6,2,BSE 500 - TRI,Bank of India Midcap Tax Fund-Sr 1-Reg(G),14.53,0.11,0.21,0.98,0.08,-5.35,53
Kotak Nifty 50 Equal Weight Index Fund-Reg(G),2024-12-23,49426,,0.02,0.04,1.0,-0.11,-6.05,,,,,,-0.02,,136,137,80,198,122,NIFTY50 Equal Weight - TRI,Kotak Nifty 50 Equal Weight Index Fund-Reg(G),15.61,-0.08,0.01,1.0,-0.03,-5.19,219
Motilal Oswal BSE Low Volatility Index Fund-Reg(G),2022-03-23,46438,12.42,0.03,0.06,0.93,-0.04,-15.85,0.72,-0.01,-0.02,0.7,-0.02,-0.06,29,127,129,11,40,206,BSE Low Volatility Index - TRI,Motilal Oswal BSE Low Volatility Index Fund-Reg(G),15.61,-0.08,0.01,1.0,-0.03,-5.19,219
Mirae Asset Global Electric & Autonomous Vehicles Equity Passive FOF-Reg(G),2022-09-07,46002,24.89,0.16,0.31,0.32,1.08,20.84,1.41,0.0,0.0,1.12,-0.01,0.08,38,50,50,15,36,21,Solactive Autonomous & Electric Vehicles Index - TRI,Mirae Asset Global Electric & Autonomous Vehicles Equity Passive FOF-Reg(G),18.54,0.3,0.64,0.37,1.39,14.4,54
Axis Nifty SDL Sep 2026 Debt Index Fund-Reg(G),2022-11-22,47113,0.67,0.24,0.2,0.17,0.04,518.62,0.04,0.34,0.77,0.14,0.01,2.06,3,5,14,3,14,2,Nifty SDL Sep 2026 Index,Axis Nifty SDL Sep 2026 Debt Index Fund-Reg(G),1.27,0.15,0.2,0.39,0.05,289.22,22
TRUSTMF FMP-SR-II-Reg(G),2023-03-31,45723,0.51,0.92,0.48,0.12,0.13,-884.07,0.03,0.65,1.22,0.12,0.02,-3.51,3,1,2,1,2,48,CRISIL Medium Duration Debt Index,TRUSTMF FMP-SR-II-Reg(G),1.07,0.21,0.21,0.37,0.05,70.42,49
UTI CRISIL SDL Maturity June 2027 Index Fund-Reg(G),2023-01-11,47369,0.88,0.23,0.25,0.25,0.06,33.11,0.05,0.33,0.68,0.2,0.01,0.13,10,8,21,11,30,9,CRISIL IBX SDL Index - June 2027,UTI CRISIL SDL Maturity June 2027 Index Fund-Reg(G),1.48,0.13,0.16,0.5,0.04,15.25,58
DSP Nifty Bank Index Fund-Reg(G),2024-05-31,48801,,0.0,0.0,1.0,-0.08,-2.9,,,,,,-0.01,,148,148,114,102,84,NIFTY BANK - TRI,DSP Nifty Bank Index Fund-Reg(G),15.61,-0.08,0.01,1.0,-0.03,-5.19,219
Baroda BNP Paribas Aqua FoF-Reg(G),2021-05-07,45484,14.62,0.17,0.33,0.56,0.61,6.75,0.83,-0.01,-0.01,0.98,-0.02,0.03,12,48,48,47,48,40,MSCI World,Baroda BNP Paribas Aqua FoF-Reg(G),18.54,0.3,0.64,0.37,1.39,14.4,54
Bank of India Conservative Hybrid Fund-Reg(G),2009-03-18,7569,3.8,-0.03,-0.08,0.98,-0.11,-3.3,0.3,0.0,-0.01,1.11,-0.01,-0.01,12,23,23,13,24,20,CRISIL Hybrid 85+15 - Conservative Index,Bank of India Conservative Hybrid Fund-Reg(G),4.05,0.06,0.13,0.99,0.01,-2.02,27
Edelweiss Nifty 1D Rate Liquid ETF(G),2025-10-06,50360,,-5.8,-0.7,0.67,-0.06,,,,,,,,,33,30,11,26,,Nifty 1D Rate Index,Edelweiss Nifty 1D Rate Liquid ETF(G),1.67,-1.32,-0.26,0.79,0.05,-127.32,30
UTI FTIF-XXXVI-I(1574D)(G),2023-02-28,47684,0.95,0.21,0.25,0.33,0.05,17.74,0.06,0.28,0.58,0.33,0.01,0.07,21,25,20,37,18,21,CRISIL Short Duration Debt Index,UTI FTIF-XXXVI-I(1574D)(G),1.07,0.21,0.21,0.37,0.05,70.42,49
Aditya Birla SL BSE 500 Quality 50 Index Fund-Reg(G),2025-08-08,50026,,0.0,-0.01,0.85,0.29,-4.51,,,,,,-0.02,,154,155,5,19,103,BSE 500 Quality 50 - TRI,Aditya Birla SL BSE 500 Quality 50 Index Fund-Reg(G),15.61,-0.08,0.01,1.0,-0.03,-5.19,219
Zerodha Nifty 50 ETF,2025-10-14,50265,,-0.31,-0.42,1.0,0.04,,,,,,,,,252,252,220,47,,NIFTY 50 - TRI,Zerodha Nifty 50 ETF,15.71,-0.1,0.07,0.99,0.07,-3.59,208
Tata Nifty Realty Index Fund-Reg(G),2024-04-26,48684,,-0.05,-0.1,1.0,-0.11,-4.76,,,,,,-0.02,,176,178,124,205,109,NIFTY REALTY - TRI,Tata Nifty Realty Index Fund-Reg(G),15.61,-0.08,0.01,1.0,-0.03,-5.19,219
Quantum Nifty 50 ETF,2008-07-10,5382,12.19,0.04,0.07,1.0,-0.01,-11.44,,,,,,-0.05,12,161,162,153,79,160,NIFTY 50 - TRI,Quantum Nifty 50 ETF,15.71,-0.1,0.07,0.99,0.07,-3.59,208
TRUSTMF Short Term Fund-Reg(G),2021-08-06,45652,1.17,0.02,0.03,0.34,0.01,2.67,0.04,0.31,0.56,0.34,0.01,0.01,4,21,23,9,26,16,CRISIL Short Duration Debt Index,TRUSTMF Short Term Fund-Reg(G),1.26,-0.05,0.04,0.54,0.03,18.08,32
ITI Arbitrage Fund-Reg(G),2019-09-09,44126,0.49,-0.08,-0.05,0.53,-0.04,-23.99,0.07,0.17,0.39,-0.09,0.01,-0.1,15,19,19,29,27,7,Nifty 50 Arbitrage,ITI Arbitrage Fund-Reg(G),0.48,-0.27,-0.2,0.37,-0.04,-32.03,32
Motilal Oswal BSE 1000 Index Fund-Reg(G),2025-06-25,49898,,-0.13,-0.21,1.02,0.35,-6.43,,,,,,-0.03,,215,214,234,18,128,BSE 1000 - TRI,Motilal Oswal BSE 1000 Index Fund-Reg(G),15.61,-0.08,0.01,1.0,-0.03,-5.19,219
Union Dynamic Term Fund(G),2012-02-13,16032,3.6,-0.11,-0.22,1.51,-0.13,-2.44,0.15,0.11,0.18,1.16,0.0,-0.01,21,17,18,23,21,18,CRISIL Dynamic Bond Index,Union Dynamic Term Fund(G),2.42,-0.03,-0.06,0.87,-0.03,0.57,23
Angel One Nifty Total Market Index Fund-Reg(G),2025-02-28,49647,,0.08,0.13,1.0,-0.09,-6.3,,,,0.0,,-0.02,,87,87,79,144,126,Nifty Total Market - TRI,Angel One Nifty Total Market Index Fund-Reg(G),15.61,-0.08,0.01,1.0,-0.03,-5.19,219
Groww Money Market Fund-Reg(G),2025-11-19,50361,,-0.66,-0.55,0.12,-0.07,,,,,,,,,26,26,1,26,,CRISIL Money Market Index,Groww Money Market Fund-Reg(G),0.53,0.23,0.11,0.58,0.07,39.99,23
Motilal Oswal 5 Year G-Sec FoF-Reg(G),2021-10-06,45925,2.84,0.04,0.1,0.84,0.02,0.15,0.54,0.04,0.07,-0.31,0.02,0.0,10,94,91,85,83,66,Nifty 5 yr Benchmark G-Sec Index TRI,Motilal Oswal 5 Year G-Sec FoF-Reg(G),12.98,0.06,0.25,0.07,0.69,5.86,99
Motilal Oswal Nifty Energy ETF,2025-10-13,50367,,0.02,0.08,1.0,-0.05,,,,,,,,,170,160,94,223,,NIFTY ENERGY - TRI,Motilal Oswal Nifty Energy ETF,15.71,-0.1,0.07,0.99,0.07,-3.59,208
PGIM India Global Select Real Estate Securities FoF-Reg(G),2021-12-03,46019,13.96,0.19,0.39,0.52,0.65,13.46,0.84,0.02,0.03,0.77,0.01,0.05,11,46,45,44,47,32,FTSE EPRA/NAREIT Developed Index,PGIM India Global Select Real Estate Securities FoF-Reg(G),18.54,0.3,0.64,0.37,1.39,14.4,54
ICICI Pru BSE Insurance ETF,2026-07-31,50991,,-2.82,-1.6,0.72,-1.25,,,,,,,,,265,265,7,272,,BSE Insurance - TRI,ICICI Pru BSE Insurance ETF,15.71,-0.1,0.07,0.99,0.07,-3.59,208
SBI NIFTY 1D Rate Liquid ETF(G),2025-08-08,50024,,-5.65,-0.68,0.63,-0.06,-8756.27,,,,,,-34.75,,44,44,20,43,41,Nifty 1D Rate Index,SBI NIFTY 1D Rate Liquid ETF(G),0.24,-0.32,-0.04,0.69,0.0,-147.28,41
Taurus Large Cap Fund-Reg(G),1995-02-28,3305,12.84,0.17,0.32,0.94,0.46,3.15,0.99,0.02,0.02,1.03,0.0,0.01,20,1,1,9,2,1,BSE 100 - TRI,Taurus Large Cap Fund-Reg(G),12.81,-0.17,0.05,0.96,0.04,-8.89,33
HDFC Nifty PSU Bank ETF,2024-01-31,48522,,0.05,0.09,1.0,-0.02,7.86,1.85,-0.02,-0.03,1.5,-0.05,0.03,,146,145,123,162,17,NIFTY PSU BANK - TRI,HDFC Nifty PSU Bank ETF,15.71,-0.1,0.07,0.99,0.07,-3.59,208
Nippon India FMP-XLV-5-1158D(G),2023-03-31,47900,0.6,0.82,0.49,0.19,0.14,51.11,0.03,0.67,1.32,0.11,0.02,0.2,3,2,1,11,1,10,CRISIL Medium Duration Debt Index,Nippon India FMP-XLV-5-1158D(G),1.07,0.21,0.21,0.37,0.05,70.42,49
Groww Nifty India Railways PSU Index Fund-Reg(G),2025-02-04,49495,,-0.21,-0.38,1.0,0.11,-30.29,,,,,,-0.12,,232,238,121,24,219,Nifty India Railways PSU Index - TRI,Groww Nifty India Railways PSU Index Fund-Reg(G),15.61,-0.08,0.01,1.0,-0.03,-5.19,219
Nippon India ETF Nifty 50 Shariah BeES,2009-03-18,7599,14.68,-0.07,-0.13,0.99,-0.09,-23.86,0.83,-0.01,-0.02,0.72,-0.02,-0.09,66,220,222,31,244,196,Nifty50 Shariah - TRI,Nippon India ETF Nifty 50 Shariah BeES,15.71,-0.1,0.07,0.99,0.07,-3.59,208
Mirae Asset Nifty India New Age Consumption ETF,2024-12-26,49489,,-0.02,-0.03,1.0,-0.58,-7.56,,,,,,-0.03,,211,212,131,267,126,Nifty India New Age Consumption - TRI,Mirae Asset Nifty India New Age Consumption ETF,15.71,-0.1,0.07,0.99,0.07,-3.59,208
Quant Equity Savings Fund-Reg(G),2025-07-24,50041,,0.04,0.08,0.36,0.32,4.26,,,,,,0.02,,17,17,4,2,1,NIFTY 50 Equity Savings Index - TRI,Quant Equity Savings Fund-Reg(G),4.48,0.06,0.11,0.78,0.12,-1.95,24
Quantum Multi Asset Allocation Fund-Reg(G),2024-03-07,48217,,0.05,0.08,0.5,0.16,-3.68,0.39,0.06,0.1,1.32,0.01,-0.01,,33,33,8,33,30,NIFTY Composite Debt Index,Quantum Multi Asset Allocation Fund-Reg(G),8.22,0.22,0.44,0.76,0.62,2.48,30
PGIM India Equity Savings Fund(G),2004-02-05,845,2.78,-0.06,-0.11,0.56,-0.05,-2.72,0.16,0.06,0.11,0.49,0.0,-0.01,5,23,23,10,23,14,NIFTY 50 Equity Savings Index,PGIM India Equity Savings Fund(G),4.48,0.06,0.11,0.78,0.12,-1.95,24
Union Income Plus Arbitrage Active FOF-Reg(G),2025-06-12,49932,,-0.44,-1.04,0.69,-0.08,0.18,,,,,,0.0,,130,132,77,101,65,CRISIL Composite Bond Index,Union Income Plus Arbitrage Active FOF-Reg(G),12.98,0.06,0.25,0.07,0.69,5.86,99
Motilal Oswal BSE Quality Index Fund-Reg(G),2022-08-22,46744,16.03,0.13,0.27,1.1,0.42,-6.48,1.01,0.0,0.0,0.92,-0.01,-0.03,54,68,55,243,17,129,BSE Quality Index - TRI,Motilal Oswal BSE Quality Index Fund-Reg(G),15.61,-0.08,0.01,1.0,-0.03,-5.19,219
Quant Overnight Fund-Reg(G),2022-12-05,47327,0.28,-0.58,-0.22,1.22,0.03,-114.36,0.01,0.57,0.7,0.0,0.0,-0.45,33,1,3,37,1,31,CRISIL Liquid Overnight Index,Quant Overnight Fund-Reg(G),0.2,-1.54,-0.3,0.93,0.0,1442.09,35
Kotak Long Term Fund-Reg(G),2024-03-11,48538,,-0.11,-0.21,1.4,-0.1,-1.46,0.21,0.1,0.16,1.64,0.0,-0.01,,23,23,25,23,18,NIFTY Long Duration Debt Index,Kotak Long Term Fund-Reg(G),3.36,-0.25,-0.14,1.09,-0.01,-0.58,25
Axis NIFTY IT ETF,2021-03-25,45427,23.84,-0.02,-0.03,1.0,-0.02,-28.05,1.26,0.01,0.01,0.79,0.0,-0.11,135,212,213,54,150,200,NIFTY IT - TRI,Axis NIFTY IT ETF,15.71,-0.1,0.07,0.99,0.07,-3.59,208
Nippon India Nifty Realty Index Fund-Reg(G),2024-12-04,48948,,-0.12,-0.22,1.0,-0.1,-4.84,,,,,,-0.02,,212,217,64,173,112,NIFTY REALTY - TRI,Nippon India Nifty Realty Index Fund-Reg(G),15.61,-0.08,0.01,1.0,-0.03,-5.19,219
Tata BSE Quality Index Fund-Reg(G),2025-04-03,49736,,0.06,0.12,0.93,0.47,-6.9,,,,,,-0.03,,97,92,12,15,133,BSE Quality Index - TRI,Tata BSE Quality Index Fund-Reg(G),15.61,-0.08,0.01,1.0,-0.03,-5.19,219
Shriram Overnight Fund-Reg(G),2022-08-26,46777,0.19,-1.09,-0.27,0.91,0.0,771.72,0.0,0.99,0.08,0.0,0.0,3.06,2,30,28,14,21,28,CRISIL Liquid Overnight Index,Shriram Overnight Fund-Reg(G),0.2,-1.54,-0.3,0.93,0.0,1442.09,35
SBI Nifty100 Low Volatility 30 Index Fund-Reg(G),2025-07-28,49728,,-0.16,-0.23,1.0,-0.07,-11.34,,,,,,-0.04,,222,218,152,79,151,Nifty100 Low Volatility 30 - TRI,SBI Nifty100 Low Volatility 30 Index Fund-Reg(G),15.61,-0.08,0.01,1.0,-0.03,-5.19,219
Edelweiss Nifty LargeMidcap250 Plus 8-13 yr G-Sec 70:30 Index Fund-Reg(G),2026-04-07,50788,,0.04,0.08,0.79,-0.08,,,,,,,,,115,107,4,124,,Nifty LargeMidcap250 Plus 8-13 yr G-Sec 70:30 Index - TRI,Edelweiss Nifty LargeMidcap250 Plus 8-13 yr G-Sec 70:30 Index Fund-Reg(G),15.61,-0.08,0.01,1.0,-0.03,-5.19,219
ICICI Pru BSE 500 ETF FOF-Reg(G),2021-12-01,45726,13.45,0.09,0.17,1.06,0.18,-2.75,0.89,0.02,0.03,2.75,-0.01,-0.01,39,81,83,125,62,90,BSE 500 - TRI,ICICI Pru BSE 500 ETF FOF-Reg(G),12.98,0.06,0.25,0.07,0.69,5.86,99
Aditya Birla SL Nifty Next 50 ETF,2018-12-18,38262,17.89,0.2,0.37,1.0,0.0,0.63,1.37,0.02,0.03,1.24,0.02,0.0,104,42,49,118,52,56,NIFTY NEXT 50 - TRI,Aditya Birla SL Nifty Next 50 ETF,15.71,-0.1,0.07,0.99,0.07,-3.59,208
DSP FMP 264-60M & 17D-Reg(G),2021-09-13,43787,0.68,0.26,0.22,0.21,0.05,371.4,0.04,0.34,0.75,0.15,0.01,1.47,9,14,26,22,24,5,CRISIL Medium to Long Term Debt Index,DSP FMP 264-60M & 17D-Reg(G),1.07,0.21,0.21,0.37,0.05,70.42,49
Baroda BNP Paribas Nifty 50 Index Fund-Reg(G),2024-01-29,41180,,-0.04,-0.07,1.0,-0.05,-12.22,0.88,0.02,0.03,0.99,0.01,-0.05,,173,171,204,54,174,NIFTY 50 - TRI,Baroda BNP Paribas Nifty 50 Index Fund-Reg(G),15.61,-0.08,0.01,1.0,-0.03,-5.19,219
Axis BSE Sensex Index Fund-Reg(G),2024-02-27,48476,,-0.08,-0.13,1.01,-0.17,-14.01,0.87,0.02,0.03,0.99,0.0,-0.06,,192,193,232,238,196,BSE SENSEX - TRI,Axis BSE Sensex Index Fund-Reg(G),15.61,-0.08,0.01,1.0,-0.03,-5.19,219
ICICI Pru Nifty Private Bank Index Fund-Reg(G),2025-07-17,49835,,-0.08,-0.12,0.99,-0.11,-4.08,,,,,,-0.02,,193,188,23,208,93,Nifty Private Bank - TRI,ICICI Pru Nifty Private Bank Index Fund-Reg(G),15.61,-0.08,0.01,1.0,-0.03,-5.19,219
Motilal Oswal Nifty MidSmall IT and Telecom Index Fund-Reg(G),2024-11-19,46865,,-0.08,-0.12,0.99,-0.1,-4.13,,,,,,-0.02,,188,184,37,178,94,Nifty MidSmall IT & Telecom - TRI,Motilal Oswal Nifty MidSmall IT and Telecom Index Fund-Reg(G),15.61,-0.08,0.01,1.0,-0.03,-5.19,219
Groww Aggressive Hybrid Fund-Reg(G),2018-12-13,41853,10.37,0.06,0.1,1.13,-0.11,-4.16,0.75,0.01,0.01,2.47,-0.02,-0.02,23,35,37,33,40,36,CRISIL Hybrid 35+65 - Aggressive Index,Groww Aggressive Hybrid Fund-Reg(G),10.8,0.11,0.21,1.03,0.13,-2.23,43
ICICI Pru Nifty EV & New Age Automotive ETF FOF-Reg(G),2025-04-17,49690,,0.13,0.23,0.97,-0.1,-1.36,,,,,,-0.01,,68,68,98,108,83,Nifty EV and New Age Automotive - TRI,ICICI Pru Nifty EV & New Age Automotive ETF FOF-Reg(G),12.98,0.06,0.25,0.07,0.69,5.86,99
JM Dynamic Term Fund-Reg(G),2003-06-25,1925,2.14,-0.02,-0.04,0.89,-0.01,-2.02,0.12,0.14,0.23,0.95,0.01,-0.01,7,12,12,14,12,16,CRISIL Dynamic Bond Index,JM Dynamic Term Fund-Reg(G),2.42,-0.03,-0.06,0.87,-0.03,0.57,23
Invesco India Nifty G-sec Sep 2032 Index Fund-Reg(G),2023-03-29,47756,2.6,0.12,0.25,0.89,0.09,-0.48,0.11,0.2,0.33,0.87,0.01,0.0,4,3,3,12,1,9,Nifty G-Sec Sep 2032 Index,Invesco India Nifty G-sec Sep 2032 Index Fund-Reg(G),3.36,-0.25,-0.14,1.09,-0.01,-0.58,25
Edelweiss Gold ETF FoF-Reg(G),2026-03-04,50498,,0.02,0.04,-3.03,0.01,,,,,,,,,99,98,13,85,,Gold-India,Edelweiss Gold ETF FoF-Reg(G),12.98,0.06,0.25,0.07,0.69,5.86,99
SBI FMP-1-3668D-Reg(G),2019-03-28,43205,1.65,0.18,0.35,0.71,0.07,-0.55,0.06,0.12,0.2,0.29,0.0,0.0,25,29,3,43,7,34,CRISIL Long Duration Debt Index,SBI FMP-1-3668D-Reg(G),1.07,0.21,0.21,0.37,0.05,70.42,49
ITI Liquid Fund-Reg(G),2019-04-24,43396,0.22,-0.17,-0.04,0.91,-0.01,-17.41,0.0,0.66,0.22,0.0,0.0,-0.07,4,32,32,23,35,36,CRISIL Liquid Debt Index,ITI Liquid Fund-Reg(G),0.24,-0.32,-0.04,0.69,0.0,-147.28,41
Unifi Liquid Fund-Reg(G),2025-06-11,49844,,-1.03,-0.3,-0.01,-0.07,-72.55,,,,,,-0.29,,41,42,1,44,39,Nifty Liquid Fund Index,Unifi Liquid Fund-Reg(G),0.24,-0.32,-0.04,0.69,0.0,-147.28,41
WOC ESG Best-In-Class Strategy Fund-Reg(G),2024-10-30,49117,,-0.08,-0.13,1.0,-0.19,-12.3,,,,,,-0.05,,102,102,64,104,104,NIFTY100 ESG - TRI,WOC ESG Best-In-Class Strategy Fund-Reg(G),15.29,0.02,0.15,0.99,0.29,0.01,108
Groww ELSS Tax Saver Fund-Reg(G),2017-12-28,38133,14.73,0.06,0.11,1.04,-0.22,-13.1,1.04,0.0,0.01,1.01,-0.01,-0.05,33,43,43,39,47,49,NIFTY 500 - TRI,Groww ELSS Tax Saver Fund-Reg(G),14.53,0.11,0.21,0.98,0.08,-5.35,53
Mirae Asset Nifty Total Market Index Fund-Reg(G),2024-10-28,49226,,-0.06,-0.1,1.0,-0.08,-6.27,,,,,,-0.02,,179,179,51,108,125,Nifty Total Market - TRI,Mirae Asset Nifty Total Market Index Fund-Reg(G),15.61,-0.08,0.01,1.0,-0.03,-5.19,219
Motilal Oswal Nifty Midcap150 Momentum 50 ETF,2025-06-30,49970,,-0.07,-0.13,1.0,-0.07,0.0,,,,,,0.0,,221,221,225,236,63,Nifty Midcap150 Momentum 50 - TRI,Motilal Oswal Nifty Midcap150 Momentum 50 ETF,15.71,-0.1,0.07,0.99,0.07,-3.59,208
ICICI Pru Nifty India Consumption ETF,2021-10-28,45678,14.54,0.13,0.22,1.0,-0.02,-12.05,0.92,0.03,0.06,0.8,0.02,-0.05,62,76,81,140,136,169,Nifty India Consumption - TRI,ICICI Pru Nifty India Consumption ETF,15.71,-0.1,0.07,0.99,0.07,-3.59,208
Shriram Aggressive Hybrid Fund-Reg(G),2013-11-29,24794,10.68,0.06,0.1,1.13,-0.11,-3.07,0.83,0.0,-0.01,2.43,-0.03,-0.01,28,36,39,31,41,28,CRISIL Hybrid 35+65 - Aggressive Index,Shriram Aggressive Hybrid Fund-Reg(G),10.8,0.11,0.21,1.03,0.13,-2.23,43
Choice Gold ETF,2025-11-04,50405,,0.32,0.68,-2.07,1.79,,,,,,,,,30,39,9,39,,Gold-India,Choice Gold ETF,26.35,0.38,0.92,-1.14,2.95,21.33,38
Motilal Oswal Nifty MidSmall Healthcare Index Fund-Reg(G),2024-11-19,46866,,0.14,0.26,1.0,-0.09,24.04,,,,,,0.1,,60,60,66,158,2,Nifty MidSmall Healthcare - TRI,Motilal Oswal Nifty MidSmall Healthcare Index Fund-Reg(G),15.61,-0.08,0.01,1.0,-0.03,-5.19,219
AlphaGrep Flexi Cap Fund-Reg(G),2026-08-11,51031,,-1.82,-1.62,0.82,1.6,,,,,,,,,57,57,4,3,,NIFTY 500 - TRI,AlphaGrep Flexi Cap Fund-Reg(G),13.95,-0.01,0.16,0.97,0.22,-3.42,53
Nippon India Nifty Auto Index Fund-Reg(G),2024-12-04,48949,,0.12,0.2,0.99,-0.06,-3.33,,,,,,-0.01,,9,9,8,7,7,NIFTY AUTO - TRI,Nippon India Nifty Auto Index Fund-Reg(G),17.46,0.18,0.32,0.95,0.11,1.15,10
Mahindra Manulife Dynamic Term Fund-Reg(G),2018-08-20,40695,2.32,-0.02,-0.05,0.94,-0.02,-0.45,0.13,0.12,0.2,1.0,0.0,0.0,10,14,14,15,14,14,CRISIL Dynamic Bond Index,Mahindra Manulife Dynamic Term Fund-Reg(G),2.51,0.26,0.62,0.33,0.17,7.23,15
Bandhan Long Term Fund-Reg(G),2024-03-20,48582,,-0.07,-0.14,1.33,-0.06,-0.78,0.21,0.09,0.15,1.6,0.0,0.0,,21,20,20,22,16,NIFTY Long Duration Debt Index,Bandhan Long Term Fund-Reg(G),3.36,-0.25,-0.14,1.09,-0.01,-0.58,25
Kotak Nifty Alpha 50 Index Fund-Reg(G),2025-08-19,49687,,0.08,0.15,1.0,-0.13,3.58,,,,,,0.01,,88,83,200,225,19,Nifty Alpha 50 - TRI,Kotak Nifty Alpha 50 Index Fund-Reg(G),15.61,-0.08,0.01,1.0,-0.03,-5.19,219
HDFC NIFTY SDL Plus G-Sec Jun 2027 40:60 Index Fund-Reg(G),2023-03-23,47769,0.87,0.22,0.25,0.26,0.06,16.63,0.04,0.38,0.8,0.26,0.01,0.07,5,8,10,5,8,5,NIFTY SDL Plus G-Sec Jun 2027 40:60 Index,HDFC NIFTY SDL Plus G-Sec Jun 2027 40:60 Index Fund-Reg(G),1.27,0.15,0.2,0.39,0.05,289.22,22
HSBC Medium to Long Term Fund(G),2002-12-10,1432,2.42,-0.09,-0.23,0.82,-0.07,-1.54,0.12,0.12,0.19,0.95,0.0,-0.01,43,58,58,52,58,55,NIFTY Medium to Long Duration Debt Index,HSBC Medium to Long Term Fund(G),1.48,0.13,0.16,0.5,0.04,15.25,58
Qsif Sector Rotation Long-Short Fund-Reg(G),2026-05-15,75026,,0.17,0.37,-0.09,0.3,,,,,,,,,18,18,2,23,,NIFTY 500 - TRI,Qsif Sector Rotation Long-Short Fund-Reg(G),,0.37,0.71,0.62,1.07,,30
WSIF Equity Ex-Top 100 Long-Short Fund-Reg(G),2026-05-06,75105,,0.46,1.21,1.17,1.4,,,,,,,,,13,10,27,9,,NIFTY 500 - TRI,WSIF Equity Ex-Top 100 Long-Short Fund-Reg(G),,0.37,0.71,0.62,1.07,,30
Kotak Nifty 100 Equal Weight Index Fund-Reg(G),2024-12-23,49213,,0.04,0.07,1.0,-0.09,-3.28,,,,,,-0.01,,116,112,198,146,90,Nifty100 Equal Weight - TRI,Kotak Nifty 100 Equal Weight Index Fund-Reg(G),15.61,-0.08,0.01,1.0,-0.03,-5.19,219
Mirae Asset Nifty PSU Bank ETF,2024-10-01,49099,,0.13,0.23,1.0,-0.02,7.96,,,,,,0.03,,75,79,113,137,16,NIFTY PSU BANK - TRI,Mirae Asset Nifty PSU Bank ETF,15.71,-0.1,0.07,0.99,0.07,-3.59,208
HSBC Aggressive Hybrid Active FOF-Reg(G),2014-04-30,28307,11.1,0.15,0.28,1.17,0.19,1.49,0.8,0.02,0.04,2.34,-0.01,0.01,32,62,65,129,59,55,CRISIL Hybrid 35+65 - Aggressive Index,HSBC Aggressive Hybrid Active FOF-Reg(G),12.98,0.06,0.25,0.07,0.69,5.86,99
Groww Nifty Capital Markets ETF,2025-12-02,50141,,0.21,0.6,1.0,-0.04,,,,,,,,,35,23,83,207,,Nifty Capital Markets Index - TRI,Groww Nifty Capital Markets ETF,15.71,-0.1,0.07,0.99,0.07,-3.59,208
ICICI Pru Nifty200 Value 30 ETF,2024-10-17,48946,,0.06,0.1,1.0,-0.03,7.76,,,,,,0.03,,135,133,204,176,19,Nifty200 Value 30 - TRI,ICICI Pru Nifty200 Value 30 ETF,15.71,-0.1,0.07,0.99,0.07,-3.59,208
The Wealth Company Balanced Advantage Fund-Reg(G),2026-02-16,50591,,-0.13,-0.24,0.58,0.38,,,,,,,,,36,37,12,2,,CRISIL Hybrid 50+50 - Moderate Index,The Wealth Company Balanced Advantage Fund-Reg(G),8.57,0.08,0.13,0.64,0.11,-1.57,37
Franklin India Long Term Fund-Reg(G),2024-12-11,48950,,-0.14,-0.27,1.14,0.0,-0.58,,,,,,0.0,,24,24,16,15,11,CRISIL Long Duration Debt Index,Franklin India Long Term Fund-Reg(G),3.36,-0.25,-0.14,1.09,-0.01,-0.58,25
Shriram ELSS Tax Saver Fund-Reg(G),2019-01-25,41744,15.21,0.02,0.03,1.04,-0.41,-8.87,1.19,-0.01,-0.01,1.07,-0.02,-0.04,35,52,52,40,52,36,NIFTY 500 - TRI,Shriram ELSS Tax Saver Fund-Reg(G),14.53,0.11,0.21,0.98,0.08,-5.35,53
DSP FMP 267-1172D-Reg(G),2022-11-14,47071,0.96,0.15,0.18,0.33,0.04,13.31,0.04,0.36,0.7,0.16,0.01,0.05,22,35,32,36,33,23,CRISIL Medium Duration Debt Index,DSP FMP 267-1172D-Reg(G),1.07,0.21,0.21,0.37,0.05,70.42,49
DSP BSE Sensex Next 30 ETF,2025-01-30,49536,,0.22,0.43,0.88,0.96,3.15,,,,,,0.01,,31,32,12,13,30,BSE Sensex Next 30 - TRI,DSP BSE Sensex Next 30 ETF,15.71,-0.1,0.07,0.99,0.07,-3.59,208
Kotak Nifty Midcap 150 Index Fund-Reg(G),2025-03-21,49719,,0.17,0.34,0.99,-0.12,0.33,,,,,,0.0,,38,37,33,212,47,Nifty Midcap 150 - TRI,Kotak Nifty Midcap 150 Index Fund-Reg(G),15.61,-0.08,0.01,1.0,-0.03,-5.19,219
Motilal Oswal BSE Clean Environment Index Fund-Reg(G),2026-06-25,50841,,-2.2,-1.48,-0.22,-4.37,,,,,,,,,249,247,1,253,,BSE Clean Environment - TRI,Motilal Oswal BSE Clean Environment Index Fund-Reg(G),15.61,-0.08,0.01,1.0,-0.03,-5.19,219
Kotak NIFTY MNC ETF,2022-08-05,45729,14.71,0.17,0.3,1.0,-0.03,0.83,0.93,0.01,0.02,0.81,0.0,0.0,68,63,70,121,170,51,NIFTY MNC - TRI,Kotak NIFTY MNC ETF,15.71,-0.1,0.07,0.99,0.07,-3.59,208
LIC MF Conservative Hybrid Fund(G),1998-04-01,2142,3.62,-0.04,-0.08,1.01,-0.12,-1.61,0.21,0.06,0.11,0.9,0.0,-0.01,7,24,24,14,25,10,CRISIL Hybrid 85+15 - Conservative Index,LIC MF Conservative Hybrid Fund(G),4.05,0.06,0.13,0.99,0.01,-2.02,27
JioBlackRock Large Cap Fund-Reg(G),2026-08-17,51168,,-8.0,-1.86,0.94,-0.33,,,,,,,,,35,35,11,34,,BSE 100 - TRI,JioBlackRock Large Cap Fund-Reg(G),12.81,-0.17,0.05,0.96,0.04,-8.89,33
Axis Retirement Fund-Conservative Plan-Reg(G),2019-12-20,43843,5.88,0.02,0.03,1.46,-0.02,-3.93,0.35,0.03,0.05,1.48,-0.01,-0.02,26,19,19,27,14,24,CRISIL Hybrid 75+25 - Conservative Index,Axis Retirement Fund-Conservative Plan-Reg(G),4.05,0.06,0.13,0.99,0.01,-2.02,27
SBI Nifty 1D Rate Liquid ETF(IDCW),2023-10-27,48244,,-1.4,-0.4,0.9,-0.04,-495.84,0.01,0.46,0.46,0.0,0.0,-1.97,,22,21,19,24,27,Nifty 1D Rate Index,SBI Nifty 1D Rate Liquid ETF(IDCW),1.67,-1.32,-0.26,0.79,0.05,-127.32,30
360 ONE Silver ETF,2025-03-28,49515,,0.42,1.12,-3.86,5.51,21.77,,,,,,0.09,,22,1,5,4,18,Silver,360 ONE Silver ETF,26.35,0.38,0.92,-1.14,2.95,21.33,38
Bandhan Nifty Total Market Index Fund-Reg(G),2024-07-10,48651,,-0.09,-0.15,1.0,-0.1,-6.48,,,,,,-0.03,,199,197,120,171,130,Nifty Total Market - TRI,Bandhan Nifty Total Market Index Fund-Reg(G),15.61,-0.08,0.01,1.0,-0.03,-5.19,219
Aditya Birla SL Aggressive Hybrid Omni FOF(G),2011-05-09,8299,8.68,0.15,0.28,0.96,0.13,-0.4,0.59,0.05,0.08,1.78,0.01,0.0,24,63,64,93,67,75,CRISIL Hybrid 35+65 - Aggressive Index,Aditya Birla SL Aggressive Hybrid Omni FOF(G),12.98,0.06,0.25,0.07,0.69,5.86,99
Motilal Oswal BSE Healthcare ETF,2022-07-29,46222,14.26,0.32,0.69,0.67,1.21,22.83,0.96,0.08,0.13,0.6,0.07,0.09,56,17,17,6,8,8,BSE Health Care - TRI,Motilal Oswal BSE Healthcare ETF,15.71,-0.1,0.07,0.99,0.07,-3.59,208
LIC MF Gilt Fund-Reg(G),1999-11-29,2124,3.93,-0.11,-0.2,1.21,-0.13,-1.44,0.15,0.11,0.17,1.22,0.0,-0.01,28,30,30,32,31,27,Nifty All Duration G-Sec Index,LIC MF Gilt Fund-Reg(G),2.89,-0.02,-0.05,0.91,-0.03,1.5,38
LIC MF Gilt Fund-PF(G),2003-12-29,2126,3.93,-0.11,-0.2,1.21,-0.13,-1.44,0.15,0.11,0.17,1.22,0.0,-0.01,29,31,31,33,32,26,Nifty All Duration G-Sec Index,LIC MF Gilt Fund-PF(G),2.89,-0.02,-0.05,0.91,-0.03,1.5,38
Mirae Asset Corp Bond Fund-Reg(G),2021-03-17,45356,1.48,0.03,0.06,0.47,0.01,1.41,0.05,0.27,0.51,0.4,0.01,0.01,12,17,17,14,17,11,CRISIL Corporate Bond Index,Mirae Asset Corp Bond Fund-Reg(G),1.45,0.07,0.12,0.45,0.03,2.6,21
Angel One Nifty Total Market ETF,2025-02-28,49646,,0.09,0.16,1.0,-0.02,-5.39,,,,0.0,,-0.02,,105,108,82,153,113,Nifty Total Market - TRI,Angel One Nifty Total Market ETF,15.71,-0.1,0.07,0.99,0.07,-3.59,208
HDFC Nifty 100 ETF,2022-08-05,46003,12.81,0.07,0.13,1.0,-0.02,-9.4,0.94,0.02,0.03,1.03,0.01,-0.04,44,115,119,188,159,134,NIFTY 100 - TRI,HDFC Nifty 100 ETF,15.71,-0.1,0.07,0.99,0.07,-3.59,208
Mirae Asset Nifty 100 Low Volatility 30 ETF,2023-03-24,46810,12.63,0.11,0.19,1.0,-0.03,-10.71,0.73,0.02,0.03,0.71,0.0,-0.04,34,88,90,175,167,143,Nifty100 Low Volatility 30 - TRI,Mirae Asset Nifty 100 Low Volatility 30 ETF,15.71,-0.1,0.07,0.99,0.07,-3.59,208
Nippon India Nifty 500 Quality 50 Index Fund-Reg(G),2025-05-07,49834,,-0.07,-0.14,0.99,-0.16,-8.59,,,,,,-0.03,,182,196,22,235,145,Nifty500 Quality 50 - TRI,Nippon India Nifty 500 Quality 50 Index Fund-Reg(G),15.61,-0.08,0.01,1.0,-0.03,-5.19,219
DSP 10 year Constant Maturity Gilt Fund-Reg(G),2014-09-26,17573,2.67,-0.01,-0.03,0.97,-0.01,-2.8,0.14,0.15,0.25,1.08,0.01,-0.01,1,6,6,2,5,6,CRISIL 10 Year Gilt Index,DSP 10 year Constant Maturity Gilt Fund-Reg(G),2.77,0.04,0.09,0.98,0.02,-1.54,6
Groww Nifty India Internet ETF,2025-07-01,49979,,0.06,0.11,1.0,-0.04,-4.89,,,,,,-0.02,,127,130,79,201,105,Nifty India Internet & E-Commerce - TRI,Groww Nifty India Internet ETF,15.71,-0.1,0.07,0.99,0.07,-3.59,208
Shriram Balanced Advantage Fund-Reg(G),2019-07-05,43158,9.87,-0.03,-0.05,0.71,-0.2,-4.91,0.78,-0.03,-0.04,2.38,-0.05,-0.02,26,34,34,31,36,32,CRISIL Hybrid 50+50 - Moderate Index,Shriram Balanced Advantage Fund-Reg(G),8.57,0.08,0.13,0.64,0.11,-1.57,37
SBI CRISIL-IBX 10:90 Gilt+SDL Index-Dec 2029 Index Fund-Reg(G),2026-05-26,50824,,-0.05,-0.15,0.74,0.0,,,,,,,,,22,22,23,20,,CRISIL-IBX 10:90 Gilt + SDL Index - Dec 2029,SBI CRISIL-IBX 10:90 Gilt+SDL Index-Dec 2029 Index Fund-Reg(G),1.27,0.15,0.2,0.39,0.05,289.22,22
Nippon India Nifty India Manufacturing Index Fund-Reg(G),2025-08-26,50150,,0.07,0.13,0.99,-0.07,1.44,,,,,,0.01,,89,89,35,84,34,Nifty India Manufacturing - TRI,Nippon India Nifty India Manufacturing Index Fund-Reg(G),15.61,-0.08,0.01,1.0,-0.03,-5.19,219
Tata BSE Multicap Consumption 50:30:20 Index Fund-Reg(G),2025-12-29,50491,,-0.07,-0.12,1.33,1.53,,,,,,,,,187,186,253,3,,BSE Multicap Consumption 50:30:20 Index - TRI,Tata BSE Multicap Consumption 50:30:20 Index Fund-Reg(G),15.61,-0.08,0.01,1.0,-0.03,-5.19,219
Franklin India Medium to Long Term Fund-Reg(G),2024-09-24,48952,,-0.07,-0.17,0.8,0.06,0.43,,,,,,0.0,,57,57,50,34,42,CRISIL Medium to Long Term Debt Index,Franklin India Medium to Long Term Fund-Reg(G),1.48,0.13,0.16,0.5,0.04,15.25,58
Motilal Oswal Diversified Equity Flexicap Passive FoF-Reg(G),2026-01-22,50376,,0.07,0.12,1.04,0.78,,,,,,,,,86,89,124,35,,NIFTY 500 - TRI,Motilal Oswal Diversified Equity Flexicap Passive FoF-Reg(G),12.98,0.06,0.25,0.07,0.69,5.86,99
Groww Nifty Metal ETF,2025-12-19,50216,,0.32,0.79,1.0,-0.06,,,,,,,,,16,12,159,231,,NIFTY METAL - TRI,Groww Nifty Metal ETF,15.71,-0.1,0.07,0.99,0.07,-3.59,208
Mirae Asset BSE Sensex ETF,2023-09-29,48259,,0.01,0.02,1.0,-0.15,-13.36,0.88,0.02,0.03,0.99,0.01,-0.05,,174,177,228,253,182,BSE SENSEX - TRI,Mirae Asset BSE Sensex ETF,15.71,-0.1,0.07,0.99,0.07,-3.59,208
Navi Nifty Smallcap250 Momentum Quality 100 Index Fund-Reg(G),2025-03-12,49310,,0.13,0.28,0.99,-0.14,1.31,,,,,,0.01,,65,51,39,232,36,Nifty Smallcap250 Momentum Quality 100 - TRI,Navi Nifty Smallcap250 Momentum Quality 100 Index Fund-Reg(G),15.61,-0.08,0.01,1.0,-0.03,-5.19,219
Mahindra Manulife Asia Pacific REITs FOF-Reg(G),2021-10-20,45381,14.93,0.08,0.17,0.53,0.26,-1.31,0.81,0.02,0.03,1.37,0.0,-0.01,14,55,55,45,52,44,FTSE EPRA Nareit Asia ex Japan REITs Index,Mahindra Manulife Asia Pacific REITs FOF-Reg(G),18.54,0.3,0.64,0.37,1.39,14.4,54
The Wealth Company Ethical Fund-Reg(G),2025-10-14,50308,,-0.16,-0.26,1.0,0.02,,,,,,,,,111,112,66,74,,Nifty500 Shariah - TRI,The Wealth Company Ethical Fund-Reg(G),15.29,0.02,0.15,0.99,0.29,0.01,108
Aditya Birla SL CRISIL Liquid Overnight ETF,2023-03-13,47722,0.2,-1.35,-0.39,0.97,-0.02,-239.2,0.01,0.4,0.49,0.0,0.0,-0.95,27,33,33,20,33,32,CRISIL Liquid Overnight Index,Aditya Birla SL CRISIL Liquid Overnight ETF,0.2,-1.54,-0.3,0.93,0.0,1442.09,35
SBI FMP-54-1842D-Reg(G),2021-11-08,46004,0.71,0.26,0.22,0.23,0.05,25.05,0.03,0.16,0.28,0.12,0.0,0.1,10,15,24,26,23,13,CRISIL Medium to Long Term Debt Index,SBI FMP-54-1842D-Reg(G),1.07,0.21,0.21,0.37,0.05,70.42,49
Motilal Oswal BSE Quality ETF,2022-08-22,46743,16.12,0.14,0.3,1.1,0.49,-5.37,1.01,0.0,0.0,0.93,-0.01,-0.02,93,73,67,259,24,112,BSE Quality Index - TRI,Motilal Oswal BSE Quality ETF,15.71,-0.1,0.07,0.99,0.07,-3.59,208
Edelweiss BSE Internet Economy Index Fund-Reg(G),2025-05-15,49778,,0.15,0.26,1.07,1.41,0.76,,,,,,0.0,,51,53,90,6,48,BSE Internet Economy - TRI,Edelweiss BSE Internet Economy Index Fund-Reg(G),15.29,0.02,0.15,0.99,0.29,0.01,108
Groww Nifty Non-Cyclical Consumer Index Fund-Reg(G),2024-05-22,48799,,-0.09,-0.14,1.0,-0.09,-16.03,,,,,,-0.06,,195,195,150,156,207,Nifty Non-Cyclical Consumer - TRI,Groww Nifty Non-Cyclical Consumer Index Fund-Reg(G),15.61,-0.08,0.01,1.0,-0.03,-5.19,219
Aditya Birla SL Nifty SDL Sep 2027 Index Fund-Reg(G),2023-03-10,46893,0.99,0.22,0.28,0.3,0.06,11.49,0.05,0.33,0.71,0.27,0.01,0.05,9,7,6,9,6,7,Nifty SDL Sep 2027 Index,Aditya Birla SL Nifty SDL Sep 2027 Index Fund-Reg(G),1.27,0.15,0.2,0.39,0.05,289.22,22
Bajaj Finserv Equity Savings Fund-Reg(G),2025-08-19,50003,,-0.35,-0.79,0.13,-0.1,-0.1,,,,,,0.0,,24,24,1,24,6,NIFTY 50 Equity Savings Index - TRI,Bajaj Finserv Equity Savings Fund-Reg(G),4.48,0.06,0.11,0.78,0.12,-1.95,24
Mirae Asset Banking and PSU Debt Fund-Reg(G),2020-07-24,45003,1.5,-0.02,-0.03,0.99,0.0,0.28,0.05,0.26,0.49,0.39,0.01,0.0,13,20,20,18,20,20,CRISIL Banking and PSU Debt Index,Mirae Asset Banking and PSU Debt Fund-Reg(G),1.39,0.06,0.08,0.61,0.02,9.67,21
ICICI Pru LT Wealth Enhancement Fund(G),2018-03-23,38299,13.68,0.16,0.27,0.93,0.19,-11.29,0.87,0.03,0.05,0.83,0.02,-0.04,25,10,14,15,18,43,NIFTY 500 - TRI,ICICI Pru LT Wealth Enhancement Fund(G),14.53,0.11,0.21,0.98,0.08,-5.35,53
SBI Nifty50 Equal Weight ETF,2024-07-16,48514,,-0.06,-0.09,1.0,-0.03,-5.17,,,,,,-0.02,,218,217,57,182,110,NIFTY50 Equal Weight - TRI,SBI Nifty50 Equal Weight ETF,15.71,-0.1,0.07,0.99,0.07,-3.59,208
Kotak Nifty Top 10 Equal Weight Index Fund-Reg(G),2025-04-28,49776,,-0.35,-0.47,1.0,-0.09,-19.05,,,,,,-0.08,,245,242,108,139,212,Nifty Top 10 Equal Weight - TRI,Kotak Nifty Top 10 Equal Weight Index Fund-Reg(G),15.61,-0.08,0.01,1.0,-0.03,-5.19,219
Capitalmind Multi Asset Allocation Fund-Reg(G),2026-03-16,50668,,-0.28,-0.43,0.17,-0.78,,,,,,,,,36,36,1,36,,NIFTY 500 - TRI,Capitalmind Multi Asset Allocation Fund-Reg(G),8.22,0.22,0.44,0.76,0.62,2.48,30
Aditya Birla SL Nifty 200 Momentum 30 ETF,2022-08-12,46120,18.85,0.09,0.16,1.0,-0.04,-3.65,1.44,-0.01,-0.02,1.31,-0.03,-0.01,116,101,105,219,204,98,Nifty200 Momentum 30 - TRI,Aditya Birla SL Nifty 200 Momentum 30 ETF,15.71,-0.1,0.07,0.99,0.07,-3.59,208
Motilal Oswal Developed Market Ex US ETFs Overseas Equity Passive FOF-Reg(G),2023-09-21,48142,12.46,0.41,0.85,0.38,1.41,-142.18,0.84,0.04,0.06,0.85,0.02,-0.56,6,4,10,29,27,53,S&P Developed Ex-U.S. BMI Total Return Index,Motilal Oswal Developed Market Ex US ETFs Overseas Equity Passive FOF-Reg(G),18.54,0.3,0.64,0.37,1.39,14.4,54
LIC MF Equity Savings Fund(G),2011-03-07,12894,6.25,0.07,0.15,0.76,0.13,-3.12,0.58,0.03,0.04,1.17,0.0,-0.01,20,10,11,15,10,16,NIFTY 50 Equity Savings Index,LIC MF Equity Savings Fund(G),4.48,0.06,0.11,0.78,0.12,-1.95,24
Bajaj Finserv Nifty 50 Index Fund-Reg(G),2025-05-15,49847,,-0.23,-0.32,1.0,-0.09,-12.93,,,,,,-0.05,,235,233,98,162,189,NIFTY 50 - TRI,Bajaj Finserv Nifty 50 Index Fund-Reg(G),15.61,-0.08,0.01,1.0,-0.03,-5.19,219
Groww BSE Hospitals ETF FOF-Reg(G),2026-03-05,50487,,0.41,0.99,0.67,2.04,,,,,,,,,12,13,75,29,,BSE Hospitals Index - TRI,Groww BSE Hospitals ETF FOF-Reg(G),12.98,0.06,0.25,0.07,0.69,5.86,99
Kotak Nifty 100 Equal Weight ETF,2025-02-24,49470,,0.16,0.29,1.0,-0.04,-2.55,,,,,,-0.01,,65,71,37,190,81,Nifty100 Equal Weight - TRI,Kotak Nifty 100 Equal Weight ETF,15.71,-0.1,0.07,0.99,0.07,-3.59,208
Groww Nifty 50 ETF,2025-07-18,50009,,-0.21,-0.29,1.0,-0.02,-11.59,,,,,,-0.05,,245,241,36,155,165,NIFTY 50 - TRI,Groww Nifty 50 ETF,15.71,-0.1,0.07,0.99,0.07,-3.59,208
Mirae Asset Nifty India Internet ETF,2025-07-01,49981,,0.06,0.12,1.0,-0.02,-4.71,,,,,,-0.02,,125,126,161,143,104,Nifty India Internet & E-Commerce - TRI,Mirae Asset Nifty India Internet ETF,15.71,-0.1,0.07,0.99,0.07,-3.59,208
SBI FMP-6-3668D-Reg(G),2019-05-16,43566,1.64,0.13,0.26,0.71,0.05,-1.41,0.06,0.12,0.19,0.29,0.0,-0.01,24,42,17,42,21,37,CRISIL Long Duration Debt Index,SBI FMP-6-3668D-Reg(G),1.07,0.21,0.21,0.37,0.05,70.42,49
Angel One Nifty Total Market Momentum Quality 50 Index Fund-Reg(G),2025-11-21,50395,,0.01,0.02,1.0,-0.14,,,,,,,,,141,140,220,229,,Nifty Total Market Momentum Quality 50 - TRI,Angel One Nifty Total Market Momentum Quality 50 Index Fund-Reg(G),15.61,-0.08,0.01,1.0,-0.03,-5.19,219
Kotak Nifty India Tourism Index Fund-Reg(G),2024-09-23,49021,,-0.15,-0.25,1.0,-0.1,-14.74,1.76,-0.76,-0.74,0.88,-0.86,-0.06,,221,226,222,181,203,Nifty India Tourism Index - TRI,Kotak Nifty India Tourism Index Fund-Reg(G),15.61,-0.08,0.01,1.0,-0.03,-5.19,219
Mirae Asset Nifty LargeMidcap 250 Index Fund-Reg(G),2024-10-24,48945,,-0.03,-0.05,1.0,-0.09,-4.96,,,,,,-0.02,,168,167,67,135,114,NIFTY LargeMidcap 250 - TRI,Mirae Asset Nifty LargeMidcap 250 Index Fund-Reg(G),15.61,-0.08,0.01,1.0,-0.03,-5.19,219
Bandhan Nifty 500 Momentum 50 Index Fund-Reg(G),2024-10-29,49118,,-0.11,-0.17,1.0,-0.13,-0.03,,,,,,0.0,,204,201,215,223,58,Nifty500 Momentum 50 - TRI,Bandhan Nifty 500 Momentum 50 Index Fund-Reg(G),15.61,-0.08,0.01,1.0,-0.03,-5.19,219
Sundaram LT Micro Cap Tax Adv Fund-Sr IV-Reg(G),2017-03-24,36380,18.13,0.12,0.24,0.81,-0.18,3.91,1.15,0.01,0.02,0.87,0.0,0.02,49,24,22,4,43,7,Nifty Smallcap 100,Sundaram LT Micro Cap Tax Adv Fund-Sr IV-Reg(G),14.53,0.11,0.21,0.98,0.08,-5.35,53
Sundaram LT Micro Cap Tax Adv Fund-Sr VI-Reg(G),2017-09-28,37867,17.91,0.12,0.24,0.81,-0.18,3.45,1.15,0.01,0.02,0.87,0.0,0.01,47,23,21,2,44,9,Nifty Smallcap 100,Sundaram LT Micro Cap Tax Adv Fund-Sr VI-Reg(G),14.53,0.11,0.21,0.98,0.08,-5.35,53
Groww BSE Power ETF FoF-Reg(G),2025-08-07,50008,,0.1,0.35,1.02,0.08,1.46,,,,,,0.01,,73,57,123,70,56,BSE Power Index - TRI,Groww BSE Power ETF FoF-Reg(G),12.98,0.06,0.25,0.07,0.69,5.86,99
Groww Nifty Chemicals ETF,2026-01-13,50140,,0.08,0.15,1.0,-0.05,,,,,,,,,108,110,44,216,,Nifty Chemicals - TRI,Groww Nifty Chemicals ETF,15.71,-0.1,0.07,0.99,0.07,-3.59,208
UTI Medium Term Fund-Reg(G),2015-03-31,31387,1.47,-0.04,-0.09,0.51,-0.02,-0.38,0.06,0.25,0.44,0.47,0.01,0.0,14,21,21,18,22,20,NIFTY Medium Duration Debt Index,UTI Medium Term Fund-Reg(G),1.27,0.15,0.2,0.39,0.05,289.22,22
Axis CRISIL IBX 50:50 Gilt Plus SDL Sep 2027 Index Fund-Reg(G),2023-02-27,47621,0.96,0.21,0.25,0.29,0.05,10.71,0.04,0.36,0.74,0.27,0.01,0.04,8,11,8,8,11,9,CRISIL IBX 50:50 Gilt Plus SDL Index - September 2027,Axis CRISIL IBX 50:50 Gilt Plus SDL Sep 2027 Index Fund-Reg(G),1.27,0.15,0.2,0.39,0.05,289.22,22
Axis Multi Factor Passive FoF-Reg(G),2022-02-24,46371,13.08,0.07,0.12,0.94,-0.17,-2.14,0.81,0.0,-0.01,1.96,-0.03,-0.01,45,124,128,17,261,72,NIFTY 500 - TRI,Axis Multi Factor Passive FoF-Reg(G),15.71,-0.1,0.07,0.99,0.07,-3.59,208
Aditya Birla SL Multi-Asset Passive FoF-Reg(G),2022-10-17,46956,10.26,0.27,0.5,0.65,0.49,2.52,0.71,0.06,0.08,1.79,0.02,0.01,31,39,41,71,44,51,NIFTY 500 - TRI,Aditya Birla SL Multi-Asset Passive FoF-Reg(G),12.98,0.06,0.25,0.07,0.69,5.86,99
Kotak Nifty 200 Momentum 30 ETF,2025-10-10,50098,,-0.16,-0.26,1.0,-0.06,,,,,,,,,240,237,162,230,,Nifty200 Momentum 30 - TRI,Kotak Nifty 200 Momentum 30 ETF,15.71,-0.1,0.07,0.99,0.07,-3.59,208
Bandhan Nifty Next 50 Index Fund-Reg(G),2025-02-28,49614,,0.16,0.31,1.0,-0.1,-0.45,,,,,,0.0,,47,48,157,184,73,NIFTY NEXT 50 - TRI,Bandhan Nifty Next 50 Index Fund-Reg(G),15.61,-0.08,0.01,1.0,-0.03,-5.19,219
HDFC NIFTY50 Value 20 ETF,2022-09-23,46890,12.72,0.01,0.02,1.0,-0.02,-17.64,0.91,0.01,0.02,0.96,0.0,-0.07,38,175,175,99,139,191,Nifty50 Value 20 - TRI,HDFC NIFTY50 Value 20 ETF,15.71,-0.1,0.07,0.99,0.07,-3.59,208
Angel One Gold ETF FOF-Reg(G),2025-09-10,50225,,0.36,0.76,-1.53,2.16,22.86,,,,,,0.09,,20,30,16,28,2,Gold-India,Angel One Gold ETF FOF-Reg(G),12.98,0.06,0.25,0.07,0.69,5.86,99
HDFC FMP-Sr 46-1876D-Mar 2022-Reg(G),2022-03-29,46540,0.83,0.29,0.29,0.3,0.06,27.62,0.04,0.39,0.85,0.25,0.01,0.11,16,7,8,33,11,12,NIFTY Medium to Long Duration Debt Index,HDFC FMP-Sr 46-1876D-Mar 2022-Reg(G),1.07,0.21,0.21,0.37,0.05,70.42,49
Bandhan Nifty 500 Value 50 Index Fund-Reg(G),2024-10-29,48800,,0.05,0.09,1.0,-0.11,5.62,,,,,,0.02,,103,103,214,202,18,NIFTY500 Value 50 - TRI,Bandhan Nifty 500 Value 50 Index Fund-Reg(G),15.61,-0.08,0.01,1.0,-0.03,-5.19,219
Quantum Nifty 50 ETF FOF-Reg(G),2022-08-05,46655,12.01,0.04,0.07,0.98,-0.03,-4.56,0.76,0.02,0.04,1.4,0.0,-0.02,34,95,95,105,95,97,NIFTY 50 - TRI,Quantum Nifty 50 ETF FOF-Reg(G),12.98,0.06,0.25,0.07,0.69,5.86,99
Groww Gilt Fund-Reg(G),2025-05-09,49836,,-0.65,-0.97,0.81,-0.32,-4.33,,,,,,-0.02,,38,38,10,38,38,CRISIL Dynamic Gilt Index,Groww Gilt Fund-Reg(G),2.89,-0.02,-0.05,0.91,-0.03,1.5,38
Mirae Asset BSE Midcap 150 Momentum 30 ETF FOF-Reg(G),2026-07-23,50928,,0.26,0.73,1.21,0.78,,,,,,,,,41,32,130,34,,BSE Midcap 150 Momentum 30 - TRI,Mirae Asset BSE Midcap 150 Momentum 30 ETF FOF-Reg(G),12.98,0.06,0.25,0.07,0.69,5.86,99
Sundaram LT Tax Adv Fund-Sr III-Reg(G),2018-03-28,38374,17.35,0.14,0.27,1.12,0.3,5.82,1.13,0.01,0.02,0.86,0.0,0.02,44,16,15,48,13,1,BSE 500,Sundaram LT Tax Adv Fund-Sr III-Reg(G),14.53,0.11,0.21,0.98,0.08,-5.35,53
Kotak NIFTY India Consumption ETF,2022-07-28,45731,14.56,0.13,0.22,1.0,-0.01,-11.87,0.92,0.03,0.06,0.8,0.02,-0.05,63,77,82,125,77,167,Nifty India Consumption - TRI,Kotak NIFTY India Consumption ETF,15.71,-0.1,0.07,0.99,0.07,-3.59,208
Angel One Silver ETF,2026-02-24,50669,,-0.13,-0.22,-2.28,-1.5,,,,,,,,,42,42,8,42,,Silver,Angel One Silver ETF,26.35,0.38,0.92,-1.14,2.95,21.33,38
Bandhan Nifty IT Index Fund-Reg(G),2023-08-31,48140,24.1,-0.03,-0.05,1.0,-0.06,-28.55,1.26,0.01,0.01,0.8,0.0,-0.11,101,167,166,230,63,216,NIFTY IT - TRI,Bandhan Nifty IT Index Fund-Reg(G),15.61,-0.08,0.01,1.0,-0.03,-5.19,219
UTI BSE Sensex Next 50 ETF,2019-03-08,41461,15.58,0.2,0.37,1.16,0.72,-2.57,1.2,0.04,0.06,1.07,0.04,-0.01,90,37,43,263,17,82,BSE Sensex Next 50 - TRI,UTI BSE Sensex Next 50 ETF,15.71,-0.1,0.07,0.99,0.07,-3.59,208
Bank of India Midcap Tax Fund-Sr 2-Reg(G),2018-10-19,39958,16.97,0.16,0.3,1.15,0.38,1.64,1.27,0.01,0.01,1.05,-0.01,0.01,42,11,11,50,8,11,BSE 500 - TRI,Bank of India Midcap Tax Fund-Sr 2-Reg(G),14.53,0.11,0.21,0.98,0.08,-5.35,53
WSIF Equity Long-Short Fund-Reg(G),2026-05-06,75101,,0.27,0.65,1.23,0.81,,,,,,,,,16,16,28,14,,NIFTY 500 - TRI,WSIF Equity Long-Short Fund-Reg(G),,0.37,0.71,0.62,1.07,,30
ITI Banking & PSU Debt Fund-Reg(G),2020-10-22,44398,1.01,-0.01,-0.02,0.6,0.0,1.44,0.04,0.28,0.51,0.3,0.01,0.01,2,19,19,14,19,13,CRISIL Banking and PSU Debt Index,ITI Banking & PSU Debt Fund-Reg(G),1.39,0.06,0.08,0.61,0.02,9.67,21
Invesco India Nifty Bank Index Fund-Reg(G),2026-05-13,50836,,0.21,0.71,0.99,-0.07,,,,,,,,,10,3,41,85,,NIFTY BANK - TRI,Invesco India Nifty Bank Index Fund-Reg(G),15.61,-0.08,0.01,1.0,-0.03,-5.19,219
Mirae Asset Silver ETF FOF-Reg(G),2026-03-24,46380,,-0.06,-0.11,-0.33,-0.68,,,,,,,,,107,108,27,129,,Silver,Mirae Asset Silver ETF FOF-Reg(G),12.98,0.06,0.25,0.07,0.69,5.86,99
Angel One Nifty 50 Index Fund-Reg(G),2025-05-22,49842,,-0.21,-0.3,1.0,-0.05,-12.42,,,,,,-0.05,,233,230,212,47,178,NIFTY 50 - TRI,Angel One Nifty 50 Index Fund-Reg(G),15.61,-0.08,0.01,1.0,-0.03,-5.19,219
Shriram Nifty 1D Rate Liquid ETF,2024-07-05,48953,,-1.99,-0.55,0.92,-0.04,2572.59,,,,,,10.21,,26,26,22,25,2,Nifty 1D Rate Index,Shriram Nifty 1D Rate Liquid ETF,1.67,-1.32,-0.26,0.79,0.05,-127.32,30
Bajaj Finserv Nifty Next 50 Index Fund-Reg(G),2025-05-12,49837,,0.02,0.04,1.0,-0.12,-0.93,,,,,,0.0,,137,136,210,214,77,NIFTY NEXT 50 - TRI,Bajaj Finserv Nifty Next 50 Index Fund-Reg(G),15.61,-0.08,0.01,1.0,-0.03,-5.19,219
Motilal Oswal BSE Financials ex Bank 30 Index Fund-Reg(G),2022-07-29,46118,15.54,0.15,0.27,1.12,0.49,-4.59,1.33,0.04,0.06,1.2,0.04,-0.02,53,50,53,245,14,106,BSE Financials ex Bank 30 - TRI,Motilal Oswal BSE Financials ex Bank 30 Index Fund-Reg(G),15.61,-0.08,0.01,1.0,-0.03,-5.19,219
Sundaram Medium Term Fund(G),1997-12-18,2936,1.48,-0.25,-0.56,0.52,-0.11,-3.45,0.07,0.14,0.25,0.54,0.0,-0.01,15,23,23,19,23,22,NIFTY Medium Duration Debt Index,Sundaram Medium Term Fund(G),1.27,0.15,0.2,0.39,0.05,289.22,22
UTI Nifty SDL Plus AAA PSU Bond Apr 2028 75:25 Index Fund-Reg(G),2023-03-03,47706,1.35,0.16,0.25,0.42,0.06,7.94,0.06,0.26,0.54,0.3,0.01,0.03,24,29,20,31,29,26,Nifty SDL Plus AAA PSU Bond Apr 2028 75:25 Index,UTI Nifty SDL Plus AAA PSU Bond Apr 2028 75:25 Index Fund-Reg(G),1.48,0.13,0.16,0.5,0.04,15.25,58
Axis Nifty500 Value 50 ETF,2025-03-13,49181,,0.22,0.44,1.0,-0.02,6.53,,,,,,0.03,,29,31,238,129,23,NIFTY500 Value 50 - TRI,Axis Nifty500 Value 50 ETF,15.71,-0.1,0.07,0.99,0.07,-3.59,208
Aditya Birla SL CRISIL 10 Year Gilt ETF,2024-08-13,49045,,-0.08,-0.18,0.99,0.04,-2.34,,,,,,-0.01,,16,16,29,11,14,CRISIL 10 Year Gilt Index,Aditya Birla SL CRISIL 10 Year Gilt ETF,1.67,-1.32,-0.26,0.79,0.05,-127.32,30
SBI CRISIL - IBX SDL Index - June 2034 Index Fund-Reg(G),2026-07-15,50799,,-1.33,-1.9,1.41,0.07,,,,,,,,,26,26,26,6,,CRISIL IBX SDL Index - June 2034,SBI CRISIL - IBX SDL Index - June 2034 Index Fund-Reg(G),3.36,-0.25,-0.14,1.09,-0.01,-0.58,25
Sundaram LT Micro Cap Tax Adv Fund-Sr V-Reg(G),2017-07-05,36903,18.08,0.13,0.26,0.81,-0.14,4.31,1.16,0.02,0.02,0.89,0.01,0.02,48,19,17,3,40,5,Nifty Smallcap 100,Sundaram LT Micro Cap Tax Adv Fund-Sr V-Reg(G),14.53,0.11,0.21,0.98,0.08,-5.35,53
UTI Nifty India Manufacturing Index Fund-Reg(G),2025-02-13,49584,,0.27,0.52,1.0,-0.1,1.23,,,,,,0.0,,7,9,62,94,45,Nifty India Manufacturing - TRI,UTI Nifty India Manufacturing Index Fund-Reg(G),15.29,0.02,0.15,0.99,0.29,0.01,108
JioBlackRock Nifty 8-13 yr G-Sec Index Fund-Reg(G),2026-08-17,51173,,-5.57,-2.37,0.84,-0.25,,,,,,,,,27,27,3,27,,Nifty 8-13 yr G-Sec,JioBlackRock Nifty 8-13 yr G-Sec Index Fund-Reg(G),3.36,-0.25,-0.14,1.09,-0.01,-0.58,25
Edelweiss Nifty500 Multicap Momentum Quality 50 ETF,2024-10-31,49220,,-0.12,-0.19,1.0,-1.07,-4.71,,,,,,-0.02,,233,234,49,271,103,Nifty500 Multicap Momentum Quality 50 - TRI,Edelweiss Nifty500 Multicap Momentum Quality 50 ETF,15.71,-0.1,0.07,0.99,0.07,-3.59,208
ICICI Pru Nifty Top 15 Equal Weight Index Fund-Reg(G),2025-06-26,49748,,-0.24,-0.33,0.99,-0.08,-16.83,,,,,,-0.07,,239,235,32,113,208,Nifty Top 15 Equal Weight - TRI,ICICI Pru Nifty Top 15 Equal Weight Index Fund-Reg(G),15.61,-0.08,0.01,1.0,-0.03,-5.19,219
TRUSTMF Overnight Fund-Reg(G),2022-01-18,45719,0.21,-0.94,-0.27,1.06,0.01,-3726.3,0.0,0.38,0.15,0.0,0.0,-14.79,31,11,26,36,7,34,CRISIL Liquid Overnight Index,TRUSTMF Overnight Fund-Reg(G),0.2,-1.54,-0.3,0.93,0.0,1442.09,35
Motilal Oswal Multi Factor Passive FoF-Reg(G),2026-03-12,49312,,0.13,0.36,0.96,-0.58,,,,,,,,,66,53,95,128,,NIFTY 500 - TRI,Motilal Oswal Multi Factor Passive FoF-Reg(G),12.98,0.06,0.25,0.07,0.69,5.86,99
The Wealth Company Gold ETF,2025-12-29,50521,,0.15,0.3,0.2,1.25,,,,,,,,,40,40,42,40,,Gold-India,The Wealth Company Gold ETF,26.35,0.38,0.92,-1.14,2.95,21.33,38
Mirae Asset Multi Factor Passive FOF-Reg(G),2025-08-29,50137,,-0.01,-0.02,0.96,0.28,0.0,,,,,,0.0,,102,102,94,54,70,NIFTY 500 - TRI,Mirae Asset Multi Factor Passive FOF-Reg(G),12.98,0.06,0.25,0.07,0.69,5.86,99
Axis BSE India Sector Leaders Index Fund-Reg(G),2026-02-11,50588,,-0.18,-0.27,1.1,0.72,,,,,,,,,228,227,242,11,,BSE India Sector Leaders Index - TRI,Axis BSE India Sector Leaders Index Fund-Reg(G),15.61,-0.08,0.01,1.0,-0.03,-5.19,219
HDFC Income Plus Arbitrage Omni FOF-Reg(G),2026-03-12,50397,,0.4,0.57,0.3,0.2,,,,,,,,,16,38,45,58,,Nifty Short Duration Debt Index,HDFC Income Plus Arbitrage Omni FOF-Reg(G),12.98,0.06,0.25,0.07,0.69,5.86,99
JM Medium to Long Term Fund-Reg(G),1995-04-01,1921,2.19,-0.03,-0.07,0.77,-0.02,-2.39,0.12,0.14,0.23,0.96,0.0,-0.01,40,49,50,47,52,56,CRISIL Medium to Long Term Debt Index,JM Medium to Long Term Fund-Reg(G),1.48,0.13,0.16,0.5,0.04,15.25,58
Aditya Birla SL BSE India Infrastructure Index Fund-Reg(G),2024-12-04,49355,,-0.15,-0.28,0.99,0.05,-10.31,,,,,,-0.04,,22,22,9,18,19,BSE India Infrastructure Index - TRI,Aditya Birla SL BSE India Infrastructure Index Fund-Reg(G),17.95,0.15,0.3,1.03,0.46,-1.25,21
Groww Nifty 500 Momentum 50 ETF,2025-04-23,49328,,0.02,0.03,1.0,-0.07,0.68,,,,,,0.0,,172,172,232,238,53,Nifty500 Momentum 50 - TRI,Groww Nifty 500 Momentum 50 ETF,15.71,-0.1,0.07,0.99,0.07,-3.59,208
SBI FMP-34-3682D-Reg(G),2020-05-05,44969,2.01,0.11,0.23,0.87,0.04,-0.83,0.06,0.11,0.19,0.38,0.0,0.0,29,46,22,48,28,35,CRISIL Long Duration Debt Index,SBI FMP-34-3682D-Reg(G),1.07,0.21,0.21,0.37,0.05,70.42,49
SBI FMP-59-1618D-Reg(G),2022-01-31,46334,0.65,0.06,0.05,0.2,0.01,-19.48,0.03,0.12,0.2,0.14,0.0,-0.08,11,48,48,17,49,43,CRISIL Medium to Long Term Debt Index,SBI FMP-59-1618D-Reg(G),1.07,0.21,0.21,0.37,0.05,70.42,49
Bajaj Finserv Gilt Fund-Reg(G),2025-01-15,48966,,-0.21,-0.42,1.11,-0.05,-1.18,,,,,,0.0,,36,36,25,24,21,CRISIL Dynamic Gilt Index,Bajaj Finserv Gilt Fund-Reg(G),2.89,-0.02,-0.05,0.91,-0.03,1.5,38
Aditya Birla SL FTP-TJ-1838D-Reg(G),2021-07-16,45628,0.62,0.3,0.22,0.18,0.05,140.31,0.04,0.38,0.86,0.14,0.01,0.56,7,6,25,5,27,8,CRISIL Medium to Long Term Debt Index,Aditya Birla SL FTP-TJ-1838D-Reg(G),1.07,0.21,0.21,0.37,0.05,70.42,49
Samco Overnight Fund-Reg(G),2022-10-12,46969,0.21,-1.36,-0.41,1.01,-0.02,-865.59,0.0,0.05,0.01,0.0,0.0,-3.43,30,34,34,32,34,33,CRISIL Liquid Overnight Index,Samco Overnight Fund-Reg(G),0.2,-1.54,-0.3,0.93,0.0,1442.09,35
Aditya Birla SL Nifty IT ETF,2021-10-29,45697,23.8,-0.02,-0.03,1.0,0.0,-27.37,1.26,0.01,0.01,0.79,0.0,-0.11,130,203,204,62,64,197,NIFTY IT - TRI,Aditya Birla SL Nifty IT ETF,15.71,-0.1,0.07,0.99,0.07,-3.59,208
Navi Nifty 500 Multicap 50:25:25 Index Fund-Reg(G),2024-08-01,48958,,-0.07,-0.12,0.98,-0.11,-4.54,,,,,,-0.02,,185,185,18,196,104,Nifty500 Multicap 50:25:25 - TRI,Navi Nifty 500 Multicap 50:25:25 Index Fund-Reg(G),15.61,-0.08,0.01,1.0,-0.03,-5.19,219
Samco Arbitrage Fund-Reg(G),2024-11-29,49350,,-1.51,-1.62,0.0,-0.22,12.8,,,,,,0.05,,37,38,3,38,1,Nifty 50 Arbitrage - TRI,Samco Arbitrage Fund-Reg(G),0.48,-0.27,-0.2,0.37,-0.04,-32.03,32
Aditya Birla SL CRISIL IBX Gilt April 2033 Index Fund-Reg(G),2023-12-22,48411,,0.12,0.26,0.85,0.08,-0.28,0.11,0.19,0.33,0.89,0.01,0.0,,2,2,5,2,8,CRISIL IBX Gilt Index - April 2033,Aditya Birla SL CRISIL IBX Gilt April 2033 Index Fund-Reg(G),3.36,-0.25,-0.14,1.09,-0.01,-0.58,25
Nippon India Nifty 500 Low Volatility 50 Index Fund-Reg(G),2025-05-07,49833,,-0.08,-0.12,1.0,-0.11,-11.84,,,,,,-0.05,,190,187,97,210,157,Nifty500 Low Volatility 50 - TRI,Nippon India Nifty 500 Low Volatility 50 Index Fund-Reg(G),15.61,-0.08,0.01,1.0,-0.03,-5.19,219
Aditya Birla SL Retirement Fund-50-Reg(G),2019-03-11,42774,3.71,0.04,0.08,0.97,-0.08,-1.56,0.24,0.06,0.09,1.03,0.0,-0.01,10,14,14,12,19,9,CRISIL Short Term Debt Hybrid 75+25 Index,Aditya Birla SL Retirement Fund-50-Reg(G),4.05,0.06,0.13,0.99,0.01,-2.02,27
Groww Nifty 50 Index Fund-Reg(G),2025-07-21,50018,,-0.23,-0.32,1.0,-0.11,-12.88,,,,,,-0.05,,236,232,73,193,187,NIFTY 50 - TRI,Groww Nifty 50 Index Fund-Reg(G),15.61,-0.08,0.01,1.0,-0.03,-5.19,219
Kotak Nifty500 Momentum 50 Index Fund-Reg(G),2025-12-11,50233,,0.0,0.01,1.0,-0.08,,,,,,,,,147,147,187,89,,Nifty500 Momentum 50 - TRI,Kotak Nifty500 Momentum 50 Index Fund-Reg(G),15.61,-0.08,0.01,1.0,-0.03,-5.19,219
UTI Nifty 5 yr Benchmark G-Sec ETF,2024-01-29,48533,,0.13,0.27,0.7,0.1,0.25,0.09,0.24,0.44,0.61,0.01,0.0,,5,5,13,5,6,Nifty 5 yr Benchmark G-Sec Index TRI,UTI Nifty 5 yr Benchmark G-Sec ETF,1.67,-1.32,-0.26,0.79,0.05,-127.32,30
DSP BSE Sensex Next 30 Index Fund-Reg(G),2025-01-30,49537,,0.2,0.39,0.88,0.88,2.17,,,,,,0.01,,13,12,8,9,28,BSE Sensex Next 30 - TRI,DSP BSE Sensex Next 30 Index Fund-Reg(G),15.61,-0.08,0.01,1.0,-0.03,-5.19,219
SBI BSE Sensex Next 50 ETF,2018-09-25,38734,15.54,0.2,0.37,1.0,0.09,-2.62,1.19,0.04,0.06,1.07,0.04,-0.01,87,41,47,205,40,83,BSE Sensex Next 50 - TRI,SBI BSE Sensex Next 50 ETF,15.71,-0.1,0.07,0.99,0.07,-3.59,208
DSP FMP 270-1172D-Reg(G),2023-02-24,47634,0.95,0.15,0.18,0.33,0.04,13.28,0.04,0.36,0.7,0.16,0.01,0.05,20,36,33,35,34,24,CRISIL Medium Duration Debt Index,DSP FMP 270-1172D-Reg(G),1.07,0.21,0.21,0.37,0.05,70.42,49
ICICI Pru Nifty200 Quality 30 Index Fund-Reg(G),2025-06-09,49749,,-0.16,-0.28,1.0,-0.09,-12.52,,,,,,-0.05,,227,228,58,126,183,NIFTY200 Quality 30 - TRI,ICICI Pru Nifty200 Quality 30 Index Fund-Reg(G),15.61,-0.08,0.01,1.0,-0.03,-5.19,219
UTI Nifty 1D Rate Liquid ETF(G),2026-07-16,50816,,-5.9,-0.73,0.57,-0.07,,,,,,,,,34,31,7,30,,Nifty 1D Rate Index,UTI Nifty 1D Rate Liquid ETF(G),1.67,-1.32,-0.26,0.79,0.05,-127.32,30
ITI Dynamic Term Fund-Reg(G),2021-07-14,45597,2.26,-0.16,-0.38,0.74,-0.11,-8.19,0.13,0.12,0.19,0.97,0.0,-0.03,8,21,22,7,20,23,CRISIL Dynamic Bond Index,ITI Dynamic Term Fund-Reg(G),2.42,-0.03,-0.06,0.87,-0.03,0.57,23
Groww Dynamic Term Fund-Reg(G),2018-12-04,38110,2.4,-0.19,-0.4,0.89,-0.13,-3.28,0.11,0.1,0.16,0.87,0.0,-0.01,13,23,23,15,22,20,CRISIL Dynamic Bond Index,Groww Dynamic Term Fund-Reg(G),2.42,-0.03,-0.06,0.87,-0.03,0.57,23
DSP Nifty Healthcare Index Fund-Reg(G),2025-06-20,49905,,0.15,0.33,0.99,-0.08,19.91,,,,,,0.08,,19,18,20,18,14,Nifty Healthcare Index - TRI,DSP Nifty Healthcare Index Fund-Reg(G),14.03,0.27,0.57,0.76,0.62,25.03,20
Bandhan BSE India Sector Leaders Index Fund-Reg(G),2025-09-23,50132,,-0.22,-0.33,1.05,0.2,-11.62,,,,,,-0.05,,234,234,237,22,156,BSE India Sector Leaders Index - TRI,Bandhan BSE India Sector Leaders Index Fund-Reg(G),15.61,-0.08,0.01,1.0,-0.03,-5.19,219
Motilal Oswal Nifty MidSmall India Consumption Index Fund-Reg(G),2024-11-19,47385,,-0.16,-0.25,1.0,-0.09,-12.3,,,,,,-0.05,,224,225,83,143,177,Nifty MidSmall India Consumption - TRI,Motilal Oswal Nifty MidSmall India Consumption Index Fund-Reg(G),15.61,-0.08,0.01,1.0,-0.03,-5.19,219
Kotak BSE Sensex ETF,2008-06-06,5285,12.31,0.0,-0.01,1.0,-0.17,-13.46,0.88,0.02,0.03,0.99,0.01,-0.05,27,195,195,230,260,184,BSE SENSEX - TRI,Kotak BSE Sensex ETF,15.71,-0.1,0.07,0.99,0.07,-3.59,208
Axis NIFTY Healthcare ETF,2021-05-17,45520,13.95,0.28,0.62,1.0,-0.02,20.31,0.99,0.07,0.11,0.59,0.06,0.08,50,21,22,86,161,11,Nifty Healthcare Index - TRI,Axis NIFTY Healthcare ETF,15.71,-0.1,0.07,0.99,0.07,-3.59,208
Aditya Birla SL Nifty 200 Quality 30 ETF,2022-08-12,46122,14.2,0.08,0.14,1.0,-0.02,-11.31,0.88,0.01,0.02,0.79,0.0,-0.04,54,114,113,98,148,147,NIFTY200 Quality 30 - TRI,Aditya Birla SL Nifty 200 Quality 30 ETF,15.71,-0.1,0.07,0.99,0.07,-3.59,208
UTI BSE Housing Index Fund-Reg(G),2023-06-07,47964,18.65,0.05,0.09,1.27,0.06,-12.45,1.32,0.02,0.03,1.11,0.01,-0.05,80,100,101,249,25,179,BSE Housing - TRI,UTI BSE Housing Index Fund-Reg(G),15.61,-0.08,0.01,1.0,-0.03,-5.19,219
UTI Nifty 10 yr Benchmark G-Sec ETF,2024-01-29,48534,,-0.01,-0.02,0.94,-0.01,-2.92,0.14,0.17,0.29,1.07,0.01,-0.01,,14,14,25,17,16,Nifty 10 yr Benchmark G-Sec,UTI Nifty 10 yr Benchmark G-Sec ETF,1.67,-1.32,-0.26,0.79,0.05,-127.32,30
Mirae Asset BSE LargeMid (60:40) Stable Dividend 50 ETF,2026-08-14,51073,,-6.44,-1.82,1.01,-0.04,,,,,,,,,270,268,247,210,,BSE LargeMid (60:40) Stable Dividend 50 - TRI,Mirae Asset BSE LargeMid (60:40) Stable Dividend 50 ETF,15.71,-0.1,0.07,0.99,0.07,-3.59,208
Kotak BSE Sensex Index Fund-Reg(G),2025-02-17,49580,,-0.07,-0.11,1.03,-0.22,-14.06,,,,,,-0.06,,186,183,235,245,197,BSE SENSEX - TRI,Kotak BSE Sensex Index Fund-Reg(G),15.61,-0.08,0.01,1.0,-0.03,-5.19,219
Mirae Asset BSE Select IPO ETF,2025-03-10,49500,,0.12,0.24,0.9,-0.82,-7.21,,,,,,-0.03,,82,76,14,268,123,BSE Select IPO Index - TRI,Mirae Asset BSE Select IPO ETF,15.71,-0.1,0.07,0.99,0.07,-3.59,208
Aditya Birla SL Nifty PSE ETF,2024-05-17,48469,,-0.1,-0.18,0.99,0.16,-6.3,,,,,,-0.02,,228,229,26,37,117,NIFTY PSE,Aditya Birla SL Nifty PSE ETF,15.71,-0.1,0.07,0.99,0.07,-3.59,208
SBI Nifty Consumption ETF,2021-07-22,45613,14.52,0.12,0.21,1.0,-0.02,-11.97,0.92,0.03,0.05,0.8,0.02,-0.05,60,81,84,138,156,168,Nifty India Consumption - TRI,SBI Nifty Consumption ETF,15.71,-0.1,0.07,0.99,0.07,-3.59,208
Capitalmind Arbitrage Fund-Reg(G),2026-03-16,50667,,-0.93,-0.73,0.01,-0.12,,,,,,,,,36,36,5,37,,Nifty 50 Arbitrage - TRI,Capitalmind Arbitrage Fund-Reg(G),0.48,-0.27,-0.2,0.37,-0.04,-32.03,32
Bandhan Aggressive Hybrid Passive FOF-Reg(G),2010-02-11,8457,9.99,0.19,0.36,1.07,0.26,1.16,0.59,0.04,0.06,1.57,0.0,0.0,29,54,51,126,55,59,CRISIL Hybrid 35+65 - Aggressive Index,Bandhan Aggressive Hybrid Passive FOF-Reg(G),12.98,0.06,0.25,0.07,0.69,5.86,99
Sundaram LT Tax Adv Fund-Sr IV-Reg(G),2018-06-29,39388,17.15,0.14,0.28,1.1,0.32,5.52,1.12,0.02,0.02,0.85,0.01,0.02,43,14,13,47,11,3,BSE 500,Sundaram LT Tax Adv Fund-Sr IV-Reg(G),14.53,0.11,0.21,0.98,0.08,-5.35,53
Motilal Oswal Nifty Next 50 ETF,2025-05-09,49855,,0.07,0.13,1.0,-0.01,0.4,,,,,,0.0,,123,123,210,84,61,NIFTY NEXT 50 - TRI,Motilal Oswal Nifty Next 50 ETF,15.71,-0.1,0.07,0.99,0.07,-3.59,208
Bandhan Nifty 50 ETF,2016-10-07,34198,12.15,0.04,0.07,1.0,-0.01,-11.37,0.87,0.02,0.03,0.99,0.01,-0.05,2,162,163,110,82,151,NIFTY 50 - TRI,Bandhan Nifty 50 ETF,15.71,-0.1,0.07,0.99,0.07,-3.59,208
UTI Annual Interval Fund-I-(G),2007-07-18,3541,0.26,-0.5,-0.17,0.27,-0.05,-54.08,0.02,0.56,1.16,0.02,0.01,-0.21,2,51,51,30,51,45,NIFTY Low Duration Debt Index,UTI Annual Interval Fund-I-(G),1.07,0.21,0.21,0.37,0.05,70.42,49
Baroda BNP Paribas Nifty200 Momentum 30 Index Fund-Reg(G),2024-10-15,49199,,-0.19,-0.28,1.0,-0.15,-4.86,,,,0.0,,-0.02,,230,229,173,233,113,Nifty200 Momentum 30 - TRI,Baroda BNP Paribas Nifty200 Momentum 30 Index Fund-Reg(G),15.61,-0.08,0.01,1.0,-0.03,-5.19,219
Mirae Asset Income plus Arbitrage Active FOF-Reg(G),2025-07-04,49935,,-0.41,-0.66,0.27,0.0,5.44,,,,,,0.02,,126,126,43,90,38,Nifty Short Duration Debt Index,Mirae Asset Income plus Arbitrage Active FOF-Reg(G),12.98,0.06,0.25,0.07,0.69,5.86,99
HDFC NIFTY Growth Sectors 15 ETF,2022-09-23,46047,14.52,0.03,0.05,1.0,-0.03,-14.92,0.84,-0.01,-0.01,0.69,-0.01,-0.06,59,168,169,141,187,188,Nifty Growth Sectors 15 - TRI,HDFC NIFTY Growth Sectors 15 ETF,15.71,-0.1,0.07,0.99,0.07,-3.59,208
Mirae Asset Nifty India New Age Consumption ETF FoF-Reg(G),2025-01-02,49481,,-0.01,-0.01,0.99,-0.53,-2.97,,,,,,-0.01,,101,101,114,126,96,Nifty India New Age Consumption - TRI,Mirae Asset Nifty India New Age Consumption ETF FoF-Reg(G),12.98,0.06,0.25,0.07,0.69,5.86,99
PGIM India CRISIL IBX Gilt Index - Apr 2028 Fund-Reg(G),2023-02-22,47617,1.12,0.13,0.19,0.35,0.04,4.23,0.06,0.28,0.59,0.4,0.01,0.02,19,41,37,25,41,36,CRISIL IBX Gilt Index - April 2028,PGIM India CRISIL IBX Gilt Index - Apr 2028 Fund-Reg(G),1.48,0.13,0.16,0.5,0.04,15.25,58
Kotak Nifty G-Sec July 2033 Index Fund-Reg(G),2023-10-11,48255,,0.14,0.3,0.87,0.07,-0.6,0.11,0.19,0.33,0.88,0.01,0.0,,1,1,9,5,13,Nifty G-Sec July 2033 Index,Kotak Nifty G-Sec July 2033 Index Fund-Reg(G),3.36,-0.25,-0.14,1.09,-0.01,-0.58,25
HDFC NIFTY100 Quality 30 ETF,2022-09-23,46043,13.28,0.09,0.17,1.0,-0.01,-9.22,0.82,0.01,0.01,0.78,0.0,-0.04,46,104,101,196,114,132,NIFTY100 Quality 30 - TRI,HDFC NIFTY100 Quality 30 ETF,15.71,-0.1,0.07,0.99,0.07,-3.59,208
Aditya Birla SL CRISIL IBX Gilt Apr 2028 Index Fund-Reg(G),2023-03-15,47757,1.11,0.07,0.11,0.34,0.02,3.3,0.06,0.26,0.53,0.39,0.01,0.01,18,45,45,24,48,37,CRISIL IBX Gilt Index - April 2028,Aditya Birla SL CRISIL IBX Gilt Apr 2028 Index Fund-Reg(G),1.48,0.13,0.16,0.5,0.04,15.25,58
Angel One Nifty 50 ETF,2025-05-22,49843,,-0.2,-0.28,1.0,0.01,-11.44,,,,,,-0.05,,244,240,208,49,163,NIFTY 50 - TRI,Angel One Nifty 50 ETF,15.71,-0.1,0.07,0.99,0.07,-3.59,208
Invesco India BSE Sensex Index Fund-Reg(G),2026-05-13,50838,,-0.08,-0.13,1.13,0.25,,,,,,,,,191,191,246,21,,BSE SENSEX - TRI,Invesco India BSE Sensex Index Fund-Reg(G),15.61,-0.08,0.01,1.0,-0.03,-5.19,219
Bandhan BSE Healthcare Index Fund-Reg(G),2024-09-06,48745,,0.06,0.12,0.58,0.61,20.64,,,,,,0.08,,94,94,3,12,4,BSE Health Care - TRI,Bandhan BSE Healthcare Index Fund-Reg(G),15.61,-0.08,0.01,1.0,-0.03,-5.19,219
Groww Nifty Capital Markets ETF FOF-Reg(G),2025-12-04,50196,,0.2,0.58,0.98,-0.15,,,,,,,,,48,37,102,119,,Nifty Capital Markets Index - TRI,Groww Nifty Capital Markets ETF FOF-Reg(G),12.98,0.06,0.25,0.07,0.69,5.86,99
ICICI Pru Nifty 5 yr Benchmark G-SEC ETF,2022-03-07,46440,2.07,0.17,0.34,0.68,0.1,0.3,0.08,0.24,0.44,0.63,0.01,0.0,36,26,1,43,5,45,Nifty 5 yr Benchmark G-Sec Index TRI,ICICI Pru Nifty 5 yr Benchmark G-SEC ETF,1.48,0.13,0.16,0.5,0.04,15.25,58
Choice Nifty Next 50 Index Fund-Reg(G),2026-04-07,50792,,0.18,0.39,0.98,-0.11,-1759.19,,,,,,-6.98,,35,16,14,206,195,NIFTY NEXT 50 - TRI,Choice Nifty Next 50 Index Fund-Reg(G),15.61,-0.08,0.01,1.0,-0.03,-5.19,219
Bandhan Nifty Bank Index Fund-Reg(G),2024-08-27,48898,,-0.02,-0.04,1.0,-0.09,-3.07,,,,,,-0.01,,164,163,156,151,88,NIFTY BANK - TRI,Bandhan Nifty Bank Index Fund-Reg(G),15.61,-0.08,0.01,1.0,-0.03,-5.19,219
Bandhan Multi-Asset Passive FOF-Reg(G),2010-02-11,8458,6.84,0.14,0.27,0.45,0.07,-1.56,0.44,0.05,0.07,1.27,0.01,-0.01,21,64,66,57,72,86,NIFTY 500 - TRI,Bandhan Multi-Asset Passive FOF-Reg(G),12.98,0.06,0.25,0.07,0.69,5.86,99
Kotak Nifty Next 50 ETF,2026-01-07,50270,,0.09,0.17,0.99,-0.1,,,,,,,,,103,100,29,247,,NIFTY NEXT 50 - TRI,Kotak Nifty Next 50 ETF,15.71,-0.1,0.07,0.99,0.07,-3.59,208
Mirae Asset BSE 200 Equal Weight ETF,2025-03-10,49454,,0.13,0.24,1.05,0.54,-2.07,,,,,,-0.01,,74,75,255,22,66,BSE 200 Equal Weight - TRI,Mirae Asset BSE 200 Equal Weight ETF,15.71,-0.1,0.07,0.99,0.07,-3.59,208
Edelweiss BSE LargeMid (60:40) Stable Dividend 50 ETF,2026-07-31,51054,,-1.97,-1.6,1.22,1.76,,,,,,,,,264,264,267,5,,BSE LargeMid (60:40) Stable Dividend 50 - TRI,Edelweiss BSE LargeMid (60:40) Stable Dividend 50 ETF,15.71,-0.1,0.07,0.99,0.07,-3.59,208
Tata Nifty Pvt Bank ETF,2019-08-30,43854,14.96,0.01,0.01,1.0,-0.01,-3.07,1.05,0.02,0.04,1.01,0.01,-0.01,74,180,180,106,76,88,Nifty Private Bank - TRI,Tata Nifty Pvt Bank ETF,15.71,-0.1,0.07,0.99,0.07,-3.59,208
Mirae Asset Long Term Fund-Reg(G),2024-12-06,49233,,-0.24,-0.44,1.37,-0.13,-1.89,,,,,,-0.01,,25,25,23,25,24,CRISIL Long Duration Debt Index,Mirae Asset Long Term Fund-Reg(G),3.36,-0.25,-0.14,1.09,-0.01,-0.58,25
Navi BSE Sensex Index Fund-Reg(G),2023-09-04,48193,12.3,-0.02,-0.04,1.0,0.02,-14.31,0.88,0.02,0.03,0.99,0.0,-0.06,24,163,164,189,30,200,BSE SENSEX - TRI,Navi BSE Sensex Index Fund-Reg(G),15.61,-0.08,0.01,1.0,-0.03,-5.19,219
Sundaram Conservative Hybrid Fund(G),2010-03-08,8512,3.7,-0.14,-0.28,1.06,-0.23,-6.98,0.23,0.04,0.06,1.22,0.0,-0.03,8,27,27,17,27,27,CRISIL Hybrid 85+15 - Conservative Index,Sundaram Conservative Hybrid Fund(G),4.05,0.06,0.13,0.99,0.01,-2.02,27
DSP Nifty Healthcare ETF,2024-02-01,48427,,0.19,0.38,1.0,-0.02,21.07,0.99,0.07,0.11,0.59,0.06,0.08,,17,17,21,17,13,Nifty Healthcare Index - TRI,DSP Nifty Healthcare ETF,14.03,0.27,0.57,0.76,0.62,25.03,20
Aditya Birla SL Conservative Hybrid Active FOF(G),2011-05-09,8297,4.75,0.16,0.35,1.35,0.11,-0.13,0.38,0.07,0.11,1.22,0.01,0.0,15,60,56,131,68,71,CRISIL Hybrid 85+15 - Conservative Index,Aditya Birla SL Conservative Hybrid Active FOF(G),12.98,0.06,0.25,0.07,0.69,5.86,99
Motilal Oswal Nifty 100 ETF,2025-10-13,50366,,-0.25,-0.36,1.0,-0.04,,,,,,,,,248,246,89,194,,NIFTY 100 - TRI,Motilal Oswal Nifty 100 ETF,15.71,-0.1,0.07,0.99,0.07,-3.59,208
DSP Nifty Midcap 150 Index Fund-Reg(G),2025-12-11,50481,,0.0,0.0,0.99,-0.11,,,,,,,,,150,150,45,192,,Nifty Midcap 150 - TRI,DSP Nifty Midcap 150 Index Fund-Reg(G),15.61,-0.08,0.01,1.0,-0.03,-5.19,219
Groww Nifty PSE ETF,2026-02-09,50180,,-0.33,-0.65,1.0,-0.05,,,,,,,,,253,257,58,215,,NIFTY PSE - TRI,Groww Nifty PSE ETF,15.71,-0.1,0.07,0.99,0.07,-3.59,208
DSP Nifty Smallcap 250 Index Fund-Reg(G),2025-12-11,50482,,0.15,0.3,1.0,-0.1,,,,,,,,,51,49,57,179,,Nifty Smallcap 250 - TRI,DSP Nifty Smallcap 250 Index Fund-Reg(G),15.61,-0.08,0.01,1.0,-0.03,-5.19,219
Kotak Nifty 200 Quality 30 Index Fund-Reg(G),2025-07-14,49688,,-0.12,-0.2,1.0,-0.06,-12.17,,,,,,-0.05,,206,211,201,60,172,NIFTY200 Quality 30 - TRI,Kotak Nifty 200 Quality 30 Index Fund-Reg(G),15.61,-0.08,0.01,1.0,-0.03,-5.19,219
Motilal Oswal Nifty India Tourism ETF,2025-06-09,49968,,-0.25,-0.39,1.0,-0.07,-14.31,,,,,,-0.06,,249,249,92,239,186,Nifty India Tourism Index - TRI,Motilal Oswal Nifty India Tourism ETF,15.71,-0.1,0.07,0.99,0.07,-3.59,208
Groww Nifty Smallcap 250 ETF,2025-10-28,50236,,0.06,0.13,1.0,-0.03,,,,,,,,,128,121,41,165,,Nifty Smallcap 250 - TRI,Groww Nifty Smallcap 250 ETF,15.71,-0.1,0.07,0.99,0.07,-3.59,208
SBI Nifty G-sec Jul 2031 Index Fund-Reg(G),2026-05-26,50823,,-0.03,-0.08,0.95,0.01,,,,,,,,,51,51,58,49,,Nifty G-Sec July 2031 Index,SBI Nifty G-sec Jul 2031 Index Fund-Reg(G),1.48,0.13,0.16,0.5,0.04,15.25,58
The Wealth Company Gold ETF FOF-Reg(G),2026-01-30,50522,,-0.07,-0.12,-1.0,-0.53,,,,,,,,,108,109,18,127,,Gold-India,The Wealth Company Gold ETF FOF-Reg(G),12.98,0.06,0.25,0.07,0.69,5.86,99
Angel One Nifty Total Market Momentum Quality 50 ETF,2025-11-21,50396,,0.02,0.04,1.0,-0.07,,,,,,,,,171,171,214,237,,Nifty Total Market Momentum Quality 50 - TRI,Angel One Nifty Total Market Momentum Quality 50 ETF,15.71,-0.1,0.07,0.99,0.07,-3.59,208
LIC MF Childrens Fund-Reg(G),2001-10-16,2088,13.79,0.08,0.14,1.32,-0.02,0.05,1.1,0.02,0.03,2.39,-0.01,0.0,24,40,40,58,39,14,CRISIL Hybrid 35+65 - Aggressive Index,LIC MF Childrens Fund-Reg(G),13.95,-0.01,0.16,0.97,0.22,-3.42,53
Groww Nifty 200 ETF,2025-02-25,49236,,0.06,0.1,1.0,-0.04,-7.38,,,,,,-0.03,,129,132,39,197,124,NIFTY 200 - TRI,Groww Nifty 200 ETF,15.71,-0.1,0.07,0.99,0.07,-3.59,208
Kotak Nifty Private Bank ETF,2026-07-17,50969,,-0.55,-0.71,1.02,-0.07,,,,,,,,,259,258,250,235,,Nifty Private Bank - TRI,Kotak Nifty Private Bank ETF,15.71,-0.1,0.07,0.99,0.07,-3.59,208
Groww Nifty India Internet ETF FOF-Reg(G),2025-07-03,49978,,0.05,0.09,0.98,-0.13,-2.47,,,,,,-0.01,,90,92,108,113,88,Nifty India Internet & E-Commerce - TRI,Groww Nifty India Internet ETF FOF-Reg(G),12.98,0.06,0.25,0.07,0.69,5.86,99
DSP Nifty 500 Index Fund-Reg(G),2026-01-05,50490,,-0.12,-0.18,0.99,-0.1,-42.87,,,,,,-0.17,,208,206,36,170,176,NIFTY 500 - TRI,DSP Nifty 500 Index Fund-Reg(G),15.61,-0.08,0.01,1.0,-0.03,-5.19,219
Groww Nifty Realty ETF,2025-10-07,50295,,-0.08,-0.16,1.0,-0.03,,,,,,,,,224,227,71,189,,NIFTY REALTY - TRI,Groww Nifty Realty ETF,15.71,-0.1,0.07,0.99,0.07,-3.59,208
Edelweiss Nifty 50 ETF,2025-11-20,50363,,-0.36,-0.49,1.0,0.0,,,,,,,,,256,254,50,75,,NIFTY 50 - TRI,Edelweiss Nifty 50 ETF,15.71,-0.1,0.07,0.99,0.07,-3.59,208
Edelweiss BSE Top 10 Bank ETF,2026-07-31,51044,,-2.94,-1.92,0.64,0.23,,,,,,,,,266,272,5,33,,BSE Top 10 Banks Index - TRI,Edelweiss BSE Top 10 Bank ETF,15.71,-0.1,0.07,0.99,0.07,-3.59,208
Edelweiss BSE Capital Markets & Insurance ETF,2024-12-30,49456,,0.1,0.19,1.2,0.81,-1.16,,,,,,0.0,,97,97,264,15,65,BSE Capital Markets & Insurance - TRI,Edelweiss BSE Capital Markets & Insurance ETF,15.71,-0.1,0.07,0.99,0.07,-3.59,208
Groww Nifty Midcap 150 Index Fund-Reg(G),2025-11-13,50135,,-0.02,-0.03,1.0,-0.09,,,,,,,,,161,161,84,160,,Nifty Midcap 150 - TRI,Groww Nifty Midcap 150 Index Fund-Reg(G),15.61,-0.08,0.01,1.0,-0.03,-5.19,219
Mirae Asset Nifty200 Momentum 30 Plus 8-13 yr G-Sec 50:50 ETF,2026-07-27,50988,,-0.85,-1.21,3.41,1.62,,,,,,,,,17,33,34,1,,Nifty200 Momentum 30 Plus 8-13 yr G-Sec 50:50 - TRI,Mirae Asset Nifty200 Momentum 30 Plus 8-13 yr G-Sec 50:50 ETF,1.67,-1.32,-0.26,0.79,0.05,-127.32,30
Choice Nifty 50 Index Fund-Reg(G),2026-04-07,50790,,-0.31,-0.5,0.99,-0.05,-1025.74,,,,,,-4.07,,243,243,26,48,194,NIFTY 50 - TRI,Choice Nifty 50 Index Fund-Reg(G),15.61,-0.08,0.01,1.0,-0.03,-5.19,219
Mirae Asset BSE 500 Dividend Leaders 50 ETF,2025-12-15,50138,,-0.18,-0.33,0.77,0.41,,,,,,,,,241,244,9,26,,BSE 500 Dividend Leaders 50 TRI,Mirae Asset BSE 500 Dividend Leaders 50 ETF,15.71,-0.1,0.07,0.99,0.07,-3.59,208
Mirae Asset Nifty 500 Healthcare ETF,2026-02-10,50604,,0.54,1.14,1.0,-0.02,,,,,,,,,3,5,115,133,,Nifty500 Healthcare Index - TRI,Mirae Asset Nifty 500 Healthcare ETF,15.71,-0.1,0.07,0.99,0.07,-3.59,208
DSP Nifty500 Flexicap Quality 30 ETF,2025-10-10,50267,,-0.26,-0.41,0.99,-0.05,,,,,,,,,250,251,32,227,,Nifty500 Flexicap Quality 30 - TRI,DSP Nifty500 Flexicap Quality 30 ETF,15.71,-0.1,0.07,0.99,0.07,-3.59,208
Edelweiss BSE Sensex ETF,2025-11-20,50362,,-0.42,-0.56,1.02,-0.24,,,,,,,,,258,256,251,263,,BSE SENSEX - TRI,Edelweiss BSE Sensex ETF,15.71,-0.1,0.07,0.99,0.07,-3.59,208
DSP Nifty 10 yr Benchmark G-Sec ETF,2026-08-14,51072,,-3.76,-2.31,0.92,-0.12,,,,,,,,,30,34,23,32,,Nifty 10 yr Benchmark G-Sec,DSP Nifty 10 yr Benchmark G-Sec ETF,1.67,-1.32,-0.26,0.79,0.05,-127.32,30
Kotak Nifty Midcap 150 ETF,2025-03-21,49318,,0.2,0.39,1.0,0.01,1.16,,,,,,0.0,,40,40,223,50,46,Nifty Midcap 150 - TRI,Kotak Nifty Midcap 150 ETF,15.71,-0.1,0.07,0.99,0.07,-3.59,208
ITI Overnight Fund-Reg(G),2019-10-24,44267,0.2,-1.3,-0.36,0.98,-0.01,10542.42,0.0,0.28,0.04,0.0,0.0,41.84,20,32,32,24,26,1,CRISIL Liquid Overnight Index,ITI Overnight Fund-Reg(G),0.2,-1.54,-0.3,0.93,0.0,1442.09,35
Bandhan Nifty 200 Quality 30 Index Fund-Reg(G),2024-12-04,49390,,-0.14,-0.24,1.0,-0.09,-12.6,,,,,,-0.05,,219,222,199,164,184,NIFTY200 Quality 30 - TRI,Bandhan Nifty 200 Quality 30 Index Fund-Reg(G),15.61,-0.08,0.01,1.0,-0.03,-5.19,219
SBI Nifty Midcap 150 ETF,2026-03-30,50743,,0.36,0.85,1.0,-0.02,,,,,,,,,13,9,144,124,,Nifty Midcap 150 - TRI,SBI Nifty Midcap 150 ETF,15.71,-0.1,0.07,0.99,0.07,-3.59,208
Mirae Asset Nifty Top 20 Equal Weight ETF,2025-12-15,50019,,-0.34,-0.48,1.0,-0.01,,,,,,,,,254,253,93,102,,Nifty Top 20 Equal Weight - TRI,Mirae Asset Nifty Top 20 Equal Weight ETF,15.71,-0.1,0.07,0.99,0.07,-3.59,208
Aditya Birla SL Retirement Fund-50 Plus-Debt Plan-Reg(G),2019-03-11,42778,1.25,-0.37,-0.75,1.15,-0.17,-3.88,0.05,0.16,0.31,0.41,0.0,-0.02,11,32,32,28,33,32,CRISIL Short Term Bond Index,Aditya Birla SL Retirement Fund-50 Plus-Debt Plan-Reg(G),1.26,-0.05,0.04,0.54,0.03,18.08,32
UTI Nifty Midcap 150 ETF,2023-08-30,48183,16.21,0.18,0.35,1.0,-0.01,1.08,1.2,0.03,0.05,1.02,0.03,0.0,98,59,61,189,92,48,Nifty Midcap 150 - TRI,UTI Nifty Midcap 150 ETF,15.71,-0.1,0.07,0.99,0.07,-3.59,208
Navi Nifty MidSmallcap 400 Index Fund-Reg(G),2025-12-09,50519,,0.05,0.09,0.98,-0.14,,,,,,,,,106,104,16,231,,Nifty MidSmallcap 400 - TRI,Navi Nifty MidSmallcap 400 Index Fund-Reg(G),15.61,-0.08,0.01,1.0,-0.03,-5.19,219
Mirae Asset Nifty200 Momentum 30 Plus 8-13yr G-Sec 75:25 Index Fund-Reg(G),2026-07-28,50989,,-0.82,-1.15,1.0,2.47,,,,,,,,,246,246,231,2,,Nifty200 Momentum 30 Plus 8-13 yr G-Sec 75:25 Index - TRI,Mirae Asset Nifty200 Momentum 30 Plus 8-13yr G-Sec 75:25 Index Fund-Reg(G),15.61,-0.08,0.01,1.0,-0.03,-5.19,219
Axis NIFTY India Consumption ETF,2021-09-17,45820,14.5,0.12,0.2,1.0,-0.03,-12.1,0.92,0.03,0.05,0.8,0.02,-0.05,58,83,88,55,185,170,Nifty India Consumption - TRI,Axis NIFTY India Consumption ETF,15.71,-0.1,0.07,0.99,0.07,-3.59,208
DSP Nifty Midcap 150 ETF,2025-12-12,50484,,0.01,0.01,1.0,-0.02,,,,,,,,,179,179,72,149,,Nifty Midcap 150 - TRI,DSP Nifty Midcap 150 ETF,15.71,-0.1,0.07,0.99,0.07,-3.59,208
HDFC NIFTY100 Low Volatility 30 ETF,2022-10-11,46044,12.63,0.11,0.19,1.0,-0.03,-10.63,0.74,0.02,0.03,0.71,0.0,-0.04,32,90,92,158,174,141,Nifty100 Low Volatility 30 - TRI,HDFC NIFTY100 Low Volatility 30 ETF,15.71,-0.1,0.07,0.99,0.07,-3.59,208
Kotak Nifty200 Value 30 Index Fund-Reg(G),2026-02-05,50234,,-0.32,-0.51,0.98,-0.09,,,,,,,,,244,244,17,152,,Nifty200 Value 30 - TRI,Kotak Nifty200 Value 30 Index Fund-Reg(G),15.61,-0.08,0.01,1.0,-0.03,-5.19,219
ICICI Pru Nifty Top 15 Equal Weight ETF,2025-06-26,49744,,-0.23,-0.32,1.0,-0.03,-16.0,,,,,,-0.06,,246,243,91,179,189,Nifty Top 15 Equal Weight - TRI,ICICI Pru Nifty Top 15 Equal Weight ETF,15.71,-0.1,0.07,0.99,0.07,-3.59,208
Mahindra Manulife Income Plus Arbitrage Active FOF-Reg(G),2025-12-05,50005,,-0.19,-0.41,0.41,0.0,,,,,,,,,116,119,52,88,,CRISIL Composite Bond Index,Mahindra Manulife Income Plus Arbitrage Active FOF-Reg(G),12.98,0.06,0.25,0.07,0.69,5.86,99
Aditya Birla SL CRISIL IBX Gilt June 2027 Index Fund-Reg(G),2024-06-05,48450,,0.08,0.09,0.25,0.03,8.34,,,,,,0.03,,12,13,2,13,6,CRISIL IBX Gilt Index - June 2027,Aditya Birla SL CRISIL IBX Gilt June 2027 Index Fund-Reg(G),2.89,-0.02,-0.05,0.91,-0.03,1.5,38
Kotak BSE Housing Index Fund-Reg(G),2023-08-28,48163,18.76,0.05,0.08,1.28,0.05,-12.45,1.32,0.02,0.03,1.12,0.01,-0.05,85,105,106,251,27,180,BSE Housing - TRI,Kotak BSE Housing Index Fund-Reg(G),15.61,-0.08,0.01,1.0,-0.03,-5.19,219
Mirae Asset Nifty 500 Value 50 ETF,2026-03-20,50402,,-0.01,-0.03,1.01,-0.05,,,,,,,,,199,203,246,219,,NIFTY500 Value 50 - TRI,Mirae Asset Nifty 500 Value 50 ETF,15.71,-0.1,0.07,0.99,0.07,-3.59,208
AlphaGrep Liquid Omni FOF-Reg(G),2026-08-07,51071,,-0.86,-0.1,0.04,0.01,,,,,,,,,132,107,34,84,,Nifty Liquid Fund Index,AlphaGrep Liquid Omni FOF-Reg(G),12.98,0.06,0.25,0.07,0.69,5.86,99
Groww Nifty PSE ETF FOF-Reg(G),2026-02-11,50654,,-0.34,-0.67,0.95,-0.1,,,,,,,,,123,127,92,106,,NIFTY PSE - TRI,Groww Nifty PSE ETF FOF-Reg(G),12.98,0.06,0.25,0.07,0.69,5.86,99
Aditya Birla SL CRISIL Broad Based Gilt ETF,2024-07-05,48976,,-0.04,-0.07,1.23,0.0,-1.21,,,,,,0.0,,15,15,33,13,10,CRISIL Broad Based Gilt Index,Aditya Birla SL CRISIL Broad Based Gilt ETF,1.67,-1.32,-0.26,0.79,0.05,-127.32,30
Angel One Silver ETF FOF-Reg(G),2026-03-02,50670,,-0.09,-0.16,-3.77,-1.03,,,,,,,,,111,112,10,132,,Silver,Angel One Silver ETF FOF-Reg(G),12.98,0.06,0.25,0.07,0.69,5.86,99
Groww Overnight Fund-Reg(G),2019-07-08,42042,0.21,-1.01,-0.29,1.05,0.01,-4699.09,0.01,0.51,0.64,0.0,0.0,-18.65,32,26,30,35,10,35,CRISIL Liquid Overnight Index,Groww Overnight Fund-Reg(G),0.2,-1.54,-0.3,0.93,0.0,1442.09,35
Nippon India Nifty India Manufacturing ETF,2025-08-26,50131,,0.08,0.14,1.0,-0.02,2.02,,,,,,0.01,,109,114,73,164,36,Nifty India Manufacturing - TRI,Nippon India Nifty India Manufacturing ETF,15.71,-0.1,0.07,0.99,0.07,-3.59,208
Aditya Birla SL MSCI India ETF,2026-02-17,50673,,-0.12,-0.18,1.05,0.69,,,,,,,,,234,231,254,18,,MSCI India,Aditya Birla SL MSCI India ETF,15.71,-0.1,0.07,0.99,0.07,-3.59,208
Groww Nifty Next 50 Index Fund-Reg(G),2025-08-25,50134,,0.03,0.05,0.99,-0.1,-0.48,,,,,,0.0,,135,134,34,187,74,NIFTY NEXT 50 - TRI,Groww Nifty Next 50 Index Fund-Reg(G),15.61,-0.08,0.01,1.0,-0.03,-5.19,219
Taurus Banking & Fin Serv Fund-Reg(G),2012-05-22,15063,13.55,0.03,0.06,0.98,-0.03,-8.69,1.06,0.02,0.03,1.06,0.01,-0.03,2,23,23,26,27,23,BSE BANKEX - TRI,Taurus Banking & Fin Serv Fund-Reg(G),14.58,0.09,0.18,0.92,0.36,-1.36,23
Mirae Asset Nifty India Infrastructure & Logistics ETF,2026-02-12,50237,,0.06,0.13,1.0,-0.02,,,,,,,,,130,117,133,134,,Nifty India Infrastructure & Logistics Index - TRI,Mirae Asset Nifty India Infrastructure & Logistics ETF,15.71,-0.1,0.07,0.99,0.07,-3.59,208
Groww Nifty 500 Momentum 50 ETF FOF-Reg(G),2025-04-24,49327,,0.01,0.02,1.0,-0.12,0.13,,,,,,0.0,,100,100,121,111,67,Nifty500 Momentum 50 - TRI,Groww Nifty 500 Momentum 50 ETF FOF-Reg(G),12.98,0.06,0.25,0.07,0.69,5.86,99
Baroda BNP Paribas NIFTY Midcap 150 Index Fund-Reg(G),2024-11-04,49282,,0.03,0.05,0.99,-0.11,-0.18,,,,,,0.0,,132,132,30,203,66,Nifty Midcap 150 - TRI,Baroda BNP Paribas NIFTY Midcap 150 Index Fund-Reg(G),15.61,-0.08,0.01,1.0,-0.03,-5.19,219
Aditya Birla SL CRISIL-IBX AAA Financial Services Index-Sep 2027 Fund-Reg(G),2024-11-13,49205,,0.19,0.24,0.35,0.08,14.46,,,,,,0.06,,18,26,26,8,15,CRISIL IBX AAA Financial Services Index - Sep 2027,Aditya Birla SL CRISIL-IBX AAA Financial Services Index-Sep 2027 Fund-Reg(G),1.48,0.13,0.16,0.5,0.04,15.25,58
SBI BSE 100 ETF,2015-03-20,30042,12.65,0.08,0.14,1.0,0.09,-9.2,0.91,0.02,0.04,1.02,0.01,-0.04,35,110,115,237,39,131,BSE 100 - TRI,SBI BSE 100 ETF,15.71,-0.1,0.07,0.99,0.07,-3.59,208
DSP Nifty Next 50 ETF,2026-01-05,50489,,0.1,0.18,1.0,-0.02,-165.77,,,,,,-0.66,,96,99,53,144,169,NIFTY NEXT 50 - TRI,DSP Nifty Next 50 ETF,15.71,-0.1,0.07,0.99,0.07,-3.59,208
Mirae Asset BSE Select IPO ETF FoF-Reg(G),2025-03-18,49499,,0.09,0.18,0.87,-0.97,-2.82,,,,,,-0.01,,80,77,89,130,94,BSE Select IPO Index - TRI,Mirae Asset BSE Select IPO ETF FoF-Reg(G),12.98,0.06,0.25,0.07,0.69,5.86,99
ICICI Pru Nifty Smallcap 250 ETF,2026-06-19,50893,,0.45,1.01,1.0,-0.03,,,,,,,,,5,6,38,173,,Nifty Smallcap 250 - TRI,ICICI Pru Nifty Smallcap 250 ETF,15.71,-0.1,0.07,0.99,0.07,-3.59,208
UTI Nifty 500 ETF,2026-08-25,50962,,,,,,,,,,,,,,,,,,,NIFTY 500 - TRI,UTI Nifty 500 ETF,15.71,-0.1,0.07,0.99,0.07,-3.59,208
Bandhan Nifty Alpha Low Volatility 30 Index Fund-Reg(G),2025-01-23,49119,,-0.06,-0.09,1.0,-0.12,-7.69,,,,,,-0.03,,178,175,107,215,139,NIFTY Alpha Low-Volatility 30 - TRI,Bandhan Nifty Alpha Low Volatility 30 Index Fund-Reg(G),15.61,-0.08,0.01,1.0,-0.03,-5.19,219
Groww Nifty Next 50 ETF,2025-08-22,50133,,0.04,0.08,1.0,-0.04,0.3,,,,,,0.0,,159,155,35,192,62,NIFTY NEXT 50 - TRI,Groww Nifty Next 50 ETF,15.71,-0.1,0.07,0.99,0.07,-3.59,208
Groww Nifty Smallcap 250 Momentum Quality 100 Index Fund-Reg(G),2026-06-17,50889,,0.89,1.98,1.0,0.03,,,,,,,,,1,1,218,29,,Nifty Smallcap250 Momentum Quality 100,Groww Nifty Smallcap 250 Momentum Quality 100 Index Fund-Reg(G),15.61,-0.08,0.01,1.0,-0.03,-5.19,219
Taurus Infrastructure Fund-Reg(G),2007-03-05,3308,17.02,0.05,0.09,0.99,-0.5,-16.91,1.38,0.01,0.02,1.23,0.0,-0.07,9,21,21,8,22,21,Nifty Infrastructure - TRI,Taurus Infrastructure Fund-Reg(G),17.95,0.15,0.3,1.03,0.46,-1.25,21
SBI Nifty Smallcap 250 ETF,2026-05-20,50742,,0.77,1.79,1.0,-0.03,,,,,,,,,2,2,84,168,,Nifty Smallcap 250 - TRI,SBI Nifty Smallcap 250 ETF,15.71,-0.1,0.07,0.99,0.07,-3.59,208
DSP Nifty Smallcap 250 ETF,2025-12-12,50483,,0.16,0.33,1.0,0.02,,,,,,,,,68,62,240,48,,Nifty Smallcap 250 - TRI,DSP Nifty Smallcap 250 ETF,15.71,-0.1,0.07,0.99,0.07,-3.59,208
Edelweiss Nifty Next 50 ETF,2026-05-20,50535,,0.17,0.31,0.95,-0.14,,,,,,,,,62,66,19,250,,NIFTY NEXT 50 - TRI,Edelweiss Nifty Next 50 ETF,15.71,-0.1,0.07,0.99,0.07,-3.59,208
Groww Nifty Cements ETF,2026-07-24,50970,,-2.96,-1.59,0.99,-0.11,,,,,,,,,267,263,23,249,,Nifty Cements - TRI,Groww Nifty Cements ETF,15.71,-0.1,0.07,0.99,0.07,-3.59,208
Axis CRISIL-IBX AAA Bond NBFC-HFC - Jun 2027 Index Fund-Reg(G),2024-12-11,49126,,0.19,0.23,0.24,0.07,15.27,,,,,,0.06,,5,7,5,6,5,CRISIL-IBX AAA NBFC-HFC Index - Jun 2027,Axis CRISIL-IBX AAA Bond NBFC-HFC - Jun 2027 Index Fund-Reg(G),1.26,-0.05,0.04,0.54,0.03,18.08,32
Invesco India Nifty Bank ETF,2026-08-20,50999,,-4.66,-1.72,1.0,-0.02,,,,,,,,,269,267,59,138,,NIFTY BANK - TRI,Invesco India Nifty Bank ETF,15.71,-0.1,0.07,0.99,0.07,-3.59,208
Mirae Asset BSE 200 Equal Weight ETF FoF-Reg(G),2025-03-18,49699,,0.1,0.19,1.01,0.72,-1.23,,,,,,0.0,,74,74,122,36,81,BSE 200 Equal Weight - TRI,Mirae Asset BSE 200 Equal Weight ETF FoF-Reg(G),12.98,0.06,0.25,0.07,0.69,5.86,99
Edelweiss Nifty Metal ETF,2026-07-23,50933,,0.46,1.53,1.0,-0.03,,,,,,,,,4,3,90,181,,NIFTY METAL - TRI,Edelweiss Nifty Metal ETF,15.71,-0.1,0.07,0.99,0.07,-3.59,208
Groww Nifty Smallcap 250 Momentum Quality 100 ETF,2026-06-16,50890,,0.94,2.23,1.01,0.07,-1209.07,,,,,,-4.8,,1,1,244,43,197,Nifty Smallcap250 Momentum Quality 100,Groww Nifty Smallcap 250 Momentum Quality 100 ETF,15.71,-0.1,0.07,0.99,0.07,-3.59,208
Groww Nifty 200 ETF FOF-Reg(G),2025-02-28,49642,,0.04,0.07,0.98,-0.08,-3.7,,,,,,-0.01,,160,166,20,243,100,NIFTY 200 - TRI,Groww Nifty 200 ETF FOF-Reg(G),15.71,-0.1,0.07,0.99,0.07,-3.59,208
Kotak Nifty Alpha Low-Volatility 30 Index Fund-Reg(G),2026-06-17,50599,,-0.11,-0.19,1.0,-0.09,,,,,,,,,205,209,47,155,,NIFTY Alpha Low-Volatility 30 - TRI,Kotak Nifty Alpha Low-Volatility 30 Index Fund-Reg(G),15.61,-0.08,0.01,1.0,-0.03,-5.19,219
Nippon India Inv-Qrtly-II(G),2007-05-07,2611,0.24,0.0,0.0,1.04,0.0,-103.82,0.02,0.68,1.42,0.0,0.01,-0.41,1,50,50,50,50,46,CRISIL Liquid Debt Index,Nippon India Inv-Qrtly-II(G),1.07,0.21,0.21,0.37,0.05,70.42,49
Nippon India BSE Sensex Next 30 ETF,2025-06-10,49931,,0.06,0.11,0.88,0.99,3.1,,,,,,0.01,,131,131,11,12,31,BSE Sensex Next 30 - TRI,Nippon India BSE Sensex Next 30 ETF,15.71,-0.1,0.07,0.99,0.07,-3.59,208
UTI Nifty IT ETF,2024-01-25,48249,,-0.08,-0.14,1.0,-0.01,-28.1,1.26,0.01,0.01,0.8,0.0,-0.11,,225,223,68,107,202,NIFTY IT - TRI,UTI Nifty IT ETF,15.71,-0.1,0.07,0.99,0.07,-3.59,208
Groww Nifty Private Bank ETF,2026-05-22,50750,,0.07,0.2,1.0,-0.03,,,,,,,,,117,89,34,183,,Nifty Private Bank - TRI,Groww Nifty Private Bank ETF,15.71,-0.1,0.07,0.99,0.07,-3.59,208
Axis Nifty Energy ETF,2026-08-27,14653,,,,,,,,,,,,,,,,,,,NIFTY ENERGY - TRI,Axis Nifty Energy ETF,15.71,-0.1,0.07,0.99,0.07,-3.59,208
Kotak Nifty Bank Index Fund-Reg(G),2026-08-21,50932,,-3.65,-1.63,1.27,0.86,,,,,,,,,250,249,250,10,,NIFTY BANK - TRI,Kotak Nifty Bank Index Fund-Reg(G),15.61,-0.08,0.01,1.0,-0.03,-5.19,219
360 ONE MSCI India ETF,2026-05-22,50860,,-0.1,-0.16,0.95,0.26,,,,,,,,,229,226,18,28,,MSCI India,360 ONE MSCI India ETF,15.71,-0.1,0.07,0.99,0.07,-3.59,208
Taurus Nifty 50 Index Fund-Reg(G),2010-06-19,8151,12.08,0.02,0.03,0.99,-0.1,-12.9,0.87,0.02,0.02,0.98,0.0,-0.05,2,139,139,25,185,188,NIFTY 50 - TRI,Taurus Nifty 50 Index Fund-Reg(G),15.61,-0.08,0.01,1.0,-0.03,-5.19,219
Groww Nifty Midcap 150 ETF,2025-11-13,50136,,-0.01,-0.01,0.99,-0.02,,,,,,,,,198,198,28,157,,Nifty Midcap 150 - TRI,Groww Nifty Midcap 150 ETF,15.71,-0.1,0.07,0.99,0.07,-3.59,208
Motilal Oswal BSE Select IPO ETF,2025-11-17,50477,,-0.02,-0.04,1.28,1.66,,,,,,,,,214,215,270,7,,BSE Select IPO Index - TRI,Motilal Oswal BSE Select IPO ETF,15.71,-0.1,0.07,0.99,0.07,-3.59,208
DSP Nifty FMCG ETF,2026-05-18,50871,,-0.8,-0.91,1.0,-0.02,,,,,,,,,260,260,43,158,,NIFTY FMCG - TRI,DSP Nifty FMCG ETF,15.71,-0.1,0.07,0.99,0.07,-3.59,208
Motilal Oswal Nifty Services Sector ETF,2025-11-24,50368,,-0.37,-0.5,1.0,-0.05,,,,,,,,,257,255,66,218,,Nifty Services Sector - TRI,Motilal Oswal Nifty Services Sector ETF,15.71,-0.1,0.07,0.99,0.07,-3.59,208
Groww Nifty PSU Bank ETF,2026-03-24,50752,,-0.13,-0.23,0.99,-0.06,,,,,,,,,235,235,27,233,,NIFTY PSU BANK - TRI,Groww Nifty PSU Bank ETF,15.71,-0.1,0.07,0.99,0.07,-3.59,208
DSP BSE MidSmall Private Banks ETF,2026-08-03,51051,,-1.18,-1.25,0.6,1.04,,,,,,,,,261,261,4,11,,BSE MidSmall Private Banks Index - TRI,DSP BSE MidSmall Private Banks ETF,15.71,-0.1,0.07,0.99,0.07,-3.59,208
SBI Nifty200 Value 30 ETF,2026-05-20,50694,,-1.35,-1.43,0.99,-0.32,,,,,,,,,262,262,22,266,,Nifty200 Value 30 - TRI,SBI Nifty200 Value 30 ETF,15.71,-0.1,0.07,0.99,0.07,-3.59,208
Invesco India BSE Sensex ETF,2026-08-20,50998,,-6.66,-1.83,1.01,-0.02,,,,,,,,,271,270,248,125,,BSE SENSEX - TRI,Invesco India BSE Sensex ETF,15.71,-0.1,0.07,0.99,0.07,-3.59,208
Groww Nifty Private Bank Index Fund-Reg(G),2026-05-25,50749,,-0.04,-0.09,0.99,-0.14,,,,,,,,,171,177,21,228,,Nifty Private Bank - TRI,Groww Nifty Private Bank Index Fund-Reg(G),15.61,-0.08,0.01,1.0,-0.03,-5.19,219
Bandhan Conservative Hybrid Passive FOF-Reg(G),2010-02-11,8459,3.42,0.08,0.15,0.97,0.0,-2.39,0.21,0.07,0.11,0.67,0.01,-0.01,13,84,85,101,87,87,CRISIL Hybrid 85+15 - Conservative Index,Bandhan Conservative Hybrid Passive FOF-Reg(G),12.98,0.06,0.25,0.07,0.69,5.86,99
Motilal Oswal BSE Top 10 Banks ETF,2026-04-06,50813,,-0.07,-0.19,1.13,0.62,,,,,,,,,222,233,262,21,,BSE Top 10 Banks Index - TRI,Motilal Oswal BSE Top 10 Banks ETF,15.71,-0.1,0.07,0.99,0.07,-3.59,208
Axis CRISIL-IBX AAA Bond Financial Services - Sep 2027 Index Fund-Reg(G),2024-11-22,49254,,0.16,0.22,0.3,0.08,11.04,,,,,,0.04,,28,33,19,10,20,null,Axis CRISIL-IBX AAA Bond Financial Services - Sep 2027 Index Fund-Reg(G),1.48,0.13,0.16,0.5,0.04,15.25,58
Groww Nifty PSU Bank Index Fund-Reg(G),2026-03-24,50751,,-0.18,-0.3,0.98,-0.29,,,,,,,,,229,231,19,247,,NIFTY PSU BANK - TRI,Groww Nifty PSU Bank Index Fund-Reg(G),15.61,-0.08,0.01,1.0,-0.03,-5.19,219
Baroda BNP Paribas NIFTY Bank ETF,2024-06-18,48464,,-0.02,-0.03,1.0,-0.01,-2.19,,,,,,-0.01,,204,202,47,97,77,NIFTY BANK - TRI,Baroda BNP Paribas NIFTY Bank ETF,15.71,-0.1,0.07,0.99,0.07,-3.59,208
Groww Nifty 500 Low Volatility 50 ETF,2025-06-13,49742,,-0.12,-0.18,0.99,-0.05,-10.51,,,,,,-0.04,,232,230,24,224,140,Nifty500 Low Volatility 50 - TRI,Groww Nifty 500 Low Volatility 50 ETF,15.71,-0.1,0.07,0.99,0.07,-3.59,208
DSP BSE Sensex ETF,2023-07-27,48088,12.27,0.0,0.0,1.0,-0.16,-13.31,0.87,0.02,0.03,0.99,0.01,-0.05,19,192,192,217,259,177,BSE SENSEX - TRI,DSP BSE Sensex ETF,15.71,-0.1,0.07,0.99,0.07,-3.59,208
Motilal Oswal Nifty Alpha 50 ETF,2025-07-07,49969,,0.03,0.06,1.0,-0.08,3.93,,,,,,0.02,,167,167,193,242,28,Nifty Alpha 50 - TRI,Motilal Oswal Nifty Alpha 50 ETF,15.71,-0.1,0.07,0.99,0.07,-3.59,208
Edelweiss Nifty Bank ETF,2024-09-10,49134,,-0.01,-0.02,1.0,-0.02,-2.24,,,,,,-0.01,,201,200,114,132,80,NIFTY BANK - TRI,Edelweiss Nifty Bank ETF,15.71,-0.1,0.07,0.99,0.07,-3.59,208
Motilal Oswal BSE India Infrastructure ETF,2025-05-16,49857,,-0.15,-0.34,0.92,-0.09,-9.48,,,,,,-0.04,,237,245,15,246,135,BSE India Infrastructure Index - TRI,Motilal Oswal BSE India Infrastructure ETF,15.71,-0.1,0.07,0.99,0.07,-3.59,208
Kotak Nifty200 Quality 30 ETF,2025-07-14,49777,,-0.11,-0.18,1.0,-0.01,-11.21,,,,,,-0.04,,231,232,146,120,144,NIFTY200 Quality 30 - TRI,Kotak Nifty200 Quality 30 ETF,15.71,-0.1,0.07,0.99,0.07,-3.59,208
DSP MSCI India ETF,2025-11-25,50466,,-0.24,-0.36,1.03,0.5,,,,,,,,,247,247,252,23,,MSCI India,DSP MSCI India ETF,15.71,-0.1,0.07,0.99,0.07,-3.59,208
Motilal Oswal Nifty MNC ETF,2025-12-01,50369,,0.06,0.11,1.0,-0.07,,,,,,,,,126,129,48,234,,NIFTY MNC - TRI,Motilal Oswal Nifty MNC ETF,15.71,-0.1,0.07,0.99,0.07,-3.59,208
Motilal Oswal Nifty PSE ETF,2025-06-02,49966,,-0.13,-0.26,0.99,-0.06,-6.85,,,,,,-0.03,,236,239,30,229,121,NIFTY PSE - TRI,Motilal Oswal Nifty PSE ETF,15.71,-0.1,0.07,0.99,0.07,-3.59,208
Motilal Oswal Nifty India Manufacturing ETF,2025-05-23,49856,,0.13,0.23,0.99,-0.05,1.64,,,,,,0.01,,78,80,33,225,42,Nifty India Manufacturing - TRI,Motilal Oswal Nifty India Manufacturing ETF,15.71,-0.1,0.07,0.99,0.07,-3.59,208
Motilal Oswal Nifty Metal ETF,2026-08-03,51063,,-0.35,-0.73,1.13,0.16,,,,,,,,,255,259,261,36,,NIFTY METAL - TRI,Motilal Oswal Nifty Metal ETF,15.71,-0.1,0.07,0.99,0.07,-3.59,208
Motilal Oswal Nifty Oil & Gas ETF,2026-08-03,51062,,-3.4,-1.82,0.9,-0.31,,,,,,,,,268,269,13,265,,NIFTY OIL & GAS - TRI,Motilal Oswal Nifty Oil & Gas ETF,15.71,-0.1,0.07,0.99,0.07,-3.59,208
Bandhan BSE Sensex ETF,2016-10-07,34197,12.27,-0.01,-0.02,1.0,-0.18,-13.51,0.87,0.02,0.03,0.99,0.01,-0.05,18,200,199,221,262,185,BSE SENSEX - TRI,Bandhan BSE Sensex ETF,15.71,-0.1,0.07,0.99,0.07,-3.59,208
Bandhan CRISIL-IBX 10:90 Gilt+SDL Index - Dec 2029 Fund-Reg(G),2025-03-10,49630,,-0.05,-0.12,0.62,0.1,2.02,,,,,,0.01,,53,53,42,2,39,CRISIL-IBX 10:90 Gilt + SDL Index - Dec 2029,Bandhan CRISIL-IBX 10:90 Gilt+SDL Index - Dec 2029 Fund-Reg(G),1.48,0.13,0.16,0.5,0.04,15.25,58
null,,,,,,,,,,,,,,,,,,,,,,,,,,,,,
null,,,,,,,,,,,,,,,,,,,,,,,,,,,,,
Invesco India Pharma and Healthcare Fund-Reg(G),2026-09-07,50808,,,,,,,,,,,,,,,,,,,BSE Health Care - TRI,Invesco India Pharma and Healthcare Fund-Reg(G),14.03,0.27,0.57,0.76,0.62,25.03,20
HDFC Gold Silver Passive FOF-Reg(G),2026-09-01,50842,,,,,,,,,,,,,,,,,,,Gold-India,HDFC Gold Silver Passive FOF-Reg(G),12.98,0.06,0.25,0.07,0.69,5.86,99
ICICI Pru Life Cycle Fund 2031-Reg(G),2026-09-15,50942,,,,,,,,,,,,,,,,,,,NIFTY 200 - TRI,ICICI Pru Life Cycle Fund 2031-Reg(G),1.48,0.13,0.16,0.5,0.04,15.25,58
ICICI Pru Life Cycle Fund 2036-Reg(G),2026-09-15,50943,,,,,,,,,,,,,,,,,,,NIFTY 200 - TRI,ICICI Pru Life Cycle Fund 2036-Reg(G),3.36,-0.25,-0.14,1.09,-0.01,-0.58,25
ICICI Pru Life Cycle Fund 2041-Reg(G),2026-09-15,50944,,,,,,,,,,,,,,,,,,,NIFTY 200 - TRI,ICICI Pru Life Cycle Fund 2041-Reg(G),3.36,-0.25,-0.14,1.09,-0.01,-0.58,25
UTI BSE India Sector Leaders Index Fund-Reg(G),2026-09-17,50954,,,,,,,,,,,,,,,,,,,BSE India Sector Leaders Index - TRI,UTI BSE India Sector Leaders Index Fund-Reg(G),15.61,-0.08,0.01,1.0,-0.03,-5.19,219
UTI BSE India Sector Leaders ETF,2026-09-15,50961,,,,,,,,,,,,,,,,,,,BSE India Sector Leaders Index - TRI,UTI BSE India Sector Leaders ETF,15.71,-0.1,0.07,0.99,0.07,-3.59,208
Quantum Flexi Cap Fund-Reg(G),2026-09-10,50971,,,,,,,,,,,,,,,,,,,BSE 500 - TRI,Quantum Flexi Cap Fund-Reg(G),13.95,-0.01,0.16,0.97,0.22,-3.42,53
Quant Income Plus Arbitrage Active FoF-Reg(G),2026-09-04,50994,,,,,,,,,,,,,,,,,,,NIFTY Composite Debt Index,Quant Income Plus Arbitrage Active FoF-Reg(G),12.98,0.06,0.25,0.07,0.69,5.86,99
Quant Silver ETF,2026-08-20,50995,,-5.05,-1.94,-6.15,-6.45,,,,,,,,,134,134,1,134,,Silver,Quant Silver ETF,12.98,0.06,0.25,0.07,0.69,5.86,99
The Wealth Company Multi Cap Fund-Reg(G),2026-09-17,51011,,,,,,,,,,,,,,,,,,,Nifty500 Multicap 50:25:25 - TRI,The Wealth Company Multi Cap Fund-Reg(G),14.69,0.13,0.25,0.98,0.21,-0.08,33
ITI Multi Asset Allocation Fund-Reg(G),2026-09-07,51024,,,,,,,,,,,,,,,,,,,NIFTY 500 - TRI,ITI Multi Asset Allocation Fund-Reg(G),8.22,0.22,0.44,0.76,0.62,2.48,30
Nippon India Income Plus Arbitrage Omni FOF-Reg(G),2026-09-03,51061,,,,,,,,,,,,,,,,,,,CRISIL Short Term Bond Index,Nippon India Income Plus Arbitrage Omni FOF-Reg(G),12.98,0.06,0.25,0.07,0.69,5.86,99
ICICI Pru Dynamic Asset Allocation Passive FOF(G),2026-09-15,51104,,,,,,,,,,,,,,,,,,,CRISIL Hybrid 50+50 - Moderate Index,ICICI Pru Dynamic Asset Allocation Passive FOF(G),12.98,0.06,0.25,0.07,0.69,5.86,99
Bank of India Value Fund-Reg(G),2026-09-21,51118,,,,,,,,,,,,,,,,,,,NIFTY 500 - TRI,Bank of India Value Fund-Reg(G),14.34,-0.02,0.26,0.95,0.15,-3.5,23
UTI Balanced Hybrid Fund-Reg(G),2026-09-02,51121,,,,,,,,,,,,,,,,,,,NIFTY 50 Hybrid Composite Debt 50:50 Index,UTI Balanced Hybrid Fund-Reg(G),5.96,0.0,-0.01,1.13,0.18,-3.19,5
ASK Liquid Fund-Reg(G),2026-09-01,51122,,,,,,,,,,,,,,,,,,,CRISIL Liquid Debt Index,ASK Liquid Fund-Reg(G),0.24,-0.32,-0.04,0.69,0.0,-147.28,41
Motilal Oswal Quality Fund-Reg(G),2026-09-15,51157,,,,,,,,,,,,,,,,,,,NIFTY200 Quality 30 - TRI,Motilal Oswal Quality Fund-Reg(G),15.29,0.02,0.15,0.99,0.29,0.01,108
JioBlackRock Nifty Midcap 150 Index Fund-Reg(G),2026-08-17,51174,,-4.13,-1.71,0.91,-0.31,,,,,,,,,251,250,9,248,,Nifty Midcap 150 - TRI,JioBlackRock Nifty Midcap 150 Index Fund-Reg(G),15.61,-0.08,0.01,1.0,-0.03,-5.19,219
HDFC BSE REITS and Commercial Real Estate Index Fund-Reg(G),2026-09-22,51196,,,,,,,,,,,,,,,,,,,BSE REITS & Commercial Real Estate Index - TRI,HDFC BSE REITS and Commercial Real Estate Index Fund-Reg(G),15.61,-0.08,0.01,1.0,-0.03,-5.19,219
Monarch Overnight Fund-Reg(G),2026-09-09,51204,,,,,,,,,,,,,,,,,,,CRISIL Liquid Overnight Index,Monarch Overnight Fund-Reg(G),0.2,-1.54,-0.3,0.93,0.0,1442.09,35
Navi Nifty REITs & Realty Index Fund-Reg(G),2026-09-16,51212,,,,,,,,,,,,,,,,,,,Nifty REITs & Realty - TRI,Navi Nifty REITs & Realty Index Fund-Reg(G),15.61,-0.08,0.01,1.0,-0.03,-5.19,219
Lakshya Overnight Fund-Reg(G),2026-09-24,51260,,,,,,,,,,,,,,,,,,,CRISIL Liquid Overnight Index,Lakshya Overnight Fund-Reg(G),0.2,-1.54,-0.3,0.93,0.0,1442.09,35
Sapphire Equity Long-Short SIF-Reg(G),2026-04-29,75097,,-0.27,-0.44,0.82,-0.54,,,,,,,,,27,27,21,28,,NIFTY 500 - TRI,Sapphire Equity Long-Short SIF-Reg(G),,0.37,0.71,0.62,1.07,,30
Magnum Equity Ex-Top 100 Long-Short Fund-Reg(G),2026-08-27,75151,,,,,,,,,,,,,,,,,,,BSE 500 - TRI,Magnum Equity Ex-Top 100 Long-Short Fund-Reg(G),,0.37,0.71,0.62,1.07,,30
